dataset,method,prior_mode,r,c,direction,balanced_accuracy_mean,balanced_accuracy_std,worst_class_recall_mean,worst_class_recall_std,auprc_mean,auprc_std,macro_f1_mean,macro_f1_std,minority_precision_mean,minority_precision_std,minority_recall_mean,minority_recall_std,auroc_mean,auroc_std,brier_mean,brier_std,log_loss_mean,log_loss_std,ece_mean,ece_std,realized_c_mean,n_seeds,baseline_ba,baseline_brier,balanced_accuracy_gain,brier_gain
banknote_authentication,xgb_weighted,,0.05,0.0,clean,0.9398907103825136,0.006260349310049,0.8797814207650273,0.0125206986200979,0.9970697450643776,0.0019785042263512,0.9451457596111258,0.0058124352287021,1.0,0.0,0.8797814207650273,0.0125206986200979,0.9974999107110968,0.0017811289888626,0.0434684567153453,0.0049498594899441,0.1572302778561909,0.0158977023435343,0.0600072323248693,0.0090771320508647,0.0,3,0.9139344262295084,0.0644426668683687,0.025956284153005216,0.020974210153023407
banknote_authentication,xgb_weighted,,0.05,0.05,majority_to_minority,0.9549180327868853,0.0249293546323697,0.9098360655737704,0.0498587092647395,0.9986007133156058,0.0004178660146186,0.9589203887371526,0.0230439287555257,1.0,0.0,0.9098360655737704,0.0498587092647395,0.9988392442587234,0.0003485699720694,0.0288994442671537,0.0094831623851623,0.097994528710842,0.0252259521943429,0.0447734620856741,0.0133780110381565,0.0588235294117647,3,0.9289617486338798,0.0538105455537636,0.025956284153005438,0.0249111012866099
banknote_authentication,xgb_weighted,,0.05,0.05,minority_to_majority,0.918032786885246,0.0255942540917967,0.8360655737704917,0.0511885081835934,0.9917326680937772,0.0088851750984007,0.924519061791177,0.0240818044019143,1.0,0.0,0.8360655737704917,0.0511885081835934,0.9913657630629664,0.0101565057851616,0.0571635092298189,0.0223550003217645,0.235439620912075,0.1173351593056198,0.0767595023881982,0.0165285875738409,0.0625,3,0.8852459016393442,0.0816599701841672,0.03278688524590179,0.024496460954348293
banknote_authentication,xgb_weighted,,0.05,0.1,majority_to_minority,0.9563020107860996,0.0201302559944212,0.9234972677595628,0.0287859392154446,0.997320118057799,0.0032749240298409,0.959170879678983,0.0196979807300639,0.9853515871214986,0.018471032035644,0.9234972677595628,0.0287859392154446,0.9977677774206222,0.0027880451080388,0.0322857946157454,0.0099398136529806,0.1090978657205899,0.0310640125053855,0.0482911730495591,0.0068765334154477,0.1111111111111111,3,0.9330601092896176,0.050721718619267,0.023241901496481976,0.0184359240035216
banknote_authentication,xgb_weighted,,0.05,0.1,minority_to_majority,0.9016393442622952,0.0286885245901639,0.8032786885245901,0.0573770491803278,0.9969160093481054,0.0042723236305388,0.9088631985142768,0.0273162224054191,1.0,0.0,0.8032786885245901,0.0573770491803278,0.9974999107110968,0.0034513597316026,0.0690411652127901,0.0213921169840223,0.2446173280477523,0.1171175698835011,0.0927549907807824,0.0199730435329731,0.09375,3,0.8551912568306012,0.0952605406443277,0.04644808743169404,0.026219375431537587
banknote_authentication,xgb_weighted,,0.05,0.2,majority_to_minority,0.9521857923497268,0.0103139814689491,0.9043715846994536,0.0206279629378981,0.9983134785649096,8.400063462301102e-05,0.9565085244805194,0.0094983208266349,1.0,0.0,0.9043715846994536,0.0206279629378981,0.998607093110468,5.357334190495e-05,0.0332975735267003,0.0031680085365597,0.1112611989180246,0.0068250376434986,0.0487475143683453,0.0059255251505345,0.2,3,0.9234972677595628,0.0521506170431772,0.028688524590164022,0.018853043516476903
banknote_authentication,xgb_weighted,,0.05,0.2,minority_to_majority,0.8633879781420765,0.0165633273947844,0.726775956284153,0.0331266547895687,0.9981298121189708,0.0018068802389438,0.8716687984948809,0.016570847338489,1.0,0.0,0.726775956284153,0.0331266547895687,0.9984463730847528,0.0015369107776471,0.0953364421923954,0.0054166936796503,0.326513131459554,0.0220082260098927,0.1217928427248967,0.0080548154989204,0.1875,3,0.814207650273224,0.131551407277584,0.049180327868852514,0.036214965085188594
banknote_authentication,xgb_weighted,,0.05,0.3,majority_to_minority,0.9442837244187292,0.0280407830655052,0.9016393442622952,0.0511885081835934,0.993565281306484,0.0050508525152166,0.947810139081055,0.026440971643723,0.9819181795304688,0.0097637131841236,0.9016393442622952,0.0511885081835934,0.9947855280545732,0.0042188227236741,0.0376522131264209,0.0201576710655874,0.1249578123291332,0.0657612499463151,0.0443419943208043,0.0216868157201075,0.3043478260869565,3,0.9169434622665096,0.0568986100455124,0.02734026215221963,0.019246396919091503
banknote_authentication,xgb_weighted,,0.05,0.3,minority_to_majority,0.8087431693989071,0.0193680968289041,0.6174863387978142,0.0387361936578083,0.9838554688801048,0.0059477284740327,0.8154066618723358,0.0207575194671664,1.0,0.0,0.6174863387978142,0.0387361936578083,0.983302975106254,0.0081797797630243,0.1372432013352711,0.0097959192236982,0.5504939953486124,0.0681587954999182,0.1699573985159848,0.01117799931412,0.3125,3,0.75,0.177698791027069,0.058743169398907114,0.04045558969179791
banknote_authentication,xgb_weighted,,0.1,0.0,clean,0.971311475409836,0.0108432430781335,0.942622950819672,0.021686486156267,0.999612172442718,0.0004463103815508,0.974030143645044,0.0098937570923038,1.0,0.0,0.942622950819672,0.021686486156267,0.9996607021679346,0.0004056507979428,0.0165618403504291,0.0033978933025931,0.0566412769258021,0.0086648500812125,0.0276824261332777,0.0040173565522992,0.0,3,0.9549180327868853,0.02920929590861,0.016393442622950727,0.0126474555581809
banknote_authentication,xgb_weighted,,0.1,0.05,majority_to_minority,0.9795081967213112,0.007098568883479,0.9590163934426228,0.0141971377669578,0.9996913931560304,0.0002283905188619,0.981493570471179,0.006432831682201,1.0,0.0,0.9590163934426228,0.0141971377669578,0.9997499910711096,0.0001881433935649,0.0129647942570348,0.0050654008897829,0.0439262470851341,0.013744865985616,0.022839121762663,0.006761630954569,0.044776119402985,3,0.9603825136612022,0.0255462465186913,0.019125683060108978,0.0125814522616565
banknote_authentication,xgb_weighted,,0.1,0.05,minority_to_majority,0.9685792349726776,0.0125206986200979,0.9371584699453552,0.0250413972401958,0.9997582858511772,0.0002314169772936,0.9715319382286745,0.0114380330996344,1.0,0.0,0.9371584699453552,0.0250413972401958,0.9998035644130148,0.000188143393565,0.0213950313627719,0.0061461806534671,0.0719787006576855,0.0199447705827262,0.0361508309575869,0.0076070411179148,0.046875,3,0.9453551912568308,0.0380246303975581,0.023224043715846854,0.0166295990347862
banknote_authentication,xgb_weighted,,0.1,0.1,majority_to_minority,0.989624629451052,0.0055710050766733,0.983606557377049,0.0081967213114754,0.9998667141052388,0.0002308579416588,0.9901675393300624,0.0056276131836875,0.9945355191256832,0.0094647585113053,0.983606557377049,0.0081967213114754,0.9998928533161898,0.0001855835002216,0.0075116174605984,0.0018323712632177,0.0311274155974387,0.0038496341237899,0.0199739305618585,0.003056731152896,0.0985915492957745,3,0.9740437158469948,0.0187920170525709,0.015580913604057223,0.0112803995919725
banknote_authentication,xgb_weighted,,0.1,0.1,minority_to_majority,0.9412568306010928,0.0131743862855095,0.8825136612021858,0.026348772571019,0.9983991686803968,0.0019679885155959,0.946384838730576,0.0122588455941293,1.0,0.0,0.8825136612021858,0.026348772571019,0.9985892353298332,0.0017576084572633,0.0409740209579467,0.0115456995929848,0.1461157078544298,0.0537332065092807,0.060922625945373,0.0091191118347261,0.09375,3,0.9098360655737706,0.063248861581087,0.03142076502732216,0.0222748406231403
banknote_authentication,xgb_weighted,,0.1,0.2,majority_to_minority,0.983919068538162,0.0172736092999539,0.9760348583877996,0.0264147181982182,0.9967942882522292,0.0038193178448903,0.9828747682213664,0.0184523613451101,0.9711021505376344,0.0315144464722939,0.9918032786885246,0.0081967213114754,0.997607057394907,0.0027947284059417,0.013176201765115,0.0105485749435455,0.0521739094207683,0.0338538979740055,0.0239683414103857,0.0074428156676365,0.2,3,0.9789724633022608,0.0168068545560041,0.00494660523590118,0.0036306527908891006
banknote_authentication,xgb_weighted,,0.1,0.2,minority_to_majority,0.8784153005464481,0.0240142019552554,0.7568306010928962,0.0480284039105107,0.9994731601115588,0.0002993150805291,0.8864160121460157,0.0233877043215552,1.0,0.0,0.7568306010928962,0.0480284039105107,0.9995714132647594,0.0002455038945117,0.0762213928004105,0.0178102527758386,0.2370527535676956,0.0469874743446894,0.1070997461095226,0.0217763259346708,0.203125,3,0.837431693989071,0.1031223485867182,0.040983606557377095,0.026900955786307704
banknote_authentication,xgb_weighted,,0.1,0.3,majority_to_minority,0.9705346619522124,0.0167130152300201,0.9590878245651632,0.024244309911532,0.9956912315142992,0.0026763951662354,0.9705335049728336,0.0168404291307625,0.9677179189374312,0.0270318530767988,0.9672131147540984,0.0245901639344262,0.9964105860923604,0.0022276462966134,0.021795636974275,0.0089671840544882,0.0765082289775212,0.0252064887964534,0.0214842005841659,0.005257260994836,0.2967032967032967,3,0.967766705953784,0.0245394967496394,0.002767955998428384,0.002743859775364399
banknote_authentication,xgb_weighted,,0.1,0.3,minority_to_majority,0.8743169398907105,0.0170628360611978,0.7486338797814208,0.0341256721223956,0.990310207274844,0.0099287346384218,0.8824829962663142,0.0167216620101685,1.0,0.0,0.7486338797814208,0.0341256721223956,0.9896067716704168,0.0120168003383282,0.0832975506782531,0.0154998309783132,0.3200430969397226,0.1096788564644927,0.1167363551970232,0.0119788316563221,0.296875,3,0.8169398907103824,0.1166728163758913,0.057377049180328044,0.0333752656976382
banknote_authentication,xgb_weighted,,0.2,0.0,clean,0.9931693989071038,0.006260349310049,0.9863387978142076,0.0125206986200979,1.0,0.0,0.9938475266754024,0.0056401400534946,1.0,0.0,0.9863387978142076,0.0125206986200979,1.0,0.0,0.0043606801967446,0.0038142167417541,0.0189579175785183,0.010257963544633,0.0143744982609694,0.0052828293316915,0.0,3,0.9931693989071038,0.0079471079322198,0.0,0.0035864277354751995
banknote_authentication,xgb_weighted,,0.2,0.05,majority_to_minority,0.9918211364691596,0.0014073415433477,0.9879995714132648,0.0065882142578693,0.9997617437087096,0.0001302623794453,0.9914146538108914,0.0021113901598638,0.9865355191256832,0.0091240272048983,0.9945355191256832,0.0047323792556526,0.9998035644130148,0.0001115218043215,0.0058315629139542,0.0009031819015518,0.0240200509627659,0.003743856036219,0.0154071421503568,0.001306879897895,0.0518518518518517,3,0.9937229901067894,0.0072140474803744,-0.0019018536376298467,0.0013824845664202005
banknote_authentication,xgb_weighted,,0.2,0.05,minority_to_majority,0.9863387978142076,0.0085314180305989,0.9726775956284154,0.0170628360611978,1.0,0.0,0.987676646614858,0.0077069807660958,1.0,0.0,0.9726775956284154,0.0170628360611978,1.0,0.0,0.0086649525910615,0.0038179351027697,0.0339107848703861,0.0098402593773125,0.023250641021313,0.0015360243049737,0.046875,3,0.9767759562841531,0.0163410700236757,0.009562841530054489,0.007676117432614199
banknote_authentication,xgb_weighted,,0.2,0.1,majority_to_minority,0.9855441265759493,0.0121328638453476,0.978731383263688,0.0160738775291209,0.9983899582992516,0.0022268032173633,0.9852936079913333,0.0132266444877462,0.9813721631903451,0.025444902525459,0.9863387978142076,0.0047323792556526,0.9987142397942784,0.0017638570270174,0.0122510534711181,0.0092165394679534,0.0489768075446287,0.0300016786959964,0.0253314378010955,0.0057089646497003,0.0985915492957745,3,0.9784367298832102,0.0145224813992778,0.007107396692739076,0.0022714279281596996
banknote_authentication,xgb_weighted,,0.2,0.1,minority_to_majority,0.9549180327868854,0.0040983606557377,0.9098360655737706,0.0081967213114753,0.999825293024433,0.0001513119533259,0.9590414641284112,0.003769844694553,1.0,0.0,0.9098360655737706,0.0081967213114753,0.99985713775492,0.000123722333481,0.0235762720306714,0.0039106864689628,0.0772444407145181,0.0101275328013592,0.0433597523879936,0.0029031704952674,0.1015625,3,0.9521857923497268,0.032500193764766,0.002732240437158584,0.008923921734094595
banknote_authentication,xgb_weighted,,0.2,0.2,majority_to_minority,0.9798385656630596,0.006553507451109,0.9651416122004358,0.0136056601272296,0.9983521126558218,0.0012319209354891,0.9779858793324776,0.0073121625578235,0.958081317204301,0.0158396364041211,0.9945355191256832,0.0047323792556527,0.9986963820136432,0.0009736994807111,0.0179964806884526,0.0057458054799782,0.068264262129863,0.0173715202884508,0.0310454598723938,0.0018767433010259,0.2,3,0.984195864138005,0.0148832332342862,-0.00435729847494537,-0.0031132474541663985
banknote_authentication,xgb_weighted,,0.2,0.2,minority_to_majority,0.9480874316939892,0.0307604651617423,0.8961748633879781,0.0615209303234846,0.9995637365239156,0.0001464809880651,0.95255625209641,0.0284245692333162,1.0,0.0,0.8961748633879781,0.0615209303234846,0.9996428443872996,0.000123722333481,0.0386215889205534,0.0146919833294712,0.1303175911307334,0.0441228162541276,0.0673074913696583,0.0193524949186626,0.203125,3,0.9098360655737704,0.0571820798019567,0.038251366120218844,0.018560490881403297
banknote_authentication,xgb_weighted,,0.2,0.3,majority_to_minority,0.9702935819136398,0.0026082295811067,0.954248366013072,0.0172924922291802,0.9965589328174456,0.0035964303962367,0.9682103153429712,0.0041459355235826,0.9454335986594052,0.0187112001874126,0.9863387978142076,0.0125206986200979,0.996857030608236,0.0034704335079671,0.0268028893818457,0.0034246406327059,0.0996752033631006,0.0144420421893014,0.0429892840687975,0.0103852904671393,0.3005464480874317,3,0.9765527340262152,0.0218296467016139,-0.006259152112575439,-0.004973242680231801
banknote_authentication,xgb_weighted,,0.2,0.3,minority_to_majority,0.8825136612021858,0.0189295170226107,0.7650273224043715,0.0378590340452213,0.9979810072196124,0.0004624546332885,0.8904894369965662,0.0185691590471094,1.0,0.0,0.7650273224043715,0.0378590340452213,0.9983749419622128,0.0003875590987929,0.080981728931268,0.0093359717325112,0.2666851927836736,0.035425318531606,0.1178622872421912,0.0134743214413296,0.296875,3,0.8360655737704917,0.1034641837080319,0.04644808743169404,0.022482454776763902
banknote_authentication,xgb_weighted,,0.5,0.0,clean,0.9986338797814208,0.0023661896278262,0.9972677595628416,0.0047323792556526,1.0,0.0,0.9987712407787206,0.0021282734015247,1.0,0.0,0.9972677595628416,0.0047323792556526,1.0,0.0,0.0015757350289883,0.0012353934018033,0.0125798778608441,0.0032507657685973,0.0112615619001514,0.0019112412081067,0.0,3,0.9986338797814208,0.0016080026010361,0.0,3.2267572047800074e-05
banknote_authentication,xgb_weighted,,0.5,0.05,majority_to_minority,0.9912854030501088,0.0049919125217383,0.982570806100218,0.0099838250434767,0.9995924728833144,0.0005937432436786,0.9902031457274728,0.0056050034004886,0.9787079623177184,0.0120386076351624,1.0,0.0,0.9996785599485696,0.0004670415668639,0.0097581211787958,0.0039626643214914,0.0459351011862357,0.0154892094662168,0.0282613574826355,0.0019182391677692,0.0504451038575667,3,0.9880174291938998,0.0101537094451486,0.0032679738562090277,0.00039558826635280146
banknote_authentication,xgb_weighted,,0.5,0.05,minority_to_majority,0.9877049180327868,0.0147768494896065,0.9754098360655736,0.029553698979213,0.9999120308160888,0.0001523670960344,0.9888903247442128,0.0133712264868813,1.0,0.0,0.9754098360655736,0.029553698979213,0.99992856887746,0.0001237223334811,0.0095958573122818,0.0063602779307328,0.0388768551250298,0.0182522345077499,0.0272448352989598,0.0113483473218657,0.05,3,0.9849726775956285,0.010117464698851,0.002732240437158362,0.0005216073865691988
banknote_authentication,xgb_weighted,,0.5,0.1,majority_to_minority,0.9782135076252724,0.0105050661884455,0.9564270152505446,0.021010132376891,0.9994915019796546,0.0002611381698636,0.9755809064584228,0.0117431063743681,0.9485864161284008,0.0240095511274975,1.0,0.0,0.9995892710453944,0.0002165140835919,0.0207367409020661,0.0057458691260718,0.0807742724816003,0.0147596879837264,0.0516143378479913,0.0088255988178244,0.1011235955056179,3,0.9782135076252724,0.0230269922564426,0.0,0.0022902513543765005
banknote_authentication,xgb_weighted,,0.5,0.1,minority_to_majority,0.9726775956284154,0.0184805317738643,0.9453551912568304,0.0369610635477286,0.9999777866631124,3.847462809471687e-05,0.97523855542978,0.0168196891397001,1.0,0.0,0.9453551912568304,0.0369610635477286,0.999982142219365,3.093058337027484e-05,0.0187017793456713,0.0057551435387791,0.066686072697242,0.0129504421100295,0.0498890903569531,0.0055578488575275,0.1,3,0.9685792349726776,0.020574412929515,0.004098360655737765,0.001872633583843701
banknote_authentication,xgb_weighted,,0.5,0.2,majority_to_minority,0.9237472766884532,0.0147361103033427,0.8474945533769063,0.0294722206066855,0.999040532279594,0.0007889469154663,0.9150799259276682,0.016337591469606,0.8399869568761719,0.0259854388254829,1.0,0.0,0.9992142576520592,0.0006480676921184,0.0579113848507403,0.0092764957273984,0.1891582657893498,0.0301051352419078,0.1148779074350992,0.0083994100481533,0.2,3,0.9019607843137254,0.0726298913359641,0.02178649237472785,0.014718506485223805
banknote_authentication,xgb_weighted,,0.5,0.2,minority_to_majority,0.959293189042466,0.0143168512563982,0.9207650273224044,0.0250413972401958,0.999547737315786,0.0007833419474261,0.9628101053396558,0.0135146054926956,0.9969696969696972,0.0052486388108147,0.9207650273224044,0.0250413972401958,0.9996607021679346,0.0005876810840353,0.0288489138086636,0.0088047055373408,0.0991047993302344,0.0230148631866349,0.0659226459716304,0.0078600970520368,0.2,3,0.9469981070752528,0.0339858469863732,0.012295081967213184,0.005136933177709597
banknote_authentication,xgb_weighted,,0.5,0.3,majority_to_minority,0.840958605664488,0.037164971915538,0.681917211328976,0.0743299438310761,0.9949023548321768,0.0051767135615821,0.8219618675160597,0.0423358875889976,0.7170263672664371,0.0491495334823088,1.0,0.0,0.9957498482088646,0.0042442576377978,0.1233529647191365,0.0233545884916203,0.3727004627386729,0.0689353255483488,0.2012946397020961,0.019734193350048,0.299781181619256,3,0.7745098039215685,0.174999381105105,0.06644880174291945,0.051646416385968494
banknote_authentication,xgb_weighted,,0.5,0.3,minority_to_majority,0.8756830601092895,0.022572010439697,0.7513661202185792,0.0451440208793942,0.9986952716004582,0.0004780347087609,0.8837505561344797,0.0222027361773265,1.0,0.0,0.7513661202185792,0.0451440208793942,0.9989285331618986,0.0003863228624733,0.0730580339829126,0.0101932029640105,0.2211561749378839,0.0219850758591796,0.1144808001387299,0.0123633069518324,0.3,3,0.8633879781420765,0.0829073712229728,0.012295081967213073,0.009849337240060194
blood_transfusion,xgb_weighted,,0.05,0.0,clean,0.530214424951267,0.0080520037241024,0.1481481481481481,0.0320750149549791,0.3762167814107618,0.0285735283834162,0.5213688484362932,0.0133541156221462,0.351475279106858,0.0314227718279042,0.1481481481481481,0.0320750149549791,0.6938352826510722,0.0277617425759693,0.2315610299507776,0.0068668311347564,1.0743660529454548,0.1063176114108962,0.2324891462114949,0.0097235278902894,0.0,3,0.5112085769980507,0.211589440703392,0.01900584795321636,-0.019971589247385596
blood_transfusion,xgb_weighted,,0.05,0.05,majority_to_minority,0.5333820662768031,0.0574299698841919,0.2129629629629629,0.1051649693666717,0.3403615244345754,0.0684891614802751,0.5315093544420328,0.0631874278761482,0.3131447096964337,0.1121143712032164,0.2129629629629629,0.1051649693666717,0.5980750487329435,0.0605749458173479,0.2387976100047429,0.0292047519033352,1.1041325330734253,0.1922589634769244,0.2441490986011922,0.0396169735534966,0.0666666666666666,3,0.5331384015594541,0.2115211089452107,0.0002436647173489348,-0.027276501059532193
blood_transfusion,xgb_weighted,,0.05,0.05,minority_to_majority,0.5331384015594541,0.0590448431568258,0.1481481481481481,0.0699058744006551,0.3319043346807158,0.0580695124068801,0.5269478500483054,0.0715088106287485,0.3966486729644624,0.2294009313322557,0.1481481481481481,0.0699058744006551,0.5958008447043536,0.0276487884073525,0.2299762368202208,0.0227063147853143,1.2229698499043782,0.0494822330988331,0.230562396886655,0.029967127913352,0.0714285714285714,3,0.5185185185185185,0.2164057493209838,0.014619883040935644,-0.013570487499237005
blood_transfusion,xgb_weighted,,0.05,0.1,majority_to_minority,0.5187621832358674,0.0498489419296148,0.1574074074074073,0.1122625523424272,0.3186559711952195,0.0674217351034462,0.5081061474392287,0.0704686166222616,0.262795175838654,0.1611639509277272,0.1574074074074073,0.1122625523424272,0.5840643274853802,0.0816303169397573,0.2339263955752054,0.0179057466399005,1.1420196692148843,0.1452982736875611,0.2243359685068329,0.0242279353213296,0.125,3,0.5097465886939571,0.2181880076726277,0.009015594541910366,-0.0157383879025777
blood_transfusion,xgb_weighted,,0.05,0.1,minority_to_majority,0.5155945419103314,0.032149895122925,0.1481481481481481,0.0160375074774895,0.3986278686039409,0.1141956687148745,0.5089295408190856,0.0345374845134216,0.3089688089688089,0.1322399555695789,0.1481481481481481,0.0160375074774895,0.6535493827160493,0.101707863531831,0.2213041236003239,0.0310379711854724,1.024379054705302,0.1803298190737135,0.2266665319042901,0.0302578127812732,0.0714285714285714,3,0.5155945419103314,0.2087463686863581,0.0,-0.012557754913965796
blood_transfusion,xgb_weighted,,0.05,0.2,majority_to_minority,0.5207115009746589,0.0450694107036561,0.1203703703703703,0.0848625128695526,0.3297837936673397,0.0709524678412399,0.5046345181152164,0.0629370127476511,0.3497474747474747,0.2674235270542983,0.1203703703703703,0.0848625128695526,0.5849577647823262,0.0414148192621255,0.2378833889961242,0.0211420160920317,1.235277732213338,0.0576308138163058,0.2407022613152446,0.0229237684321133,0.2222222222222222,3,0.5207115009746589,0.2138254990180332,0.0,-0.024057889978091024
blood_transfusion,xgb_weighted,,0.05,0.2,minority_to_majority,0.513157894736842,0.0168604716296356,0.111111111111111,0.0555555555555555,0.338311613080334,0.0191385446393048,0.4942277256446827,0.0234764815744791,0.3460038986354776,0.1413322576878397,0.111111111111111,0.0555555555555555,0.6005523066926576,0.0353885429735383,0.2347291857004165,0.0187821891153358,1.2480587561925252,0.1153291065822584,0.2375823477510776,0.0214901306424448,0.2142857142857142,3,0.5095029239766081,0.2176976104577382,0.003654970760233911,-0.017031575242678315
blood_transfusion,xgb_weighted,,0.05,0.3,majority_to_minority,0.5626218323586745,0.059464176453513,0.2129629629629629,0.1785861252035732,0.3901227785553563,0.0866380609178721,0.5521440824809165,0.0732389938121682,0.4141414141414141,0.0699818508108636,0.2129629629629629,0.1785861252035732,0.6490415854450942,0.0860265292678771,0.2157454540332158,0.0196706499364601,0.9680776794751486,0.1817967280382361,0.2108824493280714,0.0292128441353863,0.3,3,0.5263157894736842,0.1998238166173298,0.036306042884990286,-0.01592163741588598
blood_transfusion,xgb_weighted,,0.05,0.3,minority_to_majority,0.540448343079922,0.0114262905338142,0.1481481481481481,0.0160375074774895,0.3739673426387523,0.0520581039845887,0.5325045471929365,0.0147313453322994,0.4117826617826618,0.052368890403188,0.1481481481481481,0.0160375074774895,0.6487166991552956,0.0311951114018,0.2215082397063572,0.0069780255820529,1.0798404812812803,0.0823858190400671,0.2251984301851027,0.0077265310077298,0.2857142857142857,3,0.5,0.2148586114247639,0.040448343079921956,-0.006649628281593295
blood_transfusion,xgb_weighted,,0.1,0.0,clean,0.5219298245614036,0.010128952091046,0.1666666666666666,0.0962250448649376,0.3222274506516708,0.0271988540987858,0.5106551080519415,0.0092689254040888,0.3384315489578647,0.094471577690903,0.1666666666666666,0.0962250448649376,0.6065627030539311,0.024446850045577,0.2352514415979385,0.0220704430396603,0.973336398601532,0.0730487845727016,0.2252596999311612,0.037971818578964,0.0,3,0.5041423001949318,0.2142406404018401,0.017787524366471796,-0.02101080119609841
blood_transfusion,xgb_weighted,,0.1,0.05,majority_to_minority,0.5445906432748537,0.0337130191742696,0.25,0.0833333333333333,0.3493742177800485,0.064865366181497,0.5443289552778868,0.0373088001329281,0.3258064516129032,0.0532990698124461,0.25,0.0833333333333333,0.6433560753736193,0.0371523444670179,0.2359169373909632,0.0267372392098597,0.964201311270396,0.1272387307388115,0.2290764780922068,0.0331772425094584,0.0344827586206896,3,0.5348440545808967,0.2014287163813909,0.009746588693957059,-0.0344882210095723
blood_transfusion,xgb_weighted,,0.1,0.05,minority_to_majority,0.5623781676413255,0.0362143484075705,0.2592592592592592,0.1122625523424272,0.3509214984940159,0.0446228495870835,0.5622104132797194,0.0371397601157106,0.4028355278355278,0.1252020020037171,0.2592592592592592,0.1122625523424272,0.5932423651721898,0.0524077908558124,0.2225644340117772,0.0201350838761306,0.9544861515363058,0.0250725970657134,0.2150503016428814,0.0215492045147427,0.0357142857142857,3,0.5350877192982456,0.2011048793792724,0.02729044834307992,-0.02145955463250479
blood_transfusion,xgb_weighted,,0.1,0.1,majority_to_minority,0.51364522417154,0.0560741289295262,0.2407407407407407,0.0975523495634512,0.3406568330734147,0.098738346450216,0.512851514395511,0.0590373574290923,0.2597644666610184,0.0966759069661049,0.2407407407407407,0.0975523495634512,0.6053037686809617,0.0898426981756844,0.2430742035309473,0.0285275070529636,0.9187566439310708,0.1634407334203689,0.2351049082643455,0.0397842300485732,0.096774193548387,3,0.5394736842105262,0.2049745023250579,-0.0258284600389862,-0.0380997012058894
blood_transfusion,xgb_weighted,,0.1,0.1,minority_to_majority,0.5397173489278753,0.0382801846426969,0.2314814814814814,0.0578240555407259,0.3538544687605811,0.0344861610634176,0.5407483452979213,0.0425386470043332,0.3253798670465337,0.0819679067698082,0.2314814814814814,0.0578240555407259,0.657041910331384,0.0428273233913779,0.2365565051635106,0.0256203979924862,0.9791764418284098,0.1188567311964403,0.2325032768667572,0.0394636056567464,0.1071428571428571,3,0.5194931773879142,0.2049138844013213,0.020224171539961033,-0.031642620762189294
blood_transfusion,xgb_weighted,,0.1,0.2,majority_to_minority,0.5604288499025342,0.0299826439616785,0.2407407407407407,0.0699058744006551,0.3948780812963227,0.0279348170395067,0.5623629715399223,0.0359132397931261,0.3839227698876821,0.0599465469115635,0.2407407407407407,0.0699058744006551,0.6348684210526315,0.0149427276164164,0.2121295481920242,0.0110715113631077,0.8489790161450704,0.0970597253576211,0.1975846297004156,0.0273466405141204,0.2,3,0.5582358674463938,0.1885910580555597,0.002192982456140413,-0.0235384901364645
blood_transfusion,xgb_weighted,,0.1,0.2,minority_to_majority,0.5679824561403509,0.0567404045915936,0.25,0.0734930919740164,0.3695552165771196,0.1004815323576557,0.5734762707753683,0.0644948825227365,0.4251006800026407,0.1484209342542244,0.25,0.0734930919740164,0.5843079922027291,0.0834460944686521,0.2193469554185867,0.0343459267168978,1.1048466563224792,0.1594756415332668,0.2164650763426389,0.0518148716647075,0.2142857142857142,3,0.5467836257309941,0.2019052654504775,0.021198830409356773,-0.017441689968109214
blood_transfusion,xgb_weighted,,0.1,0.3,majority_to_minority,0.5421539961013645,0.0611695510419217,0.2685185185185185,0.0699058744006551,0.3425964518650239,0.0459161857583628,0.5449513137577736,0.0650368487334267,0.3243024808489703,0.1192903659739751,0.2685185185185185,0.0699058744006551,0.5894249512670564,0.0503932568299559,0.2406434367100397,0.0279937039697916,0.8799453973770142,0.0448394843981785,0.2335504906500378,0.0497294830877907,0.3,3,0.5450779727095517,0.2057167390982309,-0.0029239766081872176,-0.034926697611808805
blood_transfusion,xgb_weighted,,0.1,0.3,minority_to_majority,0.5265594541910331,0.0040260018620512,0.1759259259259258,0.0160375074774896,0.3396219202288235,0.0303743964323264,0.5226381326120002,0.0027025522270982,0.3135964912280701,0.0209197193293189,0.1759259259259258,0.0160375074774896,0.60680636777128,0.0135438646407182,0.2350475837786991,0.0057409420912071,1.0798408190409343,0.0170191813864251,0.2342082795749107,0.0077935096606577,0.2857142857142857,3,0.5272904483430799,0.2133417477210362,-0.0007309941520468044,-0.02170583605766291
blood_transfusion,xgb_weighted,,0.2,0.0,clean,0.543859649122807,0.0531217026287256,0.2777777777777777,0.0734930919740163,0.3496569190728777,0.0511167928100116,0.5455803206218883,0.0555217360346791,0.3182163187855787,0.0933727099429814,0.2777777777777777,0.0734930919740163,0.5880441845354126,0.0402434860058874,0.2441658129294713,0.0202994418667466,0.8988988598187765,0.1067032118860265,0.2369382587944467,0.0239535252519378,0.0,3,0.5426413255360624,0.215569516023,0.001218323586744674,-0.02859629690647128
blood_transfusion,xgb_weighted,,0.2,0.05,majority_to_minority,0.5796783625730993,0.0177407326016251,0.3611111111111111,0.1001542020962219,0.3878685307195799,0.0377963649699715,0.5770412705105937,0.0083526099950022,0.3639077425842131,0.0179438091113209,0.3611111111111111,0.1001542020962219,0.6281270305393113,0.0363806464730355,0.2385195344686507,0.0015451195892049,0.8360775510470072,0.0269765250066173,0.218392812512401,0.0113265923141294,0.05,3,0.5682261208576999,0.2048217505216597,0.011452241715399492,-0.033697783946990995
blood_transfusion,xgb_weighted,,0.2,0.05,minority_to_majority,0.5896686159844055,0.0475445999285402,0.3518518518518518,0.0892930626017866,0.3781507324611315,0.0549997297028721,0.591675558949493,0.0517147904275195,0.3958724202626641,0.0902076198745243,0.3518518518518518,0.0892930626017866,0.6465643274853802,0.0533838477978528,0.223332792520523,0.0221442667761758,0.7929312586784363,0.0691208767489616,0.2053696748324566,0.0280850915641573,0.0526315789473684,3,0.5616471734892788,0.1988690694173176,0.028021442495126614,-0.02446372310320538
blood_transfusion,xgb_weighted,,0.2,0.1,majority_to_minority,0.6118421052631579,0.0117642375288238,0.4722222222222221,0.0277777777777777,0.4151924942086369,0.0245056213554375,0.6006840790166167,0.0089815695126801,0.3747976216061322,0.0100096312845771,0.4722222222222221,0.0277777777777777,0.6600064977257959,0.0094263399948385,0.2256651073694228,0.0124798149477412,0.7905733982721964,0.0394962974478256,0.1982558743738465,0.0125623854322259,0.0952380952380951,3,0.5901559454191033,0.193734919031461,0.02168615984405453,-0.031930188337961796
blood_transfusion,xgb_weighted,,0.2,0.1,minority_to_majority,0.5762670565302145,0.0395975782939017,0.3425925925925925,0.0424312564347763,0.4151712709059239,0.0106456579055791,0.5783092158043545,0.0440350985122397,0.3791343669250646,0.0914351546001044,0.3425925925925925,0.0424312564347763,0.6612248213125406,0.0188680265161554,0.2151411126057306,0.0151180538693518,0.7386086384455363,0.0526884929632415,0.1879103674035933,0.034013828752693,0.1052631578947368,3,0.5886939571150097,0.1901113986968994,-0.01242690058479523,-0.025029713908831214
blood_transfusion,xgb_weighted,,0.2,0.2,majority_to_minority,0.581384015594542,0.0950920095586906,0.4814814814814815,0.1529880707579473,0.3920607996109645,0.1056197422680916,0.5621265454404667,0.0833455734326171,0.3232339089481946,0.1010081486159059,0.4814814814814815,0.1529880707579473,0.6242283950617283,0.0903796856682447,0.2454726994037628,0.0302145882410215,0.8377759655316671,0.0833144766744605,0.2347356268184052,0.0553291840473978,0.1971830985915491,3,0.5794346978557505,0.2062822133302688,0.0019493177387914784,-0.039190486073493985
blood_transfusion,xgb_weighted,,0.2,0.2,minority_to_majority,0.5662768031189084,0.0584536370542646,0.3518518518518518,0.0892930626017866,0.3613464115432949,0.0942713710827958,0.5649710350057463,0.064096904968472,0.3477532679738562,0.1055584880281262,0.3518518518518518,0.0892930626017866,0.6207764782326186,0.0512913265391834,0.2488400439421335,0.0293584168280004,0.8774266044298807,0.1076242786321206,0.2472475312236282,0.0478174730300167,0.1929824561403508,3,0.567738791423002,0.2101232608159382,-0.0014619883040936088,-0.03871678312619528
blood_transfusion,xgb_weighted,,0.2,0.3,majority_to_minority,0.5740740740740741,0.0402002478508661,0.4259259259259259,0.0424312564347762,0.3879827993546198,0.0689671402747173,0.5645485718849229,0.0406985078706768,0.3297503648113404,0.0527362544334426,0.4259259259259259,0.0424312564347762,0.6362897985705004,0.060099339841992,0.2396078656117121,0.028149605300628,0.7687045335769653,0.0795093684365499,0.2353960970458057,0.0257836220092748,0.2962962962962963,3,0.6135477582846004,0.2043120165665944,-0.03947368421052633,-0.035295849045117705
blood_transfusion,xgb_weighted,,0.2,0.3,minority_to_majority,0.5445906432748538,0.0131781844863449,0.3055555555555556,0.0734930919740163,0.3626794080438427,0.0535530279744253,0.5429364111670957,0.016972457133053,0.3182773109243697,0.0493026542130308,0.3055555555555556,0.0734930919740163,0.6476608187134504,0.0288150913965135,0.2285252958536147,0.0230793530219845,0.857581893603007,0.0806996058960681,0.2295342728868127,0.0190798724426389,0.2982456140350877,3,0.5384990253411306,0.1949897905190785,0.006091617933723259,-0.0335355053345362
blood_transfusion,xgb_weighted,,0.5,0.0,clean,0.6189083820662767,0.0308868457650893,0.5448343079922028,0.0884150446095641,0.427470786188701,0.0450816836510772,0.5846383719042544,0.024727584370606,0.351023070025271,0.0247528232124406,0.5740740740740741,0.1156481110814518,0.6531432748538011,0.0395435631568408,0.2728624840577443,0.0096370434268649,0.8877371152242025,0.0627309631453938,0.2765825223839944,0.0217604039369056,0.0,3,0.6189083820662767,0.2728624840577443,0.0,-0.0
blood_transfusion,xgb_weighted,,0.5,0.05,majority_to_minority,0.6496101364522416,0.0266520641596009,0.615009746588694,0.006752634727364,0.4329880748702344,0.0463426985809826,0.6102522326716251,0.0363194518173409,0.3795959511499459,0.0450652171191289,0.6296296296296297,0.0320750149549791,0.6878248862897985,0.0177559255855774,0.2548983693122864,0.0087131514800493,0.830697774887085,0.0470441376804402,0.2405928069187534,0.0204864778780163,0.0469798657718119,3,0.6486354775828459,0.26007741689682,0.0009746588693957392,0.005179047584533636
blood_transfusion,xgb_weighted,,0.5,0.05,minority_to_majority,0.6120857699805069,0.0425130345245783,0.5687134502923977,0.0488619151083871,0.414091293219551,0.0611784689283158,0.5730235480838692,0.0286829147788535,0.3358106683533628,0.0306728469814475,0.5925925925925926,0.0892930626017865,0.6565951916829109,0.0255581910937549,0.2585684061050414,0.0060919793997295,0.8080940246582031,0.0438064818593588,0.2433321334504418,0.0405351980253587,0.0492957746478872,3,0.6025828460038987,0.2538286944230397,0.009502923976608235,-0.004739711682001713
blood_transfusion,xgb_weighted,,0.5,0.1,majority_to_minority,0.6038011695906432,0.0146015967510513,0.5594541910331384,0.0265314962744955,0.4161382376532334,0.0149325077538817,0.5579550603543418,0.0262131583118999,0.3253435312418978,0.0212823929114898,0.611111111111111,0.0481125224324687,0.6548895386614685,0.0092064750898005,0.2810262739658355,0.0160790493245522,0.8702917297681173,0.0688690683697481,0.2764988223960001,0.021917904184041,0.1012658227848101,3,0.6055068226120858,0.2965932488441467,-0.0017056530214425436,0.015566974878311157
blood_transfusion,xgb_weighted,,0.5,0.1,minority_to_majority,0.6062378167641326,0.0212156282173881,0.5370370370370371,0.0424312564347763,0.4418041213627515,0.0248252369197308,0.5800426534475528,0.0157497580344103,0.3428758023585609,0.0176737403588019,0.5370370370370371,0.0424312564347763,0.663417803768681,0.0148096908245817,0.2553648551305135,0.0221564183729796,0.8041646877924601,0.0913247802236261,0.2421784005231327,0.0344821240822851,0.0985915492957745,3,0.6208576998050682,0.2458139012257258,-0.014619883040935644,-0.00955095390478769
blood_transfusion,xgb_weighted,,0.5,0.2,majority_to_minority,0.6001461988304094,0.0114884748870627,0.5614035087719299,0.0382359556450936,0.3744555001647593,0.0154131352946301,0.5459032944296343,0.0174374560632292,0.3155515370705244,0.0124353933070192,0.6388888888888888,0.0277777777777777,0.6306448992852501,0.017665832044436,0.3172709345817566,0.0086785540564672,1.0006914734840393,0.0532231010575019,0.3331893887867529,0.0293499142931862,0.2022471910112359,3,0.5601851851851851,0.3624968429406484,0.03996101364522431,0.045225908358891787
blood_transfusion,xgb_weighted,,0.5,0.2,minority_to_majority,0.6040448343079922,0.022534705351828,0.5092592592592592,0.0699058744006551,0.3846563622574186,0.01603817917932,0.5830350002119287,0.0122789961534376,0.3473723796471896,0.0127339461844177,0.5092592592592592,0.0699058744006551,0.6434779077322936,0.0145712383815163,0.251813918352127,0.0181892826118478,0.7842568755149841,0.0753216951569787,0.2307195906341076,0.0278156909904819,0.1971830985915491,3,0.5891812865497076,0.2356236179669697,0.014863547758284579,-0.016190300385157314
blood_transfusion,xgb_weighted,,0.5,0.3,majority_to_minority,0.5640838206627681,0.0340468586251629,0.4152046783625731,0.0365204561309847,0.3941555148847184,0.1014887412378681,0.4757139596502546,0.0329300368026102,0.2784486285182571,0.0217679217121484,0.7129629629629629,0.0320750149549792,0.6241065627030539,0.0816471651024262,0.3453232049942016,0.0440892943723582,1.033397873242696,0.1262332944592233,0.3772238366471396,0.0316808665739328,0.3004926108374384,3,0.5465399610136452,0.4404336313406626,0.01754385964912286,0.095110426346461
blood_transfusion,xgb_weighted,,0.5,0.3,minority_to_majority,0.5911306042884991,0.0786263417393423,0.4629629629629629,0.1398117488013102,0.3897562697281206,0.0693444250153206,0.576548725226338,0.0666900648290058,0.3390932738758825,0.0812569346101169,0.4629629629629629,0.1398117488013102,0.6489603638726446,0.079251957121502,0.2416534076134363,0.0305354934724762,0.775052011013031,0.1016036327298842,0.2218906441413693,0.0306008943478152,0.3028169014084507,3,0.6028265107212476,0.217521513501803,-0.011695906432748537,-0.0241318941116333
breast_cancer_wisconsin,xgb_weighted,,0.05,0.0,clean,0.8406084656084657,0.0433831682837182,0.6904761904761906,0.0824786098842322,0.9687166372366458,0.0105064101146307,0.8601762006867476,0.0424945428995143,0.9767628205128206,0.0204444724714311,0.6904761904761906,0.0824786098842322,0.9779541446208112,0.0049529633903572,0.0988837033510207,0.0319622122734216,0.4078688323497772,0.1321235875835975,0.1129532008382834,0.0293398639987316,0.0,3,0.7936507936507936,0.1211360146601994,0.04695767195767209,0.022252311309178693
breast_cancer_wisconsin,xgb_weighted,,0.05,0.05,majority_to_minority,0.9047619047619048,0.0476190476190476,0.8095238095238096,0.0952380952380952,0.9880989228904292,0.0033978254493734,0.9202480820901874,0.0416465080673864,1.0,0.0,0.8095238095238096,0.0952380952380952,0.9917328042328044,0.0029761904761904,0.0603926566739876,0.0239310170764155,0.2254547923803329,0.0646517192261813,0.0756493531649507,0.0250998894027572,0.0625,3,0.8611111111111112,0.0764549300074576,0.04365079365079361,0.016062273333469997
breast_cancer_wisconsin,xgb_weighted,,0.05,0.05,minority_to_majority,0.8349867724867724,0.0144560138851815,0.6746031746031745,0.0363696483726653,0.9804699617955114,0.0017031131552812,0.8562847197585332,0.0124548744581008,0.989247311827957,0.0186242022319233,0.6746031746031745,0.0363696483726653,0.9865520282186948,0.0013364589564574,0.1010276302695274,0.0064069830530592,0.3757121562957763,0.0265986312651857,0.117795958995209,0.0053530020672252,0.0666666666666666,3,0.8055555555555555,0.1135686089595158,0.029431216931216975,0.012540978689988408
breast_cancer_wisconsin,xgb_weighted,,0.05,0.1,majority_to_minority,0.8984788359788359,0.0059798747751405,0.8015873015873015,0.0137464349807053,0.9692288318723082,0.0083680719892986,0.9144659946427316,0.0057340570924909,0.9904761904761904,0.0164957219768464,0.8015873015873015,0.0137464349807053,0.9759700176366845,0.004645349979212,0.0646911437312761,0.0125650261946686,0.2626587649186452,0.0616949444440584,0.07243709829881,0.0198436365446336,0.1176470588235294,3,0.8667328042328042,0.0829508279760678,0.031746031746031744,0.0182596842447917
breast_cancer_wisconsin,xgb_weighted,,0.05,0.1,minority_to_majority,0.7976190476190476,0.0974446758556244,0.5952380952380952,0.1948893517112488,0.9529701774788027,0.0488546077476222,0.8150626684691908,0.0977108158444031,1.0,0.0,0.5952380952380952,0.1948893517112488,0.9654982363315696,0.0335193076012125,0.1221859504779179,0.0639084601313925,0.5308277904987335,0.352423619783974,0.1414171584721175,0.0619851542056126,0.1333333333333333,3,0.7142857142857143,0.1734957595666249,0.08333333333333326,0.05130980908870701
breast_cancer_wisconsin,xgb_weighted,,0.05,0.2,majority_to_minority,0.894510582010582,0.0095327614453701,0.7936507936507936,0.0137464349807054,0.9749275177063064,0.011553798323902,0.9109855521155832,0.0098744179354776,0.9901960784313726,0.0169808902702831,0.7936507936507936,0.0137464349807054,0.9813712522045857,0.007785808371433,0.0699394370118776,0.0088007703800973,0.2646800031264623,0.0576100646844495,0.0840240472285022,0.0080788460988377,0.2105263157894736,3,0.8452380952380952,0.090769479672114,0.049272486772486745,0.0208300426602364
breast_cancer_wisconsin,xgb_weighted,,0.05,0.2,minority_to_majority,0.8032407407407408,0.0326075640517981,0.6111111111111112,0.0727392967453307,0.95449783624457,0.0285224669717734,0.8246030751551627,0.0313889672613569,0.9888888888888888,0.0192450089729874,0.6111111111111112,0.0727392967453307,0.9608686067019402,0.0274577124001785,0.1261321182052294,0.0226991749792846,0.5783759554227194,0.1316678164938887,0.1489837109192944,0.0313496392507562,0.2,3,0.746031746031746,0.1520036806662877,0.057208994708994765,0.02587156246105829
breast_cancer_wisconsin,xgb_weighted,,0.05,0.3,majority_to_minority,0.9103835978835978,0.0277127451131525,0.8253968253968255,0.049563476177765,0.9665061663693124,0.0022799905069476,0.9246481093141486,0.0253222322432093,0.9901960784313726,0.0169808902702831,0.8253968253968255,0.049563476177765,0.9692460317460316,0.0037266625891483,0.0577390330533186,0.0144880093948596,0.2418510317802429,0.0355449598437794,0.0721827495668889,0.0161343507946307,0.2857142857142857,3,0.8452380952380952,0.0793754893044629,0.06514550264550256,0.021636456251144305
breast_cancer_wisconsin,xgb_weighted,,0.05,0.3,minority_to_majority,0.791335978835979,0.0336766226245545,0.5873015873015873,0.0599193209148472,0.957947541044062,0.0088898594486252,0.8128393981183563,0.0356418932897731,0.9855072463768116,0.0251021856169402,0.5873015873015873,0.0599193209148472,0.9674823633156966,0.00772234562969,0.1402630085746447,0.0202521224574363,0.6099249521891276,0.096154474338591,0.1607595596677617,0.0201938727352162,0.2666666666666666,3,0.746031746031746,0.1724248081445693,0.0453042328042329,0.032161799569924626
breast_cancer_wisconsin,xgb_weighted,,0.1,0.0,clean,0.918320105820106,0.0193473577728967,0.8412698412698413,0.0363696483726653,0.9855744384385148,0.0054139246291309,0.9315599401733478,0.0173415258379269,0.9907407407407408,0.0160375074774895,0.8412698412698413,0.0363696483726653,0.98831569664903,0.0055070529086404,0.0494226614634195,0.0119406312531348,0.1914795090754827,0.0450341253304709,0.0587206607227001,0.0082287997626031,0.0,3,0.9007936507936508,0.0607955940067767,0.017526455026455223,0.011372932543357202
breast_cancer_wisconsin,xgb_weighted,,0.1,0.05,majority_to_minority,0.9057539682539684,0.0137464349807053,0.8253968253968255,0.0274928699614107,0.9836546409186546,0.0061704429000181,0.9185735012520002,0.0118063237528879,0.971943371943372,0.0008916606473971,0.8253968253968255,0.0274928699614107,0.9877645502645502,0.0057372194354818,0.0513235541681448,0.0087332151409853,0.1830601195494333,0.0252708871563682,0.0604288117641484,0.0085747272676228,0.0625,3,0.896164021164021,0.0626824709276357,0.009589947089947315,0.011358916759490897
breast_cancer_wisconsin,xgb_weighted,,0.1,0.05,minority_to_majority,0.925595238095238,0.0181848241863325,0.8650793650793651,0.0363696483726653,0.9894468076020998,0.0064344458569832,0.935462183815023,0.0153009152755605,0.9731847231847232,0.0010840000173482,0.8650793650793651,0.0363696483726653,0.992283950617284,0.0057021680583674,0.0452223693331082,0.0128777211502237,0.1644450301925341,0.0546617322117056,0.0559703000584257,0.0193135540846385,0.0666666666666666,3,0.9001322751322752,0.0620307351152101,0.0254629629629628,0.016808365782101903
breast_cancer_wisconsin,xgb_weighted,,0.1,0.1,majority_to_minority,0.8865740740740741,0.0336766226245545,0.7777777777777778,0.0599193209148472,0.9698074252587308,0.0180367327567041,0.9036594340437246,0.031743907814151,0.989247311827957,0.0186242022319233,0.7777777777777778,0.0599193209148472,0.9772927689594356,0.0111865067113036,0.0669658867021401,0.0224054626676445,0.2510819286108016,0.0771218391273922,0.0795795784089496,0.0216656204726887,0.0909090909090909,3,0.8587962962962963,0.0818627178668975,0.02777777777777779,0.014896831164757401
breast_cancer_wisconsin,xgb_weighted,,0.1,0.1,minority_to_majority,0.8819444444444443,0.0429346924769492,0.7777777777777777,0.09912695235553,0.978406995741377,0.0041435926153559,0.896808764186583,0.0360434584961782,0.9729323308270676,0.026347993184865,0.7777777777777777,0.09912695235553,0.9855599647266312,0.0025039278420634,0.0692366225024064,0.0205434550198615,0.2565456132094065,0.0573826265893617,0.0809691307932813,0.0277010765375699,0.1,3,0.8373015873015873,0.0821988408764202,0.044642857142856984,0.01296221837401379
breast_cancer_wisconsin,xgb_weighted,,0.1,0.2,majority_to_minority,0.8994708994708994,0.0358563825159284,0.8174603174603176,0.0599193209148472,0.9825936829233178,0.0135957034767377,0.9119206187652568,0.0343699627493385,0.9628719628719627,0.0409691465122261,0.8174603174603176,0.0599193209148472,0.988425925925926,0.0095327614453699,0.0549438806871573,0.0165797652965504,0.1761669566233952,0.0530444065453688,0.067678550410776,0.0145778399448352,0.2105263157894736,3,0.8746693121693122,0.0666179209947585,0.024801587301587213,0.011674040307601198
breast_cancer_wisconsin,xgb_weighted,,0.1,0.2,minority_to_majority,0.8072089947089948,0.0241447411855446,0.6190476190476191,0.0476190476190475,0.9606504891752944,0.0208721865211927,0.8290431617728323,0.0243124327586999,0.9876543209876544,0.0213833433033195,0.6190476190476191,0.0476190476190475,0.9671516754850088,0.0193539508409952,0.1093248277902603,0.0179385534312688,0.4448186854521433,0.0788873880075822,0.1355996088489715,0.0156813398856088,0.2,3,0.7556216931216931,0.1452461530764897,0.051587301587301626,0.03592132528622939
breast_cancer_wisconsin,xgb_weighted,,0.1,0.3,majority_to_minority,0.9318783068783068,0.00953276144537,0.873015873015873,0.0137464349807053,0.9774998504960736,0.0075808754420586,0.9420039687550944,0.0096867919227683,0.9822190611664297,0.015402850517573,0.873015873015873,0.0137464349807053,0.9778439153439152,0.0090924120931664,0.0424215358992417,0.0072980142359756,0.1624204119046528,0.0309804587047612,0.0465942422440002,0.0140722021572274,0.3023255813953488,3,0.9199735449735452,0.0465395475427309,0.01190476190476153,0.004118011643489204
breast_cancer_wisconsin,xgb_weighted,,0.1,0.3,minority_to_majority,0.8310185185185186,0.0354422695091612,0.6666666666666666,0.0629940788348711,0.9450079435285688,0.0265504705120076,0.8522172057895531,0.0357886252524503,0.9871794871794872,0.0222057795842163,0.6666666666666666,0.0629940788348711,0.9543650793650794,0.0224063883815938,0.1090675443410873,0.0171988591605177,0.4934408068656921,0.1170872261029381,0.1269065945896684,0.0071355652958306,0.3,3,0.7857142857142857,0.1292530248562494,0.0453042328042329,0.0201854805151621
breast_cancer_wisconsin,xgb_weighted,,0.2,0.0,clean,0.9477513227513228,0.0143535280517266,0.9047619047619048,0.0238095238095238,0.988180544079188,0.0062130412065984,0.9552399985598348,0.0145554560010584,0.9833333333333334,0.0288675134594812,0.9047619047619048,0.0238095238095238,0.9908509700176368,0.0050187620978094,0.0309227965772151,0.0102158052923624,0.1212567836046218,0.0302997088764894,0.0326305162726645,0.0073630825468155,0.0,3,0.931878306878307,0.0358258721729119,0.015873015873015817,0.004903075595696801
breast_cancer_wisconsin,xgb_weighted,,0.2,0.05,majority_to_minority,0.9500661375661376,0.0040093768693723,0.9047619047619048,0.0,0.9876008604995256,0.0031268132838063,0.95836732424034,0.0054025474873762,0.9914529914529916,0.0148038530561442,0.9047619047619048,0.0,0.9911816578483243,0.0035667305307239,0.0354261596997578,0.002100066199636,0.126165397465229,0.0186703122912128,0.0440273182357699,0.0051692932511217,0.0476190476190475,3,0.9302248677248678,0.0386702343821524,0.01984126984126977,0.0032440746823945987
breast_cancer_wisconsin,xgb_weighted,,0.2,0.05,minority_to_majority,0.9107142857142856,0.0223379568436462,0.8492063492063492,0.0274928699614107,0.975853785217122,0.0119544318200274,0.919654937075572,0.0238633761981683,0.9477807767281452,0.0436060718898592,0.8492063492063492,0.0274928699614107,0.9817019400352732,0.0079937128568413,0.0553489464024702,0.0149810614178979,0.2076210925976435,0.0547895531388961,0.0601783586129523,0.0070022604891438,0.05,3,0.8915343915343916,0.0618284468849499,0.019179894179893964,0.006479500482479701
breast_cancer_wisconsin,xgb_weighted,,0.2,0.1,majority_to_minority,0.945436507936508,0.0206196524710579,0.9047619047619048,0.0412393049421161,0.9842106295566352,0.0108429997274197,0.9520141142388752,0.0169470510906301,0.9743260590500644,0.0011117142538952,0.9047619047619048,0.0412393049421161,0.986441798941799,0.009876444790389,0.0349218423167864,0.0113593283076456,0.1304730400443076,0.0465785815828518,0.0364288189257794,0.0057398497077428,0.1044776119402985,3,0.9302248677248678,0.0419878357400496,0.015211640211640232,0.007065993423263202
breast_cancer_wisconsin,xgb_weighted,,0.2,0.1,minority_to_majority,0.8835978835978836,0.0024966383714519,0.7857142857142857,0.0238095238095238,0.9722337779385808,0.0099959649149784,0.898249228198725,0.0041962531216579,0.9631690514043456,0.0410465424184778,0.7857142857142857,0.0238095238095238,0.9798280423280424,0.005197167210814,0.0731637726227441,0.0073083937973868,0.2802911152442296,0.0297035016861121,0.082323894367624,0.0132474250629547,0.1,3,0.8501984126984127,0.0841057846943537,0.03339947089947093,0.010942012071609608
breast_cancer_wisconsin,xgb_weighted,,0.2,0.2,majority_to_minority,0.9229497354497356,0.01906552289074,0.8968253968253969,0.0274928699614107,0.9752439470316686,0.0047447725931612,0.9243428670424996,0.0188545978496861,0.9115079365079364,0.0265220711293761,0.8968253968253969,0.0274928699614107,0.9813712522045854,0.0023460975147478,0.0472125274439652,0.0073534476317708,0.1631657481193542,0.0169651351892082,0.0409682898929244,0.0101706548929505,0.2,3,0.9328703703703703,0.0469999114672342,-0.009920634920634774,-0.00021261597673100097
breast_cancer_wisconsin,xgb_weighted,,0.2,0.2,minority_to_majority,0.8660714285714287,0.0382684554007657,0.746031746031746,0.0765369108015313,0.9669940431640685,0.0081958603021064,0.8829935617319621,0.0342786885778605,0.9688769414575868,0.0029465621159231,0.746031746031746,0.0765369108015313,0.9757495590828924,0.0057021680583675,0.0848887562751769,0.0216340736403506,0.3252350787321726,0.08802150077274,0.0964939654450754,0.0198943456543319,0.2,3,0.8230820105820106,0.0998678132891654,0.04298941798941813,0.014979057013988495
breast_cancer_wisconsin,xgb_weighted,,0.2,0.3,majority_to_minority,0.9302248677248678,0.0126398907762012,0.9120370370370372,0.0143535280517267,0.9746993458833914,0.0087752184933611,0.9282274087815447,0.0184762372447008,0.9016009437141892,0.0512986505640155,0.9206349206349206,0.0137464349807054,0.9771825396825397,0.0096354512462522,0.0511713450153668,0.0108898052936655,0.1805908779303232,0.0420127925614291,0.0459129513235903,0.0209060592190743,0.3023255813953488,3,0.9282407407407408,0.0469831091662247,0.001984126984126977,-0.004188235849142095
breast_cancer_wisconsin,xgb_weighted,,0.2,0.3,minority_to_majority,0.7936507936507936,0.0861211683103598,0.5873015873015873,0.1722423366207199,0.9703251770469842,0.0157407652927465,0.8122002633038047,0.0854687670374979,1.0,0.0,0.5873015873015873,0.1722423366207199,0.9782848324514992,0.010427596376792,0.1180910567442575,0.0483900147432103,0.4616876691579819,0.1937795593231308,0.149769892032416,0.0501216526559841,0.3,3,0.753968253968254,0.1498762418826421,0.03968253968253965,0.03178518513838459
breast_cancer_wisconsin,xgb_weighted,,0.5,0.0,clean,0.956679894179894,0.0161292968230914,0.9365079365079366,0.0274928699614107,0.9884232547526214,0.0066671212215658,0.9589170531665386,0.014654223196281,0.9593302361595044,0.0141486504876004,0.9365079365079366,0.0274928699614107,0.9917328042328042,0.0054638596699265,0.0308863936613003,0.0128219179350295,0.1099887962142626,0.0412121752244243,0.0350174261365978,0.0136305956054525,0.0,3,0.956679894179894,0.0308863936613003,0.0,-0.0
breast_cancer_wisconsin,xgb_weighted,,0.5,0.05,majority_to_minority,0.933531746031746,0.0200632424763459,0.9265873015873016,0.0201366896132782,0.9839127114604812,0.0110748067964033,0.9285287119747,0.019480111695189,0.8872053872053872,0.0227739886506207,0.9365079365079366,0.0274928699614107,0.988425925925926,0.0089530333139423,0.0430512850483258,0.0134365482580855,0.1405605177084604,0.045727319515889,0.0444581340671631,0.0067060245911748,0.050632911392405,3,0.9358465608465608,0.0427785490949947,-0.0023148148148147696,-0.0002727359533311047
breast_cancer_wisconsin,xgb_weighted,,0.5,0.05,minority_to_majority,0.9305555555555556,0.0133468492530493,0.8888888888888888,0.0137464349807054,0.9824224497542974,0.0069413212970738,0.9363106171054876,0.0144441945202195,0.9493589743589744,0.024685730146115,0.8888888888888888,0.0137464349807054,0.9866622574955908,0.0061005705917203,0.0404778843124706,0.0067760348489857,0.1413313845793406,0.0312091081871046,0.0449259105487045,0.0044460934645762,0.0533333333333333,3,0.9322089947089948,0.039146814495325,-0.0016534391534391846,-0.0013310698171455984
breast_cancer_wisconsin,xgb_weighted,,0.5,0.1,majority_to_minority,0.9322089947089948,0.0163715526382097,0.8974867724867726,0.0340399715144385,0.9777928674850408,0.0012918681571864,0.923273904867578,0.0268043610633411,0.8687349702032691,0.0752221572910443,0.9523809523809524,0.0238095238095238,0.9830246913580246,0.0030005858881869,0.0574189200997352,0.0163448700755209,0.1920049140850702,0.0259047807335194,0.0589183153726203,0.023219775468151,0.1017964071856287,3,0.9212962962962964,0.0592047770818074,0.010912698412698374,0.0017858569820722037
breast_cancer_wisconsin,xgb_weighted,,0.5,0.1,minority_to_majority,0.9431216931216932,0.0204358658141274,0.9047619047619048,0.0476190476190476,0.9871118578582716,0.0081435954769486,0.9488789522317912,0.0153086296854105,0.9665709665709666,0.0123084372279791,0.9047619047619048,0.0476190476190476,0.9900793650793652,0.0075117835261907,0.0354888147364059,0.0107621171832292,0.1338248377044995,0.0436101678677628,0.0520052184685737,0.0091900947708943,0.1,3,0.9470899470899472,0.0353628018250067,-0.003968253968253954,-0.0001260129113992009
breast_cancer_wisconsin,xgb_weighted,,0.5,0.2,majority_to_minority,0.9173280423280424,0.0267918374345622,0.8425925925925926,0.0424312564347763,0.9751015845477804,0.0131749773414287,0.8948613109813982,0.0309369962153841,0.7877441077441077,0.0480542042234597,0.992063492063492,0.0137464349807054,0.984126984126984,0.0095671138501914,0.0811160504817962,0.0238640753588979,0.2770823140939076,0.0682810649174827,0.1303803237558108,0.0123099899989356,0.202127659574468,3,0.9074074074074074,0.090741641819477,0.009920634920634996,0.009625591337680803
breast_cancer_wisconsin,xgb_weighted,,0.5,0.2,minority_to_majority,0.925595238095238,0.0181848241863325,0.8650793650793651,0.0363696483726653,0.9747482873051186,0.0093104822446954,0.935462183815023,0.0153009152755605,0.9731847231847232,0.0010840000173482,0.8650793650793651,0.0363696483726653,0.982583774250441,0.0050187620978096,0.049946654587984,0.0152193095994184,0.1939448316891987,0.0465901230171392,0.0665586343803033,0.0191417541845763,0.2,3,0.9239417989417992,0.0529342306156953,0.0016534391534388515,0.0029875760277112973
breast_cancer_wisconsin,xgb_weighted,,0.5,0.3,majority_to_minority,0.7860449735449735,0.0208648036433166,0.5879629629629629,0.0446465313008932,0.964912268188552,0.0223162139322077,0.7337515668554611,0.0265617901476435,0.5829755332924419,0.0260025255480779,0.9841269841269842,0.0137464349807054,0.9699074074074074,0.0170520807994097,0.1837458610534667,0.0156757231728091,0.5595807035764059,0.0505971758691357,0.2587057352283892,0.0209438276486129,0.2990654205607476,3,0.759920634920635,0.2271662851174672,0.026124338624338495,0.043420424064000485
breast_cancer_wisconsin,xgb_weighted,,0.5,0.3,minority_to_majority,0.8875661375661377,0.0283100459336303,0.7936507936507936,0.0363696483726654,0.979795808575112,0.0209505056445973,0.9017401646802136,0.0294165902304095,0.961624649859944,0.0435544956549188,0.7936507936507936,0.0363696483726654,0.9875440917107584,0.0126974366725137,0.0591451513270536,0.0223167421367798,0.1993379592895507,0.079832013818737,0.0849716699796548,0.0082490853470842,0.3,3,0.8796296296296297,0.0681027794877687,0.00793650793650802,0.008957628160715103
south_german_credit,xgb_weighted,,0.05,0.0,clean,0.5345238095238095,0.0148690428533295,0.0833333333333332,0.0288675134594812,0.5371111472617504,0.0211028166179168,0.4886481476622848,0.0258765753698788,0.7164021164021164,0.1260414747088069,0.0833333333333332,0.0288675134594812,0.7194047619047619,0.0311024293442025,0.2562358776728312,0.0075665881040217,1.299061894416809,0.1258183391815711,0.259616861672451,0.0025808296051366,0.0,3,0.5142857142857143,0.2652002076307932,0.020238095238095166,0.008964329957962036
south_german_credit,xgb_weighted,,0.05,0.05,majority_to_minority,0.5424603174603174,0.0079265810934278,0.0944444444444444,0.0254587538608657,0.5400904670000624,0.0816574453741116,0.5004292793471897,0.0188629193758919,0.8523809523809524,0.1500566786341784,0.0944444444444444,0.0254587538608657,0.7057936507936508,0.0894554999435116,0.2519180625677108,0.0067383245852474,1.2265323003133135,0.10581460378014,0.2495681582127386,0.0041183307946358,0.04,3,0.5253968253968254,0.2622112433115641,0.017063492063492003,0.01029318074385327
south_german_credit,xgb_weighted,,0.05,0.05,minority_to_majority,0.5444444444444444,0.0143516994603373,0.1055555555555555,0.0254587538608657,0.5348798838858655,0.0363847012626668,0.5075151637873111,0.0233548023492157,0.725,0.0901387818865997,0.1055555555555555,0.0254587538608657,0.7171428571428571,0.0390497966872452,0.2529018421967824,0.005809055914605,1.2370561758677163,0.0711236159297986,0.2501624653022736,0.0093487370278352,0.0416666666666666,3,0.5305555555555556,0.2572758694489797,0.01388888888888884,0.004374027252197266
south_german_credit,xgb_weighted,,0.05,0.1,majority_to_minority,0.5170634920634921,0.0092469684108976,0.0555555555555555,0.0254587538608657,0.4740940245702755,0.0534925191710594,0.4603127909779498,0.0210808537118124,0.5185185185185185,0.0320750149549792,0.0555555555555555,0.0254587538608657,0.6809523809523809,0.0455358309989167,0.2635054886341095,0.00817466996282,1.2495901584625242,0.064899174426447,0.258051156788133,0.0051771944561982,0.1111111111111111,3,0.5218253968253969,0.267487754424413,-0.004761904761904745,0.00398226579030353
south_german_credit,xgb_weighted,,0.05,0.1,minority_to_majority,0.5384920634920635,0.0247817380888825,0.0888888888888888,0.0346944333244355,0.5433362157171113,0.1109513119370658,0.4950174054651666,0.0373208910307226,0.7619047619047619,0.2973808570665904,0.0888888888888888,0.0346944333244355,0.7144047619047619,0.0675003149400565,0.2561027805010477,0.0158282070725799,1.2897298733393352,0.1439955724865262,0.2570711353917916,0.0139689007050372,0.0833333333333333,3,0.5170634920634921,0.2615711639324823,0.021428571428571352,0.005468383431434631
south_german_credit,xgb_weighted,,0.05,0.2,majority_to_minority,0.5150793650793651,0.0127293769304329,0.0444444444444444,0.0254587538608657,0.4462614871453807,0.0671480785021684,0.4524141409321401,0.0247003371581724,0.5333333333333333,0.1763834207376393,0.0444444444444444,0.0254587538608657,0.6357539682539682,0.0733835956900595,0.2654824455579122,0.0082632473769225,1.280591328938802,0.1071739458635143,0.262874266585956,0.0096311663795483,0.2,3,0.5071428571428571,0.2718861401081084,0.00793650793650802,0.006403694550196237
south_german_credit,xgb_weighted,,0.05,0.2,minority_to_majority,0.5277777777777778,0.0275186324564854,0.0722222222222222,0.0535758375610719,0.5073543656867695,0.0893632757373553,0.476620333345609,0.0485728579821006,0.6317460317460317,0.1881605271458723,0.0722222222222222,0.0535758375610719,0.70265873015873,0.0675574347624713,0.2667872558037439,0.0173027474102394,1.3583942651748655,0.133264892430145,0.2708069687352205,0.0211042787000512,0.2083333333333333,3,0.5226190476190476,0.2711719075838725,0.00515873015873014,0.00438465178012859
south_german_credit,xgb_weighted,,0.05,0.3,majority_to_minority,0.5130952380952382,0.0148690428533295,0.05,0.0,0.4405930821891187,0.0793779778666527,0.454870928646852,0.010180168193314,0.6242424242424242,0.3642419200319205,0.05,0.0,0.6438095238095237,0.0697594668841057,0.2643055518468221,0.0170577241248095,1.17954683303833,0.1358090220843945,0.2537187991663813,0.0196224483970125,0.2941176470588235,3,0.5035714285714286,0.2719072798887887,0.009523809523809601,0.007601728041966627
south_german_credit,xgb_weighted,,0.05,0.3,minority_to_majority,0.5174603174603175,0.0141026632094578,0.0444444444444444,0.0254587538608657,0.5220529220370406,0.0900353877211903,0.4540658642721579,0.0254251176967942,0.6666666666666666,0.3333333333333333,0.0444444444444444,0.0254587538608657,0.7209523809523809,0.0433841604061857,0.2672807276248932,0.0135998087195508,1.3687788248062134,0.0664062738103529,0.2677409143963207,0.0127324953626136,0.2916666666666667,3,0.5083333333333333,0.2717910607655843,0.009126984126984206,0.004510333140691103
south_german_credit,xgb_weighted,,0.1,0.0,clean,0.5817460317460318,0.0416723352153176,0.1944444444444444,0.0838870492807861,0.5592958063090773,0.0763546901450834,0.5698490035183532,0.0615244521486784,0.713924963924964,0.1132819319751251,0.1944444444444444,0.0838870492807861,0.7323015873015873,0.0684655611879656,0.2233212490876515,0.0206243852605567,0.9482751687367758,0.1638169671451766,0.2158151045565803,0.019885952546231,0.0,3,0.5476190476190476,0.2349420636892318,0.03412698412698423,0.011620814601580293
south_german_credit,xgb_weighted,,0.1,0.05,majority_to_minority,0.582936507936508,0.0628739756201218,0.2277777777777777,0.1228519132638665,0.5643993130042254,0.088606568636808,0.5755197558193251,0.0827348362145946,0.5925962914877326,0.1518245453705125,0.2277777777777777,0.1228519132638665,0.7285714285714286,0.0526471859692061,0.2204790363709131,0.0284761042323528,0.9135634501775106,0.1381077189289259,0.2015784698491916,0.0378804060235208,0.0588235294117647,3,0.5706349206349206,0.2267449597517649,0.012301587301587369,0.006265923380851801
south_german_credit,xgb_weighted,,0.1,0.05,minority_to_majority,0.5797619047619048,0.0377964473009227,0.1999999999999999,0.0577350269189625,0.565010925602194,0.0567206879546455,0.5709076128335563,0.0510736089124545,0.6783625730994153,0.1582192895727331,0.1999999999999999,0.0577350269189625,0.7411507936507936,0.0452494242288905,0.2248250544071197,0.01543535012806,0.9785271286964417,0.1072762931338878,0.2110319950835157,0.01920961651305,0.0416666666666666,3,0.5563492063492063,0.2353956848382949,0.02341269841269855,0.010570630431175204
south_german_credit,xgb_weighted,,0.1,0.1,majority_to_minority,0.5575396825396824,0.0232168293274762,0.1555555555555555,0.0254587538608657,0.5109465988926486,0.1075720718971342,0.53803165260173,0.0297792607499095,0.6330532212885154,0.1577916175591923,0.1555555555555555,0.0254587538608657,0.6919841269841269,0.0759662188220289,0.237722635269165,0.0196659575417222,0.9504304925600688,0.1014644058146033,0.224047615683327,0.0139584399967523,0.0943396226415094,3,0.5567460317460317,0.2412979851166407,0.0007936507936507908,0.0035753498474756784
south_german_credit,xgb_weighted,,0.1,0.1,minority_to_majority,0.5781746031746032,0.0244651787965053,0.1944444444444444,0.038490017945975,0.5571036664606525,0.0496752830225616,0.5682400017513163,0.0341141351286153,0.6831427015250545,0.1066171253503541,0.1944444444444444,0.038490017945975,0.731904761904762,0.0304545589153768,0.2314166923364002,0.0138981693715263,1.030815879503886,0.1244681888400132,0.2191342492463688,0.0163757484202989,0.1041666666666665,3,0.5551587301587302,0.2374399503072102,0.023015873015873045,0.00602325797081002
south_german_credit,xgb_weighted,,0.1,0.2,majority_to_minority,0.5948412698412698,0.0209717623201965,0.261111111111111,0.041943524640393,0.5521888408602696,0.074295082675885,0.5959975049805343,0.0274716217623762,0.6078197165153687,0.0393688141359552,0.261111111111111,0.041943524640393,0.7352380952380951,0.0617662140068805,0.2162836591402689,0.0198793030144895,0.8390320936838785,0.1358053518801938,0.1954405815806239,0.0191542175413416,0.2,3,0.5515873015873015,0.2217538009087244,0.04325396825396832,0.005470141768455505
south_german_credit,xgb_weighted,,0.1,0.2,minority_to_majority,0.5698412698412698,0.0096225044864937,0.1611111111111111,0.0192450089729874,0.5608069379639663,0.0223064396368984,0.5514199670267305,0.015132997529776,0.7619047619047619,0.020619652471058,0.1611111111111111,0.0192450089729874,0.7233730158730158,0.016212053782007,0.2334899902343749,0.0070144496509584,1.0659475326538086,0.0310812965804337,0.225972428829409,0.005988921643959,0.2083333333333333,3,0.5293650793650794,0.2451900641123453,0.04047619047619044,0.011700073877970424
south_german_credit,xgb_weighted,,0.1,0.3,majority_to_minority,0.5734126984126985,0.0159866960940346,0.2277777777777777,0.0096225044864937,0.5007650552630943,0.0464366416635413,0.5694419527400706,0.0179783982355637,0.5555555555555555,0.0962250448649376,0.2277777777777777,0.0096225044864937,0.6973809523809523,0.0659527032826917,0.2290332267681757,0.0084207382728995,0.8772298892339071,0.0939356751718429,0.2057277978211641,0.0060779720771855,0.3043478260869565,3,0.5503968253968253,0.23152324060599,0.023015873015873156,0.0024900138378143033
south_german_credit,xgb_weighted,,0.1,0.3,minority_to_majority,0.5432539682539682,0.0162068078227477,0.1222222222222221,0.0192450089729875,0.5349297196526576,0.0259514025980974,0.5134807058531479,0.0215293368425005,0.6013986013986014,0.1334180701282442,0.1222222222222221,0.0192450089729875,0.7293253968253968,0.0372583547170391,0.2507751186688741,0.0094561141442185,1.1350834369659424,0.0551258162635818,0.2460917704179882,0.0134420142805162,0.2916666666666667,3,0.5285714285714286,0.2559586266676584,0.01468253968253963,0.005183507998784309
south_german_credit,xgb_weighted,,0.2,0.0,clean,0.628968253968254,0.0482448952414204,0.3555555555555554,0.0673575314054563,0.5650705435705744,0.0764483905879149,0.6387795762242668,0.0559300641161895,0.6098194833488951,0.1162549947709953,0.3555555555555554,0.0673575314054563,0.7342063492063492,0.0523085719256507,0.2054050713777541,0.0238133066093463,0.7825302084287008,0.1533550206250538,0.1699649231570462,0.0340212762557964,0.0,3,0.6242063492063492,0.2065675656000772,0.004761904761904745,0.0011624942223230905
south_german_credit,xgb_weighted,,0.2,0.05,majority_to_minority,0.6373015873015873,0.053575837561072,0.3888888888888888,0.1071516751221439,0.5562145732488316,0.0931581490193676,0.645223159186667,0.060120924497224,0.5851370851370851,0.0742374808513301,0.3888888888888888,0.1071516751221439,0.730079365079365,0.0727590700540646,0.2070888578891754,0.0320288241369904,0.7411991755167643,0.1246722289318768,0.1609340819809585,0.0293562875379437,0.0495049504950495,3,0.6134920634920635,0.2073875367641448,0.023809523809523725,0.00029867887496939916
south_german_credit,xgb_weighted,,0.2,0.05,minority_to_majority,0.6440476190476191,0.0421065218662557,0.3833333333333333,0.1040832999733066,0.546768488716668,0.0251758664849602,0.6531486660725575,0.0477866051982127,0.63051580202743,0.0185158718721897,0.3833333333333333,0.1040832999733066,0.7321825396825398,0.0407089479467687,0.2026181618372599,0.0125558685191068,0.7784002621968588,0.0957333983579945,0.1661442431093503,0.0182740720576003,0.0520833333333332,3,0.6015873015873016,0.2057190438111622,0.04246031746031753,0.0031008819739023197
south_german_credit,xgb_weighted,,0.2,0.1,majority_to_minority,0.6599206349206349,0.0491471097581664,0.4388888888888889,0.0822147143719374,0.5784281520849059,0.0960850491288381,0.67029177905651,0.0521060845848496,0.609597236265588,0.075001053600032,0.4388888888888889,0.0822147143719374,0.7566269841269841,0.0579291553281854,0.201209748784701,0.0250805513778096,0.7133164405822754,0.1243997733167835,0.1701185840616623,0.0235536899839711,0.102803738317757,3,0.6567460317460317,0.1984178473552067,0.0031746031746031633,-0.0027919014294942868
south_german_credit,xgb_weighted,,0.2,0.1,minority_to_majority,0.611111111111111,0.0310742411911934,0.3055555555555555,0.041943524640393,0.5558971070433354,0.0361832808554337,0.6177623252195136,0.036770148553416,0.6161858974358975,0.102222362357156,0.3055555555555555,0.041943524640393,0.755515873015873,0.0592159100114849,0.2101456075906752,0.0168991504911056,0.7740609049797058,0.1073382710296968,0.1829602662660181,0.0197182081059089,0.1041666666666665,3,0.5746031746031747,0.2146207143863041,0.03650793650793638,0.004475106795628903
south_german_credit,xgb_weighted,,0.2,0.2,majority_to_minority,0.6325396825396825,0.0467530379852107,0.4055555555555556,0.1004618962223618,0.5678624307532445,0.094897753171837,0.6386519012196898,0.0494621989454258,0.5491213151927438,0.054764567511776,0.4055555555555556,0.1004618962223618,0.7344444444444443,0.041332389262132,0.1992212136586507,0.0212751876328545,0.6733761429786682,0.0743822300282458,0.1463479150024552,0.0106494597344801,0.2,3,0.6392857142857142,0.1944080491860707,-0.006746031746031722,-0.004813164472579984
south_german_credit,xgb_weighted,,0.2,0.2,minority_to_majority,0.6031746031746031,0.0285796945714775,0.2777777777777777,0.069388866648871,0.573568267257652,0.0716116293750397,0.6055502330399251,0.0382031040755575,0.6339254615116684,0.0774754483053263,0.2777777777777777,0.069388866648871,0.7492460317460318,0.058225402256026,0.2076871593793232,0.0247497170735217,0.8147748907407125,0.1654321311930232,0.188079402303944,0.0223506447152357,0.1979166666666666,3,0.5876984126984127,0.2180493126312891,0.015476190476190421,0.010362153251965905
south_german_credit,xgb_weighted,,0.2,0.3,majority_to_minority,0.651984126984127,0.0580329160904586,0.4777777777777777,0.1084401183107952,0.5738610362659161,0.0664881108758754,0.655366248923861,0.0573675225683228,0.5367177000472195,0.069824422962013,0.4777777777777777,0.1084401183107952,0.7355555555555555,0.0681169143543952,0.199542020757993,0.0239478837915385,0.6412640810012817,0.0920271385216496,0.1482760176435113,0.017452975333746,0.2992700729927007,3,0.6285714285714286,0.1938676585753758,0.02341269841269844,-0.0056743621826171875
south_german_credit,xgb_weighted,,0.2,0.3,minority_to_majority,0.5928571428571429,0.0495301049112254,0.2333333333333332,0.0763762615825973,0.5634179303835489,0.0929249815451213,0.5904979415664554,0.0654450401038671,0.6696665907192223,0.1742641749131986,0.2333333333333332,0.0763762615825973,0.7342460317460318,0.0635803825214364,0.2225242306788762,0.0306705785790506,0.9003309806187948,0.141700233545433,0.2068150228913873,0.0263027269666242,0.3020833333333333,3,0.5650793650793651,0.2282805740833282,0.02777777777777779,0.005756343404451997
south_german_credit,xgb_weighted,,0.5,0.0,clean,0.6904761904761906,0.0460608145765549,0.6626984126984127,0.0753801151073034,0.6224950737395379,0.1045748891699075,0.6700639859126075,0.0425156766109278,0.5003997887018402,0.0489917828929642,0.6666666666666666,0.0763762615825972,0.7682936507936509,0.0686632707259682,0.2152309268712997,0.0377583867121633,0.6933249036471049,0.1358141249889149,0.1729501614967981,0.0312682815917563,0.0,3,0.6904761904761906,0.2152309268712997,0.0,-0.0
south_german_credit,xgb_weighted,,0.5,0.05,majority_to_minority,0.6896825396825396,0.0221548013527108,0.6555555555555556,0.0381200316143581,0.6203579321237493,0.08674857162381,0.6638665473498694,0.0163278039590488,0.4883722347424706,0.0166626025467562,0.6888888888888888,0.063098981620003,0.7559523809523809,0.0564023195917401,0.2258917192618051,0.0244857421226615,0.7059284448623657,0.0831138442390708,0.1916024542413651,0.0252205308464289,0.0513833992094861,3,0.6813492063492063,0.2288570702075957,0.008333333333333304,0.0029653509457905902
south_german_credit,xgb_weighted,,0.5,0.05,minority_to_majority,0.6789682539682539,0.0464336586549526,0.6222222222222222,0.1071516751221439,0.6196094007184213,0.0810732123321613,0.6643817001996796,0.0383272649666931,0.501190910829465,0.0384406162545888,0.6222222222222222,0.1071516751221439,0.7600396825396825,0.0566784618243073,0.2105537752310434,0.0230109237405079,0.6722159584363302,0.0953596381920231,0.1726494060084223,0.0227638058302118,0.05,3,0.6849206349206348,0.2063982834418614,-0.005952380952380931,-0.004155491789182009
south_german_credit,xgb_weighted,,0.5,0.1,majority_to_minority,0.6666666666666666,0.0785263218287642,0.6055555555555556,0.0821112200404924,0.5832581196719432,0.1083535702337477,0.6360163048893742,0.0634864128722831,0.4524124265602482,0.0643228534469889,0.6833333333333332,0.1481365736219264,0.7489682539682541,0.0942163445306575,0.2355130563179651,0.0392524539726875,0.7379948496818542,0.1415464128238966,0.2004410820826888,0.0299310173767628,0.1011235955056179,3,0.6722222222222222,0.2472244997819264,-0.005555555555555536,0.011711443463961302
south_german_credit,xgb_weighted,,0.5,0.1,minority_to_majority,0.6873015873015872,0.0388747139699237,0.638888888888889,0.07698003589195,0.5837017064388085,0.0551273183160218,0.6719466077966515,0.0344906522122431,0.5087636090779097,0.0400019859306392,0.638888888888889,0.07698003589195,0.749404761904762,0.0594375565551924,0.2128214637438455,0.0305717492475954,0.671610951423645,0.0993318010084915,0.1714765567829211,0.0419566260566782,0.1,3,0.6861111111111112,0.207846239209175,0.0011904761904759642,-0.004975224534670503
south_german_credit,xgb_weighted,,0.5,0.2,majority_to_minority,0.6603174603174603,0.0607531777083543,0.5706349206349207,0.0109971479845643,0.5777890898124505,0.0466533656535202,0.6127184478893691,0.0386862053730715,0.4267798333165305,0.03727676022282,0.7444444444444445,0.1417483424685897,0.7312698412698412,0.0656308059016155,0.2774362166722615,0.0105500088625428,0.8572052915891012,0.0107066700376606,0.2631843799166381,0.0048336189272722,0.2,3,0.642063492063492,0.2991588314374288,0.0182539682539683,0.021722614765167292
south_german_credit,xgb_weighted,,0.5,0.2,minority_to_majority,0.6857142857142856,0.0976190476190476,0.5666666666666667,0.169148192751537,0.565258840669082,0.1236905375998201,0.6823387489638212,0.0936449588179169,0.5478648190045249,0.1158907830674431,0.5666666666666667,0.169148192751537,0.7497222222222222,0.0608473487411606,0.2012905478477478,0.0376535219562584,0.6469087799390157,0.1240841692370416,0.1567085316590964,0.0360894109644808,0.2,3,0.6785714285714285,0.1992362240950266,0.0071428571428571175,-0.0020543237527212155
south_german_credit,xgb_weighted,,0.5,0.3,majority_to_minority,0.6142857142857143,0.0455969476242989,0.3952380952380951,0.0148690428533295,0.5106832011815482,0.1245772334388322,0.5262639126734253,0.0336627146529203,0.3709491508761581,0.0272745849935271,0.8333333333333334,0.0763762615825973,0.6895238095238095,0.069390364430063,0.3363540569941203,0.028938924363594,1.0574905077616374,0.1331291609749689,0.3461697440718611,0.0193162541752295,0.3002915451895043,3,0.6027777777777777,0.3948530654112498,0.011507936507936578,0.05849900841712952
south_german_credit,xgb_weighted,,0.5,0.3,minority_to_majority,0.648015873015873,0.0501179636424647,0.4722222222222222,0.1071516751221439,0.5217115276613917,0.0693760154905323,0.6508976764573757,0.0507714648282477,0.5343915343915344,0.0665595006635404,0.4722222222222222,0.1071516751221439,0.7096031746031746,0.045464710177281,0.2086273829142252,0.023310263482006,0.6859943270683289,0.0833412398409259,0.1484265196571747,0.0365334603660939,0.3,3,0.6424603174603175,0.2041078358888626,0.005555555555555536,-0.004519547025362586
spambase,xgb_weighted,,0.05,0.0,clean,0.8584204705905586,0.017193686428693,0.7281910009182736,0.0348823138902159,0.9667377927905744,0.007211576027935,0.8735790916507437,0.0163064480266857,0.9767204579157672,0.0111882734983914,0.7281910009182736,0.0348823138902159,0.971301480099134,0.0071535934015617,0.0936361625790595,0.0120401456130871,0.4345135490099589,0.1027734993017308,0.1047576431854426,0.0173228260319978,0.0,3,0.8069304975463334,0.1229281251629193,0.0514899730442252,0.0292919625838598
spambase,xgb_weighted,,0.05,0.05,majority_to_minority,0.8572973133090436,0.0096051544319516,0.721763085399449,0.018064568937471,0.9689194610355016,0.0040025524107701,0.8732213618752693,0.0092829793177875,0.9849283843091892,0.0039888817902386,0.721763085399449,0.018064568937471,0.9741056705866092,0.0052227361579088,0.0894972011446952,0.0025865994826989,0.3623128434022267,0.0277375783972784,0.1030780634082046,0.0009696933752409,0.048780487804878,3,0.8136348825498385,0.1190369501709937,0.04366243075920506,0.029539749026298495
spambase,xgb_weighted,,0.05,0.05,minority_to_majority,0.8407683876892088,0.0094413544740467,0.6887052341597796,0.0207984419704428,0.9637598223956978,0.0043760565822139,0.8573821368603163,0.008920099629086,0.984370089266294,0.00739574340713,0.6887052341597796,0.0207984419704428,0.9685038722184371,0.0048378641690891,0.1056295757492382,0.0041290664755624,0.4712916811307271,0.0382694742720474,0.1194417584273549,0.0078475400217818,0.0512820512820511,3,0.7885428083375298,0.1370718280474344,0.05222557935167904,0.031442252298196194
spambase,xgb_weighted,,0.05,0.1,majority_to_minority,0.8708393811033107,0.0176635951422178,0.7548209366391184,0.0324788598417399,0.9647763699116552,0.0092522160141183,0.8849381415824636,0.0167940774024704,0.9738197551380282,0.0092369246739567,0.7548209366391184,0.0324788598417399,0.9713969278974168,0.0075571646071416,0.0823146974047024,0.009950607272903,0.3236635227998097,0.0391397173995525,0.088654219868943,0.0072628903748832,0.1,3,0.8236198742063845,0.1131062408288319,0.04721950689692622,0.0307915434241295
spambase,xgb_weighted,,0.05,0.1,minority_to_majority,0.8325039248792914,0.0108112925151761,0.6721763085399449,0.0180645689374711,0.9647483333960328,0.004169351800668,0.8493555578604708,0.0110189469463529,0.9837701219139492,0.0083425695931388,0.6721763085399449,0.0180645689374711,0.9713278105262464,0.0019777440421644,0.1080440059304237,0.007428517635791,0.4766958852608998,0.0439294325771087,0.1262159782316544,0.0066161032042156,0.1025641025641024,3,0.7753660752194477,0.1442643702030181,0.0571378496598437,0.03622036427259441
spambase,xgb_weighted,,0.05,0.2,majority_to_minority,0.8529774776109087,0.023751793909775,0.7226813590449953,0.0454615015408138,0.9528086985598136,0.0078800635060941,0.8675852256208135,0.0227489447725424,0.9654782458131536,0.0096831779899677,0.7226813590449953,0.0454615015408138,0.961774802439514,0.0071758337860664,0.0937918523947397,0.0160209322311371,0.3524938027064005,0.0714224178400409,0.0954586305479251,0.0195172439375009,0.1986301369863013,3,0.8090657306199828,0.1235942145188648,0.043911746990925926,0.029802362124125112
spambase,xgb_weighted,,0.05,0.2,minority_to_majority,0.8142766867107043,0.017651022780783,0.6345270890725436,0.0380058807834249,0.9625533157580024,0.0049359318556363,0.8312414366152604,0.0173498897838671,0.9859709258430164,0.0055075752483894,0.6345270890725436,0.0380058807834249,0.96917365245811,0.0071980466506379,0.1239585652947425,0.0104980923539487,0.5555111964543661,0.0581295921874918,0.1458342181482607,0.0114468214874028,0.1965811965811964,3,0.7419873218993454,0.166229541103045,0.07228936481135895,0.0422709758083025
spambase,xgb_weighted,,0.05,0.3,majority_to_minority,0.8649150350030115,0.0143062078464312,0.7465564738292011,0.0344077024705145,0.9480144265407656,0.0029488427618395,0.8788535504402019,0.0125389917879184,0.967092827955724,0.0107537744780593,0.7465564738292011,0.0344077024705145,0.9547478697038816,0.0038155381210348,0.0868628695607185,0.0039922240392531,0.3121035794417063,0.0136176301885025,0.0828221042748705,0.0100353591092492,0.2994011976047904,3,0.8082856917167768,0.1169146299362181,0.0566293432862347,0.0300517603754996
spambase,xgb_weighted,,0.05,0.3,minority_to_majority,0.7571832696466126,0.002578313862068,0.519742883379247,0.0069328139901476,0.9550190531334856,0.0088532621201213,0.7712586691071847,0.0027942111166944,0.9844079605382796,0.0049373438347102,0.519742883379247,0.0069328139901476,0.9655729665504836,0.0084108334012936,0.1565662225087483,0.0012218627948403,0.6747404535611471,0.0669772956556037,0.1860805774457116,0.0014010132852274,0.2991452991452991,3,0.6734154842659241,0.203638990720113,0.08376778538068852,0.04707276821136469
spambase,xgb_weighted,,0.1,0.0,clean,0.9161556918155158,0.0082641144287279,0.8466483011937558,0.0141366430838757,0.9780885232026296,0.0034570084694496,0.9257048913563098,0.0078829934947714,0.9746562880227244,0.0094843686252998,0.8466483011937558,0.0141366430838757,0.9813991988967552,0.0043483234436046,0.0572668425738811,0.0026837578372863,0.2454737573862075,0.0279210503858395,0.0584218235645298,0.0041128028559126,0.0,3,0.8860624821035378,0.0722319483757018,0.03009320971197804,0.014965105801820693
spambase,xgb_weighted,,0.1,0.05,majority_to_minority,0.9129861666518558,0.0012486885813179,0.8438934802571166,0.005734617078419,0.9745287147768096,0.0028190764914734,0.9222610063544716,0.0007273982807982,0.9684377443446844,0.005929504427356,0.8438934802571166,0.005734617078419,0.978720077938064,0.0030622429823891,0.0572016189495722,0.000212943777552,0.2245260576407114,0.0074241319219385,0.0536232020524257,0.0032788158295098,0.048582995951417,3,0.8858304452146095,0.0713647057612736,0.027155721437246316,0.014163086811701399
spambase,xgb_weighted,,0.1,0.05,minority_to_majority,0.8910636176032071,0.0044940747160472,0.7970615243342517,0.0096746131798464,0.9749747008416184,0.0043528451288965,0.9032300213795468,0.0043286178372348,0.9721001707254416,0.0098512443510761,0.7970615243342517,0.0096746131798464,0.9798012711013688,0.0031722167888452,0.069383218884468,0.0029492904967329,0.2724618216355641,0.0288746544939169,0.0714816400053877,0.0004637177699167,0.051063829787234,3,0.8634043267474353,0.0877968991796175,0.02765929085577179,0.018413680295149504
spambase,xgb_weighted,,0.1,0.1,majority_to_minority,0.9112162682543916,0.0040532010366994,0.8457300275482093,0.0143144694840402,0.9702074128184388,0.0014296833945557,0.9197068642501912,0.0024452968543134,0.9595533498759308,0.0098851534923285,0.8457300275482093,0.0143144694840402,0.9743870770263732,0.0005683076511579,0.0591271445155143,0.0003315270592963,0.2235578348239263,0.00582659831406,0.0489541978183951,0.006717997967228,0.0996168582375478,3,0.8882865803686918,0.0692804530262946,0.022929687885699823,0.0101533085107803
spambase,xgb_weighted,,0.1,0.1,minority_to_majority,0.8921201259910937,0.003744472142227,0.797979797979798,0.007952483046689,0.9749939774536612,0.0004704014865361,0.9043883942890732,0.0033120123825046,0.97422202877465,0.0017887636134047,0.797979797979798,0.007952483046689,0.9806570099825233,0.0013751613442647,0.0720292876164118,0.002965535204443,0.2730294068654377,0.0169968304471171,0.0795519452768239,0.0027242920427241,0.102127659574468,3,0.8467593826831363,0.0945148716370264,0.04536074330795736,0.02248558402061461
spambase,xgb_weighted,,0.1,0.2,majority_to_minority,0.9154595811487308,0.0077569494203603,0.8631772268135904,0.0183425017037999,0.967983211580519,0.0042983964130153,0.9217689036874824,0.0062635510970189,0.9457411158153928,0.004833924158916,0.8631772268135904,0.0183425017037999,0.9728401644335172,0.0051363467916363,0.0573419407010078,0.0018428882986444,0.2030705014864603,0.0101111730941962,0.0351136804956415,0.0017110479261746,0.2006802721088435,3,0.8800443338566506,0.072336047887802,0.03541524729208023,0.014994107186794198
spambase,xgb_weighted,,0.1,0.2,minority_to_majority,0.8525899266368474,0.0126381346927514,0.7153351698806244,0.0261828786581878,0.9694322408243368,0.0047298541441378,0.8682848633321706,0.0118874784775305,0.9786725280223731,0.0015343013726721,0.7153351698806244,0.0261828786581878,0.9761874199801864,0.0057256682898427,0.0958458135525385,0.0064509381813612,0.3760258853435516,0.0360898991669415,0.1116115633983783,0.0072806477886406,0.2,3,0.811062728951292,0.122266096373399,0.04152719768555546,0.026420282820860494
spambase,xgb_weighted,,0.1,0.3,majority_to_minority,0.9199127146341224,0.0073747004920732,0.8732782369146005,0.0110192837465564,0.9648060994009168,0.0049783142438284,0.9254364949505997,0.0071185852357663,0.9443716713746388,0.0070676064950594,0.8732782369146005,0.0110192837465564,0.9692526437394472,0.0060804750187257,0.0589587402840455,0.0033087395490625,0.206167588631312,0.0144644765648123,0.0272063646907774,0.0013024150344553,0.3005952380952381,3,0.883258291616063,0.070511574546496,0.036654423018059434,0.011552834262450497
spambase,xgb_weighted,,0.1,0.3,minority_to_majority,0.8199689959220752,0.0124233108946689,0.6483011937557391,0.0249966163247312,0.963138128284954,0.0071224471512275,0.8367916466067727,0.012452483948285,0.9806108561932246,0.0082743228351081,0.6483011937557391,0.0249966163247312,0.9729734622207742,0.0067309681078466,0.1145234182476997,0.0056493028708081,0.452143390973409,0.014558808087332,0.1392509808992731,0.0112316273916079,0.2978723404255319,3,0.743386948665541,0.1554242322842279,0.07658204725653417,0.04090081403652819
spambase,xgb_weighted,,0.2,0.0,clean,0.942852276429989,0.0064956113903718,0.9054178145087236,0.013018775829897,0.983469045287075,0.0028876218810853,0.947839737965548,0.0058559908019792,0.9676787331766294,0.0085242605341406,0.9054178145087236,0.013018775829897,0.9858424584719794,0.0019642154216197,0.0385669072469075,0.0039639685103525,0.1519707938035328,0.0176085515000391,0.0271238930815971,0.003947496549876,0.0,3,0.9296533270140308,0.0446895733475685,0.013198949415958228,0.006122666100660999
spambase,xgb_weighted,,0.2,0.05,majority_to_minority,0.930611096300246,0.0051469035366315,0.8934802571166207,0.0042080584893993,0.980353278488924,0.0003746888815259,0.9349180373083308,0.0067575326631629,0.9477177280419136,0.0191995803095948,0.8934802571166207,0.0042080584893993,0.9842708611037058,0.0006891076819075,0.0434040365119774,0.0012663871103309,0.1545345733563104,0.0004726748560917,0.0248414717198032,0.003597748667304,0.0506072874493927,3,0.9281821143991232,0.0481291090448696,0.0024289819011227287,0.004725072532892199
spambase,xgb_weighted,,0.2,0.05,minority_to_majority,0.9228551398639376,0.0013125872555558,0.8696051423324151,0.0015904966093378,0.9789695834009092,0.0036513333121748,0.929788891681327,0.0013363649105897,0.9594731509625128,0.00175486404009,0.8696051423324151,0.0015904966093378,0.9835352547962518,0.0022621438501424,0.0499864344795544,0.0033229591289872,0.1873698433240254,0.0131955639771556,0.0414715238780772,0.0031615502656375,0.0490405117270788,3,0.906076898012382,0.059113332380851,0.01677824185155563,0.009126897901296602
spambase,xgb_weighted,,0.2,0.1,majority_to_minority,0.9416525963446783,0.0056617474659978,0.9173553719008266,0.0047714898280134,0.978251297272304,0.0043155137005486,0.9440006856760452,0.0062872632239033,0.9460974130631422,0.0119463871025306,0.9173553719008266,0.0047714898280134,0.9824919116219216,0.0038526421376386,0.0431079305708408,0.0040813786556265,0.1556448390086491,0.0158840120058069,0.0160141237204138,0.0064331055741757,0.0998080614203454,3,0.9313960721585356,0.0451469632486501,0.010256524186142757,0.002039032677809298
spambase,xgb_weighted,,0.2,0.1,minority_to_majority,0.9073382900362372,0.0107907860286529,0.8337924701561065,0.0234294780939817,0.9758002384426042,0.0015697686706606,0.917014171938551,0.0093159396947802,0.9660327873390216,0.0059267697678496,0.8337924701561065,0.0234294780939817,0.9812379250306914,0.0008220042568898,0.0579696471492449,0.0052854320130475,0.2157474309206008,0.016611098268712,0.0556599000523455,0.0082500870243886,0.1002132196162046,3,0.8864722493754752,0.0692839622497558,0.02086604066076203,0.011314315100510904
spambase,xgb_weighted,,0.2,0.2,majority_to_minority,0.925345833703605,0.0058730963681233,0.9026629935720843,0.0042080584893993,0.9707308592814043,0.0034117662070572,0.9266484633022004,0.0064729294612814,0.918755510414242,0.0114941181581876,0.9026629935720843,0.0042080584893993,0.9762137504072989,0.002000149333063,0.0542881575723488,0.0030219331889881,0.1876405427853265,0.0091295517089852,0.0263081706879667,0.0010499295822385,0.1996587030716723,3,0.9165383058344936,0.0534686284760633,0.008807527869111431,-0.0008195290962854998
spambase,xgb_weighted,,0.2,0.2,minority_to_majority,0.8783682376057742,0.009189137335879,0.7722681359044996,0.0151723706536807,0.9719800540731776,0.002152797529623,0.8915680883012321,0.0089954027798296,0.9699870755547424,0.0087478036361358,0.7722681359044996,0.0151723706536807,0.9790475626252751,0.0021710649403804,0.0729827657341956,0.0040345098236307,0.2587250272432963,0.0092374356021388,0.0806806523208258,0.0026003439076759,0.2004264392324093,3,0.8441872290845898,0.0938664848605791,0.03418100852118444,0.020883719126383496
spambase,xgb_weighted,,0.2,0.3,majority_to_minority,0.92313407782616,0.0054824230457819,0.9173553719008264,0.0082644628099172,0.9680237467881788,0.0020106093897317,0.9211628011150832,0.0051559593280352,0.8935483288823188,0.0045057633626651,0.9173553719008264,0.0082644628099172,0.9718215060346048,0.0015640592650445,0.0619215369224547,0.0014518415638276,0.2169102480014164,0.0017522850034963,0.0554610076190184,0.0061055886072282,0.3,3,0.9215172250362864,0.0549621048072973,0.0016168527898735574,-0.006959432115157399
spambase,xgb_weighted,,0.2,0.3,minority_to_majority,0.8424173306871254,0.0038053356759599,0.7015610651974288,0.0063619864373512,0.965667520536176,0.0051502710100562,0.8577412153241176,0.003844568850958,0.9646450152677554,0.004384522602946,0.7015610651974288,0.0063619864373512,0.9760788069683476,0.0030898450503757,0.0951831663648286,0.0010495373324619,0.3261271019776662,0.0034407972925954,0.1121083793280577,0.0071664207342058,0.3006396588486141,3,0.8044743623922509,0.1214166432619094,0.037942968294874535,0.026233476897080804
spambase,xgb_weighted,,0.5,0.0,clean,0.9546417251695845,0.0031425134619981,0.9540863177226812,0.0031809932186754,0.9837254817888512,0.0041249795668829,0.9528218520036592,0.0032556494335124,0.9326797669767846,0.0045556505459488,0.9540863177226812,0.0031809932186754,0.9879192709104732,0.0024874464943333,0.0361313136915365,0.0030157742800497,0.1377040271957714,0.0164871975492616,0.0204408013626226,0.0038994318108124,0.0,3,0.9542048046446872,0.0365540459752082,0.0004369205248972996,0.0004227322836716993
spambase,xgb_weighted,,0.5,0.05,majority_to_minority,0.9436841533615729,0.0039848545108415,0.937873357228196,0.0057608427485023,0.9795936790426032,0.0018648155483571,0.9402028189134856,0.0038935254722432,0.9086646261375364,0.0075362876283509,0.9494949494949496,0.007952483046689,0.9842856719689564,0.0025015361899652,0.0446026300390561,0.0022874066512222,0.1629705478747685,0.0077330739273765,0.0380425180126166,0.0022290933493824,0.0501618122977346,3,0.9431534306900876,0.0455720958610375,0.0005307226714852398,0.0009694658219813954
spambase,xgb_weighted,,0.5,0.05,minority_to_majority,0.9368958401216466,0.0032450191156658,0.9191919191919192,0.0084161169787986,0.9777296626499932,0.0022880862308494,0.937733668772711,0.0024752810924316,0.9294575219889166,0.0034853474663052,0.9191919191919192,0.0084161169787986,0.9841507285300052,0.0007532915581708,0.0436578132212161,0.0019859620240313,0.1548839360475539,0.0060598916514741,0.0184235842915341,0.0035991554781077,0.0502555366269165,3,0.935955350178224,0.0448571989933649,0.0009404899434226621,0.0011993857721488005
spambase,xgb_weighted,,0.5,0.1,majority_to_minority,0.9427831590588188,0.0014713596393611,0.9241338112305852,0.0010346779017734,0.981306888161856,0.0030546103035251,0.9367634902704488,0.0013111447743951,0.8918236525379383,0.0013426269603818,0.9614325068870524,0.0027548209366391,0.9847497457468132,0.0031476989578636,0.0494876466691493,0.0037227942763736,0.1798502653837203,0.0141994635669193,0.0631888857555592,0.005616208634972,0.0996932515337423,3,0.9368316597055598,0.0520372539758681,0.005951499353259004,0.0025496073067187985
spambase,xgb_weighted,,0.5,0.1,minority_to_majority,0.9279229242572352,0.0075257305991068,0.8934802571166207,0.0104295837388434,0.9746568378216012,0.0051052286250312,0.9315640409510488,0.0074079386151213,0.9391873830526596,0.0087303347178639,0.8934802571166207,0.0104295837388434,0.9826943267803482,0.0019327427770468,0.0461508880058923,0.0022593888151857,0.1622633884350458,0.0081609217999636,0.0232921707852757,0.0033327573591758,0.0996592844974446,3,0.927441571136586,0.0471364272137482,0.0004813531206492305,0.0009855392078558997
spambase,xgb_weighted,,0.5,0.2,majority_to_minority,0.9078147062018028,0.0072373484125319,0.8560334528076464,0.015241757254687,0.97113244419217,0.0047801937472179,0.8947849405095308,0.0087779392731742,0.8128146461827669,0.0157931674567269,0.9595959595959596,0.0031809932186757,0.977031639299479,0.0034068650858787,0.0810033579667409,0.0030766056582666,0.2792297303676605,0.0075598512152151,0.1277713177053556,0.0048883243200373,0.2002724795640326,3,0.8924607758918609,0.0972335711121559,0.015353930309941921,0.016230213145415007
spambase,xgb_weighted,,0.5,0.2,minority_to_majority,0.9099499392754524,0.0161171598156535,0.852157943067034,0.0303447413073614,0.9631121260371712,0.0155804743232644,0.9169172329706504,0.0144353119261728,0.9449270681915876,0.0062558860874056,0.852157943067034,0.0303447413073614,0.9783399323966284,0.006013228180652,0.0570477644602457,0.0091882283934348,0.1979051580031712,0.0282993412305931,0.0463448073866652,0.005747196998583,0.2001703577512776,3,0.9023766501772368,0.0620678501824537,0.007573289098215641,0.005020085722207995
spambase,xgb_weighted,,0.5,0.3,majority_to_minority,0.8483268659221738,0.0230237059932855,0.7287933094384708,0.0389484428021577,0.964057745192647,0.0078824006882596,0.8223637505713185,0.0260257794135898,0.6997302829177648,0.0311451591955833,0.967860422405877,0.008855510340673,0.9696591197079956,0.0074455704571929,0.1265492911140123,0.00762748563783,0.3967615763346354,0.0178201528233428,0.1996007960814196,0.0047965593927496,0.2999403697078115,3,0.7579312183417755,0.1841825544834136,0.09039564758039831,0.057633263369401305
spambase,xgb_weighted,,0.5,0.3,minority_to_majority,0.865690136951134,0.0031426123502175,0.761248852157943,0.0111334762653647,0.9538910559236506,0.0094996581965661,0.8776687508544708,0.0029244489719072,0.9433620967382148,0.013875217760593,0.761248852157943,0.0111334762653647,0.9731034687046416,0.0041375218262137,0.0786454156041144,0.0019327154811757,0.2567447225252787,0.0109196235813432,0.0859459496247829,0.0014680265551348,0.2998296422487223,3,0.8409461180722179,0.0901715507109959,0.024744018878916085,0.01152613510688151
banknote_authentication,xgb_ros,,0.05,0.0,clean,0.9289617486338798,0.0047323792556526,0.8579234972677595,0.0094647585113053,0.9966077478785972,0.001773577439412,0.9349553289833964,0.0044273221078074,1.0,0.0,0.8579234972677595,0.0094647585113053,0.9971070395371264,0.0016495022306162,0.0513284703095753,0.0055290883846467,0.1828332195679346,0.0215601812880552,0.0686138116681214,0.0108871302530529,0.0,3,0.9139344262295084,0.0644426668683687,0.015027322404371435,0.013114196558793409
banknote_authentication,xgb_ros,,0.05,0.05,majority_to_minority,0.955194828386728,0.0244515847682948,0.912568306010929,0.0451440208793943,0.9971556578661954,0.0023361212489812,0.95897931935642,0.0229421956900293,0.9968553459119498,0.0054467006527322,0.912568306010929,0.0451440208793943,0.9971963284403016,0.0027234725548577,0.0304128297915061,0.0121028762561205,0.1105474655826886,0.0334395039833996,0.0456512061777439,0.0137487575684446,0.0588235294117647,3,0.9289617486338798,0.0538105455537636,0.026233079752848165,0.0233977157622575
banknote_authentication,xgb_ros,,0.05,0.05,minority_to_majority,0.907103825136612,0.0307604651617423,0.814207650273224,0.0615209303234847,0.9917906870473114,0.0075471811985902,0.9140525002796656,0.0293242863006721,1.0,0.0,0.814207650273224,0.0615209303234847,0.99217829208186,0.0078156510515065,0.0635892165203889,0.0275011032348413,0.2559699167807897,0.1250481970087362,0.0832636039732305,0.0239696997682156,0.0625,3,0.8852459016393442,0.0816599701841672,0.021857923497267784,0.01807075366377829
banknote_authentication,xgb_ros,,0.05,0.1,majority_to_minority,0.9459087824565164,0.0149505703158671,0.8961748633879781,0.026348772571019,0.9975994515741808,0.0026272168908937,0.950269926844872,0.0142218484588664,0.993939393939394,0.0104972776216295,0.8961748633879781,0.026348772571019,0.9980177863495124,0.0021748401510965,0.0356296182920534,0.0056411149284625,0.1173230086763699,0.0138416950632508,0.0498547209923465,0.0074144192247557,0.1111111111111111,3,0.9330601092896176,0.050721718619267,0.01284867316689886,0.0150921003272136
banknote_authentication,xgb_ros,,0.05,0.1,minority_to_majority,0.9057377049180328,0.0354928444173949,0.8114754098360656,0.07098568883479,0.9944491947663936,0.0067083148948854,0.9126422694136488,0.0342200307393063,1.0,0.0,0.8114754098360656,0.07098568883479,0.995142683667274,0.0059621457459729,0.0683182391027609,0.0269013071303396,0.2584434549013772,0.1409504709161567,0.0913217641255168,0.0259039529473891,0.09375,3,0.8551912568306012,0.0952605406443277,0.050546448087431695,0.026942301541566793
banknote_authentication,xgb_ros,,0.05,0.2,majority_to_minority,0.9508196721311476,0.0108432430781336,0.9016393442622952,0.0216864861562671,0.9980210938239245,0.0009463955528126,0.9552469544160864,0.0099839975565986,1.0,0.0,0.9016393442622952,0.0216864861562671,0.9983749419622128,0.0008024087266924,0.0358064801742632,0.0078451526651225,0.1252075632413228,0.0245136765756073,0.0520467677277823,0.0122564708133657,0.2,3,0.9234972677595628,0.0521506170431772,0.02732240437158484,0.016344136868914
banknote_authentication,xgb_ros,,0.05,0.2,minority_to_majority,0.860655737704918,0.014197137766958,0.7213114754098361,0.028394275533916,0.9980858389662396,0.0005021261311793,0.8689721599040982,0.0142354898140456,1.0,0.0,0.7213114754098361,0.028394275533916,0.9984463730847528,0.0004044698615275,0.0995274608333905,0.0115610136693228,0.3529683252175649,0.0527836845212797,0.1256668577473045,0.0089751105411033,0.1875,3,0.814207650273224,0.131551407277584,0.04644808743169404,0.0320239464441935
banknote_authentication,xgb_ros,,0.05,0.3,majority_to_minority,0.9344440872888318,0.0257738632662017,0.8797814207650273,0.0575718784308892,0.9926559037899124,0.0055425167285465,0.9388621178464864,0.0234497512190156,0.985094557444453,0.0093043846347016,0.8797814207650273,0.0575718784308892,0.9939283545840922,0.0047078542649837,0.0434749846657116,0.0221760380377761,0.1437698851029078,0.0753489859077032,0.0527825969615668,0.0208411981973506,0.3043478260869565,3,0.9169434622665096,0.0568986100455124,0.01750062502232219,0.013423625379800803
banknote_authentication,xgb_ros,,0.05,0.3,minority_to_majority,0.7827868852459017,0.0357286798650875,0.5655737704918032,0.071457359730175,0.9814701758609438,0.0092698014196369,0.7866947696534207,0.0401597864528618,1.0,0.0,0.5655737704918032,0.071457359730175,0.9813029036751312,0.010613337410261,0.1522530963023503,0.0219333580831447,0.6162123878796896,0.1370207578195878,0.1845092413879253,0.0236869589510176,0.3125,3,0.75,0.177698791027069,0.032786885245901676,0.02544569472471872
banknote_authentication,xgb_ros,,0.1,0.0,clean,0.9781420765027322,0.0023661896278265,0.9562841530054644,0.0047323792556525,0.9997612178246982,0.0002435938720597,0.9802606336192508,0.0021486612060686,1.0,0.0,0.9562841530054644,0.0047323792556525,0.9998035644130148,0.0002028253989713,0.0160983474925159,0.0015935243128751,0.0563093163073062,0.0063702599882749,0.0277895123618795,0.0011930371177187,0.0,3,0.9549180327868853,0.02920929590861,0.023224043715846965,0.013110948416094101
banknote_authentication,xgb_ros,,0.1,0.05,majority_to_minority,0.9767759562841528,0.0094647585113053,0.953551912568306,0.0189295170226105,0.9997361098571326,0.0003031086470649,0.9790071608155402,0.0085861256081991,1.0,0.0,0.953551912568306,0.0189295170226105,0.9997857066323798,0.0002455038945117,0.0139340970975657,0.0054454798946584,0.0470292766888936,0.0135658607834761,0.0225516277692759,0.0058121889538366,0.044776119402985,3,0.9603825136612022,0.0255462465186913,0.016393442622950616,0.0116121494211256
banknote_authentication,xgb_ros,,0.1,0.05,minority_to_majority,0.9617486338797816,0.0170628360611976,0.9234972677595628,0.0341256721223956,0.9998014811326972,0.0001752270902549,0.9652605949045184,0.0156677953152757,1.0,0.0,0.9234972677595628,0.0341256721223956,0.9998392799742848,0.0001417417395834,0.0247514278938372,0.0081183557934662,0.0797094578544298,0.0241043847447566,0.0403642671662523,0.0097502727475705,0.046875,3,0.9453551912568308,0.0380246303975581,0.016393442622950838,0.0132732025037209
banknote_authentication,xgb_ros,,0.1,0.1,majority_to_minority,0.9896246294510518,0.0026387703505965,0.983606557377049,0.0081967213114754,0.9997318899181944,0.0002339917080373,0.9901654657248192,0.002137546167048,0.9945129386262024,0.0047520552519429,0.983606557377049,0.0081967213114754,0.9997857066323798,0.0001855835002215,0.0077451467514037,0.0008615209685715,0.0325730902453263,0.0022813893993576,0.0233058301647278,0.0039174034779285,0.0985915492957745,3,0.9740437158469948,0.0187920170525709,0.015580913604057,0.011046870301167199
banknote_authentication,xgb_ros,,0.1,0.1,minority_to_majority,0.9398907103825136,0.0023661896278264,0.8797814207650273,0.0047323792556526,0.9986639709285956,0.001461387781989,0.9451530206741912,0.0021972768114183,1.0,0.0,0.8797814207650273,0.0047323792556526,0.9988035286974536,0.0013683069219965,0.0420922972261905,0.0059839163377173,0.1482329194744427,0.0375879246349168,0.0637631791815951,0.0042076440095864,0.09375,3,0.9098360655737706,0.063248861581087,0.03005464480874298,0.021156564354896504
banknote_authentication,xgb_ros,,0.1,0.2,majority_to_minority,0.9800975034822672,0.0192558159836684,0.9738562091503268,0.0261437908496732,0.996749690091479,0.0038051494068045,0.979191892777775,0.020209656177647,0.968249936499873,0.0314991354290583,0.9863387978142076,0.0125206986200979,0.9975356262723668,0.0028409029430114,0.0145126855156073,0.0120640638149548,0.0540881610165039,0.0371143880180767,0.0208572297526353,0.0052412523608663,0.2,3,0.9789724633022608,0.0168068545560041,0.0011250401800063647,0.002294169040396799
banknote_authentication,xgb_ros,,0.1,0.2,minority_to_majority,0.8756830601092895,0.0333792123575699,0.7513661202185792,0.06675842471514,0.9992795904764894,0.0003608551627516,0.8835607616749827,0.0325148589046678,1.0,0.0,0.7513661202185792,0.06675842471514,0.9994106932390442,0.0002982837438568,0.0819191733996073,0.0213385988295082,0.2596521129210789,0.0606821586125921,0.1105744479613547,0.0213926272540602,0.203125,3,0.837431693989071,0.1031223485867182,0.03825136612021851,0.0212031751871109
banknote_authentication,xgb_ros,,0.1,0.3,majority_to_minority,0.9743562270081076,0.0101758446268569,0.9639987142397942,0.0150460041638938,0.9960947556449252,0.0020208032004208,0.9742169900757838,0.0097487267842275,0.9702857663568434,0.0162449147806803,0.9726775956284154,0.0206279629378981,0.9967677417050608,0.0017354234955898,0.0207890206947922,0.0069554017120343,0.0739859243233998,0.0213795455839696,0.0197345542839981,0.0037061352552796,0.2967032967032967,3,0.967766705953784,0.0245394967496394,0.006589521054323644,0.003750476054847199
banknote_authentication,xgb_ros,,0.1,0.3,minority_to_majority,0.8756830601092895,0.027288229993768,0.7513661202185792,0.054576459987536,0.9911049688961704,0.0090396917991059,0.8836640853384687,0.0270317879818707,1.0,0.0,0.7513661202185792,0.054576459987536,0.9905175184828028,0.0110013350026972,0.0839252993464469,0.0193875202845581,0.3144828528165816,0.1122459788301794,0.1171144543054766,0.0157595663845268,0.296875,3,0.8169398907103824,0.1166728163758913,0.058743169398907114,0.03274751702944441
banknote_authentication,xgb_ros,,0.2,0.0,clean,0.9945355191256832,0.006260349310049,0.989071038251366,0.0125206986200979,1.0,0.0,0.9950784290046938,0.0056415773066986,1.0,0.0,0.989071038251366,0.0125206986200979,1.0,0.0,0.0044032035705943,0.0037711311812255,0.0189739366372426,0.0099575497604825,0.0141841152643389,0.0044184359603704,0.0,3,0.9931693989071038,0.0079471079322198,0.001366120218579403,0.0035439043616255
banknote_authentication,xgb_ros,,0.2,0.05,majority_to_minority,0.992910461087896,0.002862833943096,0.9879995714132648,0.0065882142578693,0.9998261497478168,0.000133015509267,0.9926413394269276,0.0036685519594798,0.9892677595628416,0.0121992476377655,0.9945355191256832,0.0047323792556526,0.99985713775492,0.0001115218043216,0.0053939362987875,0.0008767196078637,0.0234974765529235,0.0034304593034777,0.0151460552486505,0.0022328651914542,0.0518518518518517,3,0.9937229901067894,0.0072140474803744,-0.0008125290188933931,0.0018201111815869002
banknote_authentication,xgb_ros,,0.2,0.05,minority_to_majority,0.9849726775956285,0.0085314180305989,0.9699453551912568,0.0170628360611977,1.0,0.0,0.9864407177980056,0.0077254806288133,1.0,0.0,0.9699453551912568,0.0170628360611977,1.0,0.0,0.0089930937004585,0.0052150271232122,0.034058974434932,0.0123912699670249,0.0250627821839103,0.0054171722993687,0.046875,3,0.9767759562841531,0.0163410700236757,0.008196721311475308,0.007347976323217199
banknote_authentication,xgb_ros,,0.2,0.1,majority_to_minority,0.9855441265759493,0.0103559616423392,0.9738204935890568,0.0173128397272992,0.9986113295526884,0.0021196955907565,0.9852835870994242,0.0110021457324957,0.981541941403666,0.0252586906284714,0.9863387978142076,0.0170628360611978,0.9988928176006286,0.001685929605362,0.0121082876188059,0.0085068964577184,0.0489753435055414,0.0287658245295657,0.0220105811750346,0.0036320432896975,0.0985915492957745,3,0.9784367298832102,0.0145224813992778,0.007107396692739076,0.002414193780471901
banknote_authentication,xgb_ros,,0.2,0.1,minority_to_majority,0.9631147540983608,0.007098568883479,0.9262295081967212,0.014197137766958,0.9998659736857552,0.0001349460966986,0.9665562266551954,0.0065051797837016,1.0,0.0,0.9262295081967212,0.014197137766958,0.9998928533161898,0.0001071466838101,0.0247373475382725,0.0044987062727266,0.0802182306845982,0.0121662247674614,0.0457712277177382,0.0048025496774594,0.1015625,3,0.9521857923497268,0.032500193764766,0.010928961748634003,0.007762846226493498
banknote_authentication,xgb_ros,,0.2,0.2,majority_to_minority,0.9776599164255866,0.0046401287591794,0.9607843137254902,0.0130718954248366,0.997868187509425,0.0025541283103624,0.9755492502954364,0.0055652422468431,0.9530724813244498,0.0147717752047157,0.9945355191256832,0.0047323792556527,0.9983749419622128,0.0018988960009335,0.0178431828195849,0.0056069115976228,0.0676182024180889,0.0196057171352014,0.0331421784413131,0.0033776189007693,0.2,3,0.984195864138005,0.0148832332342862,-0.0065359477124183885,-0.0029599495852986983
banknote_authentication,xgb_ros,,0.2,0.2,minority_to_majority,0.935792349726776,0.0250413972401958,0.8715846994535519,0.0500827944803916,0.999549939543915,0.0004572609693454,0.9412031108709474,0.0232806540233516,1.0,0.0,0.8715846994535519,0.0500827944803916,0.9996249866066644,0.0003863228624734,0.0394391734153032,0.0162514176633605,0.1317960272232691,0.048129594949001,0.0679308925467458,0.0197427190220276,0.203125,3,0.9098360655737704,0.0571820798019567,0.02595628415300566,0.017742906386653497
banknote_authentication,xgb_ros,,0.2,0.3,majority_to_minority,0.9670256080574308,0.0031131367107623,0.9477124183006534,0.0065359477124183,0.9964895194717878,0.0026399938762408,0.9645592250678956,0.002167549995066,0.9377473847893696,0.0065768576513011,0.9863387978142076,0.0125206986200979,0.9969284617307762,0.0023206184217455,0.0276542113473017,0.0020408168567217,0.1012938643495241,0.0107239896747416,0.0405564651389916,0.0112508514523043,0.3005464480874317,3,0.9765527340262152,0.0218296467016139,-0.009527125968784467,-0.005824564645687799
banknote_authentication,xgb_ros,,0.2,0.3,minority_to_majority,0.8756830601092895,0.0240142019552554,0.7513661202185792,0.0480284039105107,0.9973133836793756,0.0006492383651045,0.8837238409189724,0.0237444737603587,1.0,0.0,0.7513661202185792,0.0480284039105107,0.9977856352012572,0.0006021541947957,0.0848492681980132,0.0125094190569202,0.282799224058787,0.0372201589047773,0.1241788826487732,0.0177272652729371,0.296875,3,0.8360655737704917,0.1034641837080319,0.0396174863387978,0.018614915510018704
banknote_authentication,xgb_ros,,0.5,0.0,clean,0.9986338797814208,0.0023661896278262,0.9972677595628416,0.0047323792556526,1.0,0.0,0.9987712407787206,0.0021282734015247,1.0,0.0,0.9972677595628416,0.0047323792556526,1.0,0.0,0.0016156353522091,0.001327591901114,0.0126947055881221,0.003375767066742,0.0112475617946774,0.0017348228122167,0.0,3,0.9986338797814208,0.0016080026010361,0.0,-7.632751172999925e-06
banknote_authentication,xgb_ros,,0.5,0.05,majority_to_minority,0.9891067538126362,0.0018867655855869,0.9782135076252724,0.003773531171174,0.9996432527453788,0.0003034358314105,0.9877554094092708,0.0021152169011912,0.9734179894179894,0.0044721735137227,1.0,0.0,0.9997142755098396,0.0002415755787434,0.0099931348425646,0.0036736482166459,0.0454741828143596,0.0135578842631535,0.0271994821580521,0.0030655048339076,0.0504451038575667,3,0.9880174291938998,0.0101537094451486,0.0010893246187364536,0.0001605746025840002
banknote_authentication,xgb_ros,,0.5,0.05,minority_to_majority,0.9877049180327868,0.0147768494896065,0.9754098360655736,0.029553698979213,0.9999120308160888,0.0001523670960344,0.9888903247442128,0.0133712264868813,1.0,0.0,0.9754098360655736,0.029553698979213,0.9999285688774598,0.0001237223334811,0.0092567896159986,0.0068015783662327,0.0371100946019093,0.0189890163170784,0.0274503371937933,0.0131580433062064,0.05,3,0.9849726775956285,0.010117464698851,0.002732240437158362,0.0008606750828523985
banknote_authentication,xgb_ros,,0.5,0.1,majority_to_minority,0.977124183006536,0.0065359477124183,0.9542483660130716,0.0130718954248365,0.9996450394710564,0.0003074185130727,0.974355402124754,0.0072961354162793,0.9458880217640112,0.0146666932053728,1.0,0.0,0.9997142755098396,0.0002474446669621,0.0209943819791078,0.0042043800648476,0.0798073510328928,0.0099144681476526,0.0524060767143964,0.009809379186626,0.1011235955056179,3,0.9782135076252724,0.0230269922564426,-0.0010893246187363426,0.002032610277334798
banknote_authentication,xgb_ros,,0.5,0.1,minority_to_majority,0.9672131147540984,0.0141971377669579,0.9344262295081968,0.0283942755339159,0.9999555733262252,3.847462809471687e-05,0.9702781471360484,0.012935740593278,1.0,0.0,0.9344262295081968,0.0283942755339159,0.9999642844387298,3.093058337038701e-05,0.0212809896717468,0.0064116933676876,0.0731725295384724,0.0150357425797665,0.051538726475767,0.007351492200792,0.1,3,0.9685792349726776,0.020574412929515,-0.001366120218579181,-0.0007065767422318008
banknote_authentication,xgb_ros,,0.5,0.2,majority_to_minority,0.9183006535947712,0.0130718954248366,0.8366013071895425,0.0261437908496732,0.9990769965991304,0.0008881878582636,0.9090409141548766,0.0144976895296822,0.8303419486011728,0.0226027054186895,1.0,0.0,0.9991963998714238,0.0008089397230548,0.0609769510726133,0.010208344505169,0.1939683308204014,0.0304867382126498,0.1154468152694629,0.0104018479544414,0.2,3,0.9019607843137254,0.0726298913359641,0.016339869281045805,0.011652940263350807
banknote_authentication,xgb_ros,,0.5,0.2,minority_to_majority,0.9603825136612022,0.0170628360611978,0.9207650273224044,0.0341256721223955,0.9997932626045154,0.0003580796728037,0.9640103840381852,0.0156119072206575,1.0,0.0,0.9207650273224044,0.0341256721223955,0.9998392799742848,0.0002783752503325,0.0289096528043349,0.0089582121149526,0.1000051622589428,0.0218342179170067,0.0678942421750362,0.013987618956016,0.2,3,0.9469981070752528,0.0339858469863732,0.013384406585949415,0.005076194182038297
banknote_authentication,xgb_ros,,0.5,0.3,majority_to_minority,0.8148148148148149,0.0217592422172528,0.6296296296296297,0.0435184844345057,0.9922780621970104,0.007268159345409,0.7919656053479706,0.0254730625760105,0.6834606091188385,0.025151696696679,1.0,0.0,0.9933390478231366,0.0062339514610195,0.1508844991525013,0.0223034856732193,0.472957303126653,0.0882269944718881,0.2211133180648991,0.0164566195865416,0.299781181619256,3,0.7745098039215685,0.174999381105105,0.04030501089324634,0.024114881952603695
banknote_authentication,xgb_ros,,0.5,0.3,minority_to_majority,0.8797814207650273,0.0272882299937679,0.7595628415300547,0.0545764599875359,0.998133771217774,0.0021385457214393,0.8876993804136483,0.0265788783497769,1.0,0.0,0.7595628415300547,0.0545764599875359,0.9984820886460232,0.001714625946081,0.0727056053777535,0.0109126203478656,0.2241322894891103,0.0295336058733558,0.1146539860326006,0.0114543995880124,0.3,3,0.8633879781420765,0.0829073712229728,0.016393442622950838,0.010201765845219299
blood_transfusion,xgb_ros,,0.05,0.0,clean,0.530214424951267,0.0214660180206988,0.1481481481481481,0.0578240555407259,0.3851488343021911,0.029608761944371,0.5203137147170621,0.0333371880077499,0.3425180598555211,0.060486778384041,0.1481481481481481,0.0578240555407259,0.6809616634178038,0.0185426822020384,0.2313825289408365,0.0092190212894322,1.0303080876668294,0.1037353723743939,0.2325198587402701,0.0075724366224085,0.0,3,0.5112085769980507,0.211589440703392,0.01900584795321636,-0.019793088237444495
blood_transfusion,xgb_ros,,0.05,0.05,majority_to_minority,0.5380116959064327,0.0533024575267079,0.2222222222222222,0.1001542020962219,0.3512636015197426,0.0636437594255623,0.5369821674682874,0.0586814509830683,0.3228070175438596,0.1075196733055758,0.2222222222222222,0.1001542020962219,0.5953541260558805,0.0543838324403009,0.2407861997683842,0.0362913014021583,1.078313151995341,0.1939576354322469,0.2439747681882646,0.0493706682240164,0.0666666666666666,3,0.5331384015594541,0.2115211089452107,0.004873294346978585,-0.029265090823173495
blood_transfusion,xgb_ros,,0.05,0.05,minority_to_majority,0.5226608187134504,0.0445306854108714,0.1388888888888888,0.0481125224324688,0.3299603561698889,0.0527733078237551,0.5142076868886347,0.0518827859240364,0.3398110661268556,0.1605207422966218,0.1388888888888888,0.0481125224324688,0.5851202079272254,0.0116579838554644,0.2319001009066899,0.022171357615981,1.1435927549997966,0.0807163856437255,0.2281681823150978,0.0275011668488568,0.0714285714285714,3,0.5185185185185185,0.2164057493209838,0.004142300194931892,-0.015494351585706084
blood_transfusion,xgb_ros,,0.05,0.1,majority_to_minority,0.5141325536062378,0.0425632814065199,0.1481481481481481,0.1051649693666717,0.3183683838481029,0.0652492357092268,0.5019085528028455,0.0632001145109527,0.249780412823891,0.1449074476036299,0.1481481481481481,0.1051649693666717,0.5845922677063028,0.0883490711091725,0.235384037097295,0.0170701024389756,1.098850707213084,0.1682315224759652,0.2320786044477588,0.0143601246044434,0.125,3,0.5097465886939571,0.2181880076726277,0.004385964912280715,-0.017196029424667303
blood_transfusion,xgb_ros,,0.05,0.1,minority_to_majority,0.5141325536062378,0.0296240584815739,0.1481481481481481,0.0160375074774895,0.38505219665016,0.1048225316108039,0.5073482740494296,0.0318035871221447,0.2979797979797979,0.113225050985025,0.1481481481481481,0.0160375074774895,0.6397011046133853,0.1006728530621912,0.2268438140551249,0.0308731456981647,1.0096591711044312,0.1797088835806616,0.2296569034809039,0.0355822081490138,0.0714285714285714,3,0.5155945419103314,0.2087463686863581,-0.0014619883040936088,-0.018097445368766812
blood_transfusion,xgb_ros,,0.05,0.2,majority_to_minority,0.5272904483430799,0.0502014369637331,0.1481481481481481,0.080187537387448,0.3317226215247194,0.0719882718178905,0.5187178600454462,0.0658867846037093,0.3481240981240981,0.2217593824175444,0.1481481481481481,0.080187537387448,0.5756578947368421,0.0266506718179746,0.24210587143898,0.0258113831039294,1.169102629025777,0.0384774079529775,0.2415889587398204,0.0252752863385761,0.2222222222222222,3,0.5207115009746589,0.2138254990180332,0.006578947368421018,-0.028280372420946803
blood_transfusion,xgb_ros,,0.05,0.2,minority_to_majority,0.513157894736842,0.0168604716296356,0.111111111111111,0.0555555555555555,0.3282645942256533,0.0222404141496118,0.4942277256446827,0.0234764815744791,0.3460038986354776,0.1413322576878397,0.111111111111111,0.0555555555555555,0.5785818713450293,0.0288729838257836,0.2395554333925247,0.0227531340829007,1.2319847742716472,0.1044434642950706,0.2429355837466815,0.0267091155386295,0.2142857142857142,3,0.5095029239766081,0.2176976104577382,0.003654970760233911,-0.021857822934786497
blood_transfusion,xgb_ros,,0.05,0.3,majority_to_minority,0.5592105263157895,0.0512165615660916,0.1944444444444444,0.1689656258416172,0.3816292327911814,0.0776032438331053,0.546406052396901,0.066404031833451,0.4791666666666667,0.1705281827473427,0.1944444444444444,0.1689656258416172,0.6408382066276803,0.08154936090285,0.2139719327290852,0.0189210450162287,0.933303157488505,0.1580775434369633,0.2095538342847592,0.0271716719943641,0.3,3,0.5263157894736842,0.1998238166173298,0.03289473684210531,-0.014148116111755399
blood_transfusion,xgb_ros,,0.05,0.3,minority_to_majority,0.5419103313840156,0.0252413596755948,0.1481481481481481,0.0424312564347762,0.3666775964699952,0.0399594600026777,0.5337224371612628,0.0346538000303968,0.4197469197469197,0.1028611293398204,0.1481481481481481,0.0424312564347762,0.6419753086419754,0.0420166817076456,0.2206895351409911,0.0050597207258424,1.0279849171638489,0.0543039838746759,0.2181674974432421,0.0091715139239597,0.2857142857142857,3,0.5,0.2148586114247639,0.041910331384015564,-0.005830923716227204
blood_transfusion,xgb_ros,,0.1,0.0,clean,0.5158382066276803,0.0254731621943552,0.1574074074074074,0.1122625523424272,0.3190241144985474,0.0194971360040532,0.5017242185684937,0.037130510276989,0.3036519036519036,0.1336868618564149,0.1574074074074074,0.1122625523424272,0.604978882391163,0.0268930501449966,0.2403120199839274,0.0249375484766119,0.9527083039283752,0.081817665907849,0.2280668244428104,0.0510511261112748,0.0,3,0.5041423001949318,0.2142406404018401,0.011695906432748537,-0.0260713795820873
blood_transfusion,xgb_ros,,0.1,0.05,majority_to_minority,0.5358187134502924,0.0486591790662064,0.25,0.0833333333333333,0.3443222481578491,0.0602401827317957,0.5362986314068356,0.0525785801240573,0.3041816009557945,0.0896955344533892,0.25,0.0833333333333333,0.6366959064327485,0.0270327857460618,0.2387059877316156,0.0277734799242593,0.9506969849268596,0.1029688348008862,0.2356814180831942,0.0510105907414135,0.0344827586206896,3,0.5348440545808967,0.2014287163813909,0.0009746588693957392,-0.03727727135022471
blood_transfusion,xgb_ros,,0.1,0.05,minority_to_majority,0.5480019493177388,0.0400671046903134,0.2685185185185185,0.1051649693666717,0.3398414090471294,0.0571910095325536,0.5471610734389606,0.0402053441307052,0.322023562023562,0.0507308088947945,0.2685185185185185,0.1051649693666717,0.585688758934373,0.0465355488997188,0.2326392978429794,0.020067085594437,0.946652094523112,0.027786577543126,0.2266526965714163,0.0043042127790665,0.0357142857142857,3,0.5350877192982456,0.2011048793792724,0.012914230019493211,-0.031534418463707
blood_transfusion,xgb_ros,,0.1,0.1,majority_to_minority,0.5394736842105263,0.0482511515517814,0.2777777777777777,0.1546601211897228,0.3332375709667566,0.0919362338111166,0.533419674868194,0.0459824408978916,0.2944731108817796,0.0529046108756937,0.2777777777777777,0.1546601211897228,0.6005116959064328,0.0864934241549944,0.2439415653546651,0.0246468703386542,0.9126800894737244,0.1416684290241293,0.2329281606194045,0.0212860482660451,0.096774193548387,3,0.5394736842105262,0.2049745023250579,1.1102230246251565e-16,-0.0389670630296072
blood_transfusion,xgb_ros,,0.1,0.1,minority_to_majority,0.553849902534113,0.027915300286037,0.2685185185185185,0.0424312564347763,0.3582522447148917,0.033181903402857,0.5564088983050848,0.0303401462854597,0.3452380952380952,0.054554472558998,0.2685185185185185,0.0424312564347763,0.65566114359974,0.0316504742098822,0.2365276714166005,0.0250328765187712,0.9576019247372946,0.0953981673995148,0.2341964362023605,0.0390913647679409,0.1071428571428571,3,0.5194931773879142,0.2049138844013213,0.03435672514619881,-0.0316137870152792
blood_transfusion,xgb_ros,,0.1,0.2,majority_to_minority,0.557504873294347,0.0350978705263758,0.2407407407407407,0.0848625128695526,0.3924021176896253,0.0322736465354659,0.5584167315070698,0.0402582263803118,0.3712643678160919,0.0621008857896096,0.2407407407407407,0.0848625128695526,0.6277615334632879,0.0214481475877193,0.2156329602003097,0.0157446728034582,0.8390571077664694,0.0975979021879359,0.1907990263029932,0.036738927062917,0.2,3,0.5582358674463938,0.1885910580555597,-0.0007309941520468044,-0.027041902144749996
blood_transfusion,xgb_ros,,0.1,0.2,minority_to_majority,0.5709064327485379,0.0633860873852115,0.25,0.0734930919740164,0.371860949789121,0.099362668210486,0.5778067496963146,0.0726963103683985,0.45,0.1802775637731994,0.25,0.0734930919740164,0.5867852501624431,0.1001866038463264,0.2193736831347147,0.0381924174808254,1.0324588219324748,0.1845331791963241,0.2080425332652197,0.0560973947938337,0.2142857142857142,3,0.5467836257309941,0.2019052654504775,0.024122807017543768,-0.01746841768423721
blood_transfusion,xgb_ros,,0.1,0.3,majority_to_minority,0.543859649122807,0.0752498034290518,0.2777777777777777,0.1001542020962219,0.3345228110311254,0.0476753477299274,0.5463304849473788,0.0797151488366197,0.3232111026228673,0.1412340352574635,0.2777777777777777,0.1001542020962219,0.5821962313190383,0.0538385082573883,0.2431764056285222,0.026909873122833,0.8901432752609253,0.0357364931048424,0.2395255129908522,0.0433501403469303,0.3,3,0.5450779727095517,0.2057167390982309,-0.001218323586744674,-0.037459666530291286
blood_transfusion,xgb_ros,,0.1,0.3,minority_to_majority,0.5436159844054581,0.0131849407977278,0.2129629629629629,0.0848625128695526,0.3350600902644285,0.0299191110496766,0.5404293153361476,0.0190432587794,0.3529657477025898,0.0179129337029169,0.2129629629629629,0.0848625128695526,0.5978313840155945,0.0199567204965333,0.2407129009564717,0.0052338082559829,1.0569051504135132,0.0256243187144476,0.2327343113906681,0.0157556814431136,0.2857142857142857,3,0.5272904483430799,0.2133417477210362,0.016325536062378188,-0.027371153235435486
blood_transfusion,xgb_ros,,0.2,0.0,clean,0.5565302144249512,0.0317737296543918,0.3148148148148148,0.1156481110814518,0.33692960027363,0.0465780283961141,0.5538318714007212,0.0263127786786684,0.3258185721953837,0.0265741144272389,0.3148148148148148,0.1156481110814518,0.587475633528265,0.0415773340436516,0.2425470997889836,0.0176028741897117,0.8811028798421224,0.1027752812279159,0.2184690422895881,0.0205224749368111,0.0,3,0.5426413255360624,0.215569516023,0.01388888888888884,-0.02697758376598358
blood_transfusion,xgb_ros,,0.2,0.05,majority_to_minority,0.5752923976608187,0.0261426238921749,0.3611111111111111,0.0734930919740163,0.4044796426031775,0.0171733799297434,0.5734982569463195,0.0226115195425781,0.3509740259740259,0.0322770385685439,0.3611111111111111,0.0734930919740163,0.6290610786224821,0.0505773553323049,0.2362984915574391,0.0056991269800314,0.8207264145215353,0.0469210751082192,0.2220287585713797,0.0135966585906755,0.05,3,0.5682261208576999,0.2048217505216597,0.007066276803118887,-0.03147674103577938
blood_transfusion,xgb_ros,,0.2,0.05,minority_to_majority,0.581140350877193,0.047531485985406,0.3611111111111111,0.111111111111111,0.3640408211917896,0.0552743381196371,0.5791000444148345,0.0443992235832254,0.3611111111111111,0.0554860676539949,0.3611111111111111,0.111111111111111,0.634543534762833,0.0582726009763116,0.2315641691287358,0.0252249593337135,0.8187825878461202,0.0822211814612294,0.2062223891293008,0.0335045739029645,0.0526315789473684,3,0.5616471734892788,0.1988690694173176,0.019493177387914118,-0.03269509971141818
blood_transfusion,xgb_ros,,0.2,0.1,majority_to_minority,0.5991715399610137,0.0125835782979292,0.4351851851851852,0.0424312564347762,0.3975248531625889,0.0158290282370483,0.5918828676334636,0.0092976192813099,0.367251461988304,0.0111571836423034,0.4351851851851852,0.0424312564347762,0.6502599090318388,0.0097437963023949,0.2306656291087468,0.0090038882874253,0.7962483565012614,0.0389906501969356,0.2133524256737695,0.0097861383026634,0.0952380952380951,3,0.5901559454191033,0.193734919031461,0.009015594541910366,-0.036930710077285794
blood_transfusion,xgb_ros,,0.2,0.1,minority_to_majority,0.5823586744639376,0.0537881240010435,0.3518518518518518,0.0578240555407259,0.4183894143433441,0.004255780732363,0.5850058489607618,0.0586865772782356,0.3953680022733731,0.1129904354451454,0.3518518518518518,0.0578240555407259,0.6603313840155945,0.0235174324536426,0.2162696023782093,0.0168947796748408,0.7429690957069397,0.0507391597190708,0.1950368655266032,0.0351313785869186,0.1052631578947368,3,0.5886939571150097,0.1901113986968994,-0.006335282651072083,-0.026158203681309916
blood_transfusion,xgb_ros,,0.2,0.2,majority_to_minority,0.5701754385964913,0.0848425710262813,0.4444444444444445,0.1546601211897228,0.3922293559881378,0.1028908157202781,0.5550836917258486,0.0736981586240107,0.3148989898989898,0.0940625211327486,0.4444444444444445,0.1546601211897228,0.6182992202729044,0.100786513659912,0.2464683254559834,0.0298925926690226,0.8253246744473776,0.0861120510624022,0.2422775599112113,0.0505392455942639,0.1971830985915491,3,0.5794346978557505,0.2062822133302688,-0.00925925925925919,-0.0401861121257146
blood_transfusion,xgb_ros,,0.2,0.2,minority_to_majority,0.5665204678362573,0.0671997958159848,0.3611111111111111,0.0833333333333333,0.3511472225595952,0.1072937599954409,0.5652685126334521,0.071261108838862,0.3445395127748068,0.1112614582022119,0.3611111111111111,0.0833333333333333,0.6049788823911632,0.0565900923749876,0.2507617672284444,0.0305248028845172,0.8678075273831686,0.1054629233395284,0.2451242551207542,0.030588872921817,0.1929824561403508,3,0.567738791423002,0.2101232608159382,-0.001218323586744674,-0.04063850641250619
blood_transfusion,xgb_ros,,0.2,0.3,majority_to_minority,0.5930799220272904,0.052633271036261,0.4259259259259259,0.0892930626017866,0.3876512927203985,0.0549642429718677,0.5861249386572757,0.0482665640550262,0.3601035818427122,0.0640629897588793,0.4259259259259259,0.0892930626017866,0.6327972709551657,0.0515713654404074,0.2370700687170028,0.0229407596275742,0.7637139360109965,0.0591198090392477,0.2067090518110327,0.0250008696876289,0.2962962962962963,3,0.6135477582846004,0.2043120165665944,-0.020467836257309968,-0.03275805215040842
blood_transfusion,xgb_ros,,0.2,0.3,minority_to_majority,0.5384990253411306,0.0223442007261052,0.2962962962962963,0.0578240555407259,0.3608623792317029,0.0758515454674987,0.5378268874107647,0.0238836205347616,0.3035792094615623,0.047937487585123,0.2962962962962963,0.0578240555407259,0.6381985055230669,0.0333832519721319,0.2311658362547556,0.028018361153853,0.8603477080663046,0.0990144452537406,0.2302771323463982,0.0289330945165371,0.2982456140350877,3,0.5384990253411306,0.1949897905190785,0.0,-0.03617604573567709
blood_transfusion,xgb_ros,,0.5,0.0,clean,0.6189083820662767,0.0308868457650893,0.5448343079922028,0.0884150446095641,0.427470786188701,0.0450816836510772,0.5846383719042544,0.024727584370606,0.351023070025271,0.0247528232124406,0.5740740740740741,0.1156481110814518,0.6531432748538011,0.0395435631568408,0.2728624840577443,0.0096370434268649,0.8877371152242025,0.0627309631453938,0.2765825223839944,0.0217604039369056,0.0,3,0.6189083820662767,0.2728624840577443,0.0,-0.0
blood_transfusion,xgb_ros,,0.5,0.05,majority_to_minority,0.642056530214425,0.0266620868728952,0.6086744639376218,0.0242149283602432,0.4285218714098637,0.0488904383268717,0.6031781391741502,0.0362673804960977,0.3723232323232323,0.0439815193401154,0.6203703703703703,0.0424312564347762,0.6862004548408057,0.0162299420661826,0.258339375257492,0.0117603605266537,0.8525920907656351,0.0579676743263569,0.2498341220037804,0.0359533868237534,0.0469798657718119,3,0.6486354775828459,0.26007741689682,-0.0065789473684209065,0.001738041639328003
blood_transfusion,xgb_ros,,0.5,0.05,minority_to_majority,0.6028265107212476,0.0501801441152012,0.5501949317738791,0.0643994369887514,0.4113579460874339,0.0562675936339193,0.5663086093301519,0.0339698334878371,0.3282543081139096,0.0366802842648371,0.5740740740740741,0.1051649693666717,0.6546458739441197,0.0253634762090415,0.2575395703315734,0.0071131261502584,0.8045839866002401,0.0493667652504162,0.2379755034794409,0.0394045916013256,0.0492957746478872,3,0.6025828460038987,0.2538286944230397,0.0002436647173489348,-0.003710875908533695
blood_transfusion,xgb_ros,,0.5,0.1,majority_to_minority,0.6055068226120858,0.0135250380958849,0.5852826510721248,0.0249110680684835,0.4164407358552247,0.0274047056910497,0.5577689038701279,0.0103567516571873,0.3236968311595177,0.0099650770726846,0.6203703703703703,0.0424312564347762,0.6615090968161144,0.0224596006379495,0.2870700756708781,0.0138714718043247,0.9138044317563376,0.0683478765686341,0.2858056117428673,0.0172594893381772,0.1012658227848101,3,0.6055068226120858,0.2965932488441467,0.0,0.009523173173268562
blood_transfusion,xgb_ros,,0.5,0.1,minority_to_majority,0.6069688109161794,0.0186701878698737,0.5628654970760234,0.0555363155357385,0.4412935973860239,0.0287839350751119,0.5739512098153683,0.0154896143214985,0.3371877132059271,0.016242275142713,0.5648148148148149,0.0578240555407258,0.6643924626380766,0.006662273435714,0.2530597448348999,0.0210249510667991,0.8009028633435568,0.0868587042253557,0.2411205336203178,0.0250328151485557,0.0985915492957745,3,0.6208576998050682,0.2458139012257258,-0.01388888888888884,-0.007245843609174102
blood_transfusion,xgb_ros,,0.5,0.2,majority_to_minority,0.594541910331384,0.0153566776380007,0.5409356725146198,0.0450140477144464,0.3764439532063095,0.0145624007567027,0.5361283477095543,0.0217092385044513,0.3089895470383275,0.0144080762868606,0.6481481481481481,0.0320750149549791,0.6263401559454191,0.0139464795528792,0.3383372128009795,0.0088636921885293,1.1345549821853638,0.0663443871908719,0.3503326422472795,0.0159295771977906,0.2022471910112359,3,0.5601851851851851,0.3624968429406484,0.03435672514619892,0.024159630139668875
blood_transfusion,xgb_ros,,0.5,0.2,minority_to_majority,0.6050194931773879,0.0390814204004518,0.4907407407407407,0.1252569375784137,0.3821668858037917,0.0249487634858723,0.5862730297501108,0.0231515393793145,0.353679416498305,0.0222317164840665,0.4907407407407407,0.1252569375784137,0.640229044834308,0.0176514024346867,0.2475366989771524,0.0160792327849281,0.7788998087247213,0.07396973768907,0.2288233212298817,0.0226916097797835,0.1971830985915491,3,0.5891812865497076,0.2356236179669697,0.015838206627680318,-0.01191308101018268
blood_transfusion,xgb_ros,,0.5,0.3,majority_to_minority,0.553849902534113,0.0281820130343587,0.3947368421052631,0.0547806841964771,0.4035742238194648,0.0948638726546027,0.4614978169730179,0.0313737062026131,0.2714992349026724,0.0175570380926575,0.7129629629629629,0.0578240555407259,0.6250812215724496,0.0541040390644862,0.3876096904277801,0.0470333633930359,1.2663032213846843,0.1659646170476671,0.4074866455379459,0.043230019461355,0.3004926108374384,3,0.5465399610136452,0.4404336313406626,0.007309941520467822,0.052823940912882505
blood_transfusion,xgb_ros,,0.5,0.3,minority_to_majority,0.5977095516569201,0.0935253622119662,0.4907407407407407,0.1785861252035732,0.4172676850471559,0.0958933930167546,0.5778320934489085,0.0736228127720583,0.3384965137926043,0.0845412261717406,0.4907407407407407,0.1785861252035732,0.6601689408706952,0.0916032165315011,0.2335727761189142,0.0369276610125829,0.7490604917208353,0.1245517730980065,0.2142282831254932,0.029447125563155,0.3028169014084507,3,0.6028265107212476,0.217521513501803,-0.00511695906432752,-0.016051262617111206
breast_cancer_wisconsin,xgb_ros,,0.05,0.0,clean,0.8525132275132276,0.0433831682837182,0.7142857142857143,0.0824786098842322,0.972880242690402,0.0083687603687391,0.871345442973103,0.0418194408183625,0.9775533108866442,0.0197288393167756,0.7142857142857143,0.0824786098842322,0.9810405643738976,0.004514020112311,0.0958640178044636,0.0331678805492927,0.4122747778892517,0.124536228109177,0.1057894732449094,0.0276506582856241,0.0,3,0.7936507936507936,0.1211360146601994,0.05886243386243395,0.025271996855735793
breast_cancer_wisconsin,xgb_ros,,0.05,0.05,majority_to_minority,0.8984788359788359,0.0385800894428632,0.8015873015873015,0.0836162996258153,0.9862429049724718,0.0038434476167886,0.9138291631712684,0.0326178060570227,0.9912280701754388,0.015193428136569,0.8015873015873015,0.0836162996258153,0.990410052910053,0.0033561149355464,0.0626950201888878,0.0257856102921188,0.2426470716794331,0.0785734672410733,0.0772678750343838,0.0267217878201894,0.0625,3,0.8611111111111112,0.0764549300074576,0.03736772486772477,0.013759909818569796
breast_cancer_wisconsin,xgb_ros,,0.05,0.05,minority_to_majority,0.8310185185185185,0.0166102756016857,0.6666666666666666,0.0412393049421161,0.9800899007724864,0.0026664163620846,0.8524308310830954,0.0143696037232437,0.989247311827957,0.0186242022319233,0.6666666666666666,0.0412393049421161,0.9860008818342152,0.0031255394353522,0.1066182926297187,0.0136941230430776,0.4006969332695007,0.0618113291603949,0.1184124488149338,0.0191290584486357,0.0666666666666666,3,0.8055555555555555,0.1135686089595158,0.02546296296296302,0.006950316329797104
breast_cancer_wisconsin,xgb_ros,,0.05,0.1,majority_to_minority,0.8835978835978836,0.0094289533263116,0.7857142857142857,0.0238095238095238,0.9674155957192396,0.008648897441189,0.8982580615666914,0.010766281638573,0.9628719628719627,0.0409691465122261,0.7857142857142857,0.0238095238095238,0.974867724867725,0.0054135931030903,0.0716757463912168,0.0112186459707388,0.2852601160605748,0.064787750370637,0.0790478053587156,0.0112473081490538,0.1176470588235294,3,0.8667328042328042,0.0829508279760678,0.016865079365079416,0.011275081584851007
breast_cancer_wisconsin,xgb_ros,,0.05,0.1,minority_to_majority,0.8015873015873015,0.0844595105309236,0.6031746031746031,0.1689190210618474,0.9529262491019576,0.0477643338779219,0.8204273925872965,0.0846654430267982,1.0,0.0,0.6031746031746031,0.1689190210618474,0.9647266313932982,0.0309106163912444,0.1228838960329691,0.061257871835376,0.5345683495203654,0.34258774019996,0.1450836885862095,0.0574569331871095,0.1333333333333333,3,0.7142857142857143,0.1734957595666249,0.08730158730158721,0.05061186353365581
breast_cancer_wisconsin,xgb_ros,,0.05,0.2,majority_to_minority,0.8746693121693122,0.015379650733113,0.753968253968254,0.0363696483726653,0.974121672597134,0.0125050420396532,0.8931619392145708,0.0129705771766476,0.9901960784313726,0.0169808902702831,0.753968253968254,0.0363696483726653,0.9803791887125218,0.0080005499610334,0.0758677870035171,0.0118799938641059,0.2919220328330993,0.0775818915127146,0.0910036512105915,0.0143567325040133,0.2105263157894736,3,0.8452380952380952,0.090769479672114,0.029431216931216975,0.014901692668596908
breast_cancer_wisconsin,xgb_ros,,0.05,0.2,minority_to_majority,0.8032407407407408,0.044414465749164,0.6111111111111112,0.0962250448649376,0.9497505463944046,0.034263119707237,0.824045702594944,0.0432438073474392,0.989247311827957,0.0186242022319233,0.6111111111111112,0.0962250448649376,0.9578924162257496,0.0333065744964452,0.1298988486329714,0.0325444471025219,0.6079362630844116,0.1705374333643296,0.1475809899040317,0.0429927190619481,0.2,3,0.746031746031746,0.1520036806662877,0.057208994708994765,0.022104832033316285
breast_cancer_wisconsin,xgb_ros,,0.05,0.3,majority_to_minority,0.890542328042328,0.033027421222616,0.7857142857142857,0.0629940788348712,0.9692171363304866,0.002977277392798,0.907143693021887,0.0297967625259303,0.98989898989899,0.0174954627027159,0.7857142857142857,0.0629940788348712,0.9702380952380952,0.0087491776159543,0.0602390741308529,0.0181700540161512,0.2412497401237487,0.0383673431750986,0.06661038434988,0.0279425891136615,0.2857142857142857,3,0.8452380952380952,0.0793754893044629,0.04530423280423279,0.019136415173610005
breast_cancer_wisconsin,xgb_ros,,0.05,0.3,minority_to_majority,0.7857142857142857,0.0206196524710581,0.5714285714285715,0.041239304942116,0.9558011952761186,0.0084108333894075,0.8078176616161731,0.0216881092022539,1.0,0.0,0.5714285714285715,0.041239304942116,0.9641754850088184,0.0047501017254003,0.1402779643734295,0.0223247849028741,0.6096959114074707,0.124345941705323,0.1599632839764855,0.016938993910327,0.2666666666666666,3,0.746031746031746,0.1724248081445693,0.03968253968253965,0.03214684377113983
breast_cancer_wisconsin,xgb_ros,,0.1,0.0,clean,0.9120370370370372,0.0086675545119584,0.8333333333333334,0.0238095238095237,0.9842604576906328,0.0074675435383493,0.925103394425323,0.0061715033005808,0.9817317317317316,0.0158252369907531,0.8333333333333334,0.0238095238095237,0.988095238095238,0.0069680249688179,0.051836268355449,0.0103887123724281,0.2003947148720423,0.0456199791456531,0.0620155834227974,0.0070106190594522,0.0,3,0.9007936507936508,0.0607955940067767,0.011243386243386388,0.008959325651327697
breast_cancer_wisconsin,xgb_ros,,0.1,0.05,majority_to_minority,0.9113756613756614,0.0156963548760658,0.8412698412698413,0.0274928699614107,0.9796798614689642,0.0119960596721888,0.9223759260466924,0.0166276446525497,0.964835164835165,0.0388830901383606,0.8412698412698413,0.0274928699614107,0.9833553791887124,0.0106967844302982,0.0537293329834938,0.0098190723239959,0.1966498345136642,0.043201143715837,0.061279761956253,0.0112565710903935,0.0625,3,0.896164021164021,0.0626824709276357,0.015211640211640343,0.008953137944141897
breast_cancer_wisconsin,xgb_ros,,0.1,0.05,minority_to_majority,0.925595238095238,0.0299596604574236,0.8650793650793651,0.0599193209148471,0.9858490004310364,0.0071063456313753,0.9352915042204816,0.0252189443991561,0.9731338481338482,0.0017911410115464,0.8650793650793651,0.0599193209148471,0.9897486772486772,0.0077482635673677,0.0482898068924744,0.0160223417196839,0.178061823050181,0.065961467577836,0.0557330314312347,0.018033881443336,0.0666666666666666,3,0.9001322751322752,0.0620307351152101,0.0254629629629628,0.013740928222735704
breast_cancer_wisconsin,xgb_ros,,0.1,0.1,majority_to_minority,0.8842592592592592,0.0355116237001555,0.7777777777777778,0.0549857399228215,0.9683891493575985,0.015028492275812,0.9006853743695848,0.0352771242974392,0.9791666666666666,0.0360843918243515,0.7777777777777778,0.0549857399228215,0.9767416225749558,0.0091423872529736,0.07217679793636,0.0225814531421326,0.2612328579028447,0.0764652794597478,0.0814985265214627,0.0183233041415406,0.0909090909090909,3,0.8587962962962963,0.0818627178668975,0.02546296296296291,0.009685919930537495
breast_cancer_wisconsin,xgb_ros,,0.1,0.1,minority_to_majority,0.8842592592592592,0.0477050865133635,0.7777777777777777,0.0962250448649376,0.9800742449414688,0.0029667738463997,0.9000335375335374,0.0421619153138907,0.9801169590643276,0.0175730750892592,0.7777777777777777,0.0962250448649376,0.9867724867724866,0.0013227513227513,0.0661777158578236,0.0203951179810812,0.2425357351700464,0.0551405860390672,0.0822377375365174,0.0197634758788785,0.1,3,0.8373015873015873,0.0821988408764202,0.046957671957671865,0.016021125018596594
breast_cancer_wisconsin,xgb_ros,,0.1,0.2,majority_to_minority,0.8898809523809524,0.0240767085307769,0.7936507936507936,0.049563476177765,0.9793381729657034,0.015884305276932,0.904615714646164,0.0217458563698083,0.9715653153153152,0.0271367774461731,0.7936507936507936,0.049563476177765,0.9863315696649032,0.0109393880237328,0.0611379779875278,0.0162713447557474,0.1963738997777302,0.0554257422727054,0.06506024156452,0.0186405748134241,0.2105263157894736,3,0.8746693121693122,0.0666179209947585,0.015211640211640232,0.005479943007230696
breast_cancer_wisconsin,xgb_ros,,0.1,0.2,minority_to_majority,0.8072089947089948,0.0241447411855446,0.6190476190476191,0.0476190476190475,0.9557225034369572,0.0238865871637342,0.8290431617728323,0.0243124327586999,0.9876543209876544,0.0213833433033195,0.6190476190476191,0.0476190476190475,0.9631834215167548,0.0205301843270159,0.1162302096684773,0.024183332218666,0.4703888793786366,0.1018382281996663,0.1423260990573822,0.0199941155232646,0.2,3,0.7556216931216931,0.1452461530764897,0.051587301587301626,0.02901594340801239
breast_cancer_wisconsin,xgb_ros,,0.1,0.3,majority_to_minority,0.9289021164021164,0.0249071826159398,0.8809523809523809,0.0412393049421161,0.9772239523072878,0.0115277841385666,0.936005504384958,0.0244072010996291,0.957591738079543,0.0379500639058784,0.8809523809523809,0.0412393049421161,0.9774029982363316,0.0127103485938268,0.0414970343311627,0.0132916537188274,0.1630644276738166,0.052938591100354,0.0350476416530446,0.0109881338902673,0.3023255813953488,3,0.9199735449735452,0.0465395475427309,0.008928571428571175,0.005042513211568206
breast_cancer_wisconsin,xgb_ros,,0.1,0.3,minority_to_majority,0.8310185185185185,0.0228892360855452,0.6666666666666666,0.0412393049421161,0.9468225604904312,0.0227409075571357,0.852473679677447,0.0227391846573155,0.988095238095238,0.0206196524710579,0.6666666666666666,0.0412393049421161,0.957120811287478,0.0176518343219452,0.1091166362166404,0.0178525039826958,0.4924874107042948,0.1083411307495569,0.1251331434832961,0.0111774720205981,0.3,3,0.7857142857142857,0.1292530248562494,0.04530423280423279,0.020136388639608996
breast_cancer_wisconsin,xgb_ros,,0.2,0.0,clean,0.9437830687830688,0.0258952009926613,0.8968253968253969,0.0363696483726654,0.9874650897892484,0.0067468834467266,0.951912286436096,0.0255358256945979,0.9824561403508772,0.0303868562731381,0.8968253968253969,0.0363696483726654,0.990410052910053,0.0049603174603173,0.03178005417188,0.0128407185740893,0.1238030965129534,0.0366403898572568,0.0404207354284855,0.0137942536318254,0.0,3,0.931878306878307,0.0358258721729119,0.011904761904761862,0.004045818001031903
breast_cancer_wisconsin,xgb_ros,,0.2,0.05,majority_to_minority,0.9437830687830688,0.0095327614453701,0.8968253968253969,0.0137464349807054,0.9884003601322618,0.0006636107391258,0.9519484053214212,0.0096296485375854,0.9826810616284302,0.0150024346789493,0.8968253968253969,0.0137464349807054,0.99239417989418,0.0005727681241959,0.0360746011137962,0.0042452418210801,0.1220662941535313,0.009101377290248,0.0446995249758773,0.0088106999310627,0.0476190476190475,3,0.9302248677248678,0.0386702343821524,0.013558201058201047,0.0025956332683561983
breast_cancer_wisconsin,xgb_ros,,0.2,0.05,minority_to_majority,0.9209656084656084,0.032622651997721,0.8650793650793651,0.049563476177765,0.976704510525904,0.0116104595181857,0.9292752415451224,0.0314033719325891,0.9556540346014032,0.0318153323055344,0.8650793650793651,0.049563476177765,0.9834656084656084,0.0066054842445232,0.0498564876616,0.0179019272804422,0.1919979850451151,0.0605360110413693,0.0556814160227927,0.0129063110651441,0.05,3,0.8915343915343916,0.0618284468849499,0.029431216931216753,0.011971959223349898
breast_cancer_wisconsin,xgb_ros,,0.2,0.1,majority_to_minority,0.9289021164021164,0.0192709024925046,0.8809523809523809,0.0238095238095238,0.980291914846406,0.0110248907365961,0.9360636430080874,0.0198790516754119,0.9570400359874046,0.0294148534839975,0.8809523809523809,0.0238095238095238,0.9829144620811286,0.0110685783102113,0.0409847572445868,0.0086383276523667,0.1454130137960115,0.0390843580355423,0.0453129125764451,0.0079549006540234,0.1044776119402985,3,0.9302248677248678,0.0419878357400496,-0.001322751322751392,0.0010030784954628003
breast_cancer_wisconsin,xgb_ros,,0.2,0.1,minority_to_majority,0.8677248677248678,0.0070382925442436,0.753968253968254,0.0137464349807053,0.9689401287807592,0.0086177080551399,0.8841435584985736,0.0100803131379887,0.9613275613275613,0.0434657329538797,0.753968253968254,0.0137464349807053,0.9772927689594356,0.0036425731132844,0.0765090833107629,0.0066063536784919,0.2933948536713918,0.0198622113862161,0.0894743397849616,0.0069861327860597,0.1,3,0.8501984126984127,0.0841057846943537,0.017526455026455112,0.007596701383590809
breast_cancer_wisconsin,xgb_ros,,0.2,0.2,majority_to_minority,0.9275793650793652,0.0200632424763458,0.8968253968253969,0.0274928699614107,0.9746221270175572,0.0035829855490468,0.9304030134848644,0.019783406204648,0.926219512195122,0.0244130990477653,0.8968253968253969,0.0274928699614107,0.980599647266314,0.0027535264543202,0.0471137190858522,0.0058439476171603,0.1647069851557413,0.0089216766076997,0.0495613137428915,0.0068490970209144,0.2,3,0.9328703703703703,0.0469999114672342,-0.005291005291005124,-0.0001138076186179976
breast_cancer_wisconsin,xgb_ros,,0.2,0.2,minority_to_majority,0.8564814814814815,0.0385800894428633,0.7222222222222223,0.0836162996258154,0.9651617859936904,0.0104981329939058,0.8749716912663613,0.0342014589779159,0.9797235023041476,0.0176564461388645,0.7222222222222223,0.0836162996258154,0.9739858906525574,0.008315555208352,0.0851085570951302,0.0251986792580197,0.3348008046547572,0.1061820353119233,0.0960085734967359,0.0226079487205257,0.2,3,0.8230820105820106,0.0998678132891654,0.03339947089947093,0.014759256194035203
breast_cancer_wisconsin,xgb_ros,,0.2,0.3,majority_to_minority,0.9262566137566136,0.0194993690314889,0.9120370370370372,0.0143535280517267,0.9716381141782596,0.011197821846073,0.9249964036246412,0.0239565299652532,0.9004737295434969,0.0530774031650136,0.9126984126984128,0.0137464349807054,0.9755291005291004,0.0126658187845274,0.0538998395204543,0.0126803274216357,0.1871244062980015,0.0507597166726887,0.0474102301414162,0.0270103813141508,0.3023255813953488,3,0.9282407407407408,0.0469831091662247,-0.001984126984127199,-0.0069167303542296
breast_cancer_wisconsin,xgb_ros,,0.2,0.3,minority_to_majority,0.7817460317460317,0.0765369108015314,0.5634920634920635,0.1530738216030628,0.9616358837345989,0.0257595449702102,0.8004945891209223,0.0779831211154254,1.0,0.0,0.5634920634920635,0.1530738216030628,0.9710097001763668,0.0220108297600863,0.1263923123478889,0.0451633674593672,0.4972580075263977,0.1989294852287317,0.1597338403828376,0.0438681211853442,0.3,3,0.753968253968254,0.1498762418826421,0.02777777777777779,0.0234839295347532
breast_cancer_wisconsin,xgb_ros,,0.5,0.0,clean,0.956679894179894,0.0161292968230914,0.9365079365079366,0.0274928699614107,0.9884232547526214,0.0066671212215658,0.9589170531665386,0.014654223196281,0.9593302361595044,0.0141486504876004,0.9365079365079366,0.0274928699614107,0.9917328042328042,0.0054638596699265,0.0308863936613003,0.0128219179350295,0.1099887962142626,0.0412121752244243,0.0350174261365978,0.0136305956054525,0.0,3,0.956679894179894,0.0308863936613003,0.0,-0.0
breast_cancer_wisconsin,xgb_ros,,0.5,0.05,majority_to_minority,0.9358465608465608,0.0228461976844125,0.9292328042328044,0.0238370651996562,0.9835268992570856,0.0104468695616833,0.9315674450764376,0.023411967922625,0.8942526035549291,0.0336205347494663,0.9365079365079366,0.0274928699614107,0.988095238095238,0.0086927509445073,0.0430608354508876,0.0115551615499349,0.1403270661830901,0.0376694737696175,0.0461475605972938,0.0142851562849466,0.050632911392405,3,0.9358465608465608,0.0427785490949947,0.0,-0.00028228635589289813
breast_cancer_wisconsin,xgb_ros,,0.5,0.05,minority_to_majority,0.9322089947089948,0.0228461976844125,0.8968253968253969,0.0274928699614107,0.9811643211172864,0.0096331003870371,0.9365467917931136,0.0237826214889588,0.9420523243693976,0.0367368576000574,0.8968253968253969,0.0274928699614107,0.986111111111111,0.0066137566137566,0.0399324359993139,0.0106898650601991,0.1443946212530135,0.0416766935768279,0.0439389122606456,0.0095479805268736,0.0533333333333333,3,0.9322089947089948,0.039146814495325,0.0,-0.0007856215039888995
breast_cancer_wisconsin,xgb_ros,,0.5,0.1,majority_to_minority,0.9361772486772488,0.023060586470385,0.9054232804232804,0.045692395368825,0.9777420466869003,0.0021045302308724,0.926495054380792,0.0321459320555127,0.8691221169318792,0.0758592344877417,0.9603174603174603,0.0137464349807053,0.9830246913580246,0.0042132969254003,0.0576096897323925,0.0163535492773268,0.1960652967294056,0.0266538814614774,0.0674157711699037,0.0247539555887527,0.1017964071856287,3,0.9212962962962964,0.0592047770818074,0.014880952380952439,0.0015950873494149018
breast_cancer_wisconsin,xgb_ros,,0.5,0.1,minority_to_majority,0.9351851851851852,0.0144560138851814,0.8888888888888888,0.0363696483726653,0.9869224741842124,0.0069482302784818,0.9423580460458044,0.010216538929753,0.9659588985648035,0.0127696357673344,0.8888888888888888,0.0363696483726653,0.9902998236331568,0.0060284430837191,0.0364744669447342,0.0103087613828853,0.1374073376258213,0.040016992763749,0.0555388422721005,0.0073403105454271,0.1,3,0.9470899470899472,0.0353628018250067,-0.011904761904761973,-0.0011116651197274965
breast_cancer_wisconsin,xgb_ros,,0.5,0.2,majority_to_minority,0.9143518518518516,0.0280656380856067,0.8287037037037037,0.0561312761712136,0.9760705689361796,0.0081628143443523,0.8893271148451717,0.0351850864195473,0.7759247648902822,0.0589004105272241,1.0,0.0,0.984457671957672,0.0057372194354818,0.0869475404421488,0.0196619653303283,0.2957323243220647,0.0570998711619749,0.1351968894837892,0.0094950829195677,0.202127659574468,3,0.9074074074074074,0.090741641819477,0.006944444444444198,0.0037941013773282045
breast_cancer_wisconsin,xgb_ros,,0.5,0.2,minority_to_majority,0.9358465608465608,0.0273553000762348,0.8809523809523809,0.0476190476190476,0.9769800699473586,0.0087971381739262,0.9451861372099468,0.0247458668719908,0.9819688109161794,0.0156325681601807,0.8809523809523809,0.0476190476190476,0.9840167548500882,0.0054971153614601,0.0488396833340326,0.0150948624094984,0.1889293293158213,0.0426379682520856,0.0609829634202001,0.0200750751014561,0.2,3,0.9239417989417992,0.0529342306156953,0.01190476190476164,0.004094547281662697
breast_cancer_wisconsin,xgb_ros,,0.5,0.3,majority_to_minority,0.7744708994708995,0.0377809942052569,0.5648148148148148,0.0712722422145401,0.9661956698347144,0.0268365249141642,0.7188886836448537,0.046827788284739,0.5706385118149825,0.0401832950317089,0.9841269841269842,0.0137464349807054,0.9690255731922398,0.0244403439054406,0.2002236098051071,0.0284698253278473,0.6255335211753845,0.0913935462319572,0.2707843604383238,0.0272928238170975,0.2990654205607476,3,0.759920634920635,0.2271662851174672,0.014550264550264536,0.02694267531236011
breast_cancer_wisconsin,xgb_ros,,0.5,0.3,minority_to_majority,0.896164021164021,0.0075117835261908,0.8015873015873015,0.0137464349807054,0.9850533304185874,0.0156444460762771,0.9114016564790558,0.0092710661092059,0.9814814814814816,0.0320750149549792,0.8015873015873015,0.0137464349807054,0.9899691358024691,0.0107884001173872,0.0584323133031526,0.0152158511031067,0.1973244249820708,0.0629202476994812,0.0896987337482907,0.008073869873147,0.3,3,0.8796296296296297,0.0681027794877687,0.0165343915343914,0.009670466184616103
south_german_credit,xgb_ros,,0.05,0.0,clean,0.5281746031746032,0.0148849201059611,0.0777777777777777,0.0481125224324688,0.5441958002984965,0.0557044256545972,0.4792702245817231,0.0345599076966347,0.6404761904761904,0.095920176564208,0.0777777777777777,0.0481125224324688,0.7208333333333333,0.0495888709535615,0.2546642174323399,0.0067534392567394,1.2852720419565835,0.1757521530208983,0.2557569756715869,0.0029108261690268,0.0,3,0.5142857142857143,0.2652002076307932,0.01388888888888884,0.010535990198453304
south_german_credit,xgb_ros,,0.05,0.05,majority_to_minority,0.5416666666666666,0.0137292411841319,0.0999999999999999,0.0333333333333333,0.5251444491820773,0.0763485631052807,0.5021648756588778,0.0263138534227822,0.7301587301587301,0.109971479845643,0.0999999999999999,0.0333333333333333,0.7018253968253968,0.0874647915342251,0.2536492745081583,0.0085523136076382,1.2225563526153564,0.104155248639998,0.2537395267064372,0.0061795140438749,0.04,3,0.5253968253968254,0.2622112433115641,0.016269841269841212,0.008561968803405817
south_german_credit,xgb_ros,,0.05,0.05,minority_to_majority,0.5468253968253968,0.0225038839345362,0.1055555555555555,0.0509175077217315,0.5401549806856402,0.0440945582216371,0.5082880927618377,0.0426502199842824,0.7916666666666666,0.0721687836487032,0.1055555555555555,0.0509175077217315,0.7208730158730159,0.0464490695491345,0.2508979390064875,0.0084409106309107,1.214596390724182,0.0940625557726435,0.2430647223799799,0.0105049493729289,0.0416666666666666,3,0.5305555555555556,0.2572758694489797,0.016269841269841212,0.006377930442492186
south_german_credit,xgb_ros,,0.05,0.1,majority_to_minority,0.5202380952380952,0.0135212103471435,0.0666666666666666,0.0288675134594812,0.4776006754830097,0.0391211483484291,0.4688847372733332,0.0251019941313059,0.5095238095238095,0.0861101967620244,0.0666666666666666,0.0288675134594812,0.6821031746031746,0.0503863099890828,0.2628823816776275,0.0047938408937003,1.2225743929545083,0.0457349338299724,0.2590380921773612,0.0121057373518279,0.1111111111111111,3,0.5218253968253969,0.267487754424413,-0.0015873015873016927,0.004605372746785519
south_german_credit,xgb_ros,,0.05,0.1,minority_to_majority,0.5412698412698412,0.0157184939050304,0.0944444444444444,0.0192450089729875,0.5320968481100234,0.1099675348237086,0.5000543912784696,0.0219392773295475,0.7962962962962963,0.2245251046848544,0.0944444444444444,0.0192450089729875,0.7136904761904762,0.0617010154383414,0.2582575529813766,0.0159266560330853,1.275643825531006,0.1501762130308888,0.2576236464021106,0.0084818729029526,0.0833333333333333,3,0.5170634920634921,0.2615711639324823,0.02420634920634912,0.0033136109511057166
south_german_credit,xgb_ros,,0.05,0.2,majority_to_minority,0.5214285714285715,0.0144337567297405,0.0499999999999999,0.0288675134594812,0.4423118157531405,0.0693840657147016,0.4601143733146788,0.02754901903675,0.7222222222222222,0.0962250448649376,0.0499999999999999,0.0288675134594812,0.6298809523809523,0.0776112872252606,0.2651072442531585,0.0108098723381414,1.274973471959432,0.1214433155439858,0.2580393964067722,0.0111198378465381,0.2,3,0.5071428571428571,0.2718861401081084,0.014285714285714346,0.006778895854949896
south_german_credit,xgb_ros,,0.05,0.2,minority_to_majority,0.5273809523809524,0.0285962194034865,0.0666666666666666,0.0600925212577331,0.5010530428802594,0.0956119753435034,0.4726444376457339,0.0540376733686629,0.6333333333333333,0.1527525231651946,0.0666666666666666,0.0600925212577331,0.6909126984126983,0.0675714886964619,0.2666741460561752,0.0159251998543529,1.3555829524993896,0.1260480795249906,0.2661719290291269,0.0112396780093976,0.2083333333333333,3,0.5226190476190476,0.2711719075838725,0.004761904761904745,0.004497761527697319
south_german_credit,xgb_ros,,0.05,0.3,majority_to_minority,0.5158730158730158,0.0195735911986325,0.0555555555555555,0.0346944333244355,0.4417358835893657,0.1145327297971939,0.459295717526875,0.0332973069305973,0.51010101010101,0.28033715326016,0.0555555555555555,0.0346944333244355,0.6406746031746031,0.0802993913579457,0.2600371837615966,0.022187159211822,1.1642209490140278,0.1648433156850144,0.245882469487066,0.0190351062132751,0.2941176470588235,3,0.5035714285714286,0.2719072798887887,0.012301587301587258,0.011870096127192087
south_german_credit,xgb_ros,,0.05,0.3,minority_to_majority,0.5162698412698413,0.0213069742200933,0.0444444444444444,0.041943524640393,0.5115922157792894,0.0854458315233342,0.4526302599817238,0.0409592402056831,0.4880952380952381,0.4230798962837347,0.0444444444444444,0.041943524640393,0.7233333333333333,0.0396928756380441,0.2693962256113688,0.0148473350863755,1.3705542087554932,0.0886613826430742,0.2723405051231384,0.0159039018433203,0.2916666666666667,3,0.5083333333333333,0.2717910607655843,0.00793650793650802,0.0023948351542155133
south_german_credit,xgb_ros,,0.1,0.0,clean,0.5821428571428572,0.0381881307912986,0.1999999999999999,0.0763762615825973,0.5580578579292326,0.0950343958296788,0.5718939872075307,0.0554553901935912,0.6918706293706295,0.0787623308170458,0.1999999999999999,0.0763762615825973,0.7321031746031745,0.0857756339098577,0.2214236905177433,0.0268118794760139,0.9353444576263428,0.2045082373082129,0.2125944799790158,0.0240227796002659,0.0,3,0.5476190476190476,0.2349420636892318,0.03452380952380962,0.01351837317148849
south_german_credit,xgb_ros,,0.1,0.05,majority_to_minority,0.6023809523809524,0.0673329797256155,0.2666666666666666,0.1201850425154663,0.5541022493879739,0.0831991335328719,0.6027765912877102,0.0842754206716656,0.6405415713196033,0.1783138961874252,0.2666666666666666,0.1201850425154663,0.7184126984126985,0.0483925764844747,0.2191700885693231,0.0270806365163268,0.929611325263977,0.116133899536537,0.1980777175258844,0.0330905525422378,0.0588235294117647,3,0.5706349206349206,0.2267449597517649,0.031746031746031744,0.007574871182441795
south_german_credit,xgb_ros,,0.1,0.05,minority_to_majority,0.5785714285714286,0.0293302023684641,0.1999999999999999,0.0333333333333333,0.558240962972057,0.0638773447766151,0.5703491238139997,0.0378956026182756,0.6776315789473685,0.1788457528824761,0.1999999999999999,0.0333333333333333,0.7408730158730159,0.0387960708010411,0.2250593254963556,0.0151849447262548,0.9820390144983928,0.0943804281325742,0.2122911592246964,0.0198955866424424,0.0416666666666666,3,0.5563492063492063,0.2353956848382949,0.022222222222222365,0.0103363593419393
south_german_credit,xgb_ros,,0.1,0.1,majority_to_minority,0.5690476190476191,0.0278428941988726,0.1833333333333332,0.0333333333333333,0.5118718853510362,0.0984068658099199,0.5566877096927718,0.0359292631623326,0.6555555555555556,0.1895413567692442,0.1833333333333332,0.0333333333333333,0.6872619047619049,0.0686062452946088,0.2341690311829248,0.017855535093874,0.9397953351338704,0.0967113191572519,0.2157991181965916,0.0188974783918148,0.0943396226415094,3,0.5567460317460317,0.2412979851166407,0.01230158730158748,0.007128953933715904
south_german_credit,xgb_ros,,0.1,0.1,minority_to_majority,0.5674603174603174,0.0280794278894198,0.1777777777777777,0.041943524640393,0.5689406942046643,0.0537364149592397,0.5534240632279848,0.0387852833553256,0.6372549019607843,0.1326249927300851,0.1777777777777777,0.041943524640393,0.7398412698412699,0.02491605331456,0.2270796298980712,0.011588688702526,0.9931342601776124,0.1000604969240288,0.2220828701229766,0.0127750360360673,0.1041666666666665,3,0.5551587301587302,0.2374399503072102,0.012301587301587258,0.010360320409139007
south_german_credit,xgb_ros,,0.1,0.2,majority_to_minority,0.594047619047619,0.0331414545406548,0.2499999999999999,0.0600925212577331,0.5469966644945911,0.0732319838771265,0.5936961953384015,0.0430280200123351,0.6285072951739618,0.079416563727652,0.2499999999999999,0.0600925212577331,0.7391666666666667,0.0525806528743163,0.2142311831315358,0.0237037245346654,0.8223732908566793,0.1429108038158945,0.1805943487491458,0.0292734644730552,0.2,3,0.5515873015873015,0.2217538009087244,0.04246031746031753,0.0075226177771886005
south_german_credit,xgb_ros,,0.1,0.2,minority_to_majority,0.5638888888888889,0.011251941967268,0.1444444444444444,0.0254587538608657,0.542792111773838,0.017176560131368,0.5401759004339323,0.0195033675779484,0.7883967883967884,0.0261462012201962,0.1444444444444444,0.0254587538608657,0.7208333333333333,0.0215495921222402,0.2362437397241592,0.0026972828964192,1.0776067177454631,0.0345273647473884,0.2273477574329202,0.005936572518924,0.2083333333333333,3,0.5293650793650794,0.2451900641123453,0.03452380952380951,0.0089463243881861
south_german_credit,xgb_ros,,0.1,0.3,majority_to_minority,0.5722222222222223,0.0127293769304329,0.211111111111111,0.0096225044864937,0.4982354857611242,0.0419928689239273,0.5654797741907766,0.0144582826491716,0.5832216905901116,0.0883801005713126,0.211111111111111,0.0096225044864937,0.6927777777777777,0.0554223033465665,0.2296921958525975,0.0059276689012449,0.8906604846318563,0.0794955713413076,0.2026409597353388,0.0091480214964759,0.3043478260869565,3,0.5503968253968253,0.23152324060599,0.02182539682539697,0.0018310447533924912
south_german_credit,xgb_ros,,0.1,0.3,minority_to_majority,0.5456349206349206,0.0087751366617048,0.1222222222222221,0.0192450089729875,0.5150094572625464,0.0403809046547898,0.5153379443604035,0.0152477657147525,0.6273504273504273,0.0349069706951489,0.1222222222222221,0.0192450089729875,0.7154365079365079,0.0413265597734189,0.252729391058286,0.0075676511821287,1.1517141660054524,0.0501437404618805,0.2482770677531758,0.0136461687825587,0.2916666666666667,3,0.5285714285714286,0.2559586266676584,0.017063492063492003,0.003229235609372383
south_german_credit,xgb_ros,,0.2,0.0,clean,0.6285714285714286,0.0149166239120733,0.3499999999999999,0.0166666666666666,0.5483979117029211,0.0518202843388556,0.6385270033191848,0.0176264533368934,0.6214865119788718,0.0605918447895821,0.3499999999999999,0.0166666666666666,0.7291269841269842,0.038885467131614,0.2076345135768253,0.0163754075098566,0.7868677377700806,0.1175170491437855,0.1745925512444227,0.0285836134911186,0.0,3,0.6242063492063492,0.2065675656000772,0.00436507936507935,-0.0010669479767481116
south_german_credit,xgb_ros,,0.2,0.05,majority_to_minority,0.640079365079365,0.0630877503793041,0.3944444444444444,0.1250925583244189,0.5466950198660178,0.0777470047165583,0.6476936308433768,0.0689288706361639,0.587420255183413,0.0891152227851118,0.3944444444444444,0.1250925583244189,0.728015873015873,0.0793677479710078,0.2077174137036005,0.0324689190709259,0.7377942601839701,0.131114184787283,0.1650786083998779,0.0332841336950956,0.0495049504950495,3,0.6134920634920635,0.2073875367641448,0.026587301587301493,-0.0003298769394557144
south_german_credit,xgb_ros,,0.2,0.05,minority_to_majority,0.6309523809523809,0.0312258977347714,0.3666666666666666,0.0833333333333333,0.5244345712001947,0.0318257642406231,0.6389617014025718,0.0344203404912015,0.5999088630667578,0.0184412472458276,0.3666666666666666,0.0833333333333333,0.7226984126984126,0.0427114476769474,0.2086084683736164,0.0152281699481889,0.7943930625915527,0.103315222994815,0.1674731649737804,0.012516868492348,0.0520833333333332,3,0.6015873015873016,0.2057190438111622,0.029365079365079372,-0.002889424562454196
south_german_credit,xgb_ros,,0.2,0.1,majority_to_minority,0.6626984126984127,0.0476983466708467,0.4277777777777777,0.0917928424547684,0.5935124603759094,0.0953332296366844,0.6742236612649292,0.0513756263015396,0.6372761225702402,0.0602596225526782,0.4277777777777777,0.0917928424547684,0.7615873015873015,0.0636387566301154,0.1965194841225941,0.0302698888494149,0.6928498148918152,0.1460247001548765,0.1635141194425523,0.0313431633598837,0.102803738317757,3,0.6567460317460317,0.1984178473552067,0.005952380952380931,0.0018983632326126099
south_german_credit,xgb_ros,,0.2,0.1,minority_to_majority,0.6091269841269841,0.0342214454957942,0.311111111111111,0.0509175077217315,0.552839480823499,0.0465851504057583,0.6154166015163719,0.0401393957782226,0.5915881504116799,0.0924631314823642,0.311111111111111,0.0509175077217315,0.7505952380952382,0.0530920349236644,0.2122548669576644,0.016458091169573,0.7731762131055196,0.0825308873879287,0.1825073348513493,0.0178672779192714,0.1041666666666665,3,0.5746031746031747,0.2146207143863041,0.0345238095238094,0.0023658474286396836
south_german_credit,xgb_ros,,0.2,0.2,majority_to_minority,0.6416666666666666,0.0561294058767917,0.3999999999999999,0.1258305739211791,0.5717540846603382,0.1002598170128406,0.6487263077286513,0.0589953193591731,0.5877956989247312,0.0471277884330946,0.3999999999999999,0.1258305739211791,0.7269444444444445,0.0449411200416404,0.1961004386345545,0.0233623200798233,0.6670116980870565,0.0692873555189601,0.1377483723902454,0.0205139154304226,0.2,3,0.6392857142857142,0.1944080491860707,0.0023809523809523725,-0.0016923894484837942
south_german_credit,xgb_ros,,0.2,0.2,minority_to_majority,0.6166666666666667,0.0245999741902045,0.3,0.0726483157256779,0.5615152553332573,0.0659128715647716,0.6220533867559946,0.0330475525401909,0.6787114845938375,0.0983815551599367,0.3,0.0726483157256779,0.7413095238095239,0.0560647301630353,0.2124119848012923,0.0227041811899011,0.8294505476951599,0.1514784047535105,0.1885469142037133,0.0270054843334183,0.1979166666666666,3,0.5876984126984127,0.2180493126312891,0.028968253968253976,0.005637327829996791
south_german_credit,xgb_ros,,0.2,0.3,majority_to_minority,0.6448412698412699,0.0601435986330895,0.4611111111111111,0.1134476547592341,0.5738741274824596,0.0691101433641133,0.6485045296295399,0.0606635169582332,0.5297619047619048,0.0757874176777154,0.4611111111111111,0.1134476547592341,0.7263888888888889,0.063118743749755,0.2026026397943496,0.0253141315948257,0.6568495829900106,0.0913641871105831,0.1503694621752947,0.031861237989828,0.2992700729927007,3,0.6285714285714286,0.1938676585753758,0.016269841269841323,-0.008734981218973786
south_german_credit,xgb_ros,,0.2,0.3,minority_to_majority,0.5944444444444444,0.0182237500050874,0.2388888888888888,0.0254587538608657,0.557348068092614,0.0729779169677478,0.5935924221707293,0.0235770465251775,0.6735334713595583,0.0792693259199495,0.2388888888888888,0.0254587538608657,0.7380555555555555,0.0538361624608493,0.2179432113965352,0.0249757279647493,0.8765716751416525,0.1183833930946837,0.2003393309501309,0.0290053989907338,0.3020833333333333,3,0.5650793650793651,0.2282805740833282,0.029365079365079372,0.010337362686793
south_german_credit,xgb_ros,,0.5,0.0,clean,0.6904761904761906,0.0460608145765549,0.6626984126984127,0.0753801151073034,0.6224950737395379,0.1045748891699075,0.6700639859126075,0.0425156766109278,0.5003997887018402,0.0489917828929642,0.6666666666666666,0.0763762615825972,0.7682936507936509,0.0686632707259682,0.2152309268712997,0.0377583867121633,0.6933249036471049,0.1358141249889149,0.1729501614967981,0.0312682815917563,0.0,3,0.6904761904761906,0.2152309268712997,0.0,-0.0
south_german_credit,xgb_ros,,0.5,0.05,majority_to_minority,0.6698412698412698,0.0308223765541768,0.6507936507936508,0.0387103123754196,0.6350969016057654,0.0809541501249137,0.6461289975940855,0.0283148445473289,0.4688522258569192,0.0309018836531535,0.6611111111111111,0.0509175077217315,0.7617460317460317,0.0532629123376466,0.2270711362361907,0.0222418019257908,0.7038704554239908,0.0722276907591371,0.1962436874521275,0.0174955652450397,0.0513833992094861,3,0.6813492063492063,0.2288570702075957,-0.011507936507936467,0.0017859339714049738
south_german_credit,xgb_ros,,0.5,0.05,minority_to_majority,0.6722222222222222,0.0399534404006566,0.611111111111111,0.113447654759234,0.6200968975199717,0.0763947700094443,0.657920078132844,0.0285548764109636,0.4944444444444444,0.0208693104992308,0.611111111111111,0.113447654759234,0.7615873015873017,0.0536328131558877,0.2074077129364013,0.0232325586186118,0.6605939070383707,0.0914361054256233,0.1619971490682412,0.0285275476253535,0.05,3,0.6849206349206348,0.2063982834418614,-0.012698412698412653,-0.0010094294945399152
south_german_credit,xgb_ros,,0.5,0.1,majority_to_minority,0.6642857142857143,0.0685842415277813,0.6190476190476191,0.0607492896293955,0.583109124335511,0.1163720389838419,0.6337820176881541,0.0561906826520295,0.4502002951718322,0.0568668022174825,0.6833333333333332,0.1201850425154663,0.7446031746031746,0.093511911076758,0.2413476854562758,0.0374253509764958,0.7531088391939799,0.1420934919667551,0.2190769771051902,0.0239077146700641,0.1011235955056179,3,0.6722222222222222,0.2472244997819264,-0.007936507936507908,0.005876814325650598
south_german_credit,xgb_ros,,0.5,0.1,minority_to_majority,0.6722222222222222,0.0602965711530875,0.6111111111111112,0.1004618962223617,0.5948830775969625,0.0585408613479957,0.6590862794078699,0.0544889529977349,0.4944034293879495,0.0618867787279066,0.6111111111111112,0.1004618962223617,0.7508730158730158,0.059653707469149,0.2129572530587513,0.0316325929170126,0.666260838508606,0.1060543506785245,0.1725914151345689,0.0334732821050141,0.1,3,0.6861111111111112,0.207846239209175,-0.013888888888889062,-0.005111013849576296
south_german_credit,xgb_ros,,0.5,0.2,majority_to_minority,0.6444444444444445,0.0562723038841429,0.5579365079365078,0.013113263207824,0.5556338162400047,0.0416203472156218,0.5989723358842766,0.0357056789532999,0.4141882582249554,0.0356192865685003,0.7222222222222223,0.1347150628109127,0.7352777777777777,0.062012878724826,0.2800901532173156,0.0079856529245523,0.8953484694163004,0.0248038953341781,0.2753044740917781,0.0073141718874315,0.2,3,0.642063492063492,0.2991588314374288,0.0023809523809524835,0.019068678220113155
south_german_credit,xgb_ros,,0.5,0.2,minority_to_majority,0.6793650793650793,0.0756147643823122,0.5611111111111111,0.1347150628109127,0.5723252932371768,0.1300486997601792,0.676141087443201,0.0713327503389298,0.538706751144562,0.085085020106819,0.5611111111111111,0.1347150628109127,0.7501587301587302,0.0598214384427064,0.2004062533378601,0.0344941348046275,0.6396523912747701,0.1145841826986453,0.1567370500663916,0.0338370358558784,0.2,3,0.6785714285714285,0.1992362240950266,0.0007936507936507908,-0.0011700292428335202
south_german_credit,xgb_ros,,0.5,0.3,majority_to_minority,0.6115079365079366,0.0407958896303682,0.3619047619047619,0.027042420694287,0.4949133692971399,0.1210687917286145,0.5114984074191887,0.0325636763374449,0.3663106441588837,0.0241514908102395,0.8611111111111112,0.0673575314054563,0.6817857142857143,0.0698872391104141,0.3644727071126302,0.0292343271506227,1.2451780239741008,0.156274351309941,0.3732518000900746,0.0132904284257232,0.3002915451895043,3,0.6027777777777777,0.3948530654112498,0.00873015873015881,0.030380358298619625
south_german_credit,xgb_ros,,0.5,0.3,minority_to_majority,0.6329365079365079,0.0332978836441241,0.4277777777777777,0.0822147143719374,0.537723956055288,0.0790445619087522,0.6379009219307988,0.0340252004447867,0.5297619047619048,0.0371726071333237,0.4277777777777777,0.0822147143719374,0.711547619047619,0.0506668960342105,0.2044987132151921,0.0249428358139679,0.6769489248593649,0.0980994140465374,0.1345415961804488,0.0268550271571708,0.3,3,0.6424603174603175,0.2041078358888626,-0.009523809523809601,-0.0003908773263295029
spambase,xgb_ros,,0.05,0.0,clean,0.8602348015837752,0.0216408603384528,0.7300275482093664,0.0453500761243921,0.9655480886709424,0.0086627114995239,0.8754586012140813,0.0202581965817988,0.9804063718013896,0.0031124068745892,0.7300275482093664,0.0453500761243921,0.9701988934638004,0.008717782498396,0.0947089617451031,0.015104483095075,0.4404602746168772,0.1124350996250647,0.1055261739749606,0.0183027637759544,0.0,3,0.8069304975463334,0.1229281251629193,0.053304304037441796,0.028219163417816204
spambase,xgb_ros,,0.05,0.05,majority_to_minority,0.8528663961215281,0.0077972008417184,0.7134986225895318,0.0145771422097222,0.9684143000829992,0.0034066315198137,0.8689395505835993,0.0075821975809198,0.9835148473359596,0.0025075144294322,0.7134986225895318,0.0145771422097222,0.9729487774453562,0.0039673167494928,0.0912953689694404,0.0006316338326101,0.3632865051428477,0.0199011975944475,0.1039355439396855,0.0021602948432536,0.048780487804878,3,0.8136348825498385,0.1190369501709937,0.039231513571689636,0.02774158120155329
spambase,xgb_ros,,0.05,0.05,minority_to_majority,0.8464384806027034,0.012314137470938,0.7006427915518825,0.0267562943697584,0.9613959577736356,0.0057858525609507,0.8627370403478188,0.011505759704337,0.9833650242384776,0.0052168214689608,0.7006427915518825,0.0267562943697584,0.9666985923095404,0.0065041874105441,0.1060548623402913,0.0061180767114555,0.4781484703222911,0.0551110928547047,0.1191609150592211,0.0110260834859336,0.0512820512820511,3,0.7885428083375298,0.1370718280474344,0.05789567226517367,0.0310169657071431
spambase,xgb_ros,,0.05,0.1,majority_to_minority,0.8744902593876202,0.0185407031018045,0.7603305785123967,0.0317701448889002,0.9634022982019186,0.0081577652033973,0.8886082253634239,0.0179930130868813,0.9773467507076056,0.0114422453972437,0.7603305785123967,0.0317701448889002,0.9706580302865738,0.0066725816976773,0.0814880256851513,0.0096539521416266,0.3179822564125061,0.0360765658326842,0.0858221379837807,0.0081969638608139,0.1,3,0.8236198742063845,0.1131062408288319,0.050870385181235656,0.0316182151436806
spambase,xgb_ros,,0.05,0.1,minority_to_majority,0.8257773235779101,0.0143971977723593,0.6593204775022957,0.0246911472171694,0.9643147030885574,0.0034214801220242,0.8426363404927577,0.0147720410855412,0.9820482149073072,0.010888864454991,0.6593204775022957,0.0246911472171694,0.9710661519068166,0.0023761956823123,0.1094567626714706,0.0087179608308031,0.4784783820311228,0.0400272562903032,0.1267034122171779,0.009081428611532,0.1025641025641024,3,0.7753660752194477,0.1442643702030181,0.050411248358462446,0.034807607531547505
spambase,xgb_ros,,0.05,0.2,majority_to_minority,0.8558705332898882,0.0290794322737497,0.7272727272727272,0.0607935991479722,0.9506030163145284,0.0068107164658241,0.8703106488234985,0.0269567671752454,0.9683732114088818,0.0031492900781141,0.7272727272727272,0.0607935991479722,0.9581428491496918,0.0072671062089234,0.093492716550827,0.0153077331668186,0.3490814665953318,0.0611954611805066,0.092393135734865,0.0231826264551108,0.1986301369863013,3,0.8090657306199828,0.1235942145188648,0.04680480266990539,0.030101497968037808
spambase,xgb_ros,,0.05,0.2,minority_to_majority,0.8098457695231889,0.0154061769112227,0.6262626262626263,0.0316904204347794,0.9600860368079358,0.005334148743043,0.8267616177762331,0.0155113780010596,0.9841748157324008,0.0018906291205613,0.6262626262626263,0.0316904204347794,0.9657046186860456,0.0075605180928604,0.1264213348428408,0.009218825039839,0.5663074056307474,0.0694571082616555,0.1478030121223909,0.0096253302985881,0.1965811965811964,3,0.7419873218993454,0.166229541103045,0.06785844762384352,0.039808206260204204
spambase,xgb_ros,,0.05,0.3,majority_to_minority,0.8609654709361454,0.0057423404161499,0.7410468319559228,0.0099326481417741,0.9437793295785056,0.0044580083829943,0.8749346039902143,0.0063097680217502,0.9621597976543144,0.0189596724493873,0.7410468319559228,0.0099326481417741,0.949374816921249,0.0056525706701676,0.0887218217055002,0.0012060141067876,0.3180646300315856,0.0074958451619295,0.0786116367655627,0.0063214703742641,0.2994011976047904,3,0.8082856917167768,0.1169146299362181,0.052679779219368617,0.02819280823071789
spambase,xgb_ros,,0.05,0.3,minority_to_majority,0.7691208270387156,0.0058688649258213,0.5436179981634527,0.0124221756276112,0.9526313823095962,0.0084116460050982,0.7843167155492399,0.0063262781953419,0.9850696486298962,0.004828861958548,0.5436179981634527,0.0124221756276112,0.9629728368731302,0.0080939101300548,0.1518853455781936,0.0045566885206028,0.6676756739616394,0.0610553199794095,0.1806441639333294,0.0014412684433926,0.2991452991452991,3,0.6734154842659241,0.203638990720113,0.09570534277279152,0.05175364514191938
spambase,xgb_ros,,0.1,0.0,clean,0.9147782813471964,0.0082641144287278,0.8438934802571166,0.0141366430838757,0.977912554476482,0.003502181723854,0.924491513996228,0.007890334550695,0.9745757325912948,0.0095144660738512,0.8438934802571166,0.0141366430838757,0.9812922315366108,0.0045483809312894,0.0566642296810944,0.0022903439602981,0.2411400278409322,0.0285099644775533,0.0579896355197817,0.0044292496761754,0.0,3,0.8860624821035378,0.0722319483757018,0.028715799243658635,0.015567718694607394
spambase,xgb_ros,,0.1,0.05,majority_to_minority,0.911907441966093,0.0046115831586739,0.8411386593204776,0.0084161169787986,0.9747040070466876,0.0019797890868726,0.9214159672330234,0.004224834404151,0.9693039937120118,0.0020063307520161,0.8411386593204776,0.0084161169787986,0.9786822279490902,0.0024800473353789,0.0559337784846623,0.0004145795363379,0.2187943756580352,0.0052823945319349,0.0506878067485494,0.0031213148786823,0.048582995951417,3,0.8858304452146095,0.0713647057612736,0.02607699675148345,0.0154309272766113
spambase,xgb_ros,,0.1,0.05,minority_to_majority,0.8917054217640729,0.0104860228662937,0.8007346189164372,0.0141366430838757,0.9754638349193552,0.004458944919862,0.903400497503486,0.0106763338956249,0.9678018472988236,0.0139397932661149,0.8007346189164372,0.0141366430838757,0.9801715427326376,0.0038898517339465,0.0690732598304748,0.0036608931690191,0.2652047822872797,0.026598204369101,0.0707412944059013,0.0002917136474735,0.051063829787234,3,0.8634043267474353,0.0877968991796175,0.02830109501663758,0.0187236393491427
spambase,xgb_ros,,0.1,0.1,majority_to_minority,0.909081035180742,0.0036886811022829,0.8420569329660239,0.0104295837388434,0.9701892459270954,0.0008334141914215,0.917727548015868,0.0033741264160336,0.9583507159929838,0.0111354727332642,0.8420569329660239,0.0104295837388434,0.9743097313967304,0.000894343187612,0.0601833562056223,0.0009131830789803,0.2212980240583419,0.0071976916161466,0.0491387955402841,0.00385219461335,0.0996168582375478,3,0.8882865803686918,0.0692804530262946,0.020794454812050223,0.0090970968206723
spambase,xgb_ros,,0.1,0.1,minority_to_majority,0.8872300719808052,0.0061985240567073,0.7887970615243343,0.0141366430838757,0.975624969280116,0.0002492729827642,0.8998462073337726,0.0053268679869572,0.9728581534068924,0.0028428994127662,0.7887970615243343,0.0141366430838757,0.9814946466950376,0.0015036115198376,0.070017119248708,0.0015020641338818,0.2624001652002334,0.0124667564956835,0.0773251766095917,0.0009210236929723,0.102127659574468,3,0.8467593826831363,0.0945148716370264,0.04047068929766884,0.024497752388318403
spambase,xgb_ros,,0.1,0.2,majority_to_minority,0.9145413075031842,0.0071077958040531,0.8613406795224977,0.0130187758298969,0.9658109578662728,0.005010538078837,0.9209817316185976,0.0065123650191979,0.9455695447545924,0.0059767852732582,0.8613406795224977,0.0130187758298969,0.9712899605372723,0.0047297120490676,0.0587367477516332,0.0038451938510686,0.2080312172571817,0.0154724651219998,0.0340814830589037,0.0026459811539409,0.2006802721088435,3,0.8800443338566506,0.072336047887802,0.03449697364653359,0.0135993001361688
spambase,xgb_ros,,0.1,0.2,minority_to_majority,0.8553225312756104,0.008694991306648,0.71900826446281,0.0190859593120537,0.969710607864642,0.0056663445000148,0.8711711129711651,0.0080452416152917,0.9825487074156276,0.0084404973902771,0.71900826446281,0.0190859593120537,0.9763289460259158,0.0062808417821054,0.0947792058189709,0.0074067951703878,0.3716955184936523,0.0400619195136286,0.1096411312376143,0.0052955932627951,0.2,3,0.811062728951292,0.122266096373399,0.044259802324318476,0.0274868905544281
spambase,xgb_ros,,0.1,0.3,majority_to_minority,0.9073555693790296,0.0081457750411262,0.8475665748393021,0.0195443495443459,0.9634472112819984,0.0061527202727654,0.9145687414020808,0.0067762329660837,0.9438884266802248,0.0084027033373592,0.8475665748393021,0.0195443495443459,0.9678489028440151,0.0077180199536421,0.0604876056313514,0.0035101739267276,0.2112105836470921,0.016218944871081,0.027560421228921,0.0018088252466084,0.3005952380952381,3,0.883258291616063,0.070511574546496,0.024097277762966662,0.010023968915144593
spambase,xgb_ros,,0.1,0.3,minority_to_majority,0.8224251310761574,0.0156209329360916,0.6538108356290174,0.0294564094257951,0.9639230539100349,0.0059321736419389,0.8391406318056246,0.0157993178550632,0.9792612798319836,0.0075007165441147,0.6538108356290174,0.0294564094257951,0.9734613979482016,0.0072695414687883,0.1126159081856409,0.0058388203316468,0.436091403166453,0.0096232387634408,0.1367392260335194,0.0099662484864643,0.2978723404255319,3,0.743386948665541,0.1554242322842279,0.07903818241061644,0.04280832409858698
spambase,xgb_ros,,0.2,0.0,clean,0.9445505889787414,0.0052693300209238,0.9100091827364556,0.0111334762653647,0.9837482697895612,0.0029218643128176,0.9490579121058514,0.0048198891211515,0.9659661606122584,0.0090335712537654,0.9100091827364556,0.0111334762653647,0.9864447669921764,0.0017574057682773,0.0384883818527062,0.0047385628748846,0.1491584827502568,0.0193597729100461,0.0256332418090254,0.0061284138423265,0.0,3,0.9296533270140308,0.0446895733475685,0.01489726196471064,0.006201191494862299
spambase,xgb_ros,,0.2,0.05,majority_to_minority,0.9339632888019984,0.0024155373982763,0.8989898989898989,0.0057346170784189,0.9799753223097104,0.0024566969920689,0.9380179327933978,0.0038973292419819,0.9497800147024954,0.0149225372590111,0.8989898989898989,0.0057346170784189,0.983841346011434,0.0017109167246543,0.0442517635722954,0.0023454452509925,0.1568298439184824,0.0086894764315631,0.0236123454097389,0.0037846913954191,0.0506072874493927,3,0.9281821143991232,0.0481291090448696,0.005781174402875178,0.0038773454725741993
spambase,xgb_ros,,0.2,0.05,minority_to_majority,0.9233364929845868,0.0055025420848337,0.8723599632690542,0.0084161169787986,0.9795175695895048,0.0040909316758447,0.9298659756846824,0.0052728597732464,0.9566839566839568,0.0047856358662771,0.8723599632690542,0.0084161169787986,0.984224782856259,0.0024058240219008,0.0487706847488879,0.0023226994446353,0.181148146589597,0.011326336460294,0.0400658890104761,0.0010221104413253,0.0490405117270788,3,0.906076898012382,0.059113332380851,0.01725959497220475,0.010342647631963103
spambase,xgb_ros,,0.2,0.1,majority_to_minority,0.941469929006586,0.0099535222218586,0.9146005509641874,0.009932648141774,0.97858721698982,0.0037927790392548,0.9443180816610218,0.0105630155515529,0.949576753084569,0.0170240159024444,0.9146005509641874,0.009932648141774,0.9826696420049305,0.0026766326249951,0.0422677062451838,0.0045463176725095,0.1536825398604075,0.0150052532890328,0.0128917987584808,0.0035082559645529,0.0998080614203454,3,0.9313960721585356,0.0451469632486501,0.0100738568480504,0.0028792570034663
spambase,xgb_ros,,0.2,0.1,minority_to_majority,0.91082871728033,0.010914447912654,0.8383838383838383,0.0224367157444823,0.976582826716001,0.0027478400702455,0.9205388974837072,0.0095708511600329,0.9702511898832252,0.0014348120268744,0.8383838383838383,0.0224367157444823,0.98193897265256,0.0018681031837705,0.0560332996149857,0.0050029678540062,0.2073609729607899,0.0188142582608704,0.0545243411565922,0.0085081126594481,0.1002132196162046,3,0.8864722493754752,0.0692839622497558,0.024356467904854795,0.013250662634770101
spambase,xgb_ros,,0.2,0.2,majority_to_minority,0.9208482676224612,0.0071802470343056,0.8888888888888888,0.0141366430838756,0.9704112352906588,0.0043513686685251,0.9236768398630234,0.0066840149560606,0.9246395854301352,0.0104091157748225,0.8888888888888888,0.0141366430838756,0.9753794049981732,0.0032599720409712,0.0542331921557585,0.0038969956170285,0.1888694564501444,0.0127076796300135,0.0253005693799778,0.003978710031783,0.1996587030716723,3,0.9165383058344936,0.0534686284760633,0.004309961787967609,-0.0007645636796952057
spambase,xgb_ros,,0.2,0.2,minority_to_majority,0.8791482765089803,0.0101021890740819,0.7750229568411386,0.0193492263596928,0.9720303063903124,0.0033637928542639,0.8920721378459998,0.0094216901205954,0.9678760635718632,0.0052651989158207,0.7750229568411386,0.0193492263596928,0.9792812451658982,0.0022773566082148,0.0732299536466598,0.0034046334602094,0.2549989322821299,0.0151899684040315,0.0810225069422747,0.001235864812163,0.2004264392324093,3,0.8441872290845898,0.0938664848605791,0.034961047424390546,0.0206365312139193
spambase,xgb_ros,,0.2,0.3,majority_to_minority,0.9229291941901911,0.0013398990688132,0.9127640036730944,0.0031809932186755,0.967807989826821,0.0003838775929148,0.9217771491380105,0.0021220640465576,0.8987879407234246,0.0071771964501719,0.9127640036730944,0.0031809932186755,0.9716223821795668,0.0010760183928255,0.0614622595409551,0.0022892331549411,0.2166628340880075,0.0062959909937787,0.0548071394817059,0.0098487900491293,0.3,3,0.9215172250362864,0.0549621048072973,0.0014119691539047352,-0.006500154733657795
spambase,xgb_ros,,0.2,0.3,minority_to_majority,0.8452437374724765,0.0007246863186988,0.7006427915518825,0.0069328139901476,0.9668956470106036,0.0077650538248148,0.8613407314445887,0.0008959114214245,0.97840482490296,0.0130435612778766,0.7006427915518825,0.0069328139901476,0.9767420046012422,0.004289336133797,0.0943565741181373,0.0016145782354178,0.3210381666819255,0.0078055798944885,0.113376038440227,0.0081849313290914,0.3006396588486141,3,0.8044743623922509,0.1214166432619094,0.0407693750802256,0.027060069143772097
spambase,xgb_ros,,0.5,0.0,clean,0.954044353604471,0.0025983924397241,0.9529261332780394,0.0024011118455122,0.9837607406571974,0.0037116890847771,0.9520803316797876,0.0023770470219451,0.9310008452205668,0.0017130145049873,0.9540863177226814,0.0042080584893992,0.9878830665731936,0.0023979087815385,0.0365700647234916,0.0033203833256279,0.1386043652892112,0.0163444505005358,0.0220171964066348,0.0041370337404715,0.0,3,0.9542048046446872,0.0365540459752082,-0.00016045104021611412,-1.6018748283400108e-05
spambase,xgb_ros,,0.5,0.05,majority_to_minority,0.943728585957325,0.0014132804631261,0.9342891278375148,0.0041387116070939,0.9801397668702138,0.0028260243170744,0.9395382356854016,0.0012740271421315,0.9042163269548849,0.0050611265174422,0.953168044077135,0.0055096418732782,0.9846032827460002,0.0028614087970208,0.0445412968595822,0.0022730924566772,0.1620251983404159,0.009752030179841,0.0386397554456561,0.001340352046169,0.0501618122977346,3,0.9431534306900876,0.0455720958610375,0.0005751552672373927,0.0010307990014553
spambase,xgb_ros,,0.5,0.05,minority_to_majority,0.9362540359607808,0.0051554949784897,0.9155188246097338,0.008855510340673,0.9778024501250598,0.0019748464487031,0.9376511360374168,0.0046778611492972,0.9326372727872322,0.0031017771505686,0.9155188246097338,0.008855510340673,0.9840108481359704,0.0002029162612344,0.0441842228174209,0.0012190761501025,0.1557147254546483,0.0022141736092725,0.0179321627670893,0.0029049700874803,0.0502555366269165,3,0.935955350178224,0.0448571989933649,0.0002986857825568734,0.0006729761759440012
spambase,xgb_ros,,0.5,0.1,majority_to_minority,0.9433583143260564,0.0033462751116676,0.927120669056153,0.0037305842284339,0.9817840088251352,0.0018139394572581,0.9378273372350384,0.0034154473049347,0.895469777637405,0.0049633924871969,0.9595959595959596,0.0042080584893993,0.9854952259644342,0.0019930934647118,0.0491027471919854,0.0023486320594173,0.1784789115190505,0.010264398084961,0.0622051926804999,0.0048290616772786,0.0996932515337423,3,0.9368316597055598,0.0520372539758681,0.006526654620496619,0.0029345067838826983
spambase,xgb_ros,,0.5,0.1,minority_to_majority,0.9311368820166472,0.0071308240854229,0.8999081726354454,0.0114692341568381,0.9750582433244626,0.0049586338537877,0.9343183809657948,0.0067800928953177,0.9396034039820168,0.0075449708959685,0.8999081726354454,0.0114692341568381,0.9829016788938588,0.0022606151468139,0.0462841552992661,0.0023099663325404,0.1623447140057881,0.009280607215452,0.024359173648035,0.0035863487243221,0.0996592844974446,3,0.927441571136586,0.0471364272137482,0.0036953108800612533,0.0008522719144821028
spambase,xgb_ros,,0.5,0.2,majority_to_minority,0.9063657098847716,0.0115838081773038,0.8494623655913979,0.0187102267184776,0.9706137838874996,0.004358953869967,0.8923691495255626,0.0129093935904822,0.8065789809417261,0.0197593796517014,0.963269054178145,0.0079524830466889,0.9765116133640084,0.0032403216175701,0.0834321056803066,0.0044083634759438,0.2868862251440684,0.0095990969658515,0.1310192459531551,0.0048979719358182,0.2002724795640326,3,0.8924607758918609,0.0972335711121559,0.013904933992910706,0.013801465431849305
spambase,xgb_ros,,0.5,0.2,minority_to_majority,0.9087329798473492,0.0171614239802417,0.8503213957759413,0.0291976365391821,0.9641894516026424,0.0123691785881468,0.915754884380232,0.0160576761076317,0.9438474912607284,0.0133695881389436,0.8503213957759413,0.0291976365391821,0.9785555127686116,0.0051720544608513,0.0580080598592757,0.0089392541030348,0.1998288482427596,0.0261049319040628,0.0490315777636926,0.0059244062704953,0.2001703577512776,3,0.9023766501772368,0.0620678501824537,0.006356329670112459,0.004059790323177999
spambase,xgb_ros,,0.5,0.3,majority_to_minority,0.8313462089121914,0.0205090716883429,0.6911589008363203,0.0325224793042203,0.9640287525141004,0.0066743552717433,0.8013899656833293,0.0228564553260853,0.6722207421129541,0.0247916840713152,0.9715335169880625,0.008855510340673,0.9698993848553966,0.0069528893154645,0.1384148051341374,0.0098905689523244,0.4288353621959686,0.0203352051768544,0.214221471034117,0.0055914538484745,0.2999403697078115,3,0.7579312183417755,0.1841825544834136,0.0734149905704159,0.045767749349276216
spambase,xgb_ros,,0.5,0.3,minority_to_majority,0.8653692348707013,0.0059584425675231,0.7594123048668503,0.0096746131798463,0.9551875157369032,0.0091158779298561,0.8775612327523056,0.0061052950892134,0.9452194357366772,0.0113804989049899,0.7594123048668503,0.0096746131798463,0.9737074228765332,0.0039555004082127,0.0799537623922029,0.0017538129613367,0.2590272923310597,0.0081620004907024,0.0895035388487465,0.003358397225931,0.2998296422487223,3,0.8409461180722179,0.0901715507109959,0.024423116798483413,0.010217788318792997
banknote_authentication,xgb_smote,,0.05,0.0,clean,0.9631147540983608,0.0187810479301468,0.9262295081967212,0.0375620958602938,0.9972199588410176,0.0033336921057796,0.9665033479662252,0.0171655598545251,1.0,0.0,0.9262295081967212,0.0375620958602938,0.9974999107110968,0.0031226105210035,0.0283389684433738,0.0141422070165283,0.1116699626048405,0.0633705467360991,0.037953551458477,0.0173782058883214,0.0,3,0.9139344262295084,0.0644426668683687,0.0491803278688524,0.036103698424994904
banknote_authentication,xgb_smote,,0.05,0.05,majority_to_minority,0.9748741026465232,0.0130709896965921,0.9562841530054644,0.026348772571019,0.9975598151323348,0.0007037654377589,0.976557885962434,0.0119763358298084,0.9915663815185346,0.008269654555068,0.9562841530054644,0.026348772571019,0.9978213507625272,0.0007658052659877,0.0167109038059909,0.0032952314689971,0.0645199418067931,0.0012255076240498,0.022880780586239,0.0054165541169843,0.0588235294117647,3,0.9289617486338798,0.0538105455537636,0.045912354012643375,0.037099641747772694
banknote_authentication,xgb_smote,,0.05,0.05,minority_to_majority,0.9480874316939892,0.0272882299937681,0.8961748633879781,0.0545764599875359,0.9972045143660084,0.0024832088212566,0.9526026668518144,0.0250999259130768,1.0,0.0,0.8961748633879781,0.0545764599875359,0.9972320440015716,0.0028309511075504,0.0389807640264431,0.0200642448038137,0.14859023441871,0.0801798401786201,0.0503969496274084,0.0213588870184333,0.0625,3,0.8852459016393442,0.0816599701841672,0.06284153005464499,0.042679206157724095
banknote_authentication,xgb_smote,,0.05,0.1,majority_to_minority,0.9765170184649452,0.0028628339430961,0.9617486338797812,0.0047323792556527,0.9982915785923364,0.0012039937997599,0.9778399335810884,0.0036525846115958,0.9889106784330206,0.0126018132496297,0.9617486338797812,0.0047323792556527,0.9986249508911031,0.0009528427138079,0.0160674123714367,0.00330149177226,0.0537906227012474,0.0121770127047314,0.0201374180005355,0.0064437558860583,0.1111111111111111,3,0.9330601092896176,0.050721718619267,0.04345690917532763,0.034654306247830294
banknote_authentication,xgb_smote,,0.05,0.1,minority_to_majority,0.9371584699453552,0.0343708896869101,0.8743169398907105,0.0687417793738203,0.9959834363586676,0.0051927235640435,0.9423374699517016,0.0322533286943541,1.0,0.0,0.8743169398907105,0.0687417793738203,0.9965713061180757,0.0045004795976679,0.0509769407411416,0.0297667762317396,0.1965760762492815,0.1414631848792105,0.0647054564529521,0.0342823479130883,0.09375,3,0.8551912568306012,0.0952605406443277,0.08196721311475408,0.044283599903186095
banknote_authentication,xgb_smote,,0.05,0.2,majority_to_minority,0.9650701810778956,0.0060397260809104,0.9562841530054644,0.0125206986200978,0.9959344736048684,0.0018972256880109,0.9655805621931424,0.0056651384957139,0.9669120493725946,0.0078384255106122,0.9562841530054644,0.0125206986200978,0.9965713061180757,0.0018254285907425,0.0221686158329248,0.0046159848897073,0.07371295367678,0.0189823106766338,0.0254262060152761,0.0025974227312108,0.2,3,0.9234972677595628,0.0521506170431772,0.041572913318332794,0.0299820012102524
banknote_authentication,xgb_smote,,0.05,0.2,minority_to_majority,0.9098360655737704,0.0327868852459017,0.819672131147541,0.0655737704918033,0.9970719002988474,0.0027838515048941,0.9166225891297064,0.0312142855207488,1.0,0.0,0.819672131147541,0.0655737704918033,0.997589199614272,0.0022773396878637,0.063558464248975,0.0208984837385541,0.2275979419549306,0.0885664696636664,0.0841466560894905,0.0225710410590308,0.1875,3,0.814207650273224,0.131551407277584,0.09562841530054644,0.06799294302860899
banknote_authentication,xgb_smote,,0.05,0.3,majority_to_minority,0.9577217043465835,0.0063683772730724,0.951962570091789,0.0019795573356978,0.9895599898493326,0.0063891575139992,0.957080774520092,0.005671430144134,0.9461178491566336,0.0041278771654463,0.9590163934426228,0.0141971377669579,0.990463945140898,0.0063864726731937,0.0364035349339246,0.0078952687252514,0.1261078442136446,0.0310054775676634,0.0347843406236532,0.0131659835388379,0.3043478260869565,3,0.9169434622665096,0.0568986100455124,0.04077824208007397,0.020495075111587803
banknote_authentication,xgb_smote,,0.05,0.3,minority_to_majority,0.8879781420765028,0.027288229993768,0.7759562841530054,0.0545764599875359,0.9899087291567548,0.0052903556629707,0.895695078390775,0.0263698473270822,1.0,0.0,0.7759562841530054,0.0545764599875359,0.990624665166613,0.0054363085093423,0.0851944833993911,0.0217322295480853,0.3438001573085785,0.0778850683667581,0.1065062152377018,0.0197525298676091,0.3125,3,0.75,0.177698791027069,0.13797814207650283,0.0925043076276779
banknote_authentication,xgb_smote,,0.1,0.0,clean,0.9740437158469946,0.0165633273947843,0.9480874316939892,0.0331266547895687,0.9998430136820816,0.0001707310982249,0.9764915998611944,0.0151094653761759,1.0,0.0,0.9480874316939892,0.0331266547895687,0.9998749955355548,0.0001348232871756,0.0170699044441182,0.0067549208071347,0.0556481493016083,0.0183571771326743,0.0266500675085592,0.0051624586828283,0.0,3,0.9549180327868853,0.02920929590861,0.01912568306010931,0.012139391464491799
banknote_authentication,xgb_smote,,0.1,0.05,majority_to_minority,0.9904371584699456,0.0094647585113052,0.9808743169398908,0.0189295170226107,0.9998483630847044,0.0001622279703091,0.9913762028057652,0.0085520346900106,1.0,0.0,0.9808743169398908,0.0189295170226107,0.9998749955355548,0.0001348232871758,0.0062871939347435,0.0039508447364436,0.0262151863425969,0.0115861582349851,0.0152329979193481,0.0045928164019913,0.044776119402985,3,0.9603825136612022,0.0255462465186913,0.030054644808743425,0.0192590525839478
banknote_authentication,xgb_smote,,0.1,0.05,minority_to_majority,0.98224043715847,0.006260349310049,0.96448087431694,0.0125206986200978,0.9996981970290448,0.0004662183300194,0.9839720639363896,0.0056740426832428,1.0,0.0,0.96448087431694,0.0125206986200978,0.9997499910711096,0.000387559098793,0.013459747036298,0.0049369467901855,0.0499655877550442,0.0166426529311548,0.0239495951631529,0.0064463031647752,0.046875,3,0.9453551912568308,0.0380246303975581,0.03688524590163922,0.0245648833612601
banknote_authentication,xgb_smote,,0.1,0.1,majority_to_minority,0.9828118861387908,0.0066857477307402,0.9754455516268438,0.0081432067120579,0.9992837746862184,0.0007249873366216,0.9828206673679064,0.0076251865290352,0.98113406795225,0.0183026721258122,0.9808743169398908,0.0047323792556527,0.9994285510196792,0.0005778309827979,0.0096384030766784,0.0042443224587669,0.037021281197667,0.0137387115175262,0.0209971965386559,0.0037874784222098,0.0985915492957745,3,0.9740437158469948,0.0187920170525709,0.008768170291795996,0.0091536139758925
banknote_authentication,xgb_smote,,0.1,0.1,minority_to_majority,0.9658469945355193,0.022572010439697,0.9316939890710382,0.0451440208793942,0.9996155536277548,0.0002680864919816,0.9689745920078888,0.0206481835216163,1.0,0.0,0.9316939890710382,0.0451440208793942,0.9996964177292046,0.0002028253989714,0.0256444951519369,0.0140046345740109,0.0864539432028929,0.0416344308809271,0.0400100588606613,0.0152180158411391,0.09375,3,0.9098360655737706,0.063248861581087,0.05601092896174864,0.037604366429150105
banknote_authentication,xgb_smote,,0.1,0.2,majority_to_minority,0.982570806100218,0.007547062342348,0.9651416122004356,0.0150941246846961,0.9991899400406936,0.0007544125013431,0.9804433666547968,0.0084343957554821,0.9583231583231584,0.0172006673604725,1.0,0.0,0.9993571198971392,0.0005965674877135,0.0140054933726787,0.0053126182859007,0.0539343506097793,0.0178090212360663,0.0297121762619776,0.0029831617329191,0.2,3,0.9789724633022608,0.0168068545560041,0.0035983427979571214,0.0028013611833254005
banknote_authentication,xgb_smote,,0.1,0.2,minority_to_majority,0.9398907103825138,0.0333792123575699,0.8797814207650273,0.0667584247151399,0.999867422065782,0.0001319582043164,0.9449003168972278,0.0312390034706616,1.0,0.0,0.8797814207650273,0.0667584247151399,0.9998928533161898,0.0001071466838101,0.0398664381355046,0.0203227328281406,0.1312417785326639,0.0619177820123497,0.062214178863179,0.0206025792309984,0.203125,3,0.837431693989071,0.1031223485867182,0.10245901639344279,0.0632559104512136
banknote_authentication,xgb_smote,,0.1,0.3,majority_to_minority,0.9528465302332226,0.0189253154047723,0.9302832244008714,0.0136056601272296,0.9930327859858096,0.0052940963248791,0.949935065992575,0.0184618251089119,0.9176677120934178,0.0165692743141999,0.9754098360655736,0.0245901639344261,0.9939283545840925,0.0047990272842644,0.0377096980810165,0.0128549251923285,0.1265399530529975,0.0361417309376463,0.0485313847435242,0.0084253455021376,0.2967032967032967,3,0.967766705953784,0.0245394967496394,-0.014920175720561368,-0.013170201331377099
banknote_authentication,xgb_smote,,0.1,0.3,minority_to_majority,0.9207650273224044,0.0456987122504855,0.8415300546448087,0.0913974245009711,0.9931669458242472,0.0072108406603241,0.92670671271754,0.0435466535207221,1.0,0.0,0.8415300546448087,0.0913974245009711,0.9928211721847208,0.008349882704219,0.0527982680747906,0.0283662011015184,0.2050976008176802,0.113786147983678,0.0750965377996026,0.0267302916939628,0.296875,3,0.8169398907103824,0.1166728163758913,0.10382513661202197,0.0638745483011007
banknote_authentication,xgb_smote,,0.2,0.0,clean,0.9948123147255258,0.0063683772730724,0.9896246294510518,0.0127367545461448,1.0,0.0,0.995080468029698,0.0056422480769899,0.997289972899729,0.0046939046275579,0.9918032786885246,0.014197137766958,1.0,0.0,0.0045091231974462,0.0031875971762865,0.0194060029461979,0.0085357898447474,0.0136863326687704,0.0053273806383849,0.0,3,0.9931693989071038,0.0079471079322198,0.0016429158184220194,0.0034379847347735994
banknote_authentication,xgb_smote,,0.2,0.05,majority_to_minority,0.9907318118504232,0.0063384871065654,0.9836422729383192,0.0141352766002175,0.9997900754880406,0.0003076973806185,0.9902005264470376,0.007626636555843,0.9841443999827892,0.0207724479124014,0.9945355191256832,0.0047323792556526,0.9998214221936498,0.0002642710201605,0.0062880845119555,0.0024156816791135,0.0254211456825335,0.0059588301817608,0.0164078993237379,0.0031848218683122,0.0518518518518517,3,0.9937229901067894,0.0072140474803744,-0.0029911782563661893,0.0009259629684189004
banknote_authentication,xgb_smote,,0.2,0.05,minority_to_majority,0.9904371584699456,0.0094647585113052,0.9808743169398908,0.0189295170226107,1.0,0.0,0.9913762028057652,0.0085520346900106,1.0,0.0,0.9808743169398908,0.0189295170226107,1.0,0.0,0.0070969606749712,0.0042827383188357,0.0284960033992925,0.0096352843160951,0.0218648654363597,0.0044708998414342,0.046875,3,0.9767759562841531,0.0163410700236757,0.013661202185792476,0.0092441093487045
banknote_authentication,xgb_smote,,0.2,0.1,majority_to_minority,0.982570806100218,0.007547062342348,0.9651416122004356,0.0150941246846961,0.9981479572741608,0.0015968077749598,0.9804433666547968,0.0084343957554821,0.9583231583231584,0.0172006673604725,1.0,0.0,0.998535661987928,0.0012383826884949,0.0167111065238714,0.0075150808804733,0.0624119713902472,0.0289319967562078,0.0267958049916407,0.0053625963815053,0.0985915492957745,3,0.9784367298832102,0.0145224813992778,0.004134076217007787,-0.0021886251245936007
banknote_authentication,xgb_smote,,0.2,0.1,minority_to_majority,0.9685792349726776,0.0094647585113053,0.9371584699453552,0.0189295170226106,0.9998686534580372,0.0001301244091068,0.9715439542777058,0.0086231963494552,1.0,0.0,0.9371584699453552,0.0189295170226106,0.99989285331619,0.0001071466838101,0.0202325284481048,0.0036263521862613,0.0680559563140074,0.0087978209490805,0.0388095251442581,0.0040018149266081,0.1015625,3,0.9521857923497268,0.032500193764766,0.016393442622950838,0.012267665316661198
banknote_authentication,xgb_smote,,0.2,0.2,majority_to_minority,0.968132790456802,0.0100317543039139,0.9389978213507626,0.0247446986745109,0.9979997983232752,0.0010964766310083,0.964637030819706,0.0116882284582692,0.9293528181980656,0.0270337181595745,0.9972677595628416,0.0047323792556526,0.998464230865388,0.0007620482264849,0.026689926162362,0.0066742352901909,0.0963700488209724,0.0177928186602802,0.0471810438732305,0.0133354604132745,0.2,3,0.984195864138005,0.0148832332342862,-0.016063073681202966,-0.0118066929280758
banknote_authentication,xgb_smote,,0.2,0.2,minority_to_majority,0.9590163934426228,0.0245901639344262,0.918032786885246,0.0491803278688525,0.9997111267839598,0.0003410134753851,0.9626974359302176,0.0225739561227375,1.0,0.0,0.918032786885246,0.0491803278688525,0.9997678488517447,0.000274917038436,0.0260456440349419,0.0147174376704568,0.0876973196864127,0.0394124704085614,0.0504665667329434,0.0124483232479129,0.203125,3,0.9098360655737704,0.0571820798019567,0.0491803278688524,0.0311364357670148
banknote_authentication,xgb_smote,,0.2,0.3,majority_to_minority,0.9515161255759136,0.012277065088956,0.9084967320261438,0.0172924922291803,0.995602182474408,0.0052679050728198,0.9464503137267134,0.0127874423172954,0.8967190410547623,0.0182787118180462,0.9945355191256832,0.0094647585113053,0.9957677059894996,0.005429969404853,0.0406832906107107,0.0055286502774597,0.14103148629268,0.0205108894533954,0.0681779485331339,0.0113494272348415,0.3005464480874317,3,0.9765527340262152,0.0218296467016139,-0.025036608450301645,-0.0188536439090968
banknote_authentication,xgb_smote,,0.2,0.3,minority_to_majority,0.9289617486338798,0.010313981468949,0.8579234972677595,0.0206279629378982,0.9983487966704572,0.0008993556163171,0.9349353317175404,0.0096672444751484,1.0,0.0,0.8579234972677595,0.0206279629378982,0.9986249508911031,0.0008113015958855,0.0502811148762702,0.0081844512865224,0.1703039656082788,0.036386584943672,0.0789459236214558,0.0129389925759796,0.296875,3,0.8360655737704917,0.1034641837080319,0.09289617486338808,0.0531830688317617
banknote_authentication,xgb_smote,,0.5,0.0,clean,0.9986338797814208,0.0023661896278262,0.9972677595628416,0.0047323792556526,1.0,0.0,0.9987712407787206,0.0021282734015247,1.0,0.0,0.9972677595628416,0.0047323792556526,1.0,0.0,0.0015666236286051,0.0012370343025093,0.0125509463250636,0.0032675095544133,0.0111855785018114,0.0018250797602829,0.0,3,0.9986338797814208,0.0016080026010361,0.0,4.137897243099999e-05
banknote_authentication,xgb_smote,,0.5,0.05,majority_to_minority,0.9869281045751634,0.0032679738562091,0.9738562091503268,0.0065359477124184,0.999617322790792,0.0005001747886995,0.9853145964293808,0.0036612197416721,0.968294629837937,0.0076851200474013,1.0,0.0,0.9996964177292048,0.0003948952531785,0.0097684697248041,0.003834990740618,0.0448027209689219,0.0144149294012491,0.0273611028718225,0.0021508886455044,0.0504451038575667,3,0.9880174291938998,0.0101537094451486,-0.0010893246187363426,0.0003852397203445001
banknote_authentication,xgb_smote,,0.5,0.05,minority_to_majority,0.9849726775956285,0.0125206986200979,0.9699453551912568,0.0250413972401958,0.9999553912496932,7.726462199354686e-05,0.9864284152994772,0.0113393401980438,1.0,0.0,0.9699453551912568,0.0250413972401958,0.99996428443873,6.186116674059775e-05,0.0104094261769204,0.0088648102456386,0.0400691137959559,0.0241074321081942,0.0285482652702678,0.0136500764194356,0.05,3,0.9849726775956285,0.010117464698851,0.0,-0.00029196147806940034
banknote_authentication,xgb_smote,,0.5,0.1,majority_to_minority,0.9760348583877996,0.0123723493372556,0.9520697167755992,0.024744698674511,0.999575060360706,0.0002736943746327,0.97315387425942,0.0138231699115176,0.943846711388696,0.028068126770455,1.0,0.0,0.9996607021679343,0.0002165140835919,0.0207078345119952,0.00692109147791,0.0785750212768713,0.0173918146885281,0.0476743446064717,0.0098966836771987,0.1011235955056179,3,0.9782135076252724,0.0230269922564426,-0.002178649237472796,0.0023191577444473983
banknote_authentication,xgb_smote,,0.5,0.1,minority_to_majority,0.9754098360655736,0.007098568883479,0.9508196721311476,0.014197137766958,0.9999109556929522,0.0001542292639314,0.9777716571773806,0.0064461705339705,1.0,0.0,0.9508196721311476,0.014197137766958,0.99992856887746,0.0001237223334811,0.0184899577870964,0.0060290847279712,0.0672982645531495,0.0153353025900522,0.0468406992744315,0.0057695054756951,0.1,3,0.9685792349726776,0.020574412929515,0.006830601092896016,0.0020844551424186
banknote_authentication,xgb_smote,,0.5,0.2,majority_to_minority,0.9248366013071896,0.0235656946108757,0.8496732026143792,0.0471313892217515,0.9988348251686698,0.0007835882096985,0.916285588134468,0.0261277474785179,0.8427966471872583,0.0427589228121742,1.0,0.0,0.9990356798457088,0.0006316203858648,0.0569010662535826,0.0137266691223606,0.1825685054063796,0.0410987473127282,0.1058294604425176,0.0150679377139736,0.2,3,0.9019607843137254,0.0726298913359641,0.022875816993464193,0.015728825082381506
banknote_authentication,xgb_smote,,0.5,0.2,minority_to_majority,0.9565609486053072,0.0180834895832656,0.9153005464480874,0.0331266547895687,0.999602315388534,0.0006888099524473,0.960281920390048,0.0169130127903879,0.9969418960244648,0.0052967914604552,0.9153005464480874,0.0331266547895687,0.9996964177292046,0.0005258199172949,0.0272850325951973,0.009431508926636,0.0938088273008664,0.0257812931408586,0.0638804650238968,0.0083753840275915,0.2,3,0.9469981070752528,0.0339858469863732,0.009562841530054378,0.0067008143911759
banknote_authentication,xgb_smote,,0.5,0.3,majority_to_minority,0.8529411764705882,0.0246726615531724,0.7058823529411765,0.0493453231063447,0.9955185410643788,0.0052319385618919,0.835800521439944,0.0280466033693459,0.7315275387263339,0.0328119104319491,1.0,0.0,0.9965355905568056,0.0039194065569047,0.1210780044396718,0.0190150205122413,0.3797220389048258,0.0698939539030474,0.1868091708466862,0.015979004893446,0.299781181619256,3,0.7745098039215685,0.174999381105105,0.07843137254901966,0.05392137666543319
banknote_authentication,xgb_smote,,0.5,0.3,minority_to_majority,0.889344262295082,0.0283942755339159,0.778688524590164,0.056788551067832,0.9983693209163076,0.0011178918556065,0.8970063239599746,0.0273150341051236,1.0,0.0,0.778688524590164,0.056788551067832,0.9986428086717384,0.0009222294606003,0.0681374780833721,0.0108137238691742,0.2128427326679229,0.0276870076754794,0.1077292626859112,0.0116279743086568,0.3,3,0.8633879781420765,0.0829073712229728,0.02595628415300555,0.014769893139600698
blood_transfusion,xgb_smote,,0.05,0.0,clean,0.5499512670565302,0.0263800115202528,0.1759259259259259,0.0424312564347763,0.4266489258810602,0.0424572034623981,0.5470482632171656,0.0343620390149189,0.4236299648064354,0.0963168503690359,0.1759259259259259,0.0424312564347763,0.6887183235867447,0.0553605755205979,0.209619715809822,0.0119925526019237,0.8856929540634155,0.0233698442772251,0.2100960621568891,0.0175727266006739,0.0,3,0.5112085769980507,0.211589440703392,0.03874269005847952,0.001969724893570002
blood_transfusion,xgb_smote,,0.05,0.05,majority_to_minority,0.5557992202729045,0.0306524016213672,0.1759259259259259,0.0578240555407259,0.3618482377576195,0.0855496968116183,0.5527952935475279,0.0423014800344085,0.4624183006535947,0.1252000833626831,0.1759259259259259,0.0578240555407259,0.5901965562053281,0.1023708189671625,0.2153208057085672,0.0217917106278338,0.9122625192006428,0.1536492431048126,0.1976040858733985,0.0234311432290236,0.0666666666666666,3,0.5331384015594541,0.2115211089452107,0.02266081871345038,-0.003799696763356508
blood_transfusion,xgb_smote,,0.05,0.05,minority_to_majority,0.5467836257309941,0.032992058761394,0.1666666666666666,0.0833333333333333,0.3647219816968328,0.0954549348232155,0.5392186812658616,0.0489651420650716,0.4023391812865497,0.0702046722734919,0.1666666666666666,0.0833333333333333,0.6142787524366472,0.0597250753476193,0.2191637655099233,0.0215297519495538,0.9545576969782512,0.0649444725703521,0.2082725495327678,0.0187437178626083,0.0714285714285714,3,0.5185185185185185,0.2164057493209838,0.02826510721247566,-0.002758016188939505
blood_transfusion,xgb_smote,,0.05,0.1,majority_to_minority,0.5416666666666666,0.045233124281886,0.1388888888888888,0.1001542020962219,0.3258427606820422,0.1147217736048486,0.5272051882911927,0.072583458583071,0.3871794871794871,0.1943143173106399,0.1388888888888888,0.1001542020962219,0.5551494476933073,0.1567700016921155,0.2214070955912272,0.0280805703386389,1.0224900643030803,0.2116497932292841,0.2084708079198995,0.0383232687982061,0.125,3,0.5097465886939571,0.2181880076726277,0.03192007797270957,-0.0032190879185995114
blood_transfusion,xgb_smote,,0.05,0.1,minority_to_majority,0.5545808966861597,0.0416495638781917,0.1851851851851852,0.0892930626017866,0.379719594739225,0.0574531283097427,0.5507312624964824,0.0589282912466957,0.4154704944178628,0.1243175397836625,0.1851851851851852,0.0892930626017866,0.6423814165042235,0.0792360358459014,0.2166867852210998,0.0133982485526401,0.933498760064443,0.1444314750136227,0.2045135497301816,0.0142096435028886,0.0714285714285714,3,0.5155945419103314,0.2087463686863581,0.03898635477582835,-0.007940416534741701
blood_transfusion,xgb_smote,,0.05,0.2,majority_to_minority,0.5355750487329435,0.0218362199836594,0.1296296296296296,0.0424312564347762,0.3087627115680255,0.0270619173647489,0.5228271610707121,0.0324179186478057,0.4053613053613054,0.0913125349406078,0.1296296296296296,0.0424312564347762,0.5582358674463938,0.0498258600261047,0.2292730261882146,0.0099784513918968,0.9910802245140076,0.0040478212941299,0.2184863110238478,0.0222710479633398,0.2222222222222222,3,0.5207115009746589,0.2138254990180332,0.014863547758284579,-0.015447527170181413
blood_transfusion,xgb_smote,,0.05,0.2,minority_to_majority,0.5426413255360624,0.0202094876118362,0.1203703703703703,0.0424312564347762,0.3598509442909328,0.0205277662188167,0.5271688825331933,0.0323131054563706,0.5148148148148147,0.0788288764955287,0.1203703703703703,0.0424312564347762,0.5896686159844055,0.0287823629240143,0.216063047448794,0.0025065910738088,1.0496819814046223,0.023465818390662,0.2116246255983908,0.006823041910913,0.2142857142857142,3,0.5095029239766081,0.2176976104577382,0.033138401559454245,0.0016345630089441843
blood_transfusion,xgb_smote,,0.05,0.3,majority_to_minority,0.5862573099415205,0.0464166896677998,0.2222222222222222,0.0962250448649376,0.4455345227387357,0.1069746547860233,0.5908064544697734,0.0655896476781385,0.5714285714285715,0.1356191070685322,0.2222222222222222,0.0962250448649376,0.6427063027940221,0.0903468335474058,0.1872593661149343,0.0229051055248064,0.8087987105051676,0.1309312102463227,0.1607384630127085,0.026735574108344,0.3,3,0.5263157894736842,0.1998238166173298,0.059941520467836296,0.012564450502395519
blood_transfusion,xgb_smote,,0.05,0.3,minority_to_majority,0.540204678362573,0.0445186841479096,0.1388888888888888,0.0734930919740164,0.3481418008906838,0.0457082181445532,0.5296160977097061,0.0610825379871669,0.4217948717948718,0.183664753334321,0.1388888888888888,0.0734930919740164,0.6083089668615984,0.00719120592757,0.220387448867162,0.0121699904876024,0.9734631578127544,0.0079805549554067,0.2097245044054256,0.0106266457483473,0.2857142857142857,3,0.5,0.2148586114247639,0.04020467836257302,-0.005528837442398099
blood_transfusion,xgb_smote,,0.1,0.0,clean,0.5350877192982456,0.0095029239766082,0.1666666666666666,0.0277777777777777,0.3310639321834995,0.0064538396505539,0.5298402506849925,0.0139483875681105,0.3515651874785002,0.0175842833424589,0.1666666666666666,0.0277777777777777,0.6160656270305392,0.0336655089795266,0.2230905890464782,0.0040942373098828,0.8822929859161377,0.0471185688817959,0.200309735317197,0.0096258800685298,0.0,3,0.5041423001949318,0.2142406404018401,0.03094541910331383,-0.00884994864463809
blood_transfusion,xgb_smote,,0.1,0.05,majority_to_minority,0.5350877192982456,0.0303956474945785,0.1666666666666666,0.0734930919740164,0.3520823209692601,0.0765057946436113,0.5279178380139915,0.0391830807666316,0.3574162679425837,0.0817566012415477,0.1666666666666666,0.0734930919740164,0.6253654970760234,0.0510074708316359,0.2164286325375238,0.0197337235563119,0.86663818359375,0.140711676011938,0.1926756153338485,0.0238496644022984,0.0344827586206896,3,0.5348440545808967,0.2014287163813909,0.0002436647173489348,-0.014999916156132914
blood_transfusion,xgb_smote,,0.1,0.05,minority_to_majority,0.560916179337232,0.038335979912891,0.2037037037037037,0.0699058744006551,0.3328881127836933,0.032246445745619,0.5614694369165915,0.0493692639634329,0.4338624338624338,0.1065779739602311,0.2037037037037037,0.0699058744006551,0.57614522417154,0.0445073466503584,0.2123908748229344,0.0074952234110608,0.8711083730061849,0.0545210544902296,0.1718327782717015,0.0151936593923748,0.0357142857142857,3,0.5350877192982456,0.2011048793792724,0.025828460038986423,-0.01128599544366199
blood_transfusion,xgb_smote,,0.1,0.1,majority_to_minority,0.5328947368421053,0.046330268647634,0.1944444444444444,0.0833333333333333,0.3629212479868571,0.0820752003471646,0.5299501265326354,0.0562370216843278,0.3212682379349045,0.1155142667426804,0.1944444444444444,0.0833333333333333,0.6392137751786874,0.0555577374518816,0.222360814611117,0.0192266889690535,0.8150249918301901,0.0686713225774434,0.2001361605980329,0.0224460634075232,0.096774193548387,3,0.5394736842105262,0.2049745023250579,-0.0065789473684209065,-0.017386312286059108
blood_transfusion,xgb_smote,,0.1,0.1,minority_to_majority,0.5618908382066277,0.0218606772098994,0.1851851851851851,0.069905874400655,0.3876350552014116,0.0647542452271149,0.5588094289829578,0.0342901541079699,0.5029761904761905,0.0670138705309386,0.1851851851851851,0.069905874400655,0.6693875893437297,0.0471693189372337,0.2033125112454096,0.0129280250487445,0.78129643201828,0.0694117172424591,0.1702877356112002,0.0282506982146032,0.1071428571428571,3,0.5194931773879142,0.2049138844013213,0.042397660818713434,0.0016013731559116895
blood_transfusion,xgb_smote,,0.1,0.2,majority_to_minority,0.5947855750487329,0.0310507638854927,0.2685185185185185,0.0892930626017866,0.4152295512127097,0.031871460730625,0.6016051414408469,0.0396998233830367,0.523056653491436,0.0387942868625439,0.2685185185185185,0.0892930626017866,0.6383203378817414,0.0190901366896785,0.1944607347249984,0.0107393749862372,0.751786450544993,0.0612261054378607,0.1643564117865429,0.0200796948849455,0.2,3,0.5582358674463938,0.1885910580555597,0.03654970760233911,-0.005869676669438689
blood_transfusion,xgb_smote,,0.1,0.2,minority_to_majority,0.563840155945419,0.0577500801728597,0.2037037037037037,0.0848625128695526,0.3739965845153614,0.1012121165441614,0.566085402184707,0.0723199256009622,0.464985994397759,0.1990964217805811,0.2037037037037037,0.0848625128695526,0.6107862248213125,0.0683070406251855,0.2150282263755798,0.0303807117746217,0.9208722313245138,0.1159414910809456,0.1963293392459551,0.0233794539200506,0.2142857142857142,3,0.5467836257309941,0.2019052654504775,0.01705653021442488,-0.013122960925102317
blood_transfusion,xgb_smote,,0.1,0.3,majority_to_minority,0.5631091617933723,0.0300449564167609,0.287037037037037,0.0320750149549792,0.3341996470495167,0.0644810349025326,0.5667251256923462,0.0326209535897263,0.3635290436365705,0.0638147100393404,0.287037037037037,0.0320750149549792,0.5637589343729694,0.0444970625985423,0.2307854791482289,0.0225508695552485,0.8167831103006998,0.0411699743051886,0.2065850645634862,0.0263145497640562,0.3,3,0.5450779727095517,0.2057167390982309,0.01803118908382062,-0.025068740049997984
blood_transfusion,xgb_smote,,0.1,0.3,minority_to_majority,0.5550682261208577,0.0349834993780117,0.2037037037037037,0.0699058744006551,0.3598714607863734,0.0296040150225919,0.5545784543325527,0.0445123739049668,0.4023809523809523,0.0846159792567469,0.2037037037037037,0.0699058744006551,0.6282082521117608,0.0286205794457641,0.2149256815512974,0.0135013211439134,0.945213794708252,0.0965452687126667,0.2002570551095737,0.0201026358197164,0.2857142857142857,3,0.5272904483430799,0.2133417477210362,0.02777777777777779,-0.0015839338302612027
blood_transfusion,xgb_smote,,0.2,0.0,clean,0.5350877192982456,0.0309185467581236,0.2222222222222221,0.0734930919740164,0.3362395589653131,0.0613018230875232,0.533906987794872,0.0342342289209673,0.3139051332033787,0.053728491936597,0.2222222222222221,0.0734930919740164,0.5835769980506822,0.0339383492498176,0.2379469126462936,0.0150140872182257,0.8456991910934448,0.0862160451708438,0.2064235378222332,0.0267006113394151,0.0,3,0.5426413255360624,0.215569516023,-0.007553606237816757,-0.022377396623293605
blood_transfusion,xgb_smote,,0.2,0.05,majority_to_minority,0.5804093567251462,0.005709246839113,0.3333333333333333,0.0277777777777777,0.3884861175444498,0.0212572727885064,0.583138841156373,0.0047784684343842,0.3792785634832353,0.0078341497312404,0.3333333333333333,0.0277777777777777,0.6225227420402858,0.0486294791870021,0.2263982892036437,0.0031908159314279,0.8054201404253641,0.0278295559870748,0.1955797065918644,0.0185802883294119,0.05,3,0.5682261208576999,0.2048217505216597,0.012183235867446296,-0.021576538681983976
blood_transfusion,xgb_smote,,0.2,0.05,minority_to_majority,0.6006335282651072,0.0556532561453181,0.3796296296296296,0.1425444844290801,0.387479745886189,0.044863928869841,0.5980582910910283,0.0541640297837635,0.4011579335936741,0.0648297130705573,0.3796296296296296,0.1425444844290801,0.6390513320337882,0.0256700326782473,0.2140792111555735,0.0161940184565402,0.7540061275164286,0.0167810011414564,0.193942015916109,0.0231714716468094,0.0526315789473684,3,0.5616471734892788,0.1988690694173176,0.03898635477582835,-0.015210141738255883
blood_transfusion,xgb_smote,,0.2,0.1,majority_to_minority,0.6191520467836257,0.0272240123531229,0.4166666666666667,0.0734930919740164,0.3987526030292779,0.0329771871070409,0.619095452107686,0.0253278123796679,0.4279054043429721,0.0508448928302054,0.4166666666666667,0.0734930919740164,0.6564327485380117,0.0136381517107163,0.2168955008188883,0.003516180728652,0.7355153361956278,0.0213454906667531,0.1804487664128343,0.0130423298853222,0.0952380952380951,3,0.5901559454191033,0.193734919031461,0.028996101364522353,-0.023160581787427303
blood_transfusion,xgb_smote,,0.2,0.1,minority_to_majority,0.6038011695906432,0.0178608066123839,0.3333333333333333,0.0481125224324688,0.4032044282980152,0.0378911778422159,0.6112764027615869,0.0172310040425514,0.455,0.0136422546197874,0.3333333333333333,0.0481125224324688,0.6639051332033788,0.0016360653897403,0.204849824309349,0.0011401636952357,0.724342405796051,0.0733388915783976,0.1695887198299168,0.0055343964617796,0.1052631578947368,3,0.5886939571150097,0.1901113986968994,0.015107212475633514,-0.014738425612449618
blood_transfusion,xgb_smote,,0.2,0.2,majority_to_minority,0.5942982456140351,0.0770982273300305,0.4166666666666667,0.1666666666666666,0.401668639478516,0.1190702930032531,0.5861629295039473,0.0689354501172781,0.3624676285608583,0.0999592540878705,0.4166666666666667,0.1666666666666666,0.6497725795971411,0.091026004059096,0.2218918999036152,0.029347489444069,0.7429673671722412,0.1090004807522313,0.1832997091031736,0.0472577183087575,0.1971830985915491,3,0.5794346978557505,0.2062822133302688,0.014863547758284579,-0.015609686573346382
blood_transfusion,xgb_smote,,0.2,0.2,minority_to_majority,0.5692007797270955,0.0464991196852676,0.2962962962962963,0.080187537387448,0.3658128661168947,0.0634918220933109,0.572314126790938,0.0487890575559967,0.3723118279569892,0.0806787564433274,0.2962962962962963,0.080187537387448,0.5932423651721898,0.068980178940258,0.2324804812669753,0.0204656210115813,0.8258853753407797,0.0453819255058944,0.2055265365127059,0.0144045278156063,0.1929824561403508,3,0.567738791423002,0.2101232608159382,0.0014619883040934978,-0.02235722045103708
blood_transfusion,xgb_smote,,0.2,0.3,majority_to_minority,0.6262183235867447,0.0283898152966156,0.4629629629629629,0.0424312564347762,0.4009056394958195,0.0720327831071854,0.6204292929292929,0.0287719586495279,0.4108391608391608,0.0439155828219596,0.4629629629629629,0.0424312564347762,0.6578541260558805,0.0580256372678437,0.2165969610214233,0.0240108293292887,0.686714251836141,0.0876442669060484,0.1786061965508593,0.030243498466491,0.2962962962962963,3,0.6135477582846004,0.2043120165665944,0.012670565302144277,-0.012284944454828917
blood_transfusion,xgb_smote,,0.2,0.3,minority_to_majority,0.5487329434697856,0.0274715084650369,0.2407407407407407,0.0578240555407259,0.3751118067006456,0.0761227818417914,0.5500536791509347,0.0305329803068844,0.3613071895424837,0.0983253341287948,0.2407407407407407,0.0578240555407259,0.6434779077322937,0.0675906484001002,0.2080059895912806,0.0243105908361661,0.7275800903638204,0.1257617747337414,0.1728634257283475,0.024249657950291,0.2982456140350877,3,0.5384990253411306,0.1949897905190785,0.01023391812865504,-0.013016199072202111
blood_transfusion,xgb_smote,,0.5,0.0,clean,0.6189083820662767,0.0308868457650893,0.5448343079922028,0.0884150446095641,0.427470786188701,0.0450816836510772,0.5846383719042544,0.024727584370606,0.351023070025271,0.0247528232124406,0.5740740740740741,0.1156481110814518,0.6531432748538011,0.0395435631568408,0.2728624840577443,0.0096370434268649,0.8877371152242025,0.0627309631453938,0.2765825223839944,0.0217604039369056,0.0,3,0.6189083820662767,0.2728624840577443,0.0,-0.0
blood_transfusion,xgb_smote,,0.5,0.05,majority_to_minority,0.6632553606237817,0.0207315577694013,0.6330409356725146,0.0196690410044937,0.4357170820866774,0.040768832375106,0.6221062150133001,0.0285647457329455,0.3917876445449975,0.0365307096917259,0.6481481481481481,0.0424312564347762,0.6930636777128005,0.0145539108753587,0.2545915842056274,0.0112864141239429,0.835127055644989,0.0509113981736861,0.2531755251685778,0.0292255786674605,0.0469798657718119,3,0.6486354775828459,0.26007741689682,0.014619883040935755,0.005485832691192627
blood_transfusion,xgb_smote,,0.5,0.05,minority_to_majority,0.5862573099415205,0.0482843633154144,0.5380116959064328,0.071458183683333,0.4042953250603965,0.0650423881557283,0.5510708451061831,0.0327814545857133,0.3126206037970743,0.0360917341616374,0.5555555555555555,0.1001542020962218,0.6514782326185835,0.0271432907312154,0.2631961603959401,0.0050251842239266,0.824077824751536,0.0411822741419568,0.2471462082697285,0.0304580071105168,0.0492957746478872,3,0.6025828460038987,0.2538286944230397,-0.016325536062378188,-0.009367465972900446
blood_transfusion,xgb_smote,,0.5,0.1,majority_to_minority,0.5950292397660819,0.0228252850818655,0.5477582846003899,0.0443764227595797,0.4085305733959662,0.0312069535183277,0.5471596196516354,0.0341431747224135,0.3164682539682539,0.025199974954696,0.611111111111111,0.0481125224324687,0.6510721247563352,0.0088385156906024,0.2917677462100982,0.0122273798644893,0.9161615570386252,0.0560976583192851,0.2890792735417684,0.0194245681250397,0.1012658227848101,3,0.6055068226120858,0.2965932488441467,-0.010477582846003863,0.004825502634048462
blood_transfusion,xgb_smote,,0.5,0.1,minority_to_majority,0.6154970760233919,0.040164786163205,0.5555555555555555,0.0734930919740163,0.4414665125495929,0.0114266681862026,0.5867557173975478,0.0311459256138861,0.3501455230268789,0.0345015403850817,0.5555555555555555,0.0734930919740163,0.6615497076023392,0.0128468163967894,0.2527795135974884,0.0207932160619658,0.7984624703725179,0.0898330897129126,0.2380059800876511,0.0382369967462745,0.0985915492957745,3,0.6208576998050682,0.2458139012257258,-0.005360623781676344,-0.006965612371762603
blood_transfusion,xgb_smote,,0.5,0.2,majority_to_minority,0.5684697855750487,0.0174420372009486,0.4795321637426901,0.005064476045523,0.3988048389150167,0.0197025543445487,0.5008739325616043,0.0116011050724144,0.2850717620773453,0.0109968549221801,0.6574074074074073,0.0320750149549792,0.6289392462638077,0.0247368696271359,0.3359248538812001,0.0082534420292977,1.0823322137196858,0.0624102565020424,0.3617433310714031,0.0160561495246235,0.2022471910112359,3,0.5601851851851851,0.3624968429406484,0.008284600389863561,0.026571989059448298
blood_transfusion,xgb_smote,,0.5,0.2,minority_to_majority,0.6159844054580897,0.0147170261896115,0.5185185185185185,0.0320750149549792,0.3890806252147052,0.0048212796050152,0.5961240483592113,0.0242460981941004,0.3668934240362811,0.0333356471037407,0.5185185185185185,0.0320750149549792,0.6481887589343729,0.0199531253052856,0.2459081461032231,0.0164313427073776,0.7698549826939901,0.0660794517718758,0.2221592423650953,0.0300147795405135,0.1971830985915491,3,0.5891812865497076,0.2356236179669697,0.026803118908382162,-0.010284528136253385
blood_transfusion,xgb_smote,,0.5,0.3,majority_to_minority,0.5492202729044834,0.0261970735713512,0.3391812865497075,0.091301140327462,0.4143141684165685,0.0916431439050302,0.4345900446623058,0.0532483621830818,0.2672463768115942,0.0154964068847912,0.7592592592592592,0.0578240555407258,0.6133853151397011,0.0576850594792775,0.4039719800154368,0.0461795804514682,1.296866814295451,0.1708558151917602,0.4288718276636467,0.0499995817381313,0.3004926108374384,3,0.5465399610136452,0.4404336313406626,0.002680311890838172,0.036461651325225775
blood_transfusion,xgb_smote,,0.5,0.3,minority_to_majority,0.6091617933723197,0.1001764300352978,0.4814814814814814,0.1529880707579473,0.3922835879010892,0.0503238281606227,0.595639770898682,0.0924524042220194,0.3666666666666666,0.1201850425154663,0.4814814814814814,0.1529880707579473,0.6572449642625081,0.0859805347330857,0.2320283850034077,0.0285865755523453,0.7445766727129618,0.0888908225528069,0.2085194118072589,0.0399843940057751,0.3028169014084507,3,0.6028265107212476,0.217521513501803,0.006335282651072083,-0.014506871501604707
breast_cancer_wisconsin,xgb_smote,,0.05,0.0,clean,0.8690476190476191,0.0724138396464074,0.7380952380952381,0.1448276792928147,0.971008836552303,0.0109625822003812,0.8868333620860634,0.0683964055942894,1.0,0.0,0.7380952380952381,0.1448276792928147,0.9796075837742504,0.0067149446254488,0.0866554155945777,0.0487944452494739,0.3514642616113027,0.1835249873349892,0.0964387026629056,0.0484321610523088,0.0,3,0.7936507936507936,0.1211360146601994,0.07539682539682546,0.03448059906562169
breast_cancer_wisconsin,xgb_smote,,0.05,0.05,majority_to_minority,0.9074074074074074,0.0204839691348527,0.8333333333333334,0.0238095238095237,0.9785526901184428,0.0145727235049481,0.9190133038005884,0.0221277349875188,0.963963963963964,0.0412844657203228,0.8333333333333334,0.0238095238095237,0.9856701940035274,0.010542322510117,0.0539621748030185,0.0157382603363581,0.1957165747880935,0.0654865478349658,0.0632860528710924,0.0176739987799089,0.0625,3,0.8611111111111112,0.0764549300074576,0.04629629629629628,0.022492755204439094
breast_cancer_wisconsin,xgb_smote,,0.05,0.05,minority_to_majority,0.8644179894179894,0.0189360295002914,0.7380952380952381,0.0412393049421161,0.9772356993377967,0.0079275177688845,0.8828481126391446,0.0166393285935551,0.9794433902593296,0.0178593395363636,0.7380952380952381,0.0412393049421161,0.984016754850088,0.0066822947822874,0.0793987897535164,0.0199672823150986,0.3035955776770909,0.0711960826599132,0.0943719650311014,0.0126771158616959,0.0666666666666666,3,0.8055555555555555,0.1135686089595158,0.05886243386243395,0.0341698192059994
breast_cancer_wisconsin,xgb_smote,,0.05,0.1,majority_to_minority,0.878968253968254,0.0119047619047618,0.7857142857142857,0.0238095238095238,0.963942527203002,0.0084821371291883,0.8920968791481165,0.0104926694959063,0.9428260192966076,0.0016342092241301,0.7857142857142857,0.0238095238095238,0.9735449735449736,0.004871335933418,0.069574965784947,0.011194032556494,0.2569460968176523,0.0458556874932702,0.0776153505025485,0.0100588686644235,0.1176470588235294,3,0.8667328042328042,0.0829508279760678,0.012235449735449766,0.013375862191120802
breast_cancer_wisconsin,xgb_smote,,0.05,0.1,minority_to_majority,0.8111772486772487,0.104333451763078,0.626984126984127,0.2160421839494635,0.9536791160815667,0.0438852549563751,0.8270389985064922,0.1019826045068912,0.990990990990991,0.0156040613294493,0.626984126984127,0.2160421839494635,0.9684744268077602,0.0271976082197217,0.1186896276970704,0.0708312790612598,0.5164771924416224,0.3725878701469044,0.1374269639133688,0.0674960860913065,0.1333333333333333,3,0.7142857142857143,0.1734957595666249,0.09689153439153442,0.05480613186955452
breast_cancer_wisconsin,xgb_smote,,0.05,0.2,majority_to_minority,0.9176587301587302,0.0137464349807052,0.8492063492063492,0.0274928699614107,0.9667651627191464,0.0089134024494543,0.9287774312774312,0.0116500321989805,0.97270955165692,0.0008440793409205,0.8492063492063492,0.0274928699614107,0.9729938271604938,0.0087824445710062,0.0578883253037929,0.0105276153463142,0.2304808348417281,0.066976990509886,0.0639735581407769,0.0068553527550541,0.2105263157894736,3,0.8452380952380952,0.090769479672114,0.072420634920635,0.032881154368321105
breast_cancer_wisconsin,xgb_smote,,0.05,0.2,minority_to_majority,0.8072089947089948,0.0700394951808876,0.6190476190476191,0.1325658181626196,0.9610848333164336,0.0424621087002469,0.8270238491825045,0.0722412697081244,0.9841269841269842,0.0274928699614107,0.6190476190476191,0.1325658181626196,0.9659391534391534,0.0385800894428633,0.1193042844533919,0.0366104002333403,0.5046622653802236,0.2021341829977856,0.1405530711738065,0.0508121352633743,0.2,3,0.746031746031746,0.1520036806662877,0.06117724867724872,0.03269939621289579
breast_cancer_wisconsin,xgb_smote,,0.05,0.3,majority_to_minority,0.9156746031746033,0.0052495065695725,0.873015873015873,0.0363696483726653,0.9681819462049246,0.0001304361925399,0.920487942011104,0.0043329337458802,0.9269810508182602,0.0442838920231537,0.873015873015873,0.0363696483726653,0.9732142857142856,0.0042989417989418,0.0551510999600092,0.0018327670714931,0.2063573151826858,0.0105666446381735,0.0510826678401981,0.0053278226380772,0.2857142857142857,3,0.8452380952380952,0.0793754893044629,0.07043650793650802,0.024224389344453708
breast_cancer_wisconsin,xgb_smote,,0.05,0.3,minority_to_majority,0.791335978835979,0.0315022468307831,0.5873015873015873,0.0549857399228215,0.9548575415613272,0.0199309651297351,0.8129167476334563,0.0336644747222426,0.9855072463768116,0.0251021856169402,0.5873015873015873,0.0549857399228215,0.965332892416226,0.0112680796631416,0.13145612180233,0.024001926293812,0.5829028189182281,0.1473402476553823,0.1551036306150388,0.0177959401175398,0.2666666666666666,3,0.746031746031746,0.1724248081445693,0.0453042328042329,0.040968686342239324
breast_cancer_wisconsin,xgb_smote,,0.1,0.0,clean,0.9097222222222224,0.0165112271598147,0.8333333333333334,0.0238095238095237,0.9833388250953022,0.0070495283426701,0.9220440703317524,0.016891264154468,0.9724581724581726,0.0270417316130044,0.8333333333333334,0.0238095238095237,0.9874338624338624,0.0059798747751405,0.0517120646933714,0.0159661742756472,0.1948597083489099,0.0594105672028655,0.0619002834891039,0.018378256267987,0.0,3,0.9007936507936508,0.0607955940067767,0.008928571428571619,0.009083529313405302
breast_cancer_wisconsin,xgb_smote,,0.1,0.05,majority_to_minority,0.921957671957672,0.0135420603369332,0.8809523809523809,0.0476190476190476,0.97306998188275,0.0182897089129622,0.9267405129695572,0.0066475208978502,0.934732988802756,0.0336940855984876,0.8809523809523809,0.0476190476190476,0.9796075837742504,0.0139373576887708,0.0536547402540842,0.006911713260218,0.1901410371065139,0.0477555631526265,0.0586077077518494,0.0069663632732419,0.0625,3,0.896164021164021,0.0626824709276357,0.025793650793650924,0.009027730673551497
breast_cancer_wisconsin,xgb_smote,,0.1,0.05,minority_to_majority,0.9636243386243386,0.0059798747751404,0.9365079365079366,0.0137464349807053,0.9896513106226058,0.0045608608818615,0.9682571363555232,0.0054979283350903,0.9835365853658536,0.0142609945896664,0.9365079365079366,0.0137464349807053,0.9919532627865962,0.005304766056224,0.0265724255392948,0.002924347645881,0.1108328526218731,0.0343631802598596,0.0407198135705653,0.0029055669540726,0.0666666666666666,3,0.9001322751322752,0.0620307351152101,0.06349206349206338,0.0354583095759153
breast_cancer_wisconsin,xgb_smote,,0.1,0.1,majority_to_minority,0.8988095238095238,0.0298114666692791,0.8253968253968255,0.0363696483726653,0.9662745465035476,0.0233135299227761,0.909451636536846,0.0310358616118984,0.9456956956956958,0.0465969729112428,0.8253968253968255,0.0363696483726653,0.9742063492063492,0.0181155369375691,0.064236773798863,0.0245532985486177,0.2298352072636286,0.091363559376613,0.0687077522974961,0.0283397581258264,0.0909090909090909,3,0.8587962962962963,0.0818627178668975,0.040013227513227556,0.0176259440680345
breast_cancer_wisconsin,xgb_smote,,0.1,0.1,minority_to_majority,0.8978174603174603,0.0266383364724158,0.8095238095238094,0.0629940788348711,0.9757956032838392,0.0077405746709931,0.91142926306325,0.0211433716265154,0.9728049728049728,0.0257819114577109,0.8095238095238094,0.0629940788348711,0.9839065255731922,0.0044036561630153,0.0603525539239247,0.0128134266112873,0.2180244276920954,0.0301979085575834,0.0738622627734364,0.0154245748473262,0.1,3,0.8373015873015873,0.0821988408764202,0.06051587301587302,0.0218462869524955
breast_cancer_wisconsin,xgb_smote,,0.1,0.2,majority_to_minority,0.9193121693121692,0.0389608649876757,0.8571428571428572,0.0629940788348711,0.9762207585935988,0.0185964405484777,0.9289169110400582,0.0369049086255983,0.964160401002506,0.0399723838563464,0.8571428571428572,0.0629940788348711,0.9839065255731924,0.013228891021718,0.0503199206044276,0.0249296838762639,0.1668879042069116,0.0790759480012256,0.0427143532151018,0.0202324637236307,0.2105263157894736,3,0.8746693121693122,0.0666179209947585,0.044642857142856984,0.016298000390330893
breast_cancer_wisconsin,xgb_smote,,0.1,0.2,minority_to_majority,0.8485449735449735,0.0419178621097641,0.7063492063492064,0.0836162996258153,0.9677182130618434,0.021194851761505,0.8676306788071493,0.0396790249964354,0.9791666666666666,0.0360843918243516,0.7063492063492064,0.0836162996258153,0.9753086419753084,0.0191180279977398,0.0894612471262613,0.0264689794310067,0.3595327983299891,0.1152848826705653,0.1084419583632169,0.0233231575885313,0.2,3,0.7556216931216931,0.1452461530764897,0.09292328042328035,0.05578490595022839
breast_cancer_wisconsin,xgb_smote,,0.1,0.3,majority_to_minority,0.9212962962962964,0.0326075640517982,0.8888888888888888,0.0363696483726653,0.9717803715037088,0.0124753562818714,0.9241545603361172,0.0340425398848672,0.9184959349593496,0.0504306754267048,0.8888888888888888,0.0363696483726653,0.974757495590829,0.0099499859756585,0.0493356734514235,0.01931370106189,0.1780297855536142,0.0663096674312215,0.049793151977924,0.0157854060606233,0.3023255813953488,3,0.9199735449735452,0.0465395475427309,0.00132275132275117,-0.002796125908692597
breast_cancer_wisconsin,xgb_smote,,0.1,0.3,minority_to_majority,0.8343253968253969,0.0345517356493412,0.6825396825396824,0.0599193209148472,0.9526196943822884,0.0263205479866592,0.8538246188033325,0.0346907831038686,0.9657738095238096,0.0358071708795117,0.6825396825396824,0.0599193209148472,0.9656084656084656,0.0198743111128527,0.1094365765651066,0.022798548555803,0.4618330001831054,0.1088000370539028,0.1246309830148142,0.0231017052264053,0.3,3,0.7857142857142857,0.1292530248562494,0.04861111111111116,0.019816448291142805
breast_cancer_wisconsin,xgb_smote,,0.2,0.0,clean,0.9398148148148148,0.0178663262688361,0.8888888888888888,0.0363696483726654,0.9864951772720448,0.0068924742845443,0.9485644341653762,0.015079666712125,0.9826576576576578,0.0150530673977539,0.8888888888888888,0.0363696483726654,0.9896384479717812,0.0054371086662868,0.0342851324627796,0.0115446263525341,0.1317026192943255,0.0330725235534577,0.0422307792560834,0.0134000720270078,0.0,3,0.931878306878307,0.0358258721729119,0.007936507936507797,0.0015407397101322995
breast_cancer_wisconsin,xgb_smote,,0.2,0.05,majority_to_minority,0.9589947089947092,0.0046883091530284,0.9365079365079366,0.0137464349807054,0.9894530979326882,0.0010506738846265,0.9620980812070008,0.0090872834892313,0.9684108527131784,0.0353473709406219,0.9365079365079366,0.0137464349807054,0.992283950617284,0.0024819952048494,0.0282830720146496,0.0031379638895472,0.0995789642135301,0.005061269258334,0.0282358556430329,0.0050301154580216,0.0476190476190475,3,0.9302248677248678,0.0386702343821524,0.02876984126984139,0.010387162367502797
breast_cancer_wisconsin,xgb_smote,,0.2,0.05,minority_to_majority,0.9107142857142856,0.0336863627903763,0.8492063492063492,0.0549857399228214,0.9760992115530508,0.0083779314749249,0.9194290841513064,0.0318197472162179,0.9463562753036436,0.0285820433652604,0.8492063492063492,0.0549857399228214,0.9824735449735448,0.0045462060465832,0.0510830047229925,0.014710557189759,0.1891437768936157,0.0441849050951315,0.0560728482199472,0.0134182884141445,0.05,3,0.8915343915343916,0.0618284468849499,0.019179894179893964,0.0107454421619574
breast_cancer_wisconsin,xgb_smote,,0.2,0.1,majority_to_minority,0.9464285714285716,0.0068732174903526,0.9206349206349206,0.0137464349807053,0.982334587241985,0.0070852191695674,0.9493809888215836,0.0056415491845748,0.9508130081300812,0.0007040856941337,0.9206349206349206,0.0137464349807053,0.984678130511464,0.0081293624636209,0.0351565045615036,0.0038386686029921,0.1357933158675829,0.0308458835512003,0.034026642645878,0.0043926867808477,0.1044776119402985,3,0.9302248677248678,0.0419878357400496,0.01620370370370383,0.006831331178546
breast_cancer_wisconsin,xgb_smote,,0.2,0.1,minority_to_majority,0.8892195767195767,0.0034840124844089,0.8015873015873015,0.0274928699614107,0.968595114033024,0.0073256950379001,0.902195941404502,0.0079886651250422,0.9560080442433384,0.0528136844198816,0.8015873015873015,0.0274928699614107,0.9772927689594356,0.0029823080375813,0.0661387008925278,0.0081789117803527,0.2560578535000483,0.0419773720805765,0.0764757260742831,0.0137661536370184,0.1,3,0.8501984126984127,0.0841057846943537,0.03902116402116407,0.017967083801825906
breast_cancer_wisconsin,xgb_smote,,0.2,0.2,majority_to_minority,0.925595238095238,0.012028130608117,0.9041005291005292,0.0238370651996562,0.9673376099127552,0.00841733165135,0.9220535854118356,0.0107100370116284,0.8868265327878415,0.0310544025810922,0.9206349206349206,0.0363696483726654,0.9729938271604938,0.0078417885413723,0.0582202027241388,0.0017821739288536,0.208195631702741,0.0155575719659173,0.0560919928108477,0.0126493688938083,0.2,3,0.9328703703703703,0.0469999114672342,-0.007275132275132323,-0.011220291256904602
breast_cancer_wisconsin,xgb_smote,,0.2,0.2,minority_to_majority,0.869378306878307,0.0504328757033453,0.7619047619047619,0.1037833081795398,0.9670761967721688,0.0104130854715032,0.8836257323614323,0.0439139529904404,0.950647918389854,0.0162154022084726,0.7619047619047619,0.1037833081795398,0.9768518518518516,0.0076273562134065,0.0757173051436741,0.026630281190391,0.2846660166978836,0.1035704239302023,0.0845152039328665,0.0381216924095538,0.2,3,0.8230820105820106,0.0998678132891654,0.04629629629629639,0.0241505081454913
breast_cancer_wisconsin,xgb_smote,,0.2,0.3,majority_to_minority,0.912367724867725,0.0153796507331131,0.8908730158730158,0.0110471515135516,0.9686918898620648,0.0116583746615924,0.9069245967534352,0.0155999162058475,0.8598632702330725,0.0389291944569764,0.9126984126984128,0.0363696483726654,0.9712301587301586,0.0132646634392405,0.0615331741670767,0.0095286423230381,0.2093349198500315,0.0362718152926841,0.0592758630168193,0.0022802624223469,0.3023255813953488,3,0.9282407407407408,0.0469831091662247,-0.015873015873015817,-0.014550065000852
breast_cancer_wisconsin,xgb_smote,,0.2,0.3,minority_to_majority,0.8293650793650794,0.0792658109342786,0.6587301587301587,0.158531621868557,0.9725640481697284,0.0146494517636707,0.8488313260062692,0.0756542631785016,1.0,0.0,0.6587301587301587,0.158531621868557,0.9798280423280424,0.0109277193398534,0.1019939184188842,0.0444547229168139,0.3941464473803838,0.1767346918587847,0.1281928634488878,0.0509428320923342,0.3,3,0.753968253968254,0.1498762418826421,0.07539682539682546,0.0478823234637579
breast_cancer_wisconsin,xgb_smote,,0.5,0.0,clean,0.956679894179894,0.0161292968230914,0.9365079365079366,0.0274928699614107,0.9884232547526214,0.0066671212215658,0.9589170531665386,0.014654223196281,0.9593302361595044,0.0141486504876004,0.9365079365079366,0.0274928699614107,0.9917328042328042,0.0054638596699265,0.0308863936613003,0.0128219179350295,0.1099887962142626,0.0412121752244243,0.0350174261365978,0.0136305956054525,0.0,3,0.956679894179894,0.0308863936613003,0.0,-0.0
breast_cancer_wisconsin,xgb_smote,,0.5,0.05,majority_to_minority,0.9358465608465608,0.0228461976844125,0.9292328042328044,0.0238370651996562,0.9842603056780472,0.0091381060081335,0.9315674450764376,0.023411967922625,0.8942526035549291,0.0336205347494663,0.9365079365079366,0.0274928699614107,0.988646384479718,0.0076654932322369,0.0427785192926724,0.0122872983470667,0.1391835237542788,0.0401563672154192,0.0435036261081259,0.0105330602084256,0.050632911392405,3,0.9358465608465608,0.0427785490949947,0.0,2.9802322297489692e-08
breast_cancer_wisconsin,xgb_smote,,0.5,0.05,minority_to_majority,0.9384920634920636,0.0188492063492063,0.9047619047619048,0.0238095238095238,0.9815561033229634,0.0073371171336033,0.942866688940862,0.0190444370197125,0.95,0.0249999999999999,0.9047619047619048,0.0238095238095238,0.9857804232804231,0.0058784354611876,0.0389465391635894,0.0091297349263014,0.1402207314968109,0.0339489015421562,0.0442356020212172,0.0076520266156685,0.0533333333333333,3,0.9322089947089948,0.039146814495325,0.006283068783068835,0.00020027533173559708
breast_cancer_wisconsin,xgb_smote,,0.5,0.1,majority_to_minority,0.9368386243386244,0.0125617856568931,0.9067460317460316,0.0281298549181703,0.9795902720094272,0.0016856570010049,0.9291665442555536,0.0220493634169348,0.8802615765288088,0.0662604646020559,0.9523809523809524,0.0238095238095238,0.98423721340388,0.0029639174734895,0.0544192145268122,0.0144426412222659,0.1827585697174072,0.0221120561842242,0.0606322906181564,0.023841865933226,0.1017964071856287,3,0.9212962962962964,0.0592047770818074,0.015542328042328024,0.004785562554995203
breast_cancer_wisconsin,xgb_smote,,0.5,0.1,minority_to_majority,0.9431216931216932,0.0204358658141274,0.9047619047619048,0.0476190476190476,0.9866754256529688,0.0087978993562551,0.9488789522317912,0.0153086296854105,0.9665709665709666,0.0123084372279791,0.9047619047619048,0.0476190476190476,0.9898589065255732,0.0078417885413723,0.0362916061033804,0.008774906758653,0.1396272778511047,0.0467336930417798,0.051313411419917,0.0046689449985529,0.1,3,0.9470899470899472,0.0353628018250067,-0.003968253968253954,-0.0009288042783736974
breast_cancer_wisconsin,xgb_smote,,0.5,0.2,majority_to_minority,0.9133597883597884,0.0194993690314889,0.8425925925925926,0.0349529372003275,0.9774798018697344,0.0112228058015054,0.8916892839013753,0.023103427692938,0.7859691252144083,0.0376933020706882,0.9841269841269842,0.0137464349807053,0.9851190476190476,0.0083853983684564,0.0787751177946725,0.0275975604665544,0.2655930717786153,0.0763980390671809,0.1184746860771586,0.0252835020950783,0.202127659574468,3,0.9074074074074074,0.090741641819477,0.005952380952380931,0.011966524024804498
breast_cancer_wisconsin,xgb_smote,,0.5,0.2,minority_to_majority,0.9391534391534392,0.0297674157155232,0.8968253968253969,0.0599193209148472,0.9763202182688951,0.0105975137773811,0.94550028474977,0.0248706001067168,0.965943992773261,0.0139113991246205,0.8968253968253969,0.0599193209148472,0.98423721340388,0.0041872618856311,0.0421275130162636,0.0132500851483629,0.1678737054268519,0.0359968711792545,0.0656621311491692,0.0163137719513981,0.2,3,0.9239417989417992,0.0529342306156953,0.01521164021164001,0.010806717599431699
breast_cancer_wisconsin,xgb_smote,,0.5,0.3,majority_to_minority,0.8277116402116401,0.0172497372430488,0.6712962962962963,0.0212156282173881,0.9711613814907096,0.0178161070455847,0.7857435206446325,0.0181115944583238,0.6360771173271172,0.0181119706899074,0.9841269841269842,0.0137464349807054,0.9746472663139328,0.0165156419265139,0.1595136473576227,0.0197261245797239,0.5018466214338938,0.0846338320425184,0.2244021979144267,0.0051830644513272,0.2990654205607476,3,0.759920634920635,0.2271662851174672,0.06779100529100512,0.06765263775984451
breast_cancer_wisconsin,xgb_smote,,0.5,0.3,minority_to_majority,0.8988095238095238,0.0233293174926683,0.8253968253968255,0.0363696483726653,0.9804004116625552,0.0134983401275669,0.9093670593670592,0.0227725894038037,0.94541910331384,0.0278290283338581,0.8253968253968255,0.0363696483726653,0.9875440917107584,0.009267129434296,0.0543859042227267,0.0144084292683151,0.1866335223118463,0.0598756645867818,0.0739237776309338,0.0076321035322437,0.3,3,0.8796296296296297,0.0681027794877687,0.019179894179894186,0.013716875265042006
south_german_credit,xgb_smote,,0.05,0.0,clean,0.5134920634920636,0.0110613967180685,0.0388888888888888,0.0254587538608657,0.5133577048175006,0.0383337924010142,0.4476469055770822,0.0228952841920221,0.6349206349206349,0.3378380421236946,0.0388888888888888,0.0254587538608657,0.7074603174603175,0.0420314530572919,0.2639270623524983,0.0031099196619906,1.2943551540374756,0.157685170719492,0.2637493747270976,0.0030312701098408,0.0,3,0.5142857142857143,0.2652002076307932,-0.0007936507936507908,0.0012731452782949182
south_german_credit,xgb_smote,,0.05,0.05,majority_to_minority,0.5317460317460317,0.0245230389769529,0.0777777777777777,0.0509175077217315,0.5188586256413922,0.144117551515661,0.4825964587247194,0.0452360345243822,0.6793650793650793,0.1148135956826992,0.0777777777777777,0.0509175077217315,0.6997619047619047,0.1124587981996828,0.2554425299167632,0.0208031952835111,1.2049896319707234,0.1599138024991172,0.2568259371258318,0.0136920513214358,0.04,3,0.5253968253968254,0.2622112433115641,0.006349206349206327,0.006768713394800896
south_german_credit,xgb_smote,,0.05,0.05,minority_to_majority,0.5380952380952381,0.0047619047619048,0.0833333333333333,0.0166666666666667,0.5201685434162046,0.0198945944384347,0.4916632839383192,0.0123677198561609,0.8611111111111112,0.1272937693043288,0.0833333333333333,0.0166666666666667,0.7030952380952381,0.031458995014891,0.2581736346085866,0.0022218919787053,1.2361670335133872,0.0644263053997424,0.2563752913800999,0.0070669038027149,0.0416666666666666,3,0.5305555555555556,0.2572758694489797,0.007539682539682513,-0.0008977651596069336
south_german_credit,xgb_smote,,0.05,0.1,majority_to_minority,0.5166666666666666,0.0154761904761904,0.0499999999999999,0.0333333333333333,0.4760815382920383,0.0670448028427766,0.4563860756081251,0.0302316975303519,0.6964285714285715,0.312882419070272,0.0499999999999999,0.0333333333333333,0.6765476190476191,0.0379552860810797,0.2657402654488881,0.0115812494939494,1.2236112753550212,0.0345181760975836,0.2589757005280504,0.0129562588085825,0.1111111111111111,3,0.5218253968253969,0.267487754424413,-0.005158730158730251,0.0017474889755249023
south_german_credit,xgb_smote,,0.05,0.1,minority_to_majority,0.5365079365079365,0.0122180986653497,0.0777777777777777,0.0192450089729875,0.538145630141998,0.0951963991712349,0.4876723825077118,0.0195836808647808,0.8888888888888888,0.1924500897298752,0.0777777777777777,0.0192450089729875,0.6950396825396825,0.0574528216850723,0.2583196610212325,0.0086315627217178,1.2849270502726238,0.1218805388330503,0.2581539066213493,0.0019592572039238,0.0833333333333333,3,0.5170634920634921,0.2615711639324823,0.019444444444444375,0.003251502911249815
south_german_credit,xgb_smote,,0.05,0.2,majority_to_minority,0.5190476190476191,0.0132565818162619,0.0499999999999999,0.0333333333333333,0.4486469042469856,0.080373830806713,0.4580390420577269,0.0294854793683183,0.625,0.125,0.0499999999999999,0.0333333333333333,0.6468650793650793,0.0879949826354311,0.2680502831935882,0.0149861914988953,1.2493404547373457,0.1492209769534704,0.2644780861182759,0.0145344463562739,0.2,3,0.5071428571428571,0.2718861401081084,0.011904761904761973,0.003835856914520208
south_german_credit,xgb_smote,,0.05,0.2,minority_to_majority,0.5226190476190476,0.0149166239120734,0.0499999999999999,0.0333333333333333,0.5060508815523105,0.0982360925276704,0.4606211700913699,0.0312762605769142,0.8611111111111112,0.1272937693043288,0.0499999999999999,0.0333333333333333,0.7070238095238096,0.0671853757640254,0.2682561973730722,0.0136751020652441,1.2956911722819011,0.0839975027276758,0.267610945138149,0.0141514660113555,0.2083333333333333,3,0.5226190476190476,0.2711719075838725,0.0,0.002915710210800282
south_german_credit,xgb_smote,,0.05,0.3,majority_to_minority,0.5031746031746032,0.0045070701157144,0.0277777777777777,0.0192450089729875,0.4069023406332855,0.0665516402682175,0.4335429347924284,0.0108765195602227,0.5444444444444444,0.3948745698648191,0.0277777777777777,0.0192450089729875,0.6438492063492064,0.0699921372865195,0.2727762460708617,0.013926177408808,1.1580839951833088,0.1377752652327595,0.2666816062387078,0.0211516783063569,0.2941176470588235,3,0.5035714285714286,0.2719072798887887,-0.0003968253968253954,-0.0008689661820729944
south_german_credit,xgb_smote,,0.05,0.3,minority_to_majority,0.5214285714285715,0.0114805366202297,0.0499999999999999,0.0288675134594812,0.528632767455212,0.0864261725926119,0.4598721138762868,0.0264472593539907,0.8222222222222223,0.1677740985615722,0.0499999999999999,0.0288675134594812,0.7189682539682539,0.0612414477963536,0.2662311991055806,0.0108245260618077,1.3299169937769573,0.0684058921934438,0.2640831076858254,0.0082663669661658,0.2916666666666667,3,0.5083333333333333,0.2717910607655843,0.01309523809523816,0.005559861660003718
south_german_credit,xgb_smote,,0.1,0.0,clean,0.5587301587301586,0.0236402714422324,0.1555555555555555,0.0481125224324687,0.5625927513849184,0.0876835694521863,0.538012904390932,0.0377943205580106,0.62996632996633,0.0953480424144056,0.1555555555555555,0.0481125224324687,0.7311904761904762,0.0825077300027342,0.2303771426280338,0.0192701705127015,0.9685160915056864,0.1734879739215279,0.2211348176576817,0.0128191194472742,0.0,3,0.5476190476190476,0.2349420636892318,0.011111111111111072,0.004564921061197991
south_german_credit,xgb_smote,,0.1,0.05,majority_to_minority,0.567857142857143,0.034027633161801,0.1833333333333333,0.0600925212577331,0.550582132968401,0.0961710695725791,0.5543526925977127,0.0478542084168604,0.6217948717948718,0.1251232134355329,0.1833333333333333,0.0600925212577331,0.7232936507936508,0.0686938116435932,0.2261528223752975,0.0266764110362939,0.9173686305681864,0.1539618234395448,0.2124242569288859,0.0251906331346292,0.0588235294117647,3,0.5706349206349206,0.2267449597517649,-0.002777777777777657,0.0005921373764674054
south_german_credit,xgb_smote,,0.1,0.05,minority_to_majority,0.5519841269841269,0.009014140231429,0.1277777777777777,0.041943524640393,0.5527345820049813,0.0466863483605824,0.5218525968783214,0.0242253895077205,0.7718360071301248,0.2094682736987434,0.1277777777777777,0.041943524640393,0.7392857142857143,0.0541006924228786,0.2310380339622497,0.0092006896888872,0.9829372564951578,0.0933302018546609,0.2198042443363616,0.007318267478712,0.0416666666666666,3,0.5563492063492063,0.2353956848382949,-0.00436507936507935,0.004357650876045199
south_german_credit,xgb_smote,,0.1,0.1,majority_to_minority,0.548015873015873,0.0203544739733844,0.1222222222222221,0.0346944333244355,0.5172496412937888,0.0892323883205586,0.5171651317239166,0.0306195473103466,0.7047619047619048,0.2001699957807972,0.1222222222222221,0.0346944333244355,0.6957936507936507,0.0579758645406567,0.2361927231152852,0.0131333647636373,0.9500070810317992,0.0727869400232755,0.2228915972666193,0.0184125628594533,0.0943396226415094,3,0.5567460317460317,0.2412979851166407,-0.0087301587301587,0.005105262001355498
south_german_credit,xgb_smote,,0.1,0.1,minority_to_majority,0.5527777777777777,0.0108021091974732,0.1388888888888888,0.0192450089729875,0.5597394925932366,0.0594422604886383,0.5279098170170049,0.0166331112660681,0.6394993894993896,0.0545647194547606,0.1388888888888888,0.0192450089729875,0.7432936507936508,0.0287849987438473,0.233448028564453,0.017026170349262,0.9877844055493672,0.1248592947498807,0.2306946616961309,0.0190893486172636,0.1041666666666665,3,0.5551587301587302,0.2374399503072102,-0.0023809523809524835,0.003991921742757226
south_german_credit,xgb_smote,,0.1,0.2,majority_to_minority,0.5654761904761906,0.0188982236504613,0.1833333333333332,0.0288675134594812,0.5442374552605918,0.0615412389875353,0.5527730825327919,0.0255509748159779,0.5995872033023736,0.0795571264074635,0.1833333333333332,0.0288675134594812,0.7399206349206349,0.0525766546171699,0.2226990560690561,0.018406436564117,0.8513557513554891,0.122038588288789,0.1989159472488487,0.0192723061523719,0.2,3,0.5515873015873015,0.2217538009087244,0.013888888888889062,-0.0009452551603316983
south_german_credit,xgb_smote,,0.1,0.2,minority_to_majority,0.5567460317460317,0.0081034039113738,0.1277777777777777,0.0096225044864937,0.5662467403804848,0.0463013907541509,0.5278335512146098,0.0111148325940072,0.7962962962962963,0.0944988949790598,0.1277777777777777,0.0096225044864937,0.7301587301587302,0.0313016768487723,0.2410884499549865,0.0054018717217328,1.0631104310353596,0.0480983061481848,0.2448228239050756,0.0068854916010395,0.2083333333333333,3,0.5293650793650794,0.2451900641123453,0.027380952380952284,0.004101614157358824
south_german_credit,xgb_smote,,0.1,0.3,majority_to_minority,0.551984126984127,0.0048112522432468,0.161111111111111,0.0096225044864937,0.4973547310568012,0.0277717613602224,0.5338880060080023,0.0023441365011034,0.556390977443609,0.0760291293840477,0.161111111111111,0.0096225044864937,0.6988888888888889,0.0510982465570921,0.2305972973505655,0.0042077598669251,0.8746925989786783,0.0583548759014819,0.2050121542687216,0.0078476426422936,0.3043478260869565,3,0.5503968253968253,0.23152324060599,0.0015873015873016927,0.0009259432554244995
south_german_credit,xgb_smote,,0.1,0.3,minority_to_majority,0.5412698412698412,0.0061090493326748,0.0944444444444444,0.0096225044864937,0.5416245964611842,0.032317042404594,0.4999696270098335,0.0095880356567311,0.7738095238095237,0.0743452142666475,0.0944444444444444,0.0096225044864937,0.7296031746031746,0.0486934353119516,0.2516289254029591,0.0049601286872498,1.125564177831014,0.0363439482536634,0.2460225878842174,0.006096490214713,0.2916666666666667,3,0.5285714285714286,0.2559586266676584,0.012698412698412653,0.004329701264699282
south_german_credit,xgb_smote,,0.2,0.0,clean,0.6174603174603174,0.0262535315984493,0.3111111111111111,0.0346944333244355,0.5612410029086243,0.0635489736191157,0.6253322837515581,0.0317365568677581,0.6371647509578544,0.0800179439954204,0.3111111111111111,0.0346944333244355,0.7328174603174604,0.0444878791445325,0.2069822549819946,0.0184074691407005,0.7740678985913595,0.1172027205518797,0.1694831234837571,0.0242023868692691,0.0,3,0.6242063492063492,0.2065675656000772,-0.006746031746031833,-0.0004146893819174102
south_german_credit,xgb_smote,,0.2,0.05,majority_to_minority,0.6313492063492063,0.0506523953525484,0.3555555555555555,0.1084401183107952,0.552767206150457,0.0873203536574732,0.6390416703099984,0.0579869229834002,0.613289760348584,0.0556835639177867,0.3555555555555555,0.1084401183107952,0.7314285714285714,0.0723656782129481,0.2044715732336044,0.0313156825779358,0.7360828717549642,0.1378028296479395,0.1633558010185758,0.0362686940444259,0.0495049504950495,3,0.6134920634920635,0.2073875367641448,0.017857142857142794,0.002915963530540383
south_german_credit,xgb_smote,,0.2,0.05,minority_to_majority,0.6253968253968254,0.0414848641450928,0.3222222222222222,0.0787635937708768,0.5526627274875714,0.0643643537989152,0.6335784509529057,0.0515511615033145,0.6538774845226458,0.0807385391048985,0.3222222222222222,0.0787635937708768,0.7353968253968254,0.0531433069475189,0.2064617425203323,0.0219811934302578,0.7758119503657023,0.1397521839502437,0.163806581099828,0.0320593136638656,0.0520833333333332,3,0.6015873015873016,0.2057190438111622,0.023809523809523836,-0.0007426987091700976
south_german_credit,xgb_smote,,0.2,0.1,majority_to_minority,0.6412698412698413,0.0315494908100015,0.3777777777777777,0.0585314097380707,0.570336347964183,0.1072732093866704,0.652257827623358,0.0362133663430863,0.6323372152640445,0.0708687971337166,0.3777777777777777,0.0585314097380707,0.7490079365079366,0.0686583168645923,0.2010961522658665,0.0249280993054831,0.7113097111384074,0.1372079045577092,0.1563588111723462,0.028004310184038,0.102803738317757,3,0.6567460317460317,0.1984178473552067,-0.015476190476190421,-0.00267830491065979
south_german_credit,xgb_smote,,0.2,0.1,minority_to_majority,0.5821428571428572,0.0250848898877445,0.2333333333333332,0.0288675134594812,0.5391178213695608,0.0345572151727579,0.5795325241556744,0.0305141752199594,0.5987270914807147,0.1085217225010812,0.2333333333333332,0.0288675134594812,0.7417857142857143,0.0598833190860518,0.2154229382673898,0.0120294400642373,0.7924854556719462,0.0900495194580577,0.1847873228757331,0.0147627468319555,0.1041666666666665,3,0.5746031746031747,0.2146207143863041,0.007539682539682513,-0.000802223881085723
south_german_credit,xgb_smote,,0.2,0.2,majority_to_minority,0.6265873015873016,0.0699989201946734,0.3722222222222222,0.1272937693043288,0.5601393919560251,0.1066759597726406,0.6329701786394453,0.0788917342485737,0.5613571613571614,0.1196305009885824,0.3722222222222222,0.1272937693043288,0.7305952380952382,0.045442988378228,0.1980497787396112,0.0301363699615696,0.6672365665435791,0.0849389413292928,0.1573239069866636,0.0334750595268909,0.2,3,0.6392857142857142,0.1944080491860707,-0.012698412698412653,-0.0036417295535404737
south_german_credit,xgb_smote,,0.2,0.2,minority_to_majority,0.6011904761904762,0.017536809360305,0.25,0.0440958551844098,0.568847682231034,0.0748077489145992,0.6017551833282523,0.0253546098775082,0.6936274509803922,0.0233808627798271,0.25,0.0440958551844098,0.753015873015873,0.0519058995797847,0.2132351299126942,0.0219729737473009,0.8165414532025655,0.1430896904641575,0.1877835640093932,0.0334547749517771,0.1979166666666666,3,0.5876984126984127,0.2180493126312891,0.013492063492063444,0.004814182718594906
south_german_credit,xgb_smote,,0.2,0.3,majority_to_minority,0.6515873015873016,0.0437786727120561,0.4388888888888889,0.0787635937708768,0.5667644489117584,0.0507078680214553,0.659881933902967,0.0463282480616609,0.5779421092083261,0.063224005623696,0.4388888888888889,0.0787635937708768,0.7297222222222222,0.0562187596963766,0.197737231850624,0.0211261705827556,0.6469707687695821,0.0713846050320227,0.14246157605201,0.0162797684285144,0.2992700729927007,3,0.6285714285714286,0.1938676585753758,0.023015873015873045,-0.0038695732752482004
south_german_credit,xgb_smote,,0.2,0.3,minority_to_majority,0.5781746031746032,0.0169338002328189,0.1944444444444444,0.0192450089729875,0.540315137230509,0.0987036849579749,0.5685596936699971,0.0220142636451386,0.6902233115468409,0.1074092682748112,0.1944444444444444,0.0192450089729875,0.7279761904761904,0.0705711434028041,0.2287863790988922,0.0263112863764521,0.9200708866119384,0.1370549884235895,0.220426889033988,0.0266298221680141,0.3020833333333333,3,0.5650793650793651,0.2282805740833282,0.01309523809523816,-0.0005058050155640204
south_german_credit,xgb_smote,,0.5,0.0,clean,0.6904761904761906,0.0460608145765549,0.6626984126984127,0.0753801151073034,0.6224950737395379,0.1045748891699075,0.6700639859126075,0.0425156766109278,0.5003997887018402,0.0489917828929642,0.6666666666666666,0.0763762615825972,0.7682936507936509,0.0686632707259682,0.2152309268712997,0.0377583867121633,0.6933249036471049,0.1358141249889149,0.1729501614967981,0.0312682815917563,0.0,3,0.6904761904761906,0.2152309268712997,0.0,-0.0
south_german_credit,xgb_smote,,0.5,0.05,majority_to_minority,0.6940476190476191,0.0397875594454009,0.6738095238095237,0.0562932877025565,0.6351862446580795,0.0779768181877717,0.6672968663743019,0.0443893127891096,0.4933033804022251,0.0541571205443468,0.6999999999999998,0.0333333333333333,0.7606349206349207,0.0526380774322847,0.2252931296825408,0.0281768748620405,0.7029068867365519,0.0846950128693961,0.1970694493999083,0.0315496587867945,0.0513833992094861,3,0.6813492063492063,0.2288570702075957,0.012698412698412875,0.003563940525054876
south_german_credit,xgb_smote,,0.5,0.05,minority_to_majority,0.6769841269841269,0.0422968221503834,0.6111111111111112,0.0976577546180385,0.6212610594071872,0.0732703293784837,0.6643562249134297,0.0355961496321908,0.5040063719633612,0.0369642120067083,0.6111111111111112,0.0976577546180385,0.7606349206349207,0.0508463423374831,0.2072736670573552,0.0229721170246286,0.6625299652417501,0.0939882949599736,0.1641879093771178,0.0292547691864664,0.05,3,0.6849206349206348,0.2063982834418614,-0.007936507936507908,-0.0008753836154938022
south_german_credit,xgb_smote,,0.5,0.1,majority_to_minority,0.6531746031746032,0.0563729549776313,0.6055555555555555,0.0381200316143582,0.5658291226656699,0.1173716326164358,0.621472320905752,0.044027035361841,0.4372064719358534,0.0431676471607695,0.6777777777777777,0.1084401183107952,0.7354761904761905,0.0915757124521076,0.2478082577387491,0.0352259215043803,0.7912302215894064,0.1330006214850299,0.2186578431290884,0.0208807479916409,0.1011235955056179,3,0.6722222222222222,0.2472244997819264,-0.01904761904761898,-0.0005837579568226947
south_german_credit,xgb_smote,,0.5,0.1,minority_to_majority,0.669047619047619,0.0526642770490349,0.6,0.0927960727138337,0.5888182335348128,0.0522554073390114,0.6573152926316734,0.0486458111608663,0.4952274323849666,0.057520301656957,0.6,0.0927960727138337,0.748968253968254,0.0652199893771939,0.2108047654231388,0.0325787732734801,0.6664313673973083,0.1111616991739137,0.1716952125914395,0.0489048651750268,0.1,3,0.6861111111111112,0.207846239209175,-0.017063492063492225,-0.002958526213963808
south_german_credit,xgb_smote,,0.5,0.2,majority_to_minority,0.6619047619047619,0.0461223110185964,0.5404761904761904,0.0041239304942115,0.5890617553853897,0.0454369905147729,0.6048274955713421,0.0315346280682738,0.4211769378690342,0.0290676857832355,0.7833333333333333,0.0927960727138337,0.7414285714285714,0.0590213315140903,0.2882626156012217,0.0149100773067352,0.9155303239822388,0.0261819766187234,0.2807565631779531,0.0122511944905149,0.2,3,0.642063492063492,0.2991588314374288,0.019841269841269882,0.01089621583620709
south_german_credit,xgb_smote,,0.5,0.2,minority_to_majority,0.6757936507936507,0.0816351922318627,0.5444444444444444,0.1417483424685897,0.5662238091216574,0.1298644351148568,0.6744931819997824,0.0778120982844665,0.5419044177317914,0.0942682973619469,0.5444444444444444,0.1417483424685897,0.7466666666666667,0.0641705317326975,0.2021211435397465,0.0390423990141316,0.6442831556002299,0.129984311978688,0.1503706919401883,0.0425345960818326,0.2,3,0.6785714285714285,0.1992362240950266,-0.002777777777777768,-0.0028849194447199134
south_german_credit,xgb_smote,,0.5,0.3,majority_to_minority,0.6,0.0156129488673857,0.3166666666666666,0.0148690428533295,0.5037221424638174,0.1249591189771489,0.4856843631514684,0.0155612902384731,0.3565465465465465,0.0091990467059437,0.8833333333333333,0.0166666666666666,0.6809523809523809,0.0706032678321013,0.381629725297292,0.0310634642795931,1.28181791305542,0.1552359550951815,0.4002004819052914,0.0150061264562842,0.3002915451895043,3,0.6027777777777777,0.3948530654112498,-0.002777777777777768,0.013223340113957816
south_german_credit,xgb_smote,,0.5,0.3,minority_to_majority,0.6456349206349207,0.038801732590221,0.4388888888888889,0.0917928424547683,0.5298726138933508,0.0800775110071012,0.6518315242963795,0.0403076982078277,0.5596837839279049,0.049877589977585,0.4388888888888889,0.0917928424547683,0.7161111111111111,0.0532974918541582,0.2040695697069167,0.025783250396951,0.6679242253303528,0.092662947835447,0.1432438988549013,0.0385005201663649,0.3,3,0.6424603174603175,0.2041078358888626,0.0031746031746031633,3.8266181945911804e-05
spambase,xgb_smote,,0.05,0.0,clean,0.8610148404869813,0.0219434815062804,0.7327823691460056,0.045350076124392,0.9638112076896278,0.004059407531765,0.8760197533404059,0.0206374694564125,0.9780809550758616,0.0088068019125206,0.7327823691460056,0.045350076124392,0.9683014570600104,0.0043345575323397,0.0960920875271161,0.0160188758816553,0.4506018956502278,0.108663848090801,0.1036713900257924,0.0193696138886099,0.0,3,0.8069304975463334,0.1229281251629193,0.0540843429406479,0.02683603763580321
spambase,xgb_smote,,0.05,0.05,majority_to_minority,0.8593831768318573,0.0093415073451018,0.7337006427915519,0.0166052721028697,0.9607199512476944,0.0034048093504982,0.8740520165728042,0.0090944869877157,0.9696146963786866,0.005955693649709,0.7337006427915519,0.0166052721028697,0.966884550951022,0.0045368342974345,0.0923752238353093,0.0046866170360964,0.3873111605644226,0.0109770564858358,0.0979710423729375,0.0066185745934427,0.048780487804878,3,0.8136348825498385,0.1190369501709937,0.045748294282018764,0.026661726335684394
spambase,xgb_smote,,0.05,0.05,minority_to_majority,0.8360610010170128,0.0053806536941894,0.682277318640955,0.0124221756276113,0.9554725986963348,0.0010634692571282,0.8524595814293372,0.0050317040405409,0.9776829456001966,0.0040838182025365,0.682277318640955,0.0124221756276113,0.9622997653300684,0.0040352906379659,0.1115723152955372,0.0035472587955359,0.4983609517415364,0.0289164668397775,0.1222120681017505,0.00664829245404,0.0512820512820511,3,0.7885428083375298,0.1370718280474344,0.047518192679482985,0.0254995127518972
spambase,xgb_smote,,0.05,0.1,majority_to_minority,0.8639745450595889,0.0155963480412246,0.7428833792470156,0.0309636644629703,0.9552443308519232,0.0070476238372905,0.8782801788868874,0.0145419972006797,0.9699847837275392,0.0025152805234608,0.7428833792470156,0.0309636644629703,0.9628461216926516,0.0065028457176241,0.0903064012527465,0.0077714838094065,0.3664662341276805,0.0260698629015031,0.0944575712961486,0.006533886222296,0.1,3,0.8236198742063845,0.1131062408288319,0.04035467085320443,0.022799839576085404
spambase,xgb_smote,,0.05,0.1,minority_to_majority,0.8437058759639404,0.01196018025584,0.6969696969696969,0.0220385674931129,0.9615768780717908,0.0039180435861311,0.8598984142210907,0.0117749807331006,0.979287009135463,0.0063282022431388,0.6969696969696969,0.0220385674931129,0.9683705744311804,0.004249239659109,0.104565680027008,0.0047005377584906,0.4692497551441192,0.0011830694659281,0.1189507521821068,0.0042255061186481,0.1025641025641024,3,0.7753660752194477,0.1442643702030181,0.06833980074449275,0.039698690176010104
spambase,xgb_smote,,0.05,0.2,majority_to_minority,0.8420519960109404,0.0255245038469176,0.6960514233241506,0.0511190657840836,0.9428038457433516,0.0079979640452659,0.8577540443739761,0.0245121383916531,0.9742128236428588,0.0028543206311072,0.6960514233241506,0.0511190657840836,0.9508246360641278,0.0092328258408495,0.1021861160794893,0.0126737456718895,0.391329934199651,0.0638972154177211,0.1031020310223021,0.0202116601756821,0.1986301369863013,3,0.8090657306199828,0.1235942145188648,0.032986265390957614,0.02140809843937551
spambase,xgb_smote,,0.05,0.2,minority_to_majority,0.8147802561292297,0.0099545359459969,0.6391184573002755,0.0235372004003237,0.9572187486538124,0.0029532086170962,0.8314788827307815,0.0096544579377328,0.9778419488205948,0.0123058532714795,0.6391184573002755,0.0235372004003237,0.9657243665063804,0.0056259117812764,0.1238905191421508,0.0086512550315883,0.5434700151284536,0.0740515552142214,0.1396869078896726,0.0119992937231787,0.1965811965811964,3,0.7419873218993454,0.166229541103045,0.07279293422988431,0.0423390219608942
spambase,xgb_smote,,0.05,0.3,majority_to_minority,0.8484305419789292,0.0075909922848309,0.7171717171717171,0.0130187758298969,0.9295937854687256,0.0067216211462428,0.8629662718600045,0.0077022991583555,0.9583610757622448,0.0123724014004321,0.7171717171717171,0.0130187758298969,0.9355052644397708,0.0091528329005518,0.1004524181286493,0.0048549002207638,0.3804260889689128,0.0246327709151688,0.0907168583037723,0.006699072216118,0.2994011976047904,3,0.8082856917167768,0.1169146299362181,0.04014485026215242,0.016462211807568794
spambase,xgb_smote,,0.05,0.3,minority_to_majority,0.7867951262379415,0.0117082707990805,0.5849403122130394,0.0237511793505556,0.9492401386099388,0.010317885028142,0.8026784123811318,0.0122703095318621,0.9711268572815656,0.0099881913133181,0.5849403122130394,0.0237511793505556,0.9603809354542492,0.0097997103426666,0.1399468878904978,0.0105858619840821,0.6244566440582275,0.0858475230851904,0.1595129640336433,0.009918704191656,0.2991452991452991,3,0.6734154842659241,0.203638990720113,0.11337964197201733,0.06369210282961518
spambase,xgb_smote,,0.1,0.0,clean,0.9050203896244952,0.0104408520255624,0.827364554637282,0.0264711392202013,0.9741320917469296,0.0030368506456033,0.9152662546561238,0.0083094916089497,0.9690675940638616,0.0093013219125053,0.827364554637282,0.0264711392202013,0.9790212321981628,0.0035721602252934,0.0627487016220887,0.0063093727391085,0.2652372221151988,0.0348725970017382,0.0631593116220333,0.0095001973523846,0.0,3,0.8860624821035378,0.0722319483757018,0.018957907520957384,0.00948324675361309
spambase,xgb_smote,,0.1,0.05,majority_to_minority,0.91144830514332,0.0018109929589972,0.8402203856749312,0.0027548209366391,0.9719767684594314,0.0013116495561621,0.9210173350121248,0.0023060291764338,0.9693305007348776,0.0077198441657658,0.8402203856749312,0.0027548209366391,0.9764984481504522,0.002080757212933,0.0594345380862553,0.0014002121606587,0.234937826792399,0.0054145894202418,0.054325383929438,0.0047733895617502,0.048582995951417,3,0.8858304452146095,0.0713647057612736,0.025617859928710462,0.011930167675018304
spambase,xgb_smote,,0.1,0.05,minority_to_majority,0.8927619301519595,0.0063235066806737,0.8016528925619836,0.0095429796560268,0.9735747029942368,0.0015324754393604,0.9045578755475744,0.0062357704408433,0.9699770340475818,0.0059667294648574,0.8016528925619836,0.0095429796560268,0.979268079952342,0.0019891477470616,0.0698696623245874,0.0016648650599155,0.2708299557367961,0.0221359147534309,0.0726433691876753,0.0025353509529877,0.051063829787234,3,0.8634043267474353,0.0877968991796175,0.029357603404524202,0.0179272368550301
spambase,xgb_smote,,0.1,0.1,majority_to_minority,0.908394798424124,0.0084226956892795,0.8347107438016529,0.0167569215710694,0.9682467875786144,0.0012904809687614,0.9181876580862376,0.0075887120182951,0.968074999857535,0.0061050142532511,0.8347107438016529,0.0167569215710694,0.9729273839733272,0.0015352448622775,0.0600859435896078,0.0020042693798403,0.2267387757698694,0.0112768714432333,0.0493598792727576,0.0052893735727311,0.0996168582375478,3,0.8882865803686918,0.0692804530262946,0.02010821805543217,0.009194509436686794
spambase,xgb_smote,,0.1,0.1,minority_to_majority,0.8823400179705164,0.0031377922915756,0.7796143250688705,0.0072885711048611,0.9733868247861236,0.0018584222252413,0.8953086449572334,0.002693789975157,0.9714078858758408,0.0016603029553342,0.7796143250688705,0.0072885711048611,0.9795478407404116,0.0021886381817229,0.0736450999975204,0.0034357296724497,0.2833278576533,0.01976614448713,0.0810089562775198,0.0027353411463736,0.102127659574468,3,0.8467593826831363,0.0945148716370264,0.03558063528738009,0.020869771639506
spambase,xgb_smote,,0.1,0.2,majority_to_minority,0.8982888513680303,0.0111018014915898,0.8264462809917354,0.0225491811897312,0.9591732292528397,0.0015968706929864,0.907083833252604,0.0098355031989379,0.9473657108137272,0.0033869257108948,0.8264462809917354,0.0225491811897312,0.9659564033953084,0.0026930686484037,0.0666114017367362,0.001915133815623,0.2361279428005218,0.0068692070655667,0.0424179510327026,0.0005494044297469,0.2006802721088435,3,0.8800443338566506,0.072336047887802,0.018244517511379676,0.005724646151065799
spambase,xgb_smote,,0.1,0.2,minority_to_majority,0.8592005094937646,0.0197337800426891,0.7309458218549127,0.043236941660215,0.966805495754962,0.0078575019788474,0.8740697538803591,0.0179230208372257,0.9745985716975478,0.0095801549005614,0.7309458218549127,0.043236941660215,0.9735790620443602,0.0072669720496046,0.09187347193559,0.0130562704024074,0.3798244098822276,0.0636846749318837,0.1039219506402101,0.0140363114882752,0.2,3,0.811062728951292,0.122266096373399,0.04813778054247264,0.03039262443780899
spambase,xgb_smote,,0.1,0.3,majority_to_minority,0.8931001115751848,0.0058644356137479,0.8172635445362718,0.0130187758298969,0.954177384885754,0.0047958947903225,0.9022859635728144,0.005024398154394,0.9448206925014904,0.0030103872835176,0.8172635445362718,0.0130187758298969,0.95971609216966,0.0063023249886952,0.0694168632229169,0.0030402142272321,0.2394687334696451,0.0129946712679313,0.0280903504586363,0.0070377395123392,0.3005952380952381,3,0.883258291616063,0.070511574546496,0.009841819959121811,0.0010947113235790923
spambase,xgb_smote,,0.1,0.3,minority_to_majority,0.8347058068465693,0.005859341587324,0.6813590449954087,0.013018775829897,0.957166497932607,0.0067433089739963,0.8509135157873221,0.0056319912331921,0.97383534254248,0.0076578558037896,0.6813590449954087,0.013018775829897,0.9687951525683688,0.0070974139736837,0.1092670286695162,0.0003970151009588,0.4475636680920918,0.0141493496525471,0.1245349176650056,0.0058022762201985,0.2978723404255319,3,0.743386948665541,0.1554242322842279,0.09131885818102825,0.04615720361471169
spambase,xgb_smote,,0.2,0.0,clean,0.9421166701225352,0.0009006763879138,0.90633608815427,0.0027548209366392,0.9817374525197118,0.0016112879773947,0.9467465914524804,0.0016545659341109,0.9639151081593632,0.0069892719687491,0.90633608815427,0.0027548209366392,0.9856433346169414,0.0008038145230139,0.0401158208648363,0.0017711297172653,0.1572638104359308,0.0091832952178937,0.0278741511342007,0.0033848753847848,0.0,3,0.9296533270140308,0.0446895733475685,0.012463343108504388,0.004573752482732195
spambase,xgb_smote,,0.2,0.05,majority_to_minority,0.934145956140091,0.001951459132105,0.9017447199265382,0.0084161169787985,0.9758885724074808,0.0017281013218832,0.9377031755030985,0.0013408480081278,0.946139351694435,0.0078828840902628,0.9017447199265382,0.0084161169787985,0.9807985360282526,0.0024018290709922,0.0472660760084787,0.002105468984203,0.172934075196584,0.0113066690803661,0.0276858767247149,0.0029573077231566,0.0506072874493927,3,0.9281821143991232,0.0481291090448696,0.005963841740967757,0.0008630330363908964
spambase,xgb_smote,,0.2,0.05,minority_to_majority,0.9222133357030718,0.0018591618464647,0.8659320477502296,0.0063619864373512,0.9775690985893049,0.0029004774235571,0.9296784567122628,0.0013947616460882,0.9632736994157964,0.0056707212533418,0.8659320477502296,0.0063619864373512,0.9829658593099452,0.0018398709773249,0.0519313700497149,0.0008848296974391,0.1942759156227111,0.0033675520019879,0.0471094780147528,0.0028074099436833,0.0490405117270788,3,0.906076898012382,0.059113332380851,0.016136437690689842,0.007181962331136098
spambase,xgb_smote,,0.2,0.1,majority_to_minority,0.9326747435251832,0.0065023001853326,0.9035812672176308,0.0082644628099173,0.9739744552072556,0.0039487744084447,0.9355245556639812,0.0065142769973855,0.9389350164059516,0.0082226127720558,0.9035812672176308,0.0082644628099173,0.9801485036089144,0.002044024613397,0.0469199120998382,0.0026190658454581,0.1692313998937606,0.0124342326864748,0.0188964203578479,0.0063040028298424,0.0998080614203454,3,0.9313960721585356,0.0451469632486501,0.0012786713666476102,-0.0017729488511881025
spambase,xgb_smote,,0.2,0.1,minority_to_majority,0.9028851565508456,0.0085965909689749,0.8236914600550964,0.0192837465564738,0.973978470125024,0.0014198106088697,0.9132880478364228,0.0074392187712777,0.9677401040923752,0.0078665416927768,0.8236914600550964,0.0192837465564738,0.9804545948240962,0.0019411903983022,0.0596852004528045,0.007452387228676,0.2238084822893142,0.0279936299143723,0.0583279844042462,0.0111296571681487,0.1002132196162046,3,0.8864722493754752,0.0692839622497558,0.01641290717537036,0.009598761796951301
spambase,xgb_smote,,0.2,0.2,majority_to_minority,0.9224083454288732,0.0026441681116868,0.8943985307621672,0.0015904966093378,0.9655865811165408,0.0016660568161119,0.9245790965215464,0.0029643575694958,0.9214918725865054,0.0055597585835602,0.8943985307621672,0.0015904966093378,0.9714281952796128,0.0019163548622943,0.0569506523509819,0.000874555430884,0.2014086047808328,0.0029012768085898,0.0242414228136809,0.0043308825873801,0.1996587030716723,3,0.9165383058344936,0.0534686284760633,0.005870039594379595,-0.0034820238749186036
spambase,xgb_smote,,0.2,0.2,minority_to_majority,0.8736608509335783,0.0091751168465406,0.7658402203856749,0.0165289256198346,0.9691373045713952,0.0049333705091788,0.8867606866418609,0.0087304978623068,0.964117244920986,0.0044920722576956,0.7658402203856749,0.0165289256198346,0.9775187522010592,0.0028621242209153,0.0791514838735262,0.0061522450711284,0.2751524051030476,0.0186392501759727,0.0838965429400959,0.0021088363353334,0.2004264392324093,3,0.8441872290845898,0.0938664848605791,0.029473621848988496,0.01471500098705289
spambase,xgb_smote,,0.2,0.3,majority_to_minority,0.918636511745016,0.0066032254094753,0.9035812672176308,0.0027548209366392,0.9621395104790172,9.684100312566692e-05,0.9182533215821984,0.0085190499532558,0.8990025842919991,0.0214140891514449,0.9035812672176308,0.0027548209366392,0.9659909620808936,0.0005981123291092,0.0638510088125864,0.001652065616784,0.2257258246342341,0.0017528361425516,0.0516666863659693,0.0029269389468448,0.3,3,0.9215172250362864,0.0549621048072973,-0.002880713291270376,-0.008888904005289099
spambase,xgb_smote,,0.2,0.3,minority_to_majority,0.8355302783455277,0.0122458660548561,0.6877869605142332,0.0224367157444822,0.9614285477361384,0.0035464114309602,0.8510696743968998,0.0120579928292876,0.9638682914811212,0.0053448637263372,0.6877869605142332,0.0224367157444822,0.9743558096441772,0.0020360156794555,0.1007591510812441,0.0073840498511464,0.3474382062753041,0.0203199113484814,0.1153408602632412,0.009647797870921,0.3006396588486141,3,0.8044743623922509,0.1214166432619094,0.031055915953276836,0.0206574921806653
spambase,xgb_smote,,0.5,0.0,clean,0.9557204498553472,0.0036913710882081,0.9536469287202424,0.0033333441829467,0.984082645914413,0.0037294045394601,0.9536055840182704,0.0038945066015111,0.9320422026304378,0.0064247736518335,0.9568411386593204,0.0042080584893993,0.9881200404172056,0.0024606713925424,0.0360649141172567,0.0037136260954719,0.1363451207677523,0.0166619736231697,0.0203380860112555,0.0021683222397814,0.0,3,0.9542048046446872,0.0365540459752082,0.0015156452106600549,0.0004891318579514983
spambase,xgb_smote,,0.5,0.05,majority_to_minority,0.9424894102313458,0.0056972713003773,0.935483870967742,0.0031040337053204,0.9804185288349578,0.0014951548223808,0.9387326477011024,0.0053635983575839,0.9054188578967378,0.0048356701791542,0.9494949494949496,0.0084161169787986,0.9848534218035684,0.0019511093836196,0.0451089379688103,0.002083552322849,0.1623615423838297,0.006393114048748,0.0388459184962394,0.0022784214035607,0.0501618122977346,3,0.9431534306900876,0.0455720958610375,-0.0006640204587418097,0.0004631578922272006
spambase,xgb_smote,,0.5,0.05,minority_to_majority,0.93749321168676,0.0059784564089751,0.9191919191919192,0.0111334762653646,0.97676733517507,0.0017966538542407,0.938470307560225,0.0053129870199298,0.9311630090486066,0.0042135832188091,0.9191919191919192,0.0111334762653646,0.9834908222004998,0.0002282240653124,0.0443626989920933,0.0008766839361459,0.1578370829423268,0.0011756977790461,0.0170485747572259,0.0027798880877216,0.0502555366269165,3,0.935955350178224,0.0448571989933649,0.0015378615085360758,0.0004945000012715958
spambase,xgb_smote,,0.5,0.1,majority_to_minority,0.9421857874937052,0.0016249483492407,0.9229390681003584,0.0035842293906811,0.9815172575566492,0.0029145727221775,0.9360332004160484,0.0018988078804527,0.8903245287257296,0.004413149722271,0.9614325068870524,0.002754820936639,0.984911019612877,0.0028776152760516,0.0496987191339333,0.0042061130062589,0.1805457025766372,0.0160132816162317,0.0638979789971161,0.0067531754592425,0.0996932515337423,3,0.9368316597055598,0.0520372539758681,0.005354127788145369,0.002338534841934803
spambase,xgb_smote,,0.5,0.1,minority_to_majority,0.9285647284181008,0.0043356916042972,0.8971533516988063,0.0084161169787985,0.9742221373351786,0.0041743430202846,0.9316582779966476,0.0037794733683421,0.9358206224523068,0.0017437074324438,0.8971533516988063,0.0084161169787985,0.9825346985659792,0.0020589075807457,0.0470758999387422,0.0023638316178997,0.1638320088386535,0.0086831358325037,0.0205976822805515,0.0022179850838529,0.0996592844974446,3,0.927441571136586,0.0471364272137482,0.0011231572815147972,6.05272750060018e-05
spambase,xgb_smote,,0.5,0.2,majority_to_minority,0.8995625857795946,0.0153957097958487,0.8303464755077657,0.0254286698372672,0.9745209590729328,0.0058711055758798,0.883213005623117,0.0173456052101848,0.7883768216020891,0.0257747468988591,0.9687786960514234,0.0069328139901476,0.9793108668963996,0.0045119592124051,0.0842648223042487,0.0031001655329749,0.2834198375542958,0.0083688462513475,0.134870981613536,0.0044965326752004,0.2002724795640326,3,0.8924607758918609,0.0972335711121559,0.007101809887733679,0.012968748807907202
spambase,xgb_smote,,0.5,0.2,minority_to_majority,0.9088934308875656,0.0153430741001212,0.8512396694214877,0.0271318396743694,0.961779485339024,0.0067757612320277,0.9157934726319564,0.0142160040216225,0.9430096452821912,0.0125534347276904,0.8512396694214877,0.0271318396743694,0.9781210607212564,0.0045891814675521,0.0584281608462333,0.0088322082873437,0.201054776708285,0.0247428063440566,0.0486733440850421,0.0070243612553429,0.2001703577512776,3,0.9023766501772368,0.0620678501824537,0.006516780710328796,0.0036396893362204003
spambase,xgb_smote,,0.5,0.3,majority_to_minority,0.8232545395301994,0.0276874894945166,0.6648745519713262,0.0457603775440993,0.9668853637719388,0.0067195729511718,0.7896075863907931,0.0313443483548398,0.6567357426398707,0.0335401223110623,0.9816345270890724,0.0096746131798464,0.9731067600080308,0.0069997951034822,0.1454963038365046,0.0088452622438026,0.4458057383696237,0.018671397873141,0.2238115526700727,0.0046151095117965,0.2999403697078115,3,0.7579312183417755,0.1841825544834136,0.06532332118842399,0.038686250646909004
spambase,xgb_smote,,0.5,0.3,minority_to_majority,0.861834375030856,0.0044754573438757,0.751147842056933,0.0104295837388435,0.955467998295108,0.0117741917886544,0.8744784395142826,0.0046747422765842,0.946996724240453,0.0152849569076421,0.751147842056933,0.0104295837388435,0.9734556381672708,0.0050067645868349,0.0827306086818376,0.0034694046749379,0.2660571336746216,0.0120170912430274,0.0920530721576229,0.0015594755595099,0.2998296422487223,3,0.8409461180722179,0.0901715507109959,0.020888256958638163,0.007440942029158307
banknote_authentication,tabpfn_threshold,observed,0.05,0.0,clean,1.0,0.0,1.0,0.0,1.0,0.0,1.0,0.0,1.0,0.0,1.0,0.0,1.0,0.0,1.1597756762663872e-05,9.437971449717828e-06,0.0005436313658719,0.0002926948595936,0.0005376514021344,0.0002892394902799,0.0,3,1.0,1.1597756762663872e-05,0.0,-0.0
banknote_authentication,tabpfn_threshold,observed,0.05,0.05,majority_to_minority,0.9978213507625272,0.001886765585587,0.9956427015250544,0.003773531171174,1.0,0.0,0.9975465596074496,0.0021247417066194,0.994579945799458,0.0046939046275579,1.0,0.0,1.0,0.0,0.0009768022779704,0.0013893926409554,0.0049745448244114,0.004917059514088,0.0042759384871036,0.0038940457345546,0.0588235294117647,3,0.9986338797814208,0.0009768022779704,-0.0008125290188936152,-0.0
banknote_authentication,tabpfn_threshold,observed,0.05,0.05,minority_to_majority,0.993169398907104,0.0118309481391315,0.9863387978142076,0.0236618962782634,0.9999553912496932,7.726462199357891e-05,0.993833721248324,0.0106803080915353,1.0,0.0,0.9863387978142076,0.0236618962782634,0.99996428443873,6.18611667406298e-05,0.011600570132335,0.0109009102797109,0.0542297717183828,0.0438895511945896,0.0268808631532451,0.0046092129790621,0.0625,3,0.9877049180327868,0.011600570132335,0.005464480874317168,-0.0
banknote_authentication,tabpfn_threshold,observed,0.05,0.1,majority_to_minority,0.9989106753812635,0.001886765585587,0.9978213507625272,0.003773531171174,1.0,0.0,0.9987732798037248,0.0021247417066194,0.997289972899729,0.0046939046275579,1.0,0.0,1.0,0.0,0.0002288665067074,0.0002299182107006,0.0049383115644255,0.0019842619245264,0.0048125246644132,0.0018552063426034,0.1111111111111111,3,1.0,0.0002288665067074,-0.0010893246187364536,-0.0
banknote_authentication,tabpfn_threshold,observed,0.05,0.1,minority_to_majority,0.9972677595628416,0.0047323792556526,0.9945355191256832,0.0094647585113053,1.0,0.0,0.9975403384494294,0.0042602587750119,1.0,0.0,0.9945355191256832,0.0094647585113053,1.0,0.0,0.0192360840737819,0.0003513881539012,0.0787863805890082,0.006248555371384,0.0505306626793709,0.0112299130652715,0.09375,3,0.9795081967213114,0.0192360840737819,0.01775956284153024,-0.0
banknote_authentication,tabpfn_threshold,observed,0.05,0.2,majority_to_minority,0.9967320261437908,0.0032679738562092,0.9934640522875816,0.0065359477124182,1.0,0.0,0.9963217750255192,0.0036772575493802,0.9919136288137076,0.0080646049702389,1.0,0.0,1.0,0.0,0.0022518870149117,0.0033353672928741,0.0122415064834058,0.007732129263335,0.0101504085337121,0.0044174305693972,0.2,3,0.9945355191256832,0.0022518870149117,0.002196507018107585,-0.0
banknote_authentication,tabpfn_threshold,observed,0.05,0.2,minority_to_majority,1.0,0.0,1.0,0.0,1.0,0.0,1.0,0.0,1.0,0.0,1.0,0.0,1.0,0.0,0.03301036854585,0.0106135034751235,0.1205959121386209,0.0199154301764762,0.0948488860612269,0.0123995006967284,0.1875,3,0.9562841530054644,0.03301036854585,0.04371584699453557,-0.0
banknote_authentication,tabpfn_threshold,observed,0.05,0.3,majority_to_minority,0.9978213507625272,0.003773531171174,0.9956427015250544,0.007547062342348,1.0,0.0,0.9975484952217945,0.00424613083085,0.9946236559139784,0.0093121011159616,1.0,0.0,1.0,0.0,0.0009465204687633,0.0010440632666752,0.0143361839776237,0.0035962472355145,0.0137717391257032,0.0029265740283001,0.3043478260869565,3,1.0,0.0009465204687633,-0.002178649237472796,-0.0
banknote_authentication,tabpfn_threshold,observed,0.05,0.3,minority_to_majority,0.9986338797814208,0.0023661896278262,0.9972677595628416,0.0047323792556526,1.0,0.0,0.9987712407787206,0.0021282734015247,1.0,0.0,0.9972677595628416,0.0047323792556526,1.0,0.0,0.065862892816464,0.0045739585523062,0.2124066352844238,0.0236788254053098,0.1512449996007225,0.0133389893429974,0.3125,3,0.9234972677595628,0.065862892816464,0.07513661202185806,-0.0
banknote_authentication,tabpfn_threshold,observed,0.1,0.0,clean,1.0,0.0,1.0,0.0,1.0,0.0,1.0,0.0,1.0,0.0,1.0,0.0,1.0,0.0,6.042243469057406e-05,9.802844532595788e-05,0.0007431934597358,0.0009005172601744,0.0007099385916179,0.0008469425964378,0.0,3,1.0,6.042243469057406e-05,0.0,-0.0
banknote_authentication,tabpfn_threshold,observed,0.1,0.05,majority_to_minority,1.0,0.0,1.0,0.0,1.0,0.0,1.0,0.0,1.0,0.0,1.0,0.0,1.0,0.0,2.5625219677749556e-05,2.2861849019188223e-05,0.0021300874262426,0.0003006305606436,0.0021167245552394,0.0002888589159727,0.044776119402985,3,1.0,2.5625219677749556e-05,0.0,-0.0
banknote_authentication,tabpfn_threshold,observed,0.1,0.05,minority_to_majority,1.0,0.0,1.0,0.0,1.0,0.0,1.0,0.0,1.0,0.0,1.0,0.0,1.0,0.0,0.0064495750702916,0.0024422430268444,0.0261231871942678,0.0020831137399196,0.0209492037695224,0.0020857103025138,0.046875,3,0.9904371584699452,0.0064495750702916,0.009562841530054822,-0.0
banknote_authentication,tabpfn_threshold,observed,0.1,0.1,majority_to_minority,0.9967320261437908,0.0032679738562092,0.9934640522875816,0.0065359477124182,1.0,0.0,0.9963217750255192,0.0036772575493802,0.9919136288137076,0.0080646049702389,1.0,0.0,1.0,0.0,0.0002138167862236,0.0001202081847422,0.0060160350985824,0.0012446358973479,0.0059031543101776,0.00122042773889,0.0985915492957745,3,1.0,0.0002138167862236,-0.0032679738562092497,-0.0
banknote_authentication,tabpfn_threshold,observed,0.1,0.1,minority_to_majority,1.0,0.0,1.0,0.0,1.0,0.0,1.0,0.0,1.0,0.0,1.0,0.0,1.0,1.5700924586837752e-16,0.0078974443798263,0.0023215037798915,0.0487393674751122,0.0039992459077418,0.0438011279385483,0.0023437017082501,0.09375,3,1.0,0.0078974443798263,0.0,-0.0
banknote_authentication,tabpfn_threshold,observed,0.1,0.2,majority_to_minority,0.994553376906318,0.0049919125217383,0.9891067538126362,0.0099838250434767,1.0,0.0,0.9938740387073168,0.0056134370892885,0.9866236559139784,0.0122344991368416,1.0,0.0,1.0,0.0,0.0009185771632473,0.0005879505472482,0.0141361259544888,0.0024214427965519,0.0135754433996748,0.0020649456530558,0.2,3,1.0,0.0009185771632473,-0.005446623093682046,-0.0
banknote_authentication,tabpfn_threshold,observed,0.1,0.2,minority_to_majority,1.0,0.0,1.0,0.0,1.0,0.0,1.0,0.0,1.0,0.0,1.0,0.0,1.0,1.5700924586837752e-16,0.0205672370890775,0.0033157682370432,0.1023809264103571,0.0078697185600626,0.089580016832527,0.0054756817324461,0.203125,3,0.9986338797814208,0.0205672370890775,0.001366120218579181,-0.0
banknote_authentication,tabpfn_threshold,observed,0.1,0.3,majority_to_minority,1.0,0.0,1.0,0.0,1.0,0.0,1.0,0.0,1.0,0.0,1.0,0.0,1.0,0.0,0.0008015678031369,3.0460853466125883e-05,0.0209528480966885,0.0011250354600252,0.0205395342996625,0.0011323175563595,0.2967032967032967,3,1.0,0.0008015678031369,0.0,-0.0
banknote_authentication,tabpfn_threshold,observed,0.1,0.3,minority_to_majority,1.0,0.0,1.0,0.0,1.0,0.0,1.0,0.0,1.0,0.0,1.0,0.0,1.0,0.0,0.0434965652724106,0.0022425904507947,0.1620900928974151,0.0010250213748191,0.1326335900075729,0.0025193347632764,0.296875,3,0.9781420765027322,0.0434965652724106,0.021857923497267784,-0.0
banknote_authentication,tabpfn_threshold,observed,0.2,0.0,clean,1.0,0.0,1.0,0.0,1.0,0.0,1.0,0.0,1.0,0.0,1.0,0.0,1.0,0.0,7.050586869894462e-08,1.002847174575548e-07,3.4733153370325454e-05,1.9222015505376676e-05,3.4730044918074835e-05,1.917725674411718e-05,0.0,3,1.0,7.050586869894462e-08,0.0,-0.0
banknote_authentication,tabpfn_threshold,observed,0.2,0.05,majority_to_minority,1.0,0.0,1.0,0.0,1.0,0.0,1.0,0.0,1.0,0.0,1.0,0.0,1.0,0.0,0.0001042989291211,3.24993567774963e-05,0.0058801807463168,0.0006493249756051,0.0058266195519403,0.0006325305404628,0.0518518518518517,3,1.0,0.0001042989291211,0.0,-0.0
banknote_authentication,tabpfn_threshold,observed,0.2,0.05,minority_to_majority,1.0,0.0,1.0,0.0,1.0,0.0,1.0,0.0,1.0,0.0,1.0,0.0,1.0,0.0,0.0019309675359787,0.0012927593019276,0.0181928022454181,0.0014778670053482,0.0168670224029902,0.0006214706396882,0.046875,3,0.9972677595628416,0.0019309675359787,0.002732240437158362,-0.0
banknote_authentication,tabpfn_threshold,observed,0.2,0.1,majority_to_minority,0.9934640522875816,0.011320593513522,0.9869281045751634,0.022641187027044,1.0,0.0,0.9926666666666666,0.0127017059221717,0.984375,0.0270632938682637,1.0,0.0,1.0,0.0,0.0063108004784831,0.0104831753177377,0.0361281223595142,0.0430286104925613,0.0173124560217062,0.0106672390804975,0.0985915492957745,3,0.9934640522875816,0.0063108004784831,0.0,-0.0
banknote_authentication,tabpfn_threshold,observed,0.2,0.1,minority_to_majority,1.0,0.0,1.0,0.0,1.0,0.0,1.0,0.0,1.0,0.0,1.0,0.0,1.0,0.0,0.0058969350066035,0.0032525153668044,0.0451292321085929,0.0036276519013623,0.0415751559431858,0.0012802032555345,0.1015625,3,1.0,0.0058969350066035,0.0,-0.0
banknote_authentication,tabpfn_threshold,observed,0.2,0.2,majority_to_minority,1.0,0.0,1.0,0.0,1.0,0.0,1.0,0.0,1.0,0.0,1.0,0.0,1.0,0.0,0.0015457892247164,0.0001249622938434,0.0289828578631082,0.0012287539131587,0.028175871588967,0.0011740373094843,0.2,3,1.0,0.0015457892247164,0.0,-0.0
banknote_authentication,tabpfn_threshold,observed,0.2,0.2,minority_to_majority,1.0,0.0,1.0,0.0,1.0,0.0,1.0,0.0,1.0,0.0,1.0,0.0,1.0,0.0,0.0156241813674568,0.0002496347270723,0.0915036598841348,0.0012053552482227,0.0825100130773815,0.0010705277508817,0.203125,3,1.0,0.0156241813674568,0.0,-0.0
banknote_authentication,tabpfn_threshold,observed,0.2,0.3,majority_to_minority,1.0,0.0,1.0,0.0,1.0,0.0,1.0,0.0,1.0,0.0,1.0,0.0,1.0,0.0,0.0047687583913405,0.0001589005880499,0.0531560716529686,0.0008758904248348,0.0506008512684792,0.0008043786244441,0.3005464480874317,3,1.0,0.0047687583913405,0.0,-0.0
banknote_authentication,tabpfn_threshold,observed,0.2,0.3,minority_to_majority,1.0,0.0,1.0,0.0,1.0,0.0,1.0,0.0,1.0,0.0,1.0,0.0,1.0,0.0,0.037866186350584,0.0012991233517094,0.1528632640838622,0.0028450937146677,0.1290654053533481,0.0018677759162362,0.296875,3,1.0,0.037866186350584,0.0,-0.0
banknote_authentication,tabpfn_threshold,observed,0.5,0.0,clean,1.0,0.0,1.0,0.0,1.0,0.0,1.0,0.0,1.0,0.0,1.0,0.0,1.0,0.0,1.9772181577189704e-10,3.3572740096421825e-11,1.3419597962638363e-05,3.121653699237823e-07,1.3471367161731576e-05,3.068498270853386e-07,0.0,3,1.0,1.9772181577189704e-10,0.0,-0.0
banknote_authentication,tabpfn_threshold,observed,0.5,0.05,majority_to_minority,1.0,0.0,1.0,0.0,1.0,0.0,1.0,0.0,1.0,0.0,1.0,0.0,1.0,0.0,0.0014127486695845,0.0004757300513046,0.0258568233499924,0.0014579796491179,0.0250803895475286,0.0011327764082292,0.0504451038575667,3,1.0,0.0014127486695845,0.0,-0.0
banknote_authentication,tabpfn_threshold,observed,0.5,0.05,minority_to_majority,1.0,0.0,1.0,0.0,1.0,0.0,1.0,0.0,1.0,0.0,1.0,0.0,1.0,0.0,0.0007090088911354,3.419201639099687e-05,0.0174036938697099,0.0001322314310257,0.0170381751750193,0.0001505121181201,0.05,3,1.0,0.0007090088911354,0.0,-0.0
banknote_authentication,tabpfn_threshold,observed,0.5,0.1,majority_to_minority,1.0,0.0,1.0,0.0,1.0,0.0,1.0,0.0,1.0,0.0,1.0,0.0,1.0,0.0,0.0052119443813959,5.8897156261107544e-05,0.0560647311309973,6.791595065429909e-05,0.0532710801019812,5.247024772811823e-05,0.1011235955056179,3,1.0,0.0052119443813959,0.0,-0.0
banknote_authentication,tabpfn_threshold,observed,0.5,0.1,minority_to_majority,1.0,0.0,1.0,0.0,1.0,0.0,1.0,0.0,1.0,0.0,1.0,0.0,1.0,0.0,0.0035103120996305,3.065985459863331e-05,0.0402893424034118,0.0001953159453401,0.038411545192679,0.0001783264204547,0.1,3,1.0,0.0035103120996305,0.0,-0.0
banknote_authentication,tabpfn_threshold,observed,0.5,0.2,majority_to_minority,1.0,0.0,1.0,0.0,1.0,0.0,1.0,0.0,1.0,0.0,1.0,0.0,1.0,0.0,0.0309583880007266,0.0007572276539621,0.1483180274566014,0.0005258131326993,0.1296822866165276,0.0002307770223319,0.2,3,1.0,0.0309583880007266,0.0,-0.0
banknote_authentication,tabpfn_threshold,observed,0.5,0.2,minority_to_majority,1.0,0.0,1.0,0.0,1.0,0.0,1.0,0.0,1.0,0.0,1.0,0.0,1.0,0.0,0.0150427275026837,0.0016520326674224,0.0887337798873583,0.0034972275529358,0.0799995456327296,0.0022878783605962,0.2,3,1.0,0.0150427275026837,0.0,-0.0
banknote_authentication,tabpfn_threshold,observed,0.5,0.3,majority_to_minority,0.994553376906318,0.0049919125217383,0.9891067538126362,0.0099838250434767,1.0,0.0,0.9938740387073168,0.0056134370892884,0.9866236559139784,0.0122344991368416,1.0,0.0,1.0,0.0,0.1051767940322557,0.0001696211067205,0.317011425892512,0.0008277617019795,0.2386952251557147,0.0007396793705762,0.299781181619256,3,0.954248366013072,0.1051767940322557,0.04030501089324601,-0.0
banknote_authentication,tabpfn_threshold,observed,0.5,0.3,minority_to_majority,1.0,0.0,1.0,0.0,1.0,0.0,1.0,0.0,1.0,0.0,1.0,0.0,1.0,0.0,0.0364994828899701,0.0002269094275054,0.1489710410435994,0.0010234210125927,0.1260310663123791,0.0012058027980495,0.3,3,1.0,0.0364994828899701,0.0,-0.0
banknote_authentication,tabpfn_threshold,oracle,0.05,0.0,clean,1.0,0.0,1.0,0.0,1.0,0.0,1.0,0.0,1.0,0.0,1.0,0.0,1.0,0.0,1.1597756762663872e-05,9.437971449717828e-06,0.0005436313658719,0.0002926948595936,0.0005376514021344,0.0002892394902799,0.0,3,1.0,1.1597756762663872e-05,0.0,-0.0
banknote_authentication,tabpfn_threshold,oracle,0.05,0.05,majority_to_minority,0.9967320261437908,0.0,0.9934640522875816,0.0,1.0,0.0,0.9963198394111744,0.0,0.991869918699187,0.0,1.0,0.0,1.0,0.0,0.0009768022779704,0.0013893926409554,0.0049745448244114,0.004917059514088,0.0042759384871036,0.0038940457345546,0.0588235294117647,3,0.9986338797814208,0.0009768022779704,-0.0019018536376300688,-0.0
banknote_authentication,tabpfn_threshold,oracle,0.05,0.05,minority_to_majority,0.993169398907104,0.0118309481391315,0.9863387978142076,0.0236618962782634,0.9999553912496932,7.726462199357891e-05,0.993833721248324,0.0106803080915353,1.0,0.0,0.9863387978142076,0.0236618962782634,0.99996428443873,6.18611667406298e-05,0.011600570132335,0.0109009102797109,0.0542297717183828,0.0438895511945896,0.0268808631532451,0.0046092129790621,0.0625,3,0.9877049180327868,0.011600570132335,0.005464480874317168,-0.0
banknote_authentication,tabpfn_threshold,oracle,0.05,0.1,majority_to_minority,0.9989106753812635,0.001886765585587,0.9978213507625272,0.003773531171174,1.0,0.0,0.9987732798037248,0.0021247417066194,0.997289972899729,0.0046939046275579,1.0,0.0,1.0,0.0,0.0002288665067074,0.0002299182107006,0.0049383115644255,0.0019842619245264,0.0048125246644132,0.0018552063426034,0.1111111111111111,3,1.0,0.0002288665067074,-0.0010893246187364536,-0.0
banknote_authentication,tabpfn_threshold,oracle,0.05,0.1,minority_to_majority,0.9972677595628416,0.0047323792556526,0.9945355191256832,0.0094647585113053,1.0,0.0,0.9975403384494294,0.0042602587750119,1.0,0.0,0.9945355191256832,0.0094647585113053,1.0,0.0,0.0192360840737819,0.0003513881539012,0.0787863805890082,0.006248555371384,0.0505306626793709,0.0112299130652715,0.09375,3,0.9795081967213114,0.0192360840737819,0.01775956284153024,-0.0
banknote_authentication,tabpfn_threshold,oracle,0.05,0.2,majority_to_minority,0.994553376906318,0.0049919125217383,0.9891067538126362,0.0099838250434767,1.0,0.0,0.9938740387073168,0.0056134370892884,0.9866236559139784,0.0122344991368416,1.0,0.0,1.0,0.0,0.0022518870149117,0.0033353672928741,0.0122415064834058,0.007732129263335,0.0101504085337121,0.0044174305693972,0.2,3,0.9945355191256832,0.0022518870149117,1.7857780634789044e-05,-0.0
banknote_authentication,tabpfn_threshold,oracle,0.05,0.2,minority_to_majority,1.0,0.0,1.0,0.0,1.0,0.0,1.0,0.0,1.0,0.0,1.0,0.0,1.0,0.0,0.03301036854585,0.0106135034751235,0.1205959121386209,0.0199154301764762,0.0948488860612269,0.0123995006967284,0.1875,3,0.9562841530054644,0.03301036854585,0.04371584699453557,-0.0
banknote_authentication,tabpfn_threshold,oracle,0.05,0.3,majority_to_minority,0.9923747276688454,0.0105050661884454,0.9847494553376906,0.0210101323768909,1.0,0.0,0.9914399464703916,0.011783887997394,0.981664972899729,0.0250483950649019,1.0,0.0,1.0,0.0,0.0009465204687633,0.0010440632666752,0.0143361839776237,0.0035962472355145,0.0137717391257032,0.0029265740283001,0.3043478260869565,3,1.0,0.0009465204687633,-0.00762527233115462,-0.0
banknote_authentication,tabpfn_threshold,oracle,0.05,0.3,minority_to_majority,0.9959016393442622,0.007098568883479,0.9918032786885246,0.014197137766958,1.0,0.0,0.9963071882259732,0.0063961376154029,1.0,0.0,0.9918032786885246,0.014197137766958,1.0,0.0,0.065862892816464,0.0045739585523062,0.2124066352844238,0.0236788254053098,0.1512449996007225,0.0133389893429974,0.3125,3,0.9234972677595628,0.065862892816464,0.07240437158469948,-0.0
banknote_authentication,tabpfn_threshold,oracle,0.1,0.0,clean,1.0,0.0,1.0,0.0,1.0,0.0,1.0,0.0,1.0,0.0,1.0,0.0,1.0,0.0,6.042243469057406e-05,9.802844532595788e-05,0.0007431934597358,0.0009005172601744,0.0007099385916179,0.0008469425964378,0.0,3,1.0,6.042243469057406e-05,0.0,-0.0
banknote_authentication,tabpfn_threshold,oracle,0.1,0.05,majority_to_minority,0.9989106753812635,0.001886765585587,0.9978213507625272,0.003773531171174,1.0,0.0,0.9987732798037248,0.0021247417066194,0.997289972899729,0.0046939046275579,1.0,0.0,1.0,0.0,2.5625219677749556e-05,2.2861849019188223e-05,0.0021300874262426,0.0003006305606436,0.0021167245552394,0.0002888589159727,0.044776119402985,3,1.0,2.5625219677749556e-05,-0.0010893246187364536,-0.0
banknote_authentication,tabpfn_threshold,oracle,0.1,0.05,minority_to_majority,1.0,0.0,1.0,0.0,1.0,0.0,1.0,0.0,1.0,0.0,1.0,0.0,1.0,0.0,0.0064495750702916,0.0024422430268444,0.0261231871942678,0.0020831137399196,0.0209492037695224,0.0020857103025138,0.046875,3,0.9904371584699452,0.0064495750702916,0.009562841530054822,-0.0
banknote_authentication,tabpfn_threshold,oracle,0.1,0.1,majority_to_minority,0.9956427015250544,0.0037735311711741,0.9912854030501088,0.007547062342348,1.0,0.0,0.9950969904435888,0.00424613083085,0.989247311827957,0.0093121011159615,1.0,0.0,1.0,0.0,0.0002138167862236,0.0001202081847422,0.0060160350985824,0.0012446358973479,0.0059031543101776,0.00122042773889,0.0985915492957745,3,1.0,0.0002138167862236,-0.004357298474945592,-0.0
banknote_authentication,tabpfn_threshold,oracle,0.1,0.1,minority_to_majority,1.0,0.0,1.0,0.0,1.0,0.0,1.0,0.0,1.0,0.0,1.0,0.0,1.0,1.5700924586837752e-16,0.0078974443798263,0.0023215037798915,0.0487393674751122,0.0039992459077418,0.0438011279385483,0.0023437017082501,0.09375,3,1.0,0.0078974443798263,0.0,-0.0
banknote_authentication,tabpfn_threshold,oracle,0.1,0.2,majority_to_minority,0.9923747276688454,0.008224220517724,0.9847494553376906,0.0164484410354483,1.0,0.0,0.9914332257274272,0.0092327868405234,0.981500296333926,0.0197918123777262,1.0,0.0,1.0,0.0,0.0009185771632473,0.0005879505472482,0.0141361259544888,0.0024214427965519,0.0135754433996748,0.0020649456530558,0.2,3,1.0,0.0009185771632473,-0.00762527233115462,-0.0
banknote_authentication,tabpfn_threshold,oracle,0.1,0.2,minority_to_majority,1.0,0.0,1.0,0.0,1.0,0.0,1.0,0.0,1.0,0.0,1.0,0.0,1.0,1.5700924586837752e-16,0.0205672370890775,0.0033157682370432,0.1023809264103571,0.0078697185600626,0.089580016832527,0.0054756817324461,0.203125,3,0.9986338797814208,0.0205672370890775,0.001366120218579181,-0.0
banknote_authentication,tabpfn_threshold,oracle,0.1,0.3,majority_to_minority,0.9989106753812635,0.001886765585587,0.9978213507625272,0.003773531171174,1.0,0.0,0.9987732798037248,0.0021247417066195,0.997289972899729,0.0046939046275579,1.0,0.0,1.0,0.0,0.0008015678031369,3.0460853466125883e-05,0.0209528480966885,0.0011250354600252,0.0205395342996625,0.0011323175563595,0.2967032967032967,3,1.0,0.0008015678031369,-0.0010893246187364536,-0.0
banknote_authentication,tabpfn_threshold,oracle,0.1,0.3,minority_to_majority,1.0,0.0,1.0,0.0,1.0,0.0,1.0,0.0,1.0,0.0,1.0,0.0,1.0,0.0,0.0434965652724106,0.0022425904507947,0.1620900928974151,0.0010250213748191,0.1326335900075729,0.0025193347632764,0.296875,3,0.9781420765027322,0.0434965652724106,0.021857923497267784,-0.0
banknote_authentication,tabpfn_threshold,oracle,0.2,0.0,clean,1.0,0.0,1.0,0.0,1.0,0.0,1.0,0.0,1.0,0.0,1.0,0.0,1.0,0.0,7.050586869894462e-08,1.002847174575548e-07,3.4733153370325454e-05,1.9222015505376676e-05,3.4730044918074835e-05,1.917725674411718e-05,0.0,3,1.0,7.050586869894462e-08,0.0,-0.0
banknote_authentication,tabpfn_threshold,oracle,0.2,0.05,majority_to_minority,1.0,0.0,1.0,0.0,1.0,0.0,1.0,0.0,1.0,0.0,1.0,0.0,1.0,0.0,0.0001042989291211,3.24993567774963e-05,0.0058801807463168,0.0006493249756051,0.0058266195519403,0.0006325305404628,0.0518518518518517,3,1.0,0.0001042989291211,0.0,-0.0
banknote_authentication,tabpfn_threshold,oracle,0.2,0.05,minority_to_majority,1.0,0.0,1.0,0.0,1.0,0.0,1.0,0.0,1.0,0.0,1.0,0.0,1.0,0.0,0.0019309675359787,0.0012927593019276,0.0181928022454181,0.0014778670053482,0.0168670224029902,0.0006214706396882,0.046875,3,0.9972677595628416,0.0019309675359787,0.002732240437158362,-0.0
banknote_authentication,tabpfn_threshold,oracle,0.2,0.1,majority_to_minority,0.9934640522875816,0.011320593513522,0.9869281045751634,0.022641187027044,1.0,0.0,0.9926666666666666,0.0127017059221717,0.984375,0.0270632938682637,1.0,0.0,1.0,0.0,0.0063108004784831,0.0104831753177377,0.0361281223595142,0.0430286104925613,0.0173124560217062,0.0106672390804975,0.0985915492957745,3,0.9934640522875816,0.0063108004784831,0.0,-0.0
banknote_authentication,tabpfn_threshold,oracle,0.2,0.1,minority_to_majority,1.0,0.0,1.0,0.0,1.0,0.0,1.0,0.0,1.0,0.0,1.0,0.0,1.0,0.0,0.0058969350066035,0.0032525153668044,0.0451292321085929,0.0036276519013623,0.0415751559431858,0.0012802032555345,0.1015625,3,1.0,0.0058969350066035,0.0,-0.0
banknote_authentication,tabpfn_threshold,oracle,0.2,0.2,majority_to_minority,1.0,0.0,1.0,0.0,1.0,0.0,1.0,0.0,1.0,0.0,1.0,0.0,1.0,0.0,0.0015457892247164,0.0001249622938434,0.0289828578631082,0.0012287539131587,0.028175871588967,0.0011740373094843,0.2,3,1.0,0.0015457892247164,0.0,-0.0
banknote_authentication,tabpfn_threshold,oracle,0.2,0.2,minority_to_majority,1.0,0.0,1.0,0.0,1.0,0.0,1.0,0.0,1.0,0.0,1.0,0.0,1.0,0.0,0.0156241813674568,0.0002496347270723,0.0915036598841348,0.0012053552482227,0.0825100130773815,0.0010705277508817,0.203125,3,1.0,0.0156241813674568,0.0,-0.0
banknote_authentication,tabpfn_threshold,oracle,0.2,0.3,majority_to_minority,0.9978213507625272,0.003773531171174,0.9956427015250544,0.007547062342348,1.0,0.0,0.9975484952217945,0.00424613083085,0.9946236559139784,0.0093121011159616,1.0,0.0,1.0,0.0,0.0047687583913405,0.0001589005880499,0.0531560716529686,0.0008758904248348,0.0506008512684792,0.0008043786244441,0.3005464480874317,3,1.0,0.0047687583913405,-0.002178649237472796,-0.0
banknote_authentication,tabpfn_threshold,oracle,0.2,0.3,minority_to_majority,1.0,0.0,1.0,0.0,1.0,0.0,1.0,0.0,1.0,0.0,1.0,0.0,1.0,0.0,0.037866186350584,0.0012991233517094,0.1528632640838622,0.0028450937146677,0.1290654053533481,0.0018677759162362,0.296875,3,1.0,0.037866186350584,0.0,-0.0
banknote_authentication,tabpfn_threshold,oracle,0.5,0.0,clean,1.0,0.0,1.0,0.0,1.0,0.0,1.0,0.0,1.0,0.0,1.0,0.0,1.0,0.0,1.9772181577189704e-10,3.3572740096421825e-11,1.3419597962638363e-05,3.121653699237823e-07,1.3471367161731576e-05,3.068498270853386e-07,0.0,3,1.0,1.9772181577189704e-10,0.0,-0.0
banknote_authentication,tabpfn_threshold,oracle,0.5,0.05,majority_to_minority,1.0,0.0,1.0,0.0,1.0,0.0,1.0,0.0,1.0,0.0,1.0,0.0,1.0,0.0,0.0014127486695845,0.0004757300513046,0.0258568233499924,0.0014579796491179,0.0250803895475286,0.0011327764082292,0.0504451038575667,3,1.0,0.0014127486695845,0.0,-0.0
banknote_authentication,tabpfn_threshold,oracle,0.5,0.05,minority_to_majority,1.0,0.0,1.0,0.0,1.0,0.0,1.0,0.0,1.0,0.0,1.0,0.0,1.0,0.0,0.0007090088911354,3.419201639099687e-05,0.0174036938697099,0.0001322314310257,0.0170381751750193,0.0001505121181201,0.05,3,1.0,0.0007090088911354,0.0,-0.0
banknote_authentication,tabpfn_threshold,oracle,0.5,0.1,majority_to_minority,1.0,0.0,1.0,0.0,1.0,0.0,1.0,0.0,1.0,0.0,1.0,0.0,1.0,0.0,0.0052119443813959,5.8897156261107544e-05,0.0560647311309973,6.791595065429909e-05,0.0532710801019812,5.247024772811823e-05,0.1011235955056179,3,1.0,0.0052119443813959,0.0,-0.0
banknote_authentication,tabpfn_threshold,oracle,0.5,0.1,minority_to_majority,1.0,0.0,1.0,0.0,1.0,0.0,1.0,0.0,1.0,0.0,1.0,0.0,1.0,0.0,0.0035103120996305,3.065985459863331e-05,0.0402893424034118,0.0001953159453401,0.038411545192679,0.0001783264204547,0.1,3,1.0,0.0035103120996305,0.0,-0.0
banknote_authentication,tabpfn_threshold,oracle,0.5,0.2,majority_to_minority,1.0,0.0,1.0,0.0,1.0,0.0,1.0,0.0,1.0,0.0,1.0,0.0,1.0,0.0,0.0309583880007266,0.0007572276539621,0.1483180274566014,0.0005258131326993,0.1296822866165276,0.0002307770223319,0.2,3,1.0,0.0309583880007266,0.0,-0.0
banknote_authentication,tabpfn_threshold,oracle,0.5,0.2,minority_to_majority,1.0,0.0,1.0,0.0,1.0,0.0,1.0,0.0,1.0,0.0,1.0,0.0,1.0,0.0,0.0150427275026837,0.0016520326674224,0.0887337798873583,0.0034972275529358,0.0799995456327296,0.0022878783605962,0.2,3,1.0,0.0150427275026837,0.0,-0.0
banknote_authentication,tabpfn_threshold,oracle,0.5,0.3,majority_to_minority,0.954248366013072,0.0228758169934639,0.9084967320261438,0.0457516339869281,1.0,0.0,0.9489211501704096,0.0253826992964965,0.8986043884095309,0.0450458277143665,1.0,0.0,1.0,0.0,0.1051767940322557,0.0001696211067205,0.317011425892512,0.0008277617019795,0.2386952251557147,0.0007396793705762,0.299781181619256,3,0.954248366013072,0.1051767940322557,0.0,-0.0
banknote_authentication,tabpfn_threshold,oracle,0.5,0.3,minority_to_majority,1.0,0.0,1.0,0.0,1.0,0.0,1.0,0.0,1.0,0.0,1.0,0.0,1.0,0.0,0.0364994828899701,0.0002269094275054,0.1489710410435994,0.0010234210125927,0.1260310663123791,0.0012058027980495,0.3,3,1.0,0.0364994828899701,0.0,-0.0
blood_transfusion,tabpfn_threshold,observed,0.05,0.0,clean,0.6537524366471735,0.0255778325251221,0.6174463937621834,0.0376822581329888,0.4556961366792397,0.0281819737459024,0.6178564415909372,0.0272936819224755,0.3866538358063782,0.0339335127278872,0.6203703703703703,0.0424312564347762,0.7230344379467186,0.0132972266383445,0.2082477062940597,0.0061382304761899,0.7540397047996521,0.0322475256167465,0.1913879934781127,0.0051183382227397,0.0,3,0.5,0.2082477062940597,0.15375243664717353,-0.0
blood_transfusion,tabpfn_threshold,observed,0.05,0.05,majority_to_minority,0.6189083820662767,0.0700928993963451,0.4074074074074074,0.2697926348950641,0.4425719902386282,0.0761789449643513,0.6006134174874903,0.0716034614227577,0.4585149313962873,0.0599097894523892,0.4074074074074074,0.2697926348950641,0.6876218323586745,0.0395876435417644,0.2165270100037256,0.0049516122118412,0.7524809638659159,0.0340364143316805,0.1959251687179009,0.0057521806332046,0.0666666666666666,3,0.5,0.2165270100037256,0.11890838206627674,-0.0
blood_transfusion,tabpfn_threshold,observed,0.05,0.05,minority_to_majority,0.6067251461988304,0.0398844235839291,0.3888888888888888,0.1944444444444444,0.4526646091067485,0.0406785208556187,0.5971736215608012,0.0336421483688288,0.4608695652173913,0.122435894263728,0.3888888888888888,0.1944444444444444,0.7116634178037687,0.0071376850569595,0.2169207682212194,0.0046851070212975,0.7770519455273946,0.0203556697440021,0.2002808252804808,0.0017791493916277,0.0714285714285714,3,0.5,0.2169207682212194,0.10672514619883045,-0.0
blood_transfusion,tabpfn_threshold,observed,0.05,0.1,majority_to_minority,0.628411306042885,0.021152567655176,0.5462962962962963,0.0848625128695525,0.4211416468510866,0.0101460957179869,0.6040274164894328,0.0100281146938699,0.3739677942430803,0.0141897222488953,0.5462962962962963,0.0848625128695525,0.6875406107862249,0.0253195469324312,0.210944245258967,0.0032844156261016,0.7212747732798258,0.0269866489992058,0.1903785512099663,0.0059447387054878,0.125,3,0.5,0.210944245258967,0.12841130604288498,-0.0
blood_transfusion,tabpfn_threshold,observed,0.05,0.1,minority_to_majority,0.6503411306042886,0.0137600466895667,0.6018518518518519,0.0424312564347762,0.4985942792292642,0.0208827357935243,0.61839402664117,0.0228420037952189,0.389840328643956,0.0329239325208003,0.6018518518518519,0.0424312564347762,0.7067089018843404,0.0115067636805449,0.2147911339998245,0.0023212472881093,0.7567843794822693,0.0123942777723454,0.1983234730611244,0.0023145272958881,0.0714285714285714,3,0.5,0.2147911339998245,0.15034113060428855,-0.0
blood_transfusion,tabpfn_threshold,observed,0.05,0.2,majority_to_minority,0.6369395711500975,0.0484464041938909,0.4814814814814814,0.080187537387448,0.447651822757453,0.1172233803163589,0.6300409490534581,0.0474486916214199,0.4240059457450761,0.0711490662389884,0.4814814814814814,0.080187537387448,0.6884340480831709,0.0710378076526702,0.2110597838958104,0.0037281195856816,0.7046866019566854,0.0229323179889278,0.185097134883205,0.0019676879727416,0.2222222222222222,3,0.5,0.2110597838958104,0.13693957115009747,-0.0
blood_transfusion,tabpfn_threshold,observed,0.05,0.2,minority_to_majority,0.6103801169590644,0.051279122535952,0.5277777777777778,0.1001542020962218,0.3904907584833813,0.0804205592810861,0.5866304855275444,0.0412444554872253,0.3515432098765432,0.0480263178498889,0.5277777777777778,0.1001542020962218,0.6691845354126057,0.0794296836356959,0.2187437663475672,0.005585938708596,0.8080049355824789,0.0424100985562022,0.2052886894593636,0.0050090932299226,0.2142857142857142,3,0.5,0.2187437663475672,0.11038011695906436,-0.0
blood_transfusion,tabpfn_threshold,observed,0.05,0.3,majority_to_minority,0.6839668615984404,0.0527346970123376,0.6574074074074074,0.0424312564347762,0.4799809778642707,0.0407388863100955,0.6470570032453605,0.0582272705479729,0.4234377904167131,0.0763251592023213,0.6574074074074074,0.0424312564347762,0.7315627030539312,0.0304250145301029,0.1992294043302535,0.0017064308137827,0.6548726757367452,0.0181611168333742,0.173001058358285,0.0012967590183426,0.3,3,0.5,0.1992294043302535,0.18396686159844045,-0.0
blood_transfusion,tabpfn_threshold,observed,0.05,0.3,minority_to_majority,0.5847953216374269,0.0942160437761287,0.2777777777777777,0.2421610524189263,0.4250035079217889,0.0930852283083981,0.5699374438724897,0.1305363185036542,0.3225806451612903,0.2812192866800434,0.2777777777777777,0.2421610524189263,0.6935510071474984,0.0415368542961969,0.2246499905983606,0.0016127187189816,0.8445126612981161,0.0192847507707837,0.2105293234437703,0.0010268914340586,0.2857142857142857,3,0.5,0.2246499905983606,0.08479532163742687,-0.0
blood_transfusion,tabpfn_threshold,observed,0.1,0.0,clean,0.682504873294347,0.0234526499327796,0.6437621832358674,0.0652239064648344,0.485857121797845,0.065358227650473,0.6274677615618739,0.0391643314820161,0.3968950153160679,0.041666710287252,0.7129629629629629,0.0320750149549792,0.7349740090968161,0.0371759087042016,0.185719405611356,0.0018866493134309,0.594497799873352,0.0220570800979687,0.1511300886091258,0.0060003805231826,0.0,3,0.5,0.185719405611356,0.18250487329434695,-0.0
blood_transfusion,tabpfn_threshold,observed,0.1,0.05,majority_to_minority,0.6479044834307993,0.0201034467176737,0.5843079922027291,0.0489784265467924,0.486472680519509,0.071769705093687,0.6091905969581145,0.0033068924751508,0.3769129720853859,0.0047621312442602,0.6203703703703703,0.0975523495634513,0.7119883040935672,0.0345473693235145,0.1909149487813313,0.0032666429651556,0.6086325844128927,0.03284471365013,0.1502458458476596,0.009369520035292,0.0344827586206896,3,0.4985380116959064,0.1909149487813313,0.14936647173489292,-0.0
blood_transfusion,tabpfn_threshold,observed,0.1,0.05,minority_to_majority,0.6447368421052632,0.0549900037861265,0.5555555555555556,0.1388888888888888,0.4416434263551296,0.0746783116576125,0.6211200313068971,0.0472440371328012,0.4043687650498795,0.061532011934779,0.5555555555555556,0.1388888888888888,0.6921702404158544,0.0511516510679693,0.193799873193105,0.006913519165145,0.6148447195688883,0.0305173375071047,0.1533609681079784,0.0097546445110736,0.0357142857142857,3,0.5,0.193799873193105,0.14473684210526316,-0.0
blood_transfusion,tabpfn_threshold,observed,0.1,0.1,majority_to_minority,0.6366959064327485,0.0302104946195494,0.5277777777777778,0.0555555555555555,0.437029778970996,0.0752699772741553,0.6195037465880627,0.0253323237549269,0.3952972493345164,0.030217482171886,0.5277777777777778,0.0555555555555555,0.7176738141650422,0.033129068722671,0.1916857510805129,0.0118639111739992,0.597364584604899,0.0409678778151987,0.1495555540422598,0.0194085616692188,0.096774193548387,3,0.5017056530214424,0.1916857510805129,0.1349902534113061,-0.0
blood_transfusion,tabpfn_threshold,observed,0.1,0.1,minority_to_majority,0.6759259259259259,0.011332374224399,0.6549707602339181,0.0202579041820921,0.5011158057899535,0.034752229876074,0.627501349621776,0.0179403985378663,0.3945842762106271,0.0204218256814521,0.6851851851851851,0.0160375074774895,0.711582196231319,0.0191638595360758,0.1882196714480717,0.0068922789460202,0.615746815999349,0.0174294388171391,0.1509451854642894,0.008347754142895,0.1071428571428571,3,0.5,0.1882196714480717,0.17592592592592593,-0.0
blood_transfusion,tabpfn_threshold,observed,0.1,0.2,majority_to_minority,0.682504873294347,0.0122609606485469,0.645224171539961,0.0109730314319666,0.4734804469681601,0.0600039646768189,0.6441822538532106,0.0219522292250127,0.4174398926237161,0.0307346495315516,0.6574074074074073,0.0320750149549792,0.7207602339181287,0.0176303673169408,0.1791448642810185,0.0014824846134497,0.5564635396003723,0.0091306937337622,0.1245775593651665,0.0095713997475582,0.2,3,0.503167641325536,0.1791448642810185,0.1793372319688109,-0.0
blood_transfusion,tabpfn_threshold,observed,0.1,0.2,minority_to_majority,0.6761695906432749,0.0405619426871493,0.5833333333333334,0.1001542020962219,0.5058938296276548,0.0367405604576692,0.6556391156207821,0.0348334376464675,0.4452289259734702,0.0475415833844504,0.5833333333333334,0.1001542020962219,0.7205977907732294,0.012502121397123,0.1975078036387761,0.0096759866068086,0.6579924821853638,0.0053362911076882,0.168069023332662,0.0110484905812571,0.2142857142857142,3,0.5,0.1975078036387761,0.17616959064327486,-0.0
blood_transfusion,tabpfn_threshold,observed,0.1,0.3,majority_to_minority,0.6461988304093568,0.0564145654432009,0.5633528265107213,0.0571735258326022,0.4747575562754129,0.1028321958172102,0.6103640091580406,0.0619130195558219,0.3856283160630986,0.081120512267996,0.6111111111111112,0.111111111111111,0.7121507472384665,0.050284501154989,0.1807545473178227,0.0055541519397226,0.5534941156705221,0.0174775565142426,0.1131889568848741,0.0159228840856527,0.3,3,0.5,0.1807545473178227,0.14619883040935677,-0.0
blood_transfusion,tabpfn_threshold,observed,0.1,0.3,minority_to_majority,0.652046783625731,0.0317288514827642,0.5974658869395711,0.0365594528918343,0.4449045904973618,0.0504874441693989,0.6016212708756467,0.0129406553501718,0.3663724528713086,0.0136865460513068,0.6666666666666666,0.0962250448649376,0.7118258609486681,0.0212800132310208,0.1988189866145451,0.0060949756402401,0.6751941243807474,0.0262562698926721,0.1720995528830422,0.0099977819350456,0.2857142857142857,3,0.5,0.1988189866145451,0.15204678362573099,-0.0
blood_transfusion,tabpfn_threshold,observed,0.2,0.0,clean,0.6693469785575049,0.0254521764743072,0.580896686159844,0.119466303672862,0.5031138986048783,0.0428524661467755,0.6402878694426829,0.0281557777521607,0.4314488165234433,0.056019012670964,0.6018518518518517,0.1370245239532291,0.7245776478232617,0.0170087456052833,0.1621799667676289,0.0074442869697498,0.5114079415798187,0.0238907592654348,0.0591738964286115,0.0152947768187858,0.0,3,0.5465399610136452,0.1621799667676289,0.1228070175438597,-0.0
blood_transfusion,tabpfn_threshold,observed,0.2,0.05,majority_to_minority,0.6661793372319688,0.0145159561487393,0.584795321637427,0.0025322380227615,0.5308299666167146,0.018882456349087,0.6242136372920536,0.0153812697757274,0.3963147310206134,0.0202924701880571,0.6481481481481483,0.1122625523424272,0.737248213125406,0.00983779008271,0.1562318851550419,0.0026641707171271,0.5013857483863831,0.02166302953115,0.0554596669640805,0.0218826451027552,0.05,3,0.5640838206627681,0.1562318851550419,0.10209551656920068,-0.0
blood_transfusion,tabpfn_threshold,observed,0.2,0.05,minority_to_majority,0.6673976608187134,0.0278642084101548,0.5755360623781677,0.097793066834917,0.5115518523374402,0.0612319192579081,0.6267841602583998,0.0186600187657767,0.4040421455938697,0.0271785208467995,0.6388888888888888,0.1546601211897228,0.7253086419753086,0.0212199421735722,0.1636358499526977,0.0082814532170823,0.5109903216362,0.0185916505817131,0.0892161021547184,0.0242682592965283,0.0526315789473684,3,0.5387426900584795,0.1636358499526977,0.1286549707602339,-0.0
blood_transfusion,tabpfn_threshold,observed,0.2,0.1,majority_to_minority,0.6759259259259259,0.0128773979159101,0.6267056530214425,0.0387449887140369,0.5220918736994776,0.0259038511686392,0.6435439348624172,0.0242568804967062,0.4205743852472074,0.0349096538289611,0.6296296296296297,0.0424312564347762,0.7348115659519169,0.010428119262328,0.1570837944746017,0.0050210345466685,0.4867579440275828,0.0097271714080344,0.0492470138520002,0.0087786011847423,0.0952380952380951,3,0.5655458089668616,0.1570837944746017,0.11038011695906436,-0.0
blood_transfusion,tabpfn_threshold,observed,0.2,0.1,minority_to_majority,0.6817738791423001,0.0287452083952849,0.587719298245614,0.0560725406747517,0.5295284344755485,0.0249360655843857,0.6506469854499067,0.0500807655759387,0.4418242710795901,0.0702675263978594,0.6296296296296297,0.0975523495634512,0.7366796621182585,0.0132972266383444,0.1625090241432189,0.0057111886336503,0.5148717562357584,0.0056161391093064,0.0952991559770372,0.0132023733884918,0.1052631578947368,3,0.540204678362573,0.1625090241432189,0.14156920077972712,-0.0
blood_transfusion,tabpfn_threshold,observed,0.2,0.2,majority_to_minority,0.6259746588693957,0.0610383764623574,0.557504873294347,0.0983053517446529,0.4815898204039009,0.102444528448219,0.580938553533274,0.0357445643136834,0.3433801794061391,0.0407822825676842,0.6203703703703703,0.1529880707579473,0.692738791423002,0.0535343361937794,0.1636083672444025,0.0097120602058573,0.5065657794475555,0.0193189500225013,0.0760011375695466,0.0198871859333228,0.1971830985915491,3,0.563840155945419,0.1636083672444025,0.06213450292397671,-0.0
blood_transfusion,tabpfn_threshold,observed,0.2,0.2,minority_to_majority,0.6559454191033138,0.0722920817356752,0.6335282651072125,0.0563260917787878,0.4939749143312676,0.0403452716625766,0.6143262739912855,0.0778556835797326,0.3872792898253829,0.0918973571433099,0.6481481481481481,0.0578240555407258,0.7119883040935672,0.0481672515688821,0.1698518196741739,0.0050921575371558,0.5274599194526672,0.0129582151920423,0.1001144086983468,0.0088817056140307,0.1929824561403508,3,0.5063352826510722,0.1698518196741739,0.14961013645224164,-0.0
blood_transfusion,tabpfn_threshold,observed,0.2,0.3,majority_to_minority,0.607943469785575,0.0523329191370712,0.5462962962962963,0.1156481110814517,0.4547268448796032,0.0395044259114032,0.5788352245135423,0.0370270494285157,0.3403889424622308,0.042292896836637,0.5462962962962963,0.1156481110814517,0.6744639376218324,0.0261383652341422,0.168341706196467,0.0032468885474434,0.5153318047523499,0.0092449310735749,0.0699962942798931,0.0110632703011428,0.2962962962962963,3,0.5543372319688109,0.168341706196467,0.0536062378167641,-0.0
blood_transfusion,tabpfn_threshold,observed,0.2,0.3,minority_to_majority,0.6861598440545809,0.0439347148398974,0.6223196881091618,0.0299737316075667,0.5301375394009279,0.0406119521679526,0.6417812601440486,0.0702363399904473,0.4272382272382272,0.1042757005102462,0.6851851851851851,0.0578240555407259,0.7478882391163092,0.028812859139362,0.1749254614114761,0.0025972740606486,0.5443891882896423,0.0217911473376201,0.114322411964337,0.0049756949763467,0.2982456140350877,3,0.5,0.1749254614114761,0.18615984405458086,-0.0
blood_transfusion,tabpfn_threshold,observed,0.5,0.0,clean,0.6790935672514621,0.0296661167948874,0.6086744639376218,0.0461472927920471,0.5382189343969238,0.0184621469675232,0.6446121514928107,0.0363235928422567,0.4232276243830865,0.0501340757032833,0.6388888888888888,0.0833333333333333,0.7369233268356075,0.0061815166347932,0.2061858226855595,0.0157398629147871,0.6016051570574442,0.0383384839064792,0.2107579656110869,0.0302245458947996,0.0,3,0.6790935672514621,0.2061858226855595,0.0,-0.0
blood_transfusion,tabpfn_threshold,observed,0.5,0.05,majority_to_minority,0.6944444444444443,0.0146015967510513,0.6432748538011696,0.0332099903263174,0.5340916293522986,0.0454185504545725,0.6398451426024956,0.0288195780727228,0.4095117845117845,0.0347241352396183,0.7222222222222222,0.0481125224324688,0.748619233268356,0.0086409408930622,0.2154968082904815,0.0111497436236071,0.6183411478996277,0.024748079424045,0.2328417752517594,0.0159027504765148,0.0469798657718119,3,0.6749512670565302,0.2154968082904815,0.019493177387914118,-0.0
blood_transfusion,tabpfn_threshold,observed,0.5,0.05,minority_to_majority,0.6849415204678362,0.0163291724442168,0.6666666666666666,0.0175438596491227,0.5285006470140327,0.0274437801880535,0.6362754059579768,0.0160995636653333,0.4035832947806703,0.0175889165536051,0.6944444444444443,0.0277777777777777,0.7431773879142299,0.0086088161924607,0.1925603002309799,0.0055163993280801,0.5666905641555786,0.0146889105837111,0.1824954625798595,0.0116010439347111,0.0492957746478872,3,0.6939571150097467,0.1925603002309799,-0.009015594541910477,-0.0
blood_transfusion,tabpfn_threshold,observed,0.5,0.1,majority_to_minority,0.6817738791423001,0.0175489352631879,0.6008771929824562,0.0342554810346782,0.5607082866414598,0.0051073477213105,0.6345282802332726,0.0488830529969115,0.4160199004975125,0.0740697613490036,0.6851851851851851,0.0892930626017865,0.7515432098765432,0.0073183972104207,0.2282759348551432,0.0133607708781928,0.64977498849233,0.0252822735291233,0.2671778110497527,0.0148977596447763,0.1012658227848101,3,0.6639863547758286,0.2282759348551432,0.017787524366471574,-0.0
blood_transfusion,tabpfn_threshold,observed,0.5,0.1,minority_to_majority,0.6669103313840156,0.0264407095689702,0.6115984405458089,0.0737736933063529,0.5210738836251403,0.0218723525021398,0.6339059229408254,0.0282859740878528,0.4092722092722092,0.0353904307535797,0.6203703703703703,0.080187537387448,0.7294509421702404,0.0194605345186927,0.1858682483434677,0.0114480460081508,0.5531478921572367,0.0270142953323921,0.1650594159132904,0.0170996724822677,0.0985915492957745,3,0.6559454191033138,0.1858682483434677,0.010964912280701733,-0.0
blood_transfusion,tabpfn_threshold,observed,0.5,0.2,majority_to_minority,0.63864522417154,0.0352573668464209,0.5916179337231969,0.0503343131917167,0.5354595895670621,0.0247640673692448,0.5875358625876169,0.0221130477387621,0.3527106701179177,0.0236690232692564,0.6574074074074074,0.0975523495634512,0.7248213125406108,0.0215234485130471,0.2855369349320729,0.0079384256671019,0.7792093356450399,0.014398318126027,0.3479925127824146,0.009795995074699,0.2022471910112359,3,0.6142787524366472,0.2855369349320729,0.024366471734892814,-0.0
blood_transfusion,tabpfn_threshold,observed,0.5,0.2,minority_to_majority,0.6866471734892787,0.0207958950227601,0.6403508771929824,0.0232083448338998,0.5283135275372328,0.0399452215259584,0.6358187335276284,0.0369729031699691,0.4069009989726102,0.0473984795989964,0.7037037037037037,0.0320750149549792,0.7456140350877193,0.0125877060914789,0.1712711453437805,0.00710547242447,0.5217505296071371,0.0182803128814599,0.1265097567935784,0.0218519393651949,0.1971830985915491,3,0.6720272904483431,0.1712711453437805,0.014619883040935644,-0.0
blood_transfusion,tabpfn_threshold,observed,0.5,0.3,majority_to_minority,0.6306042884990254,0.014199612362898,0.5526315789473685,0.0464166896677998,0.4536155004229878,0.0470107980678355,0.5842578352706999,0.0167214362639773,0.3532316118935837,0.0193404485725406,0.6296296296296297,0.1156481110814517,0.6948505523066926,0.0252220447192864,0.3855076730251312,0.016932237627157,1.0246084332466123,0.0644298624103269,0.467288837896453,0.0155822196579821,0.3004926108374384,3,0.5097465886939571,0.3855076730251312,0.12085769980506833,-0.0
blood_transfusion,tabpfn_threshold,observed,0.5,0.3,minority_to_majority,0.6600877192982456,0.0198986222058716,0.6028265107212475,0.0427824176485158,0.517108646867348,0.0094155636400983,0.6198653393873196,0.0173985330500037,0.3889194139194138,0.0199933823532225,0.6388888888888888,0.0833333333333333,0.7269330734243015,0.0089547474282698,0.1630256175994872,0.0053437841496095,0.5031184156735738,0.0192936194913083,0.0828776569747262,0.0342041007046886,0.3028169014084507,3,0.6033138401559454,0.1630256175994872,0.056773879142300254,-0.0
blood_transfusion,tabpfn_threshold,oracle,0.05,0.0,clean,0.6537524366471735,0.0255778325251221,0.6174463937621834,0.0376822581329888,0.4556961366792397,0.0281819737459024,0.6178564415909372,0.0272936819224755,0.3866538358063782,0.0339335127278872,0.6203703703703703,0.0424312564347762,0.7230344379467186,0.0132972266383445,0.2082477062940597,0.0061382304761899,0.7540397047996521,0.0322475256167465,0.1913879934781127,0.0051183382227397,0.0,3,0.5,0.2082477062940597,0.15375243664717353,-0.0
blood_transfusion,tabpfn_threshold,oracle,0.05,0.05,majority_to_minority,0.60453216374269,0.065255303820093,0.4166666666666667,0.2735793833832251,0.4425719902386282,0.0761789449643513,0.5811093361024892,0.0631666952694771,0.3959821428571428,0.0347727452723466,0.4166666666666667,0.2735793833832251,0.6876218323586745,0.0395876435417644,0.2165270100037256,0.0049516122118412,0.7524809638659159,0.0340364143316805,0.1959251687179009,0.0057521806332046,0.0666666666666666,3,0.5,0.2165270100037256,0.10453216374269003,-0.0
blood_transfusion,tabpfn_threshold,oracle,0.05,0.05,minority_to_majority,0.5906432748538012,0.0824469376059816,0.3333333333333333,0.2649831115047071,0.4526646091067485,0.0406785208556187,0.5699294233692134,0.1052701629117984,0.3479287650019357,0.1292504124329956,0.3333333333333333,0.2649831115047071,0.7116634178037687,0.0071376850569595,0.2169207682212194,0.0046851070212975,0.7770519455273946,0.0203556697440021,0.2002808252804808,0.0017791493916277,0.0714285714285714,3,0.5,0.2169207682212194,0.09064327485380119,-0.0
blood_transfusion,tabpfn_threshold,oracle,0.05,0.1,majority_to_minority,0.6466861598440545,0.0207830435053995,0.5906432748538012,0.0569800446488451,0.4211416468510866,0.0101460957179869,0.6051228588359461,0.0057033840044591,0.3719317943447678,0.0054522643218294,0.6296296296296297,0.0975523495634512,0.6875406107862249,0.0253195469324312,0.210944245258967,0.0032844156261016,0.7212747732798258,0.0269866489992058,0.1903785512099663,0.0059447387054878,0.125,3,0.5,0.210944245258967,0.14668615984405453,-0.0
blood_transfusion,tabpfn_threshold,oracle,0.05,0.1,minority_to_majority,0.6617933723196882,0.0342112552195719,0.5370370370370371,0.1122625523424271,0.4985942792292642,0.0208827357935243,0.6478489586482573,0.0246245110859283,0.4479569892473118,0.0432129655136536,0.5370370370370371,0.1122625523424271,0.7067089018843404,0.0115067636805449,0.2147911339998245,0.0023212472881093,0.7567843794822693,0.0123942777723454,0.1983234730611244,0.0023145272958881,0.0714285714285714,3,0.5,0.2147911339998245,0.16179337231968816,-0.0
blood_transfusion,tabpfn_threshold,oracle,0.05,0.2,majority_to_minority,0.6425438596491228,0.0636468846521644,0.5350877192982456,0.1378616986447518,0.447651822757453,0.1172233803163589,0.5630916326863172,0.0859518763118621,0.3449803196282069,0.0589105738166387,0.75,0.0481125224324688,0.6884340480831709,0.0710378076526702,0.2110597838958104,0.0037281195856816,0.7046866019566854,0.0229323179889278,0.185097134883205,0.0019676879727416,0.2222222222222222,3,0.5,0.2110597838958104,0.14254385964912275,-0.0
blood_transfusion,tabpfn_threshold,oracle,0.05,0.2,minority_to_majority,0.5933235867446394,0.1017772094678593,0.3240740740740741,0.2312962221629036,0.3904907584833813,0.0804205592810861,0.5889743929566693,0.1000960483849465,0.3969221835075493,0.1339321713726348,0.3240740740740741,0.2312962221629036,0.6691845354126057,0.0794296836356959,0.2187437663475672,0.005585938708596,0.8080049355824789,0.0424100985562022,0.2052886894593636,0.0050090932299226,0.2142857142857142,3,0.5,0.2187437663475672,0.09332358674463936,-0.0
blood_transfusion,tabpfn_threshold,oracle,0.05,0.3,majority_to_minority,0.6515594541910331,0.0295427769322176,0.543859649122807,0.0316276427672279,0.4799809778642707,0.0407388863100955,0.5727799987479094,0.028218844049672,0.3450292397660818,0.0237233739617007,0.7592592592592592,0.0320750149549792,0.7315627030539312,0.0304250145301029,0.1992294043302535,0.0017064308137827,0.6548726757367452,0.0181611168333742,0.173001058358285,0.0012967590183426,0.3,3,0.5,0.1992294043302535,0.15155945419103312,-0.0
blood_transfusion,tabpfn_threshold,oracle,0.05,0.3,minority_to_majority,0.5377680311890839,0.0331643703431194,0.1018518518518518,0.0975523495634512,0.4250035079217889,0.0930852283083981,0.5095434356423795,0.0688669866351362,0.4222222222222222,0.4018475848894472,0.1018518518518518,0.0975523495634512,0.6935510071474984,0.0415368542961969,0.2246499905983606,0.0016127187189816,0.8445126612981161,0.0192847507707837,0.2105293234437703,0.0010268914340586,0.2857142857142857,3,0.5,0.2246499905983606,0.037768031189083895,-0.0
blood_transfusion,tabpfn_threshold,oracle,0.1,0.0,clean,0.682504873294347,0.0234526499327796,0.6437621832358674,0.0652239064648344,0.485857121797845,0.065358227650473,0.6274677615618739,0.0391643314820161,0.3968950153160679,0.041666710287252,0.7129629629629629,0.0320750149549792,0.7349740090968161,0.0371759087042016,0.185719405611356,0.0018866493134309,0.594497799873352,0.0220570800979687,0.1511300886091258,0.0060003805231826,0.0,3,0.5,0.185719405611356,0.18250487329434695,-0.0
blood_transfusion,tabpfn_threshold,oracle,0.1,0.05,majority_to_minority,0.6483918128654972,0.02583420620917,0.5969785575048733,0.0624447591677364,0.486472680519509,0.071769705093687,0.6046974412477233,0.0061306146164498,0.3706043956043955,0.0048603862672951,0.6388888888888888,0.1001542020962219,0.7119883040935672,0.0345473693235145,0.1909149487813313,0.0032666429651556,0.6086325844128927,0.03284471365013,0.1502458458476596,0.009369520035292,0.0344827586206896,3,0.4985380116959064,0.1909149487813313,0.1498538011695908,-0.0
blood_transfusion,tabpfn_threshold,oracle,0.1,0.05,minority_to_majority,0.6427875243664718,0.0593517436141211,0.5370370370370371,0.1674364937039363,0.4416434263551296,0.0746783116576125,0.6213250665848719,0.0453453224474578,0.4081964969896004,0.0552683042577972,0.5370370370370371,0.1674364937039363,0.6921702404158544,0.0511516510679693,0.193799873193105,0.006913519165145,0.6148447195688883,0.0305173375071047,0.1533609681079784,0.0097546445110736,0.0357142857142857,3,0.5,0.193799873193105,0.1427875243664718,-0.0
blood_transfusion,tabpfn_threshold,oracle,0.1,0.1,majority_to_minority,0.6510721247563352,0.0270599514861146,0.5813840155945419,0.0465163539935776,0.437029778970996,0.0752699772741553,0.6103146607605128,0.0074616683742161,0.3778379772961815,0.0071440276037153,0.6296296296296297,0.1122625523424272,0.7176738141650422,0.033129068722671,0.1916857510805129,0.0118639111739992,0.597364584604899,0.0409678778151987,0.1495555540422598,0.0194085616692188,0.096774193548387,3,0.5017056530214424,0.1916857510805129,0.14936647173489281,-0.0
blood_transfusion,tabpfn_threshold,oracle,0.1,0.1,minority_to_majority,0.6656920077972709,0.0124340651288236,0.6296296296296297,0.0320750149549791,0.5011158057899535,0.034752229876074,0.6303537674581935,0.0071820367703739,0.3998789346246973,0.0069620485919273,0.6296296296296297,0.0320750149549791,0.711582196231319,0.0191638595360758,0.1882196714480717,0.0068922789460202,0.615746815999349,0.0174294388171391,0.1509451854642894,0.008347754142895,0.1071428571428571,3,0.5,0.1882196714480717,0.1656920077972709,-0.0
blood_transfusion,tabpfn_threshold,oracle,0.1,0.2,majority_to_minority,0.6693469785575048,0.002567167093775,0.6257309941520468,0.0563956184853389,0.4734804469681601,0.0600039646768189,0.6100732294989349,0.0176654068313339,0.3768955059277639,0.0155696806214452,0.7129629629629629,0.0578240555407259,0.7207602339181287,0.0176303673169408,0.1791448642810185,0.0014824846134497,0.5564635396003723,0.0091306937337622,0.1245775593651665,0.0095713997475582,0.2,3,0.503167641325536,0.1791448642810185,0.16617933723196876,-0.0
blood_transfusion,tabpfn_threshold,oracle,0.1,0.2,minority_to_majority,0.6459551656920078,0.0436785572695503,0.4351851851851852,0.1579511306410368,0.5058938296276548,0.0367405604576692,0.6466061837860174,0.0320212425416422,0.5035245982450952,0.0706500102876254,0.4351851851851852,0.1579511306410368,0.7205977907732294,0.012502121397123,0.1975078036387761,0.0096759866068086,0.6579924821853638,0.0053362911076882,0.168069023332662,0.0110484905812571,0.2142857142857142,3,0.5,0.1975078036387761,0.14595516569200784,-0.0
blood_transfusion,tabpfn_threshold,oracle,0.1,0.3,majority_to_minority,0.6298732943469786,0.0490928474266505,0.3801169590643274,0.0746043907729419,0.4747575562754129,0.1028321958172102,0.4963362788012547,0.0570428425417932,0.3109570227447827,0.0319322976470693,0.8796296296296297,0.0424312564347762,0.7121507472384665,0.050284501154989,0.1807545473178227,0.0055541519397226,0.5534941156705221,0.0174775565142426,0.1131889568848741,0.0159228840856527,0.3,3,0.5,0.1807545473178227,0.12987329434697858,-0.0
blood_transfusion,tabpfn_threshold,oracle,0.1,0.3,minority_to_majority,0.6413255360623782,0.049580231836749,0.4814814814814814,0.1529880707579472,0.4449045904973618,0.0504874441693989,0.6317236709832353,0.0319700881898023,0.4333955804544039,0.0250119009847768,0.4814814814814814,0.1529880707579472,0.7118258609486681,0.0212800132310208,0.1988189866145451,0.0060949756402401,0.6751941243807474,0.0262562698926721,0.1720995528830422,0.0099977819350456,0.2857142857142857,3,0.5,0.1988189866145451,0.1413255360623782,-0.0
blood_transfusion,tabpfn_threshold,oracle,0.2,0.0,clean,0.6693469785575049,0.0254521764743072,0.580896686159844,0.119466303672862,0.5031138986048783,0.0428524661467755,0.6402878694426829,0.0281557777521607,0.4314488165234433,0.056019012670964,0.6018518518518517,0.1370245239532291,0.7245776478232617,0.0170087456052833,0.1621799667676289,0.0074442869697498,0.5114079415798187,0.0238907592654348,0.0591738964286115,0.0152947768187858,0.0,3,0.5465399610136452,0.1621799667676289,0.1228070175438597,-0.0
blood_transfusion,tabpfn_threshold,oracle,0.2,0.05,majority_to_minority,0.6773879142300195,0.007099806181449,0.6008771929824562,0.0440298840537297,0.5308299666167146,0.018882456349087,0.6279136317624615,0.031186206703303,0.4011734218495224,0.033927215972206,0.6851851851851851,0.1051649693666717,0.737248213125406,0.00983779008271,0.1562318851550419,0.0026641707171271,0.5013857483863831,0.02166302953115,0.0554596669640805,0.0218826451027552,0.05,3,0.5640838206627681,0.1562318851550419,0.11330409356725146,-0.0
blood_transfusion,tabpfn_threshold,oracle,0.2,0.05,minority_to_majority,0.6798245614035089,0.028992005869959,0.5804093567251462,0.1181319118305015,0.5115518523374402,0.0612319192579081,0.6506074902400777,0.0065996941260886,0.4426338860301124,0.0386160632467586,0.611111111111111,0.1546601211897228,0.7253086419753086,0.0212199421735722,0.1636358499526977,0.0082814532170823,0.5109903216362,0.0185916505817131,0.0892161021547184,0.0242682592965283,0.0526315789473684,3,0.5387426900584795,0.1636358499526977,0.14108187134502936,-0.0
blood_transfusion,tabpfn_threshold,oracle,0.2,0.1,majority_to_minority,0.6715399610136452,0.0156325681601807,0.6432748538011696,0.0267986882745955,0.5220918736994776,0.0259038511686392,0.6218255416970283,0.0239324744145576,0.3891604010025062,0.0276771485862591,0.6851851851851851,0.0320750149549792,0.7348115659519169,0.010428119262328,0.1570837944746017,0.0050210345466685,0.4867579440275828,0.0097271714080344,0.0492470138520002,0.0087786011847423,0.0952380952380951,3,0.5655458089668616,0.1570837944746017,0.10599415204678364,-0.0
blood_transfusion,tabpfn_threshold,oracle,0.2,0.1,minority_to_majority,0.6695906432748538,0.0310737007409828,0.5521442495126706,0.1338045476270371,0.5295284344755485,0.0249360655843857,0.652480238006497,0.021108424995268,0.4554636478741836,0.0406470084298857,0.5555555555555556,0.1388888888888888,0.7366796621182585,0.0132972266383444,0.1625090241432189,0.0057111886336503,0.5148717562357584,0.0056161391093064,0.0952991559770372,0.0132023733884918,0.1052631578947368,3,0.540204678362573,0.1625090241432189,0.12938596491228083,-0.0
blood_transfusion,tabpfn_threshold,oracle,0.2,0.2,majority_to_minority,0.6198830409356725,0.0522392377798329,0.5175438596491228,0.0401980324118933,0.4815898204039009,0.102444528448219,0.5441218077578972,0.0382364597281305,0.3207486957486957,0.0351348968668273,0.7222222222222223,0.1001542020962219,0.692738791423002,0.0535343361937794,0.1636083672444025,0.0097120602058573,0.5065657794475555,0.0193189500225013,0.0760011375695466,0.0198871859333228,0.1971830985915491,3,0.563840155945419,0.1636083672444025,0.05604288499025345,-0.0
blood_transfusion,tabpfn_threshold,oracle,0.2,0.2,minority_to_majority,0.6483918128654971,0.0200324409445098,0.5277777777777778,0.0277777777777777,0.4939749143312676,0.0403452716625766,0.6349623384442051,0.0323414369213772,0.4272046032383246,0.0644611292890666,0.5277777777777778,0.0277777777777777,0.7119883040935672,0.0481672515688821,0.1698518196741739,0.0050921575371558,0.5274599194526672,0.0129582151920423,0.1001144086983468,0.0088817056140307,0.1929824561403508,3,0.5063352826510722,0.1698518196741739,0.14205653021442488,-0.0
blood_transfusion,tabpfn_threshold,oracle,0.2,0.3,majority_to_minority,0.5830896686159844,0.0229459207933596,0.3421052631578947,0.0632552855344559,0.4547268448796032,0.0395044259114032,0.4548087214595926,0.0391185475681569,0.2841513177598083,0.0156118282356957,0.8240740740740741,0.0320750149549792,0.6744639376218324,0.0261383652341422,0.168341706196467,0.0032468885474434,0.5153318047523499,0.0092449310735749,0.0699962942798931,0.0110632703011428,0.2962962962962963,3,0.5543372319688109,0.168341706196467,0.02875243664717353,-0.0
blood_transfusion,tabpfn_threshold,oracle,0.2,0.3,minority_to_majority,0.672514619883041,0.0167491801716222,0.5,0.0481125224324688,0.5301375394009279,0.0406119521679526,0.6738299663299664,0.0332274712974813,0.5285547785547785,0.1227696573311172,0.5,0.0481125224324688,0.7478882391163092,0.028812859139362,0.1749254614114761,0.0025972740606486,0.5443891882896423,0.0217911473376201,0.114322411964337,0.0049756949763467,0.2982456140350877,3,0.5,0.1749254614114761,0.17251461988304095,-0.0
blood_transfusion,tabpfn_threshold,oracle,0.5,0.0,clean,0.6790935672514621,0.0296661167948874,0.6086744639376218,0.0461472927920471,0.5382189343969238,0.0184621469675232,0.6446121514928107,0.0363235928422567,0.4232276243830865,0.0501340757032833,0.6388888888888888,0.0833333333333333,0.7369233268356075,0.0061815166347932,0.2061858226855595,0.0157398629147871,0.6016051570574442,0.0383384839064792,0.2107579656110869,0.0302245458947996,0.0,3,0.6790935672514621,0.2061858226855595,0.0,-0.0
blood_transfusion,tabpfn_threshold,oracle,0.5,0.05,majority_to_minority,0.6749512670565302,0.0237357451984906,0.5906432748538012,0.0634577029655283,0.5340916293522986,0.0454185504545725,0.602776985808263,0.0360658093271383,0.3714560103769113,0.0296691418047807,0.7592592592592592,0.0160375074774896,0.748619233268356,0.0086409408930622,0.2154968082904815,0.0111497436236071,0.6183411478996277,0.024748079424045,0.2328417752517594,0.0159027504765148,0.0469798657718119,3,0.6749512670565302,0.2154968082904815,0.0,-0.0
blood_transfusion,tabpfn_threshold,oracle,0.5,0.05,minority_to_majority,0.6939571150097467,0.0109486559155268,0.6418128654970761,0.0508343235400985,0.5285006470140327,0.0274437801880535,0.6616443488362069,0.0220322517713166,0.4444429074678618,0.0377292523827495,0.6481481481481481,0.0578240555407258,0.7431773879142299,0.0086088161924607,0.1925603002309799,0.0055163993280801,0.5666905641555786,0.0146889105837111,0.1824954625798595,0.0116010439347111,0.0492957746478872,3,0.6939571150097467,0.1925603002309799,0.0,-0.0
blood_transfusion,tabpfn_threshold,oracle,0.5,0.1,majority_to_minority,0.6639863547758286,0.0187558532143526,0.587719298245614,0.0789473684210526,0.5607082866414598,0.0051073477213105,0.5972130375211249,0.0412278726521547,0.3683259530717158,0.0368452861467239,0.7314814814814815,0.0578240555407259,0.7515432098765432,0.0073183972104207,0.2282759348551432,0.0133607708781928,0.64977498849233,0.0252822735291233,0.2671778110497527,0.0148977596447763,0.1012658227848101,3,0.6639863547758286,0.2282759348551432,0.0,-0.0
blood_transfusion,tabpfn_threshold,oracle,0.5,0.1,minority_to_majority,0.6559454191033138,0.0106517997048705,0.5370370370370371,0.0578240555407259,0.5210738836251403,0.0218723525021398,0.6416201838453346,0.01509254522765,0.4333767729994145,0.0330374709736028,0.5370370370370371,0.0578240555407259,0.7294509421702404,0.0194605345186927,0.1858682483434677,0.0114480460081508,0.5531478921572367,0.0270142953323921,0.1650594159132904,0.0170996724822677,0.0985915492957745,3,0.6559454191033138,0.1858682483434677,0.0,-0.0
blood_transfusion,tabpfn_threshold,oracle,0.5,0.2,majority_to_minority,0.6142787524366472,0.0080187537387447,0.3859649122807017,0.0,0.5354595895670621,0.0247640673692448,0.4913259530038054,0.0042349244701839,0.3023102310231023,0.004001437509235,0.8425925925925926,0.0160375074774896,0.7248213125406108,0.0215234485130471,0.2855369349320729,0.0079384256671019,0.7792093356450399,0.014398318126027,0.3479925127824146,0.009795995074699,0.2022471910112359,3,0.6142787524366472,0.2855369349320729,0.0,-0.0
blood_transfusion,tabpfn_threshold,oracle,0.5,0.2,minority_to_majority,0.6720272904483431,0.0217381159158781,0.4814814814814815,0.0578240555407259,0.5283135275372328,0.0399452215259584,0.6763078670137306,0.0176067347980084,0.5254031460928013,0.0174647704858355,0.4814814814814815,0.0578240555407259,0.7456140350877193,0.0125877060914789,0.1712711453437805,0.00710547242447,0.5217505296071371,0.0182803128814599,0.1265097567935784,0.0218519393651949,0.1971830985915491,3,0.6720272904483431,0.1712711453437805,0.0,-0.0
blood_transfusion,tabpfn_threshold,oracle,0.5,0.3,majority_to_minority,0.5097465886939571,0.0063866191140746,0.0380116959064327,0.0267986882745955,0.4536155004229878,0.0470107980678355,0.2311358735143641,0.0257214561975538,0.2437150556833418,0.0025001779677664,0.9814814814814816,0.0160375074774896,0.6948505523066926,0.0252220447192864,0.3855076730251312,0.016932237627157,1.0246084332466123,0.0644298624103269,0.467288837896453,0.0155822196579821,0.3004926108374384,3,0.5097465886939571,0.3855076730251312,0.0,-0.0
blood_transfusion,tabpfn_threshold,oracle,0.5,0.3,minority_to_majority,0.6033138401559454,0.0288472682006797,0.2592592592592592,0.0848625128695526,0.517108646867348,0.0094155636400983,0.6130351680696152,0.0384840350045403,0.6262626262626262,0.0699818508108637,0.2592592592592592,0.0848625128695526,0.7269330734243015,0.0089547474282698,0.1630256175994872,0.0053437841496095,0.5031184156735738,0.0192936194913083,0.0828776569747262,0.0342041007046886,0.3028169014084507,3,0.6033138401559454,0.1630256175994872,0.0,-0.0
breast_cancer_wisconsin,tabpfn_threshold,observed,0.05,0.0,clean,0.9265873015873016,0.0559527327468394,0.880952380952381,0.1237179148263484,0.9864255241759476,0.0024292978834703,0.931788395023689,0.0451214219956498,0.9504545035068293,0.019330849329945,0.880952380952381,0.1237179148263484,0.9908509700176366,0.0006883816135801,0.0817788826922575,0.0441330269200916,0.3353398144245147,0.2131954761254015,0.1001212324018518,0.0394174250396337,0.0,3,0.8650793650793651,0.0817788826922575,0.06150793650793651,-0.0
breast_cancer_wisconsin,tabpfn_threshold,observed,0.05,0.05,majority_to_minority,0.960978835978836,0.0198495353154218,0.9503968253968256,0.0233925121479197,0.9932527868036806,0.0034378475822664,0.9565440283066842,0.023248305743612,0.9253968253968252,0.045370177549068,0.9682539682539684,0.0137464349807053,0.9952601410934746,0.0026729179129148,0.0453219227492809,0.0163494767825396,0.1572583938638369,0.0424268779945152,0.0673668793408058,0.0202744611561963,0.0625,3,0.9206349206349206,0.0453219227492809,0.04034391534391546,-0.0
breast_cancer_wisconsin,tabpfn_threshold,observed,0.05,0.05,minority_to_majority,0.9583333333333334,0.0084761941917833,0.9384920634920636,0.0171830437258816,0.9879285192029952,0.0088793447334846,0.9590696479089256,0.0055824112483388,0.952679231337768,0.0216278857115867,0.9444444444444444,0.0274928699614106,0.9911816578483248,0.0078278310306795,0.0647906114657719,0.0047262428824237,0.2412605881690978,0.0508811112743239,0.0852610399736886,0.0030506245060146,0.0666666666666666,3,0.8888888888888888,0.0647906114657719,0.06944444444444453,-0.0
breast_cancer_wisconsin,tabpfn_threshold,observed,0.05,0.1,majority_to_minority,0.949404761904762,0.0165707272703274,0.9305555555555556,0.0240562612162344,0.9897772233799792,0.002142404678116,0.9413760020555156,0.0190369401003029,0.8912412749138005,0.0351680177931747,0.9682539682539684,0.0137464349807053,0.9931657848324515,0.001664425580968,0.0559780783951282,0.0048049942403889,0.1818114767471948,0.0143663459835913,0.0777441730548502,0.0087611884362991,0.1176470588235294,3,0.8968253968253969,0.0559780783951282,0.052579365079365115,-0.0
breast_cancer_wisconsin,tabpfn_threshold,observed,0.05,0.1,minority_to_majority,0.9384920634920634,0.0502830392756913,0.8955026455026456,0.0975523495634512,0.991840048968944,0.0045354798610671,0.9420326699760648,0.0400259132929007,0.9512350394703336,0.0212031164636272,0.9047619047619048,0.1091089451179962,0.9952601410934744,0.0024819952048496,0.1077034100890159,0.0378056566895961,0.3635290265083313,0.1633167260167807,0.1568819471452472,0.036703181591864,0.1333333333333333,3,0.7857142857142857,0.1077034100890159,0.15277777777777768,-0.0
breast_cancer_wisconsin,tabpfn_threshold,observed,0.05,0.2,majority_to_minority,0.9632936507936508,0.0309294787065869,0.9517195767195769,0.0423848411905082,0.9902702768467112,0.0104517869630452,0.959788562943118,0.0370004689487024,0.934481594056062,0.0722419029837069,0.9682539682539684,0.0137464349807053,0.9937169312169312,0.006437805004607,0.0549958869814872,0.0176286359870651,0.1790168583393096,0.050963529935357,0.0730334056748284,0.0194409983655127,0.2105263157894736,3,0.9007936507936508,0.0549958869814872,0.0625,-0.0
breast_cancer_wisconsin,tabpfn_threshold,observed,0.05,0.2,minority_to_majority,0.9520502645502644,0.0193473577728969,0.9351851851851852,0.0342130083502051,0.9817436377916424,0.0061803703349865,0.9527275001934008,0.0165747891592572,0.9440199335548172,0.013492012994034,0.9365079365079364,0.0363696483726653,0.9869929453262788,0.0055367585338951,0.1146653046210606,0.0180160730487874,0.3906806409358978,0.0631736417506526,0.1589088272521195,0.0311017446865751,0.2,3,0.7857142857142857,0.1146653046210606,0.16633597883597873,-0.0
breast_cancer_wisconsin,tabpfn_threshold,observed,0.05,0.3,majority_to_minority,0.9603174603174603,0.0169233354258253,0.9444444444444444,0.0240562612162343,0.9933316472718056,0.0086645616317279,0.9535784504809288,0.0184604381345104,0.9119980940861692,0.0360093208181359,0.9761904761904764,0.0238095238095237,0.9937169312169312,0.0089530333139424,0.0404864971836407,0.0048217905195951,0.1400951569279034,0.0137535253096763,0.0675779650347274,0.0245266743008232,0.2857142857142857,3,0.9166666666666666,0.0404864971836407,0.04365079365079372,-0.0
breast_cancer_wisconsin,tabpfn_threshold,observed,0.05,0.3,minority_to_majority,0.92989417989418,0.0075117835261908,0.8968253968253969,0.0137464349807054,0.9781245641882216,0.0052943795903949,0.9334834877304342,0.0091421365833634,0.9344932844932844,0.025756108390459,0.8968253968253969,0.0137464349807054,0.9828042328042328,0.0043243045074808,0.1286982943614323,0.0312118188513965,0.4758425454298655,0.0907371697753601,0.1733186922515388,0.0299838828556388,0.2666666666666666,3,0.7857142857142857,0.1286982943614323,0.1441798941798943,-0.0
breast_cancer_wisconsin,tabpfn_threshold,observed,0.1,0.0,clean,0.9566798941798944,0.0059798747751405,0.9365079365079366,0.0137464349807054,0.990707493041944,0.0032968706228475,0.9589502840080354,0.0054699632741471,0.9595334881920248,0.0134069749181532,0.9365079365079366,0.0137464349807054,0.9937169312169312,0.002496638371452,0.0401154880722363,0.0047617943354654,0.1704702576001485,0.0270302472470451,0.0504932216830192,0.0053395157558105,0.0,3,0.9285714285714284,0.0401154880722363,0.028108465608466027,-0.0
breast_cancer_wisconsin,tabpfn_threshold,observed,0.1,0.05,majority_to_minority,0.9662698412698412,0.0133468492530492,0.9603174603174603,0.0137464349807053,0.9907999540288744,0.0074125798491677,0.9655193662546604,0.0142967529792488,0.952934662236988,0.0229839618831864,0.9603174603174603,0.0137464349807053,0.9930555555555556,0.0059523809523809,0.0367636252194642,0.0091147548703562,0.1299730241298675,0.0396342793105231,0.0496869703389878,0.0129168427557713,0.0625,3,0.9421296296296297,0.0367636252194642,0.024140211640211517,-0.0
breast_cancer_wisconsin,tabpfn_threshold,observed,0.1,0.05,minority_to_majority,0.9513888888888888,0.0035769357891507,0.941798941798942,0.0121232161242217,0.987155305543627,0.0097455854114058,0.949911125026644,0.0051335879633525,0.9301809931418552,0.0210643488883424,0.9444444444444444,0.0137464349807053,0.9905202821869488,0.0079388040476326,0.0505435417095819,0.0150759207606085,0.1790479322274525,0.0673053359423263,0.070547861928033,0.0126815823322492,0.0666666666666666,3,0.90244708994709,0.0505435417095819,0.04894179894179884,-0.0
breast_cancer_wisconsin,tabpfn_threshold,observed,0.1,0.1,majority_to_minority,0.9692460317460316,0.0231174210272441,0.9523809523809524,0.0238095238095237,0.9921996831747804,0.005898111659125,0.9716451905616856,0.0248803535193977,0.9761904761904764,0.0412393049421161,0.9523809523809524,0.0238095238095237,0.9942680776014108,0.004633564717148,0.0382088938107092,0.0113347031367602,0.132371592024962,0.0322138271022466,0.049725193693711,0.0083743841650698,0.0909090909090909,3,0.9365079365079366,0.0382088938107092,0.03273809523809501,-0.0
breast_cancer_wisconsin,tabpfn_threshold,observed,0.1,0.1,minority_to_majority,0.9613095238095236,0.0097706922636866,0.9365079365079366,0.0137464349807054,0.9907339234943964,0.0040605144326693,0.9651661406226464,0.010850642976087,0.975609756097561,0.024390243902439,0.9365079365079366,0.0137464349807054,0.9934964726631392,0.0031255394353523,0.0572985596954822,0.0045319646814217,0.2070670574903488,0.0277265217980145,0.0927941925614004,0.0058555174311715,0.1,3,0.888888888888889,0.0572985596954822,0.07242063492063466,-0.0
breast_cancer_wisconsin,tabpfn_threshold,observed,0.1,0.2,majority_to_minority,0.9639550264550264,0.0271748144894863,0.9484126984126984,0.0299596604574236,0.9947511240494292,0.0067318318323682,0.9626948456611938,0.0331819195477059,0.9483916578296218,0.0693464258886989,0.9603174603174603,0.0137464349807053,0.996141975308642,0.0052529773180968,0.0359322894364595,0.0139681067967953,0.1260940382877985,0.0386198287077047,0.0579004423877997,0.0306204683528189,0.2105263157894736,3,0.9365079365079364,0.0359322894364595,0.027447089947089998,-0.0
breast_cancer_wisconsin,tabpfn_threshold,observed,0.1,0.2,minority_to_majority,0.9447751322751324,0.0172497372430488,0.9126984126984128,0.0137464349807054,0.9871329027702525,0.0051704255227726,0.9492791610188042,0.019595387659134,0.9589430894308943,0.0373961646572582,0.9126984126984128,0.0137464349807054,0.9910714285714284,0.0031545608512464,0.0937282666563987,0.0178516706891266,0.3157805899779001,0.0444438218796898,0.1482577802605207,0.0148638527073652,0.2,3,0.8174603174603176,0.0937282666563987,0.12731481481481488,-0.0
breast_cancer_wisconsin,tabpfn_threshold,observed,0.1,0.3,majority_to_minority,0.960978835978836,0.018030827883883,0.9484126984126984,0.0299596604574236,0.9877763382104916,0.0031143763703647,0.9565836042168856,0.0230260851292905,0.926254486620642,0.0520391875916938,0.9682539682539684,0.0137464349807053,0.98831569664903,0.0053458358258298,0.0317670808484156,0.0057403077416767,0.1253965670863787,0.0172466018960832,0.0525402087848959,0.0109266977874623,0.3023255813953488,3,0.9444444444444444,0.0317670808484156,0.016534391534391624,-0.0
breast_cancer_wisconsin,tabpfn_threshold,observed,0.1,0.3,minority_to_majority,0.9447751322751322,0.0226297779245047,0.9126984126984128,0.0363696483726654,0.981906305454722,0.0112211824144488,0.9492539882500516,0.0235757658609587,0.9601238869531552,0.0494715352855899,0.9126984126984128,0.0363696483726654,0.9871031746031744,0.0082671957671957,0.1128943488001823,0.0108026964734043,0.3703239560127258,0.0516741102559185,0.1642212478351392,0.0034591117461461,0.3,3,0.7976190476190476,0.1128943488001823,0.14715608465608465,-0.0
breast_cancer_wisconsin,tabpfn_threshold,observed,0.2,0.0,clean,0.9748677248677248,0.0059798747751405,0.9669312169312168,0.0127561518002551,0.9953855929655552,0.0030595732202804,0.97486570253164,0.0054448557829512,0.9684295347936868,0.0129426838828874,0.9682539682539684,0.0137464349807053,0.9969135802469138,0.0021001497887188,0.0259269749124844,0.00843023337228,0.0931843581298986,0.0300164336953897,0.0388254864159725,0.01085243016401,0.0,3,0.9484126984126984,0.0259269749124844,0.026455026455026398,-0.0
breast_cancer_wisconsin,tabpfn_threshold,observed,0.2,0.05,majority_to_minority,0.9834656084656084,0.0125617856568932,0.9715608465608464,0.0173351090239168,0.9981363228871536,0.0017239539721847,0.9842438848572918,0.0109648487194514,0.9841179807146908,0.0137659229716524,0.9761904761904764,0.0238095238095237,0.9987874779541448,0.0011613374948029,0.0205714373538891,0.002068379239495,0.0774740825096765,0.0040384436390634,0.0379444458930377,0.0148564683350975,0.0476190476190475,3,0.9603174603174603,0.0205714373538891,0.02314814814814803,-0.0
breast_cancer_wisconsin,tabpfn_threshold,observed,0.2,0.05,minority_to_majority,0.958994708994709,0.0240221436820951,0.9365079365079366,0.0274928699614107,0.9880277274449772,0.007261441429699,0.9620772801680588,0.0250238988857275,0.967479674796748,0.0372567129671206,0.9365079365079366,0.0274928699614107,0.9916225749559082,0.0048186712950604,0.0421381170550981,0.013371184329727,0.1575308367609977,0.0471308125617505,0.0626373364241543,0.0104839540404546,0.05,3,0.9246031746031744,0.0421381170550981,0.03439153439153453,-0.0
breast_cancer_wisconsin,tabpfn_threshold,observed,0.2,0.1,majority_to_minority,0.9616402116402116,0.0176446052539075,0.9517195767195769,0.020841205365858,0.9904661245395622,0.0066543910175345,0.9594645779503982,0.0212329450525903,0.9393290056931576,0.045060991389341,0.9603174603174603,0.0137464349807053,0.9916225749559082,0.0061005705917203,0.0241613816469907,0.0083355956188791,0.0976164390643437,0.0286287967720841,0.0358749234841929,0.0164030389797362,0.1044776119402985,3,0.9642857142857144,0.0241613816469907,-0.002645502645502784,-0.0
breast_cancer_wisconsin,tabpfn_threshold,observed,0.2,0.1,minority_to_majority,0.9457671957671958,0.0200468843468621,0.9246031746031744,0.0068732174903527,0.9858916105699214,0.0101068408555884,0.9467277401243646,0.0262983956992375,0.9388888888888888,0.0625462791622094,0.9285714285714284,0.0,0.990299823633157,0.0071869150408743,0.0618885643780231,0.0081356183110962,0.207783689101537,0.0233693294635528,0.0885566314028803,0.0112981021897125,0.1,3,0.8865740740740741,0.0618885643780231,0.05919312169312174,-0.0
breast_cancer_wisconsin,tabpfn_threshold,observed,0.2,0.2,majority_to_minority,0.9632936507936508,0.0148146671855834,0.9470899470899472,0.0281531701769745,0.9923531696871416,0.0054559955986742,0.9596468717107964,0.0209172099920032,0.933812851240833,0.0543735528494588,0.9682539682539684,0.0137464349807053,0.9943783068783068,0.0049382223951945,0.0312522016465663,0.0027240010882267,0.1221492762366929,0.0080382407799081,0.0642363939499645,0.0057001741208473,0.2,3,0.9391534391534392,0.0312522016465663,0.02414021164021163,-0.0
breast_cancer_wisconsin,tabpfn_threshold,observed,0.2,0.2,minority_to_majority,0.9384920634920634,0.0298114666692792,0.8988095238095237,0.052905919150688,0.9828351128687772,0.0091250126264332,0.942689261813519,0.0255980474467064,0.9516317016317016,0.0421155745108499,0.9047619047619048,0.0629940788348712,0.9867724867724867,0.0072525503305096,0.0759756378829478,0.021404371865804,0.2645986825227737,0.0603218190899301,0.1224142859815156,0.0181344037677127,0.2,3,0.8650793650793651,0.0759756378829478,0.07341269841269826,-0.0
breast_cancer_wisconsin,tabpfn_threshold,observed,0.2,0.3,majority_to_minority,0.9632936507936508,0.0270052729936828,0.9503968253968256,0.0305452466633743,0.9869250115022128,0.006423100750299,0.9597204442435576,0.0323770165607293,0.933794466403162,0.0652398452183559,0.9682539682539684,0.0137464349807053,0.987985008818342,0.0076654932322372,0.0366801054527361,0.0074938795046734,0.1529717693726221,0.0206309155119036,0.0915857966967493,0.0060011923876834,0.3023255813953488,3,0.9437830687830688,0.0366801054527361,0.01951058201058198,-0.0
breast_cancer_wisconsin,tabpfn_threshold,observed,0.2,0.3,minority_to_majority,0.9249338624338628,0.0280831663301087,0.873015873015873,0.049563476177765,0.9870675134403488,0.0051211051707177,0.9325982025194474,0.025716219391742,0.9567663817663816,0.0292089666444609,0.873015873015873,0.049563476177765,0.9915123456790124,0.0036275314532415,0.1029050971070925,0.0146539920394422,0.3323106865088144,0.0435052467055037,0.1639136439189314,0.0216553463436172,0.3,3,0.8214285714285715,0.1029050971070925,0.10350529100529127,-0.0
breast_cancer_wisconsin,tabpfn_threshold,observed,0.5,0.0,clean,0.9732142857142856,0.0203554410006777,0.9543650793650794,0.0435153019830581,0.9967321786498776,0.0018869438280808,0.9746570202452556,0.0147668604549771,0.9767441860465116,0.0232558139534884,0.9603174603174603,0.049563476177765,0.997905643738977,0.0013767632271601,0.0196800356109936,0.0025095960531867,0.0698033111790815,0.0135615340570436,0.0366500723311862,0.0138347352667395,0.0,3,0.9732142857142856,0.0196800356109936,0.0,-0.0
breast_cancer_wisconsin,tabpfn_threshold,observed,0.5,0.05,majority_to_minority,0.9606481481481484,0.0028638406209801,0.9444444444444444,0.0137464349807054,0.9939838263568036,0.002157009481031,0.9621714335212496,0.0002254329603417,0.959920634920635,0.01305911323167,0.9444444444444444,0.0137464349807054,0.9959215167548502,0.0019092270806536,0.025820406153798,0.0049251742581494,0.103819154202938,0.021248319805562,0.0512496499965587,0.0151071125011846,0.050632911392405,3,0.9623015873015872,0.025820406153798,-0.0016534391534388515,-0.0
breast_cancer_wisconsin,tabpfn_threshold,observed,0.5,0.05,minority_to_majority,0.956679894179894,0.011959749550281,0.9365079365079366,0.0274928699614107,0.9927810175375033,0.0033735934162344,0.9589392002722712,0.0109606356618042,0.96006709619869,0.0258450354931422,0.9365079365079366,0.0274928699614107,0.9950396825396824,0.0027067965515451,0.0271708319584528,0.0049299811203562,0.1014759416381517,0.0164831421662009,0.0487977298404149,0.0035584873452668,0.0533333333333333,3,0.9527116402116405,0.0271708319584528,0.00396825396825351,-0.0
breast_cancer_wisconsin,tabpfn_threshold,observed,0.5,0.1,majority_to_minority,0.9632936507936508,0.0086486090149616,0.9470899470899472,0.0146252277695079,0.9926825900783768,0.0044416567458692,0.959574360580648,0.0138120933569726,0.9329107619139432,0.0421633225019591,0.9682539682539684,0.0137464349807053,0.9951499118165786,0.0030547633290455,0.0386068355292081,0.0135618291411116,0.1506627102692921,0.0346516894291245,0.0985810877482967,0.0105920359660123,0.1017964071856287,3,0.9517195767195769,0.0386068355292081,0.011574074074073959,-0.0
breast_cancer_wisconsin,tabpfn_threshold,observed,0.5,0.1,minority_to_majority,0.9669312169312168,0.0024966383714518,0.9464285714285716,0.0157485197087178,0.9954504812518752,0.0014789142299595,0.968506654036751,0.0050659320762462,0.9691426459719142,0.034547904678541,0.9523809523809524,0.0238095238095238,0.9969135802469136,0.0013767632271601,0.0272025869538386,0.0025682345678703,0.1117924352486928,0.0108691470251505,0.0680091531827435,0.0215948193544812,0.1,3,0.9659391534391536,0.0272025869538386,0.0009920634920631555,-0.0
breast_cancer_wisconsin,tabpfn_threshold,observed,0.5,0.2,majority_to_minority,0.9593253968253967,0.0068732174903527,0.9543650793650794,0.0034366087451763,0.9918721794866098,0.0027196047756671,0.956290371542486,0.0055159820664083,0.9307610993657504,0.0009154602577002,0.9603174603174603,0.0137464349807053,0.9949294532627868,0.0016312443327765,0.0717173342903454,0.0038941672372448,0.2566668887933095,0.0066967037576513,0.170517061384972,0.0040227831621733,0.202127659574468,3,0.9487433862433862,0.0717173342903454,0.010582010582010581,-0.0
breast_cancer_wisconsin,tabpfn_threshold,observed,0.5,0.2,minority_to_majority,0.95734126984127,0.0165112271598146,0.9285714285714284,0.0238095238095238,0.9911673978208438,0.0027804973281617,0.9619089906822856,0.0164918243907932,0.9752032520325205,0.0250024785604582,0.9285714285714284,0.0238095238095238,0.9939373897707232,0.0019932915917135,0.0436183921992778,0.0064051532196041,0.1701547950506209,0.0199136849612498,0.0955466837867309,0.0124134356721001,0.2,3,0.9484126984126984,0.0436183921992778,0.008928571428571619,-0.0
breast_cancer_wisconsin,tabpfn_threshold,observed,0.5,0.3,majority_to_minority,0.960978835978836,0.0278013883028884,0.9391534391534392,0.0451288944688677,0.9869854874007524,0.009542790430151,0.9568439834249864,0.0367179155605012,0.9297052154195012,0.0839614901658667,0.9682539682539684,0.0137464349807053,0.9891975308641976,0.0091184333587448,0.1528175870577494,0.0069157990153606,0.4469030499458313,0.0228055640278712,0.2950544375599476,0.0133311814405243,0.2990654205607476,3,0.8948412698412698,0.1528175870577494,0.06613756613756627,-0.0
breast_cancer_wisconsin,tabpfn_threshold,observed,0.5,0.3,minority_to_majority,0.964616402116402,0.010607814108694,0.9523809523809524,0.0,0.9933474035601528,0.002371666558016,0.9654542893644914,0.0141900710605353,0.9608711701734958,0.0356502010451829,0.9523809523809524,0.0,0.9957010582010584,0.0011923119297169,0.0578731807569662,0.0040842251917421,0.2031798710425695,0.0120480970039521,0.1280768080423885,0.0077513293909232,0.3,3,0.9262566137566138,0.0578731807569662,0.03835978835978815,-0.0
breast_cancer_wisconsin,tabpfn_threshold,oracle,0.05,0.0,clean,0.9265873015873016,0.0559527327468394,0.880952380952381,0.1237179148263484,0.9864255241759476,0.0024292978834703,0.931788395023689,0.0451214219956498,0.9504545035068293,0.019330849329945,0.880952380952381,0.1237179148263484,0.9908509700176366,0.0006883816135801,0.0817788826922575,0.0441330269200916,0.3353398144245147,0.2131954761254015,0.1001212324018518,0.0394174250396337,0.0,3,0.8650793650793651,0.0817788826922575,0.06150793650793651,-0.0
breast_cancer_wisconsin,tabpfn_threshold,oracle,0.05,0.05,majority_to_minority,0.960978835978836,0.0198495353154218,0.9503968253968256,0.0233925121479197,0.9932527868036806,0.0034378475822664,0.9565440283066842,0.023248305743612,0.9253968253968252,0.045370177549068,0.9682539682539684,0.0137464349807053,0.9952601410934746,0.0026729179129148,0.0453219227492809,0.0163494767825396,0.1572583938638369,0.0424268779945152,0.0673668793408058,0.0202744611561963,0.0625,3,0.9206349206349206,0.0453219227492809,0.04034391534391546,-0.0
breast_cancer_wisconsin,tabpfn_threshold,oracle,0.05,0.05,minority_to_majority,0.9583333333333334,0.0084761941917833,0.9384920634920636,0.0171830437258816,0.9879285192029952,0.0088793447334846,0.9590696479089256,0.0055824112483388,0.952679231337768,0.0216278857115867,0.9444444444444444,0.0274928699614106,0.9911816578483248,0.0078278310306795,0.0647906114657719,0.0047262428824237,0.2412605881690978,0.0508811112743239,0.0852610399736886,0.0030506245060146,0.0666666666666666,3,0.8888888888888888,0.0647906114657719,0.06944444444444453,-0.0
breast_cancer_wisconsin,tabpfn_threshold,oracle,0.05,0.1,majority_to_minority,0.9470899470899472,0.0176446052539074,0.925925925925926,0.0289120277703629,0.9897772233799792,0.002142404678116,0.938401251095821,0.0210105284107189,0.8851833552920509,0.0411142812772709,0.9682539682539684,0.0137464349807053,0.9931657848324515,0.001664425580968,0.0559780783951282,0.0048049942403889,0.1818114767471948,0.0143663459835913,0.0777441730548502,0.0087611884362991,0.1176470588235294,3,0.8968253968253969,0.0559780783951282,0.050264550264550345,-0.0
breast_cancer_wisconsin,tabpfn_threshold,oracle,0.05,0.1,minority_to_majority,0.9345238095238094,0.0448188769764941,0.8955026455026456,0.0975523495634512,0.991840048968944,0.0045354798610671,0.9388772003710084,0.035495656469537,0.9508826786528564,0.0211292508272547,0.8968253968253969,0.09912695235553,0.9952601410934744,0.0024819952048496,0.1077034100890159,0.0378056566895961,0.3635290265083313,0.1633167260167807,0.1568819471452472,0.036703181591864,0.1333333333333333,3,0.7857142857142857,0.1077034100890159,0.14880952380952372,-0.0
breast_cancer_wisconsin,tabpfn_threshold,oracle,0.05,0.2,majority_to_minority,0.9689153439153438,0.0256085646779753,0.9503968253968256,0.0412870080291365,0.9902702768467112,0.0104517869630452,0.9630168938207004,0.0315640210549886,0.9283008658008658,0.0651078824064735,0.9841269841269842,0.0137464349807054,0.9937169312169312,0.006437805004607,0.0549958869814872,0.0176286359870651,0.1790168583393096,0.050963529935357,0.0730334056748284,0.0194409983655127,0.2105263157894736,3,0.9007936507936508,0.0549958869814872,0.06812169312169303,-0.0
breast_cancer_wisconsin,tabpfn_threshold,oracle,0.05,0.2,minority_to_majority,0.9480820105820106,0.0241447411855447,0.9272486772486772,0.0456492961024798,0.9817436377916424,0.0061803703349865,0.9494321370955356,0.0201193128626213,0.9435925831274669,0.0132255641823574,0.9285714285714284,0.0476190476190475,0.9869929453262788,0.0055367585338951,0.1146653046210606,0.0180160730487874,0.3906806409358978,0.0631736417506526,0.1589088272521195,0.0311017446865751,0.2,3,0.7857142857142857,0.1146653046210606,0.16236772486772488,-0.0
breast_cancer_wisconsin,tabpfn_threshold,oracle,0.05,0.3,majority_to_minority,0.9480820105820106,0.023060586470385,0.9120370370370372,0.0561312761712136,0.9933316472718056,0.0086645616317279,0.9359761855995384,0.0322305666165625,0.8717824488173326,0.0744772444057188,0.9841269841269842,0.0137464349807054,0.9937169312169312,0.0089530333139424,0.0404864971836407,0.0048217905195951,0.1400951569279034,0.0137535253096763,0.0675779650347274,0.0245266743008232,0.2857142857142857,3,0.9166666666666666,0.0404864971836407,0.03141534391534395,-0.0
breast_cancer_wisconsin,tabpfn_threshold,oracle,0.05,0.3,minority_to_majority,0.9289021164021164,0.0228892360855453,0.8809523809523809,0.041239304942116,0.9781245641882216,0.0052943795903949,0.9359441070301914,0.0205405486332088,0.9567683067683068,0.0153682311370671,0.8809523809523809,0.041239304942116,0.9828042328042328,0.0043243045074808,0.1286982943614323,0.0312118188513965,0.4758425454298655,0.0907371697753601,0.1733186922515388,0.0299838828556388,0.2666666666666666,3,0.7857142857142857,0.1286982943614323,0.1431878306878307,-0.0
breast_cancer_wisconsin,tabpfn_threshold,oracle,0.1,0.0,clean,0.9566798941798944,0.0059798747751405,0.9365079365079366,0.0137464349807054,0.990707493041944,0.0032968706228475,0.9589502840080354,0.0054699632741471,0.9595334881920248,0.0134069749181532,0.9365079365079366,0.0137464349807054,0.9937169312169312,0.002496638371452,0.0401154880722363,0.0047617943354654,0.1704702576001485,0.0270302472470451,0.0504932216830192,0.0053395157558105,0.0,3,0.9285714285714284,0.0401154880722363,0.028108465608466027,-0.0
breast_cancer_wisconsin,tabpfn_threshold,oracle,0.1,0.05,majority_to_minority,0.9662698412698412,0.0133468492530492,0.9603174603174603,0.0137464349807053,0.9907999540288744,0.0074125798491677,0.9655193662546604,0.0142967529792488,0.952934662236988,0.0229839618831864,0.9603174603174603,0.0137464349807053,0.9930555555555556,0.0059523809523809,0.0367636252194642,0.0091147548703562,0.1299730241298675,0.0396342793105231,0.0496869703389878,0.0129168427557713,0.0625,3,0.9421296296296297,0.0367636252194642,0.024140211640211517,-0.0
breast_cancer_wisconsin,tabpfn_threshold,oracle,0.1,0.05,minority_to_majority,0.9537037037037036,0.0028638406209802,0.9444444444444444,0.0137464349807053,0.987155305543627,0.0097455854114058,0.9529498581283816,0.0002699568901861,0.9372282094913972,0.0121168235734636,0.9444444444444444,0.0137464349807053,0.9905202821869488,0.0079388040476326,0.0505435417095819,0.0150759207606085,0.1790479322274525,0.0673053359423263,0.070547861928033,0.0126815823322492,0.0666666666666666,3,0.90244708994709,0.0505435417095819,0.05125661375661361,-0.0
breast_cancer_wisconsin,tabpfn_threshold,oracle,0.1,0.1,majority_to_minority,0.9662698412698412,0.0234555365427319,0.953042328042328,0.0228246480512398,0.9921996831747804,0.005898111659125,0.9656859769722076,0.0282554420215373,0.95483288166215,0.0583967348108184,0.9603174603174603,0.0137464349807053,0.9942680776014108,0.004633564717148,0.0382088938107092,0.0113347031367602,0.132371592024962,0.0322138271022466,0.049725193693711,0.0083743841650698,0.0909090909090909,3,0.9365079365079366,0.0382088938107092,0.029761904761904545,-0.0
breast_cancer_wisconsin,tabpfn_threshold,oracle,0.1,0.1,minority_to_majority,0.95734126984127,0.0165112271598146,0.9285714285714284,0.0238095238095238,0.9907339234943964,0.0040605144326693,0.9619089906822856,0.0164918243907931,0.9752032520325205,0.0250024785604582,0.9285714285714284,0.0238095238095238,0.9934964726631392,0.0031255394353523,0.0572985596954822,0.0045319646814217,0.2070670574903488,0.0277265217980145,0.0927941925614004,0.0058555174311715,0.1,3,0.888888888888889,0.0572985596954822,0.06845238095238104,-0.0
breast_cancer_wisconsin,tabpfn_threshold,oracle,0.1,0.2,majority_to_minority,0.9672619047619048,0.0284602942217877,0.955026455026455,0.0332797503317701,0.9947511240494292,0.0067318318323682,0.962818219708983,0.031908133341493,0.9334337160424117,0.0563605853452857,0.9761904761904764,0.0238095238095237,0.996141975308642,0.0052529773180968,0.0359322894364595,0.0139681067967953,0.1260940382877985,0.0386198287077047,0.0579004423877997,0.0306204683528189,0.2105263157894736,3,0.9365079365079364,0.0359322894364595,0.030753968253968367,-0.0
breast_cancer_wisconsin,tabpfn_threshold,oracle,0.1,0.2,minority_to_majority,0.9431216931216932,0.0192709024925046,0.9047619047619048,0.0238095238095238,0.9871329027702525,0.0051704255227726,0.9490415628123188,0.0198810972261567,0.9662393162393162,0.0292446360870523,0.9047619047619048,0.0238095238095238,0.9910714285714284,0.0031545608512464,0.0937282666563987,0.0178516706891266,0.3157805899779001,0.0444438218796898,0.1482577802605207,0.0148638527073652,0.2,3,0.8174603174603176,0.0937282666563987,0.1256613756613757,-0.0
breast_cancer_wisconsin,tabpfn_threshold,oracle,0.1,0.3,majority_to_minority,0.9401455026455028,0.0278013883028884,0.9120370370370372,0.0578240555407258,0.9877763382104916,0.0031143763703647,0.9296670640914328,0.0359250266854964,0.8697228697228697,0.0735750230487569,0.9682539682539684,0.0137464349807053,0.98831569664903,0.0053458358258298,0.0317670808484156,0.0057403077416767,0.1253965670863787,0.0172466018960832,0.0525402087848959,0.0109266977874623,0.3023255813953488,3,0.9444444444444444,0.0317670808484156,-0.004298941798941636,-0.0
breast_cancer_wisconsin,tabpfn_threshold,oracle,0.1,0.3,minority_to_majority,0.9193121693121692,0.0337641829640578,0.8571428571428571,0.0714285714285714,0.981906305454722,0.0112211824144488,0.928777186933726,0.028740637825105,0.966025641025641,0.0392389383148791,0.8571428571428571,0.0714285714285714,0.9871031746031744,0.0082671957671957,0.1128943488001823,0.0108026964734043,0.3703239560127258,0.0516741102559185,0.1642212478351392,0.0034591117461461,0.3,3,0.7976190476190476,0.1128943488001823,0.12169312169312163,-0.0
breast_cancer_wisconsin,tabpfn_threshold,oracle,0.2,0.0,clean,0.9748677248677248,0.0059798747751405,0.9669312169312168,0.0127561518002551,0.9953855929655552,0.0030595732202804,0.97486570253164,0.0054448557829512,0.9684295347936868,0.0129426838828874,0.9682539682539684,0.0137464349807053,0.9969135802469138,0.0021001497887188,0.0259269749124844,0.00843023337228,0.0931843581298986,0.0300164336953897,0.0388254864159725,0.01085243016401,0.0,3,0.9484126984126984,0.0259269749124844,0.026455026455026398,-0.0
breast_cancer_wisconsin,tabpfn_threshold,oracle,0.2,0.05,majority_to_minority,0.9834656084656084,0.0125617856568932,0.9715608465608464,0.0173351090239168,0.9981363228871536,0.0017239539721847,0.9842438848572918,0.0109648487194514,0.9841179807146908,0.0137659229716524,0.9761904761904764,0.0238095238095237,0.9987874779541448,0.0011613374948029,0.0205714373538891,0.002068379239495,0.0774740825096765,0.0040384436390634,0.0379444458930377,0.0148564683350975,0.0476190476190475,3,0.9603174603174603,0.0205714373538891,0.02314814814814803,-0.0
breast_cancer_wisconsin,tabpfn_threshold,oracle,0.2,0.05,minority_to_majority,0.958994708994709,0.0240221436820951,0.9365079365079366,0.0274928699614107,0.9880277274449772,0.007261441429699,0.9620772801680588,0.0250238988857275,0.967479674796748,0.0372567129671206,0.9365079365079366,0.0274928699614107,0.9916225749559082,0.0048186712950604,0.0421381170550981,0.013371184329727,0.1575308367609977,0.0471308125617505,0.0626373364241543,0.0104839540404546,0.05,3,0.9246031746031744,0.0421381170550981,0.03439153439153453,-0.0
breast_cancer_wisconsin,tabpfn_threshold,oracle,0.2,0.1,majority_to_minority,0.957010582010582,0.0256085646779752,0.9424603174603176,0.0357693578915078,0.9904661245395622,0.0066543910175345,0.9535034718239644,0.0315577321333879,0.9267206526592728,0.0664477617598014,0.9603174603174603,0.0137464349807053,0.9916225749559082,0.0061005705917203,0.0241613816469907,0.0083355956188791,0.0976164390643437,0.0286287967720841,0.0358749234841929,0.0164030389797362,0.1044776119402985,3,0.9642857142857144,0.0241613816469907,-0.007275132275132434,-0.0
breast_cancer_wisconsin,tabpfn_threshold,oracle,0.2,0.1,minority_to_majority,0.9441137566137566,0.013936049937636,0.9206349206349206,0.0137464349807053,0.9858916105699214,0.0101068408555884,0.946453161239046,0.0189446754405959,0.9452408702408702,0.0509901875878485,0.9206349206349206,0.0137464349807053,0.990299823633157,0.0071869150408743,0.0618885643780231,0.0081356183110962,0.207783689101537,0.0233693294635528,0.0885566314028803,0.0112981021897125,0.1,3,0.8865740740740741,0.0618885643780231,0.05753968253968256,-0.0
breast_cancer_wisconsin,tabpfn_threshold,oracle,0.2,0.2,majority_to_minority,0.9556878306878308,0.0262912423416679,0.9351851851851852,0.0525824846833358,0.9923531696871416,0.0054559955986742,0.9478035259073028,0.0340150250882032,0.9017688513037352,0.0716380350741574,0.9761904761904762,0.0,0.9943783068783068,0.0049382223951945,0.0312522016465663,0.0027240010882267,0.1221492762366929,0.0080382407799081,0.0642363939499645,0.0057001741208473,0.2,3,0.9391534391534392,0.0312522016465663,0.016534391534391624,-0.0
breast_cancer_wisconsin,tabpfn_threshold,oracle,0.2,0.2,minority_to_majority,0.9391534391534392,0.0311408925052739,0.8955026455026455,0.0664411024067426,0.9828351128687772,0.0091250126264332,0.9454582883994648,0.0246798094773029,0.966952264381885,0.028783295021554,0.8968253968253967,0.0687321749035268,0.9867724867724867,0.0072525503305096,0.0759756378829478,0.021404371865804,0.2645986825227737,0.0603218190899301,0.1224142859815156,0.0181344037677127,0.2,3,0.8650793650793651,0.0759756378829478,0.07407407407407407,-0.0
breast_cancer_wisconsin,tabpfn_threshold,oracle,0.2,0.3,majority_to_minority,0.9348544973544972,0.0262912423416678,0.8935185185185185,0.0525824846833358,0.9869250115022128,0.006423100750299,0.920893862528692,0.0333748218455859,0.8457432263394598,0.063206210293086,0.9761904761904762,0.0,0.987985008818342,0.0076654932322372,0.0366801054527361,0.0074938795046734,0.1529717693726221,0.0206309155119036,0.0915857966967493,0.0060011923876834,0.3023255813953488,3,0.9437830687830688,0.0366801054527361,-0.008928571428571619,-0.0
breast_cancer_wisconsin,tabpfn_threshold,oracle,0.2,0.3,minority_to_majority,0.9285714285714284,0.0357142857142858,0.8571428571428571,0.0714285714285714,0.9870675134403488,0.0051211051707177,0.9411346988938026,0.0303465968733251,1.0,0.0,0.8571428571428571,0.0714285714285714,0.9915123456790124,0.0036275314532415,0.1029050971070925,0.0146539920394422,0.3323106865088144,0.0435052467055037,0.1639136439189314,0.0216553463436172,0.3,3,0.8214285714285715,0.1029050971070925,0.10714285714285687,-0.0
breast_cancer_wisconsin,tabpfn_threshold,oracle,0.5,0.0,clean,0.9732142857142856,0.0203554410006777,0.9543650793650794,0.0435153019830581,0.9967321786498776,0.0018869438280808,0.9746570202452556,0.0147668604549771,0.9767441860465116,0.0232558139534884,0.9603174603174603,0.049563476177765,0.997905643738977,0.0013767632271601,0.0196800356109936,0.0025095960531867,0.0698033111790815,0.0135615340570436,0.0366500723311862,0.0138347352667395,0.0,3,0.9732142857142856,0.0196800356109936,0.0,-0.0
breast_cancer_wisconsin,tabpfn_threshold,oracle,0.5,0.05,majority_to_minority,0.9623015873015872,0.0049603174603173,0.9464285714285716,0.0157485197087178,0.9939838263568036,0.002157009481031,0.96229079742214,0.0003743931502121,0.953066378066378,0.021599067379162,0.9523809523809524,0.0238095238095238,0.9959215167548502,0.0019092270806536,0.025820406153798,0.0049251742581494,0.103819154202938,0.021248319805562,0.0512496499965587,0.0151071125011846,0.050632911392405,3,0.9623015873015872,0.025820406153798,0.0,-0.0
breast_cancer_wisconsin,tabpfn_threshold,oracle,0.5,0.05,minority_to_majority,0.9527116402116405,0.0063780759001275,0.9285714285714284,0.0238095238095238,0.9927810175375033,0.0033735934162344,0.9557152811734072,0.0053879368977298,0.9598638441661698,0.0256634479788337,0.9285714285714284,0.0238095238095238,0.9950396825396824,0.0027067965515451,0.0271708319584528,0.0049299811203562,0.1014759416381517,0.0164831421662009,0.0487977298404149,0.0035584873452668,0.0533333333333333,3,0.9527116402116405,0.0271708319584528,0.0,-0.0
breast_cancer_wisconsin,tabpfn_threshold,oracle,0.5,0.1,majority_to_minority,0.9517195767195769,0.0155704462526369,0.923941798941799,0.0255893414314194,0.9926825900783768,0.0044416567458692,0.9445490775848694,0.023833391684947,0.9007056160987141,0.0655022443855794,0.9682539682539684,0.0137464349807053,0.9951499118165786,0.0030547633290455,0.0386068355292081,0.0135618291411116,0.1506627102692921,0.0346516894291245,0.0985810877482967,0.0105920359660123,0.1017964071856287,3,0.9517195767195769,0.0386068355292081,0.0,-0.0
breast_cancer_wisconsin,tabpfn_threshold,oracle,0.5,0.1,minority_to_majority,0.9659391534391536,0.0144560138851813,0.9365079365079364,0.0363696483726653,0.9954504812518752,0.0014789142299595,0.9713048933287028,0.0098321824119384,0.992063492063492,0.0137464349807054,0.9365079365079364,0.0363696483726653,0.9969135802469136,0.0013767632271601,0.0272025869538386,0.0025682345678703,0.1117924352486928,0.0108691470251505,0.0680091531827435,0.0215948193544812,0.1,3,0.9659391534391536,0.0272025869538386,0.0,-0.0
breast_cancer_wisconsin,tabpfn_threshold,oracle,0.5,0.2,majority_to_minority,0.9487433862433862,0.0082605793629607,0.9193121693121692,0.0286384062098028,0.9918721794866098,0.0027196047756671,0.9385555941345888,0.0134524434082855,0.8805140273163529,0.0430832178214373,0.9761904761904764,0.0238095238095237,0.9949294532627868,0.0016312443327765,0.0717173342903454,0.0038941672372448,0.2566668887933095,0.0066967037576513,0.170517061384972,0.0040227831621733,0.202127659574468,3,0.9487433862433862,0.0717173342903454,0.0,-0.0
breast_cancer_wisconsin,tabpfn_threshold,oracle,0.5,0.2,minority_to_majority,0.9484126984126984,0.0137464349807054,0.8968253968253969,0.0274928699614107,0.9911673978208438,0.0027804973281617,0.9581430712094856,0.0113746622633245,1.0,0.0,0.8968253968253969,0.0274928699614107,0.9939373897707232,0.0019932915917135,0.0436183921992778,0.0064051532196041,0.1701547950506209,0.0199136849612498,0.0955466837867309,0.0124134356721001,0.2,3,0.9484126984126984,0.0436183921992778,0.0,-0.0
breast_cancer_wisconsin,tabpfn_threshold,oracle,0.5,0.3,majority_to_minority,0.8948412698412698,0.0338030258678587,0.8055555555555557,0.0636468846521644,0.9869854874007524,0.009542790430151,0.8686955164575437,0.0407923916246361,0.7502970885323826,0.06139082030778,0.9841269841269842,0.0137464349807054,0.9891975308641976,0.0091184333587448,0.1528175870577494,0.0069157990153606,0.4469030499458313,0.0228055640278712,0.2950544375599476,0.0133311814405243,0.2990654205607476,3,0.8948412698412698,0.1528175870577494,0.0,-0.0
breast_cancer_wisconsin,tabpfn_threshold,oracle,0.5,0.3,minority_to_majority,0.9262566137566138,0.0155071085816048,0.8571428571428571,0.0238095238095238,0.9933474035601528,0.002371666558016,0.9383885501598526,0.0150122391479031,0.9907407407407408,0.0160375074774895,0.8571428571428571,0.0238095238095238,0.9957010582010584,0.0011923119297169,0.0578731807569662,0.0040842251917421,0.2031798710425695,0.0120480970039521,0.1280768080423885,0.0077513293909232,0.3,3,0.9262566137566138,0.0578731807569662,0.0,-0.0
south_german_credit,tabpfn_threshold,observed,0.05,0.0,clean,0.6611111111111111,0.0287280758694258,0.5388888888888889,0.0673575314054563,0.5296256810085398,0.0698629630957161,0.6584215122106841,0.025231856846558,0.5156942559927634,0.0270695678565346,0.5388888888888889,0.0673575314054563,0.7253571428571428,0.0394881149776713,0.2613521814346313,0.0027031483175418,0.951272706190745,0.0630128779151641,0.2550553449895232,0.0020704283084453,0.0,3,0.5,0.2613521814346313,0.1611111111111111,-0.0
south_german_credit,tabpfn_threshold,observed,0.05,0.05,majority_to_minority,0.6722222222222222,0.0900548879407757,0.611111111111111,0.101835015443463,0.5599718030228492,0.1043055795888065,0.6606070447380475,0.0957543462628057,0.5074014624576422,0.1379300477399747,0.611111111111111,0.101835015443463,0.7402777777777777,0.0865125144412696,0.2531550923983256,0.0177016704937427,0.8753583629926046,0.0607625667554391,0.2451957021250078,0.0094177558870416,0.04,3,0.5083333333333333,0.2531550923983256,0.16388888888888886,-0.0
south_german_credit,tabpfn_threshold,observed,0.05,0.05,minority_to_majority,0.6936507936507935,0.0059919320914847,0.6444444444444445,0.0096225044864938,0.5625550607706941,0.0210848076289731,0.6790857908065985,0.0059172690526654,0.5178994784257942,0.0079066885470138,0.6444444444444445,0.0096225044864938,0.7590079365079365,0.0229441959982815,0.2565385748942693,0.0071181878107219,0.876756469408671,0.02398939740453,0.2490482730915149,0.0056741663594625,0.0416666666666666,3,0.5,0.2565385748942693,0.19365079365079352,-0.0
south_german_credit,tabpfn_threshold,observed,0.05,0.1,majority_to_minority,0.6496031746031746,0.0236402714422325,0.5944444444444444,0.0346944333244355,0.5149398574542194,0.0680709689436831,0.6354735041961277,0.0232895044011687,0.4638302859821847,0.0294969172022541,0.5944444444444444,0.0346944333244355,0.7148412698412699,0.0522013063001363,0.2624788681666056,0.0041119912015691,0.8833888371785482,0.0195910490760671,0.2487943647367259,0.0024087119815194,0.1111111111111111,3,0.5,0.2624788681666056,0.14960317460317463,-0.0
south_german_credit,tabpfn_threshold,observed,0.05,0.1,minority_to_majority,0.6503968253968254,0.0277238705947755,0.5388888888888889,0.0585314097380707,0.5568245503415614,0.0738674529864882,0.6457363459700651,0.0244037073781695,0.4918868996874111,0.02662660589435,0.5388888888888889,0.0585314097380707,0.7371825396825397,0.0415244739279887,0.2624786694844563,0.0024836838449893,0.933717926343282,0.0317427064675147,0.2559230144756535,0.0008776128912511,0.0833333333333333,3,0.5,0.2624786694844563,0.15039682539682542,-0.0
south_german_credit,tabpfn_threshold,observed,0.05,0.2,majority_to_minority,0.6273809523809524,0.037476371996898,0.5666666666666668,0.0166666666666666,0.47311533280658,0.0191236623226846,0.6144730147835475,0.042028712452751,0.4417308340463042,0.0548511336425882,0.5666666666666668,0.0166666666666666,0.6948809523809524,0.0610174503867597,0.2601089576880136,0.008921102086883,0.8631279865900675,0.0452186480027892,0.2412752151116728,0.0080367604685484,0.2,3,0.5,0.2601089576880136,0.12738095238095237,-0.0
south_german_credit,tabpfn_threshold,observed,0.05,0.2,minority_to_majority,0.6376984126984127,0.0774480783331035,0.5611111111111111,0.1134476547592341,0.4949467685828577,0.073885265915773,0.6271488515974508,0.0726527088669333,0.4563472989932975,0.0878601082390606,0.5611111111111111,0.1134476547592341,0.6973809523809523,0.0710142746980095,0.2696198324362436,0.0048790725775095,0.991152286529541,0.0573417559718762,0.260696557185923,0.0035443708551168,0.2083333333333333,3,0.5,0.2696198324362436,0.13769841269841265,-0.0
south_german_credit,tabpfn_threshold,observed,0.05,0.3,majority_to_minority,0.6091269841269842,0.0657066650745796,0.3444444444444444,0.1931704294523746,0.4925344881293246,0.0641299184800936,0.6057566708642494,0.0741768917109785,0.5332355816226784,0.0791834110433351,0.3444444444444444,0.1931704294523746,0.7116269841269841,0.0566708348473692,0.2606920599937438,0.0072545042010594,0.8482333620389303,0.0329602171192952,0.237988431820025,0.0044870041950145,0.2941176470588235,3,0.5,0.2606920599937438,0.10912698412698418,-0.0
south_german_credit,tabpfn_threshold,observed,0.05,0.3,minority_to_majority,0.6833333333333332,0.0291848825526934,0.6333333333333333,0.0333333333333333,0.538853070181121,0.06258540974858,0.6687880027312055,0.0289265016802402,0.504913224913225,0.0365356072835126,0.6333333333333333,0.0333333333333333,0.7392857142857143,0.0281345568293133,0.2720182339350382,0.0035526256836021,0.9941368301709494,0.0106255022535031,0.2659940740807602,0.0032825145250159,0.2916666666666667,3,0.5,0.2720182339350382,0.18333333333333324,-0.0
south_german_credit,tabpfn_threshold,observed,0.1,0.0,clean,0.6670634920634919,0.0745957865304924,0.5888888888888889,0.1347150628109127,0.5553538071669709,0.0718067466663203,0.65625635047495,0.0667334541202775,0.4933746246246246,0.0755381434833966,0.5888888888888889,0.1347150628109127,0.7405158730158731,0.0878343412576038,0.2271002481381098,0.0113028356527478,0.7302894790967306,0.1007857239248383,0.2014813649219771,0.0058929823252771,0.0,3,0.5055555555555555,0.2271002481381098,0.16150793650793638,-0.0
south_german_credit,tabpfn_threshold,observed,0.1,0.05,majority_to_minority,0.6952380952380953,0.0238986427379579,0.653968253968254,0.0228786274688882,0.5576438855675241,0.0614450137284292,0.6761486492507406,0.0287558198370516,0.5116221377228531,0.0465711136423372,0.6666666666666666,0.0440958551844098,0.7555952380952381,0.0316234488474423,0.2167736738920211,0.0100809879143704,0.6656366388003031,0.0295972378907849,0.1877778795796136,0.0047952574609151,0.0588235294117647,3,0.5182539682539683,0.2167736738920211,0.17698412698412702,-0.0
south_german_credit,tabpfn_threshold,observed,0.1,0.05,minority_to_majority,0.6833333333333332,0.0508014006984568,0.6055555555555555,0.085526690657448,0.5743613733177987,0.0447896999827463,0.6668235912175368,0.0354654794006267,0.5036285288550602,0.0325637829143809,0.6333333333333333,0.1322875655532295,0.7586111111111111,0.0400722726712253,0.2206776042779286,0.0013686418467078,0.7256267666816711,0.0316976224454495,0.197349763388435,0.0065385074092068,0.0416666666666666,3,0.5238095238095238,0.2206776042779286,0.1595238095238094,-0.0
south_german_credit,tabpfn_threshold,observed,0.1,0.1,majority_to_minority,0.6884920634920636,0.0348371115137913,0.6531746031746032,0.0426139484401866,0.5561916959929603,0.0865748274123098,0.666619608596637,0.0382651444322348,0.4965575995324279,0.0500219079355662,0.6722222222222222,0.0481125224324687,0.7432539682539683,0.0470481150767501,0.2244541098674137,0.0020122086713995,0.6772291660308838,0.0056677276115726,0.193001082347085,0.0093350897171267,0.0943396226415094,3,0.5003968253968254,0.2244541098674137,0.1880952380952382,-0.0
south_german_credit,tabpfn_threshold,observed,0.1,0.1,minority_to_majority,0.7015873015873016,0.0247817380888824,0.6388888888888888,0.0096225044864937,0.5804125425135939,0.0809367974739581,0.6903680693845189,0.0294276039793722,0.5398441427853192,0.0461978376821395,0.6388888888888888,0.0096225044864937,0.7752777777777777,0.0420560602898685,0.2259345451990763,0.0024287920701988,0.7300682067871094,0.0461391522786038,0.2076008996677895,0.0044708100770075,0.1041666666666665,3,0.5015873015873016,0.2259345451990763,0.20000000000000007,-0.0
south_german_credit,tabpfn_threshold,observed,0.1,0.2,majority_to_minority,0.6964285714285715,0.054176477395156,0.6642857142857143,0.0681385143869247,0.5584778112467327,0.0842966345954085,0.6697571947715634,0.0487141543842171,0.4941592456783656,0.0538967312421166,0.7000000000000001,0.0881917103688197,0.7661507936507936,0.0608619042651355,0.2122215330600738,0.0107062252562573,0.6309904058774313,0.0399545458827464,0.1765239101027448,0.0107484957812413,0.2,3,0.5043650793650793,0.2122215330600738,0.19206349206349216,-0.0
south_german_credit,tabpfn_threshold,observed,0.1,0.2,minority_to_majority,0.7000000000000001,0.0185958325616824,0.6468253968253969,0.05483087444259,0.5692974359719075,0.0434977062932134,0.6853774317775544,0.0158856010154674,0.5283380018674136,0.0264280679544141,0.65,0.0600925212577331,0.7726190476190475,0.0313637950784555,0.2360461900631586,0.0056798051235732,0.7546467185020447,0.0229311082452473,0.2236451716472705,0.0032736902269938,0.2083333333333333,3,0.4988095238095238,0.2360461900631586,0.20119047619047625,-0.0
south_german_credit,tabpfn_threshold,observed,0.1,0.3,majority_to_minority,0.6587301587301587,0.0596229333385584,0.638888888888889,0.069388866648871,0.5526838683429357,0.0828117227222703,0.6378579725435709,0.0576949073998492,0.4615196078431372,0.066844396165507,0.638888888888889,0.069388866648871,0.7356746031746032,0.0683364788281072,0.2104665885368982,0.0042423790399342,0.6299947102864584,0.0305716212116516,0.1564735220434764,0.0047250591872252,0.3043478260869565,3,0.5075396825396825,0.2104665885368982,0.1511904761904762,-0.0
south_german_credit,tabpfn_threshold,observed,0.1,0.3,minority_to_majority,0.6801587301587301,0.0547403339158471,0.5722222222222223,0.1071516751221439,0.5674029719178765,0.0705091512306631,0.6756537063164508,0.0536940725785572,0.5385850025680533,0.077633065048685,0.5722222222222223,0.1071516751221439,0.7631349206349206,0.0670852434905016,0.2439378350973129,0.0085011591810386,0.8013498981793722,0.0506307836436198,0.2312755206041037,0.0032665705548277,0.2916666666666667,3,0.5,0.2439378350973129,0.18015873015873007,-0.0
south_german_credit,tabpfn_threshold,observed,0.2,0.0,clean,0.6773809523809523,0.0397875594454009,0.6333333333333333,0.0666666666666666,0.5656974163614067,0.0454886777809395,0.6612017949201014,0.0352623252274928,0.4931334843615545,0.0397126338024478,0.6333333333333333,0.0666666666666666,0.748095238095238,0.053216416277792,0.1874823172887166,0.0131371451381938,0.5698732137680054,0.0516017077839348,0.1207698632776737,0.0281138255665203,0.0,3,0.596031746031746,0.1874823172887166,0.08134920634920628,-0.0
south_german_credit,tabpfn_threshold,observed,0.2,0.05,majority_to_minority,0.6869047619047618,0.0371344618106719,0.65,0.0726483157256778,0.5852696748582255,0.0706347384339086,0.669173006227424,0.03072528038655,0.5011965240832598,0.031422254123237,0.65,0.0726483157256778,0.7611111111111111,0.0618981605149319,0.1808854987223942,0.0150861979926671,0.5450779795646667,0.0479354621255384,0.0984815657014647,0.0103950429241001,0.0495049504950495,3,0.5920634920634921,0.1808854987223942,0.09484126984126973,-0.0
south_german_credit,tabpfn_threshold,observed,0.2,0.05,minority_to_majority,0.701984126984127,0.0484208293978606,0.6611111111111111,0.0822147143719374,0.57040637942776,0.0637547002164348,0.6854821873664539,0.0427898992324173,0.5232190885088953,0.0473493592826533,0.6611111111111111,0.0822147143719374,0.7615873015873017,0.0568815121528264,0.1867447843154271,0.0119021490653757,0.5647132198015848,0.0434816398055847,0.1203398910785714,0.0031776605512091,0.0520833333333332,3,0.5623015873015873,0.1867447843154271,0.13968253968253974,-0.0
south_german_credit,tabpfn_threshold,observed,0.2,0.1,majority_to_minority,0.7150793650793651,0.0690613013263718,0.6666666666666666,0.1201850425154663,0.5917034709818164,0.0914508820211977,0.6974541387242029,0.0623889828676025,0.5393660044822836,0.0724829240277384,0.6777777777777777,0.1261979632400061,0.7733730158730158,0.0706220672271824,0.1770658691724141,0.0177828431043759,0.5322394768397013,0.060502570925972,0.0994995460783441,0.0087296220935794,0.102803738317757,3,0.5964285714285714,0.1770658691724141,0.11865079365079367,-0.0
south_german_credit,tabpfn_threshold,observed,0.2,0.1,minority_to_majority,0.6746031746031745,0.0202847268557651,0.6293650793650793,0.0373690710063287,0.5672129834178428,0.0281388905563642,0.6552098740992066,0.0138658635011025,0.4835595116493993,0.0162377143783641,0.6444444444444445,0.063098981620003,0.7684920634920634,0.0414978439276364,0.1889722943305969,0.0079660529761155,0.5662357807159424,0.0344545267745664,0.1346720387289921,0.0099370965945805,0.1041666666666665,3,0.5305555555555556,0.1889722943305969,0.14404761904761898,-0.0
south_german_credit,tabpfn_threshold,observed,0.2,0.2,majority_to_minority,0.6912698412698414,0.023520065893234,0.6333333333333333,0.0166666666666666,0.5512236072447704,0.0619319860043239,0.6678064344823552,0.013138562950525,0.4972409173748539,0.021124967374202,0.6777777777777777,0.0917928424547683,0.7528571428571428,0.025894704367606,0.1802816142638524,0.0073481842411858,0.5352736314137777,0.0167665675703962,0.076746786708633,0.0071687358673343,0.2,3,0.5793650793650794,0.1802816142638524,0.11190476190476195,-0.0
south_german_credit,tabpfn_threshold,observed,0.2,0.2,minority_to_majority,0.692857142857143,0.0226190476190475,0.6666666666666666,0.0333333333333333,0.5943075935583587,0.0164573351902855,0.6732544407874387,0.0208646082870169,0.5042174057645225,0.0239849123303829,0.6666666666666666,0.0333333333333333,0.7742063492063492,0.0369148091801959,0.1948771675427754,0.0066146721694167,0.5884784460067749,0.0305168886889126,0.143008729442954,0.0040508119525555,0.1979166666666666,3,0.5257936507936508,0.1948771675427754,0.16706349206349214,-0.0
south_german_credit,tabpfn_threshold,observed,0.2,0.3,majority_to_minority,0.7091269841269842,0.0638025641786221,0.6603174603174603,0.0584344766165078,0.5897644910485615,0.0513144544430636,0.682801868840445,0.0596970135130235,0.5128273842669934,0.075037401759184,0.7111111111111111,0.1084401183107951,0.7774603174603175,0.0666719102246272,0.1704056660334268,0.0143525380661098,0.5099916358788809,0.037509119554581,0.0721660265450676,0.0157284837933969,0.2992700729927007,3,0.6087301587301587,0.1704056660334268,0.10039682539682548,-0.0
south_german_credit,tabpfn_threshold,observed,0.2,0.3,minority_to_majority,0.6980158730158731,0.0346944333244355,0.6388888888888888,0.0254587538608657,0.5948486342856906,0.0701914093361704,0.6860221587778524,0.0389775096196972,0.5330514480547875,0.0589133272234507,0.6388888888888888,0.0254587538608657,0.7733333333333334,0.0440229982670107,0.2070168703794478,0.0093001564532433,0.6251294811566671,0.0344130295839228,0.1710540072930355,0.0049607903818757,0.3020833333333333,3,0.513095238095238,0.2070168703794478,0.18492063492063504,-0.0
south_german_credit,tabpfn_threshold,observed,0.5,0.0,clean,0.7138888888888889,0.054428765848366,0.6746031746031745,0.0733987545745256,0.5992515569175358,0.0712098794349726,0.6846148181368753,0.0495969284882865,0.5107817869415808,0.0579183887727644,0.7277777777777779,0.0976577546180386,0.7737698412698414,0.0600323907908598,0.1912641574939091,0.0227123316296591,0.5632474223772684,0.0492121521889006,0.144519716699918,0.0132399395266021,0.0,3,0.7138888888888889,0.1912641574939091,0.0,-0.0
south_german_credit,tabpfn_threshold,observed,0.5,0.05,majority_to_minority,0.7107142857142857,0.0354953607520846,0.6912698412698414,0.036056560925716,0.6166747422159959,0.063722237057454,0.6879266501476624,0.0355803823760729,0.519682096201767,0.0451242883472979,0.7000000000000001,0.0440958551844098,0.7697222222222222,0.044356116168711,0.2005237489938735,0.0162008131121176,0.5841967662175497,0.0379327215176802,0.1761699833224216,0.0036211371251976,0.0513833992094861,3,0.7075396825396826,0.2005237489938735,0.0031746031746031633,-0.0
south_german_credit,tabpfn_threshold,observed,0.5,0.05,minority_to_majority,0.6956349206349207,0.0530441422587522,0.6428571428571429,0.0967440459710002,0.6059068743739381,0.0575746023542605,0.674039211061587,0.0412020558064182,0.504522139634963,0.0402766448608996,0.6722222222222222,0.1228519132638665,0.7628174603174603,0.053529127920257,0.1886700143416722,0.0174556352076306,0.5559177199999491,0.044580353707465,0.1269846114516258,0.0160161418059569,0.05,3,0.6952380952380953,0.1886700143416722,0.0003968253968253954,-0.0
south_german_credit,tabpfn_threshold,observed,0.5,0.1,majority_to_minority,0.6900793650793652,0.0688249007918633,0.6341269841269841,0.117183823008577,0.586275117206419,0.0804114354114369,0.6694253649386654,0.056624218852562,0.4990585903629381,0.0591775081684273,0.6611111111111111,0.1417483424685897,0.7641269841269841,0.0688731718044598,0.2134484350681304,0.0172216056902669,0.620347797870636,0.0384627129600692,0.2004542563110589,0.0126441376157084,0.1011235955056179,3,0.6853174603174604,0.2134484350681304,0.004761904761904745,-0.0
south_german_credit,tabpfn_threshold,observed,0.5,0.1,minority_to_majority,0.6964285714285715,0.0599862985111625,0.6396825396825396,0.0923776795361997,0.6006097088638226,0.0137199609322882,0.6766180110855741,0.0513172857352523,0.5097943013435972,0.0584427983537278,0.6666666666666666,0.1201850425154663,0.7695238095238096,0.0501512734310642,0.1804271737734476,0.0136524632878781,0.5354278484980265,0.0320847346124977,0.1090866212422648,0.003953028159365,0.1,3,0.6904761904761904,0.1804271737734476,0.005952380952381153,-0.0
south_german_credit,tabpfn_threshold,observed,0.5,0.2,majority_to_minority,0.7071428571428572,0.0372868089603947,0.688095238095238,0.0337558259018043,0.5742750637367422,0.0471942512483474,0.6793010004334521,0.032679979042756,0.5036462861006471,0.0346261538489021,0.7166666666666667,0.0577350269189625,0.770436507936508,0.040582726275568,0.2512496411800384,0.0120720753640624,0.713153342405955,0.0226790811728714,0.2836648429433504,0.002443437795505,0.2,3,0.6845238095238096,0.2512496411800384,0.02261904761904754,-0.0
south_german_credit,tabpfn_threshold,observed,0.5,0.2,minority_to_majority,0.6976190476190477,0.0434646101512587,0.6698412698412698,0.0461888397680998,0.5601200959584841,0.0920344630024852,0.671094818420622,0.034267934952374,0.4949025115664243,0.0328019869732484,0.7000000000000001,0.0833333333333332,0.7580555555555556,0.0679285686467599,0.1798859387636184,0.0197263750502993,0.5360634525616964,0.0486299942951752,0.0862196012089649,0.0144439956585944,0.2,3,0.6738095238095237,0.1798859387636184,0.023809523809523947,-0.0
south_german_credit,tabpfn_threshold,observed,0.5,0.3,majority_to_minority,0.6682539682539682,0.05657371995787,0.5976190476190476,0.0581751986803362,0.5394387236403172,0.0990696737857726,0.6254152195191639,0.0536594675329935,0.4417106848299508,0.0538069202384206,0.7388888888888889,0.07698003589195,0.746984126984127,0.0661881565769181,0.3376152813434601,0.0205564666433073,0.9148096243540446,0.0612857905213978,0.398037064174811,0.0116658073763626,0.3002915451895043,3,0.5682539682539682,0.3376152813434601,0.09999999999999998,-0.0
south_german_credit,tabpfn_threshold,observed,0.5,0.3,minority_to_majority,0.7011904761904763,0.0281466438512783,0.6333333333333333,0.0440958551844098,0.5704479544347181,0.0357611578660197,0.6907856450349067,0.0290346867895693,0.5416772769713946,0.0420411712069505,0.6333333333333333,0.0440958551844098,0.755,0.0396199705135182,0.1750162243843078,0.0078850611216108,0.523613452911377,0.0206987657707464,0.0676083370360235,0.0318909364547265,0.3,3,0.6142857142857143,0.1750162243843078,0.08690476190476193,-0.0
south_german_credit,tabpfn_threshold,oracle,0.05,0.0,clean,0.6611111111111111,0.0287280758694258,0.5388888888888889,0.0673575314054563,0.5296256810085398,0.0698629630957161,0.6584215122106841,0.025231856846558,0.5156942559927634,0.0270695678565346,0.5388888888888889,0.0673575314054563,0.7253571428571428,0.0394881149776713,0.2613521814346313,0.0027031483175418,0.951272706190745,0.0630128779151641,0.2550553449895232,0.0020704283084453,0.0,3,0.5,0.2613521814346313,0.1611111111111111,-0.0
south_german_credit,tabpfn_threshold,oracle,0.05,0.05,majority_to_minority,0.6694444444444444,0.0883388951314543,0.6134920634920634,0.083514542209085,0.5599718030228492,0.1043055795888065,0.6553228332706705,0.0963441775065794,0.4990948609900222,0.1366209130101627,0.6222222222222222,0.0838870492807861,0.7402777777777777,0.0865125144412696,0.2531550923983256,0.0177016704937427,0.8753583629926046,0.0607625667554391,0.2451957021250078,0.0094177558870416,0.04,3,0.5083333333333333,0.2531550923983256,0.1611111111111111,-0.0
south_german_credit,tabpfn_threshold,oracle,0.05,0.05,minority_to_majority,0.6940476190476191,0.0023809523809523,0.6333333333333333,0.0166666666666666,0.5625550607706941,0.0210848076289731,0.681886707474785,0.0032212530739078,0.5255932764211502,0.0092173770848718,0.6333333333333333,0.0166666666666666,0.7590079365079365,0.0229441959982815,0.2565385748942693,0.0071181878107219,0.876756469408671,0.02398939740453,0.2490482730915149,0.0056741663594625,0.0416666666666666,3,0.5,0.2565385748942693,0.19404761904761914,-0.0
south_german_credit,tabpfn_threshold,oracle,0.05,0.1,majority_to_minority,0.65,0.0335241139055445,0.6222222222222222,0.03250094480864,0.5149398574542194,0.0680709689436831,0.6245342593631465,0.0353007819749624,0.4450070323488044,0.0389863675817912,0.65,0.0440958551844098,0.7148412698412699,0.0522013063001363,0.2624788681666056,0.0041119912015691,0.8833888371785482,0.0195910490760671,0.2487943647367259,0.0024087119815194,0.1111111111111111,3,0.5,0.2624788681666056,0.15000000000000002,-0.0
south_german_credit,tabpfn_threshold,oracle,0.05,0.1,minority_to_majority,0.6420634920634921,0.0298886191391278,0.4888888888888889,0.0585314097380708,0.5568245503415614,0.0738674529864882,0.6429986950850753,0.0280750297140698,0.5046635039225573,0.0318525130173399,0.4888888888888889,0.0585314097380708,0.7371825396825397,0.0415244739279887,0.2624786694844563,0.0024836838449893,0.933717926343282,0.0317427064675147,0.2559230144756535,0.0008776128912511,0.0833333333333333,3,0.5,0.2624786694844563,0.14206349206349211,-0.0
south_german_credit,tabpfn_threshold,oracle,0.05,0.2,majority_to_minority,0.6313492063492063,0.0591576036621721,0.557142857142857,0.142320420322652,0.47311533280658,0.0191236623226846,0.5870901308049865,0.0810847295143965,0.4144158750310288,0.0635083916786233,0.7055555555555556,0.0254587538608657,0.6948809523809524,0.0610174503867597,0.2601089576880136,0.008921102086883,0.8631279865900675,0.0452186480027892,0.2412752151116728,0.0080367604685484,0.2,3,0.5,0.2601089576880136,0.13134920634920633,-0.0
south_german_credit,tabpfn_threshold,oracle,0.05,0.2,minority_to_majority,0.6174603174603175,0.0656527201829636,0.4277777777777777,0.0673575314054563,0.4949467685828577,0.073885265915773,0.6221321326628311,0.0704048533839284,0.4950265251989389,0.1234637780809677,0.4277777777777777,0.0673575314054563,0.6973809523809523,0.0710142746980095,0.2696198324362436,0.0048790725775095,0.991152286529541,0.0573417559718762,0.260696557185923,0.0035443708551168,0.2083333333333333,3,0.5,0.2696198324362436,0.11746031746031749,-0.0
south_german_credit,tabpfn_threshold,oracle,0.05,0.3,majority_to_minority,0.6373015873015873,0.0605194508440142,0.3857142857142857,0.2108050651910529,0.4925344881293246,0.0641299184800936,0.5284735693672742,0.1153312461212945,0.3944443517916274,0.0698445554045283,0.8888888888888888,0.0917928424547683,0.7116269841269841,0.0566708348473692,0.2606920599937438,0.0072545042010594,0.8482333620389303,0.0329602171192952,0.237988431820025,0.0044870041950145,0.2941176470588235,3,0.5,0.2606920599937438,0.13730158730158726,-0.0
south_german_credit,tabpfn_threshold,oracle,0.05,0.3,minority_to_majority,0.6190476190476191,0.0207566616359079,0.3999999999999999,0.0600925212577331,0.538853070181121,0.06258540974858,0.6241859872445771,0.0213889583497706,0.5144927536231884,0.0251021856169402,0.3999999999999999,0.0600925212577331,0.7392857142857143,0.0281345568293133,0.2720182339350382,0.0035526256836021,0.9941368301709494,0.0106255022535031,0.2659940740807602,0.0032825145250159,0.2916666666666667,3,0.5,0.2720182339350382,0.11904761904761907,-0.0
south_german_credit,tabpfn_threshold,oracle,0.1,0.0,clean,0.6670634920634919,0.0745957865304924,0.5888888888888889,0.1347150628109127,0.5553538071669709,0.0718067466663203,0.65625635047495,0.0667334541202775,0.4933746246246246,0.0755381434833966,0.5888888888888889,0.1347150628109127,0.7405158730158731,0.0878343412576038,0.2271002481381098,0.0113028356527478,0.7302894790967306,0.1007857239248383,0.2014813649219771,0.0058929823252771,0.0,3,0.5055555555555555,0.2271002481381098,0.16150793650793638,-0.0
south_german_credit,tabpfn_threshold,oracle,0.1,0.05,majority_to_minority,0.7011904761904763,0.0319660037668989,0.6746031746031745,0.0225038839345362,0.5576438855675241,0.0614450137284292,0.6761001293780837,0.0380191062537997,0.5054722241423009,0.0539128100314839,0.6999999999999998,0.0333333333333333,0.7555952380952381,0.0316234488474423,0.2167736738920211,0.0100809879143704,0.6656366388003031,0.0295972378907849,0.1877778795796136,0.0047952574609151,0.0588235294117647,3,0.5182539682539683,0.2167736738920211,0.18293650793650795,-0.0
south_german_credit,tabpfn_threshold,oracle,0.1,0.05,minority_to_majority,0.6825396825396824,0.053826553001396,0.6071428571428571,0.1003678043255142,0.5743613733177987,0.0447896999827463,0.6684048657299768,0.040715630742263,0.5076863091679447,0.0384137819571113,0.6222222222222222,0.1261979632400061,0.7586111111111111,0.0400722726712253,0.2206776042779286,0.0013686418467078,0.7256267666816711,0.0316976224454495,0.197349763388435,0.0065385074092068,0.0416666666666666,3,0.5238095238095238,0.2206776042779286,0.1587301587301586,-0.0
south_german_credit,tabpfn_threshold,oracle,0.1,0.1,majority_to_minority,0.7015873015873016,0.0306841244797195,0.6801587301587301,0.0605311586211692,0.5561916959929603,0.0865748274123098,0.6712134593444209,0.0379570481222264,0.4954357051462559,0.0471289677036027,0.7222222222222222,0.0192450089729875,0.7432539682539683,0.0470481150767501,0.2244541098674137,0.0020122086713995,0.6772291660308838,0.0056677276115726,0.193001082347085,0.0093350897171267,0.0943396226415094,3,0.5003968253968254,0.2244541098674137,0.20119047619047625,-0.0
south_german_credit,tabpfn_threshold,oracle,0.1,0.1,minority_to_majority,0.7007936507936509,0.0285796945714775,0.6111111111111112,0.0096225044864938,0.5804125425135939,0.0809367974739581,0.6953175373055146,0.0359434440938018,0.5609839924670433,0.0669055382700805,0.6111111111111112,0.0096225044864938,0.7752777777777777,0.0420560602898685,0.2259345451990763,0.0024287920701988,0.7300682067871094,0.0461391522786038,0.2076008996677895,0.0044708100770075,0.1041666666666665,3,0.5015873015873016,0.2259345451990763,0.19920634920634928,-0.0
south_german_credit,tabpfn_threshold,oracle,0.1,0.2,majority_to_minority,0.6833333333333332,0.0549556613694466,0.6166666666666667,0.0041239304942115,0.5584778112467327,0.0842966345954085,0.6407088587236142,0.0400095183630319,0.4544680762072066,0.0373893200981,0.75,0.1092906420717,0.7661507936507936,0.0608619042651355,0.2122215330600738,0.0107062252562573,0.6309904058774313,0.0399545458827464,0.1765239101027448,0.0107484957812413,0.2,3,0.5043650793650793,0.2122215330600738,0.1789682539682539,-0.0
south_german_credit,tabpfn_threshold,oracle,0.1,0.2,minority_to_majority,0.6761904761904761,0.0309523809523809,0.5333333333333333,0.1201850425154662,0.5692974359719075,0.0434977062932134,0.6760140623273726,0.0189885487883802,0.5651008151008151,0.0467815821233972,0.5333333333333333,0.1201850425154662,0.7726190476190475,0.0313637950784555,0.2360461900631586,0.0056798051235732,0.7546467185020447,0.0229311082452473,0.2236451716472705,0.0032736902269938,0.2083333333333333,3,0.4988095238095238,0.2360461900631586,0.1773809523809523,-0.0
south_german_credit,tabpfn_threshold,oracle,0.1,0.3,majority_to_minority,0.65,0.0488965542331257,0.5333333333333333,0.0109108945117995,0.5526838683429357,0.0828117227222703,0.5947695466926236,0.0361002396773076,0.4124222292523463,0.0323771561280229,0.7666666666666666,0.0881917103688197,0.7356746031746032,0.0683364788281072,0.2104665885368982,0.0042423790399342,0.6299947102864584,0.0305716212116516,0.1564735220434764,0.0047250591872252,0.3043478260869565,3,0.5075396825396825,0.2104665885368982,0.1424603174603175,-0.0
south_german_credit,tabpfn_threshold,oracle,0.1,0.3,minority_to_majority,0.6293650793650793,0.0470853023688768,0.3944444444444444,0.0962250448649376,0.5674029719178765,0.0705091512306631,0.6358979532474599,0.0529602353611085,0.5559901825433349,0.0889329717252217,0.3944444444444444,0.0962250448649376,0.7631349206349206,0.0670852434905016,0.2439378350973129,0.0085011591810386,0.8013498981793722,0.0506307836436198,0.2312755206041037,0.0032665705548277,0.2916666666666667,3,0.5,0.2439378350973129,0.12936507936507935,-0.0
south_german_credit,tabpfn_threshold,oracle,0.2,0.0,clean,0.6773809523809523,0.0397875594454009,0.6333333333333333,0.0666666666666666,0.5656974163614067,0.0454886777809395,0.6612017949201014,0.0352623252274928,0.4931334843615545,0.0397126338024478,0.6333333333333333,0.0666666666666666,0.748095238095238,0.053216416277792,0.1874823172887166,0.0131371451381938,0.5698732137680054,0.0516017077839348,0.1207698632776737,0.0281138255665203,0.0,3,0.596031746031746,0.1874823172887166,0.08134920634920628,-0.0
south_german_credit,tabpfn_threshold,oracle,0.2,0.05,majority_to_minority,0.6817460317460317,0.0348371115137914,0.6531746031746032,0.0606714757257662,0.5852696748582255,0.0706347384339086,0.6604629554561073,0.0280298365300539,0.4869060980172091,0.0281945814177432,0.6611111111111111,0.069388866648871,0.7611111111111111,0.0618981605149319,0.1808854987223942,0.0150861979926671,0.5450779795646667,0.0479354621255384,0.0984815657014647,0.0103950429241001,0.0495049504950495,3,0.5920634920634921,0.1808854987223942,0.08968253968253959,-0.0
south_german_credit,tabpfn_threshold,oracle,0.2,0.05,minority_to_majority,0.7035714285714286,0.0461223110185964,0.65,0.0726483157256778,0.57040637942776,0.0637547002164348,0.6900772434845973,0.0431351573292135,0.5343496878708146,0.0535390771202392,0.65,0.0726483157256778,0.7615873015873017,0.0568815121528264,0.1867447843154271,0.0119021490653757,0.5647132198015848,0.0434816398055847,0.1203398910785714,0.0031776605512091,0.0520833333333332,3,0.5623015873015873,0.1867447843154271,0.14126984126984132,-0.0
south_german_credit,tabpfn_threshold,oracle,0.2,0.1,majority_to_minority,0.7130952380952381,0.0632298653566166,0.6634920634920635,0.0876867405864692,0.5917034709818164,0.0914508820211977,0.6859923083801283,0.0561487449301915,0.5141831176490996,0.0619015919070345,0.7166666666666668,0.1166666666666666,0.7733730158730158,0.0706220672271824,0.1770658691724141,0.0177828431043759,0.5322394768397013,0.060502570925972,0.0994995460783441,0.0087296220935794,0.102803738317757,3,0.5964285714285714,0.1770658691724141,0.1166666666666667,-0.0
south_german_credit,tabpfn_threshold,oracle,0.2,0.1,minority_to_majority,0.688095238095238,0.0085846458939618,0.6333333333333333,0.0440958551844098,0.5672129834178428,0.0281388905563642,0.6742935583420353,0.0059166810043245,0.5142857142857142,0.0142857142857142,0.6333333333333333,0.0440958551844098,0.7684920634920634,0.0414978439276364,0.1889722943305969,0.0079660529761155,0.5662357807159424,0.0344545267745664,0.1346720387289921,0.0099370965945805,0.1041666666666665,3,0.5305555555555556,0.1889722943305969,0.15753968253968242,-0.0
south_german_credit,tabpfn_threshold,oracle,0.2,0.2,majority_to_minority,0.6944444444444445,0.0306379018205676,0.6166666666666667,0.0693752489730164,0.5512236072447704,0.0619319860043239,0.6492099773924274,0.0400917908370393,0.4662540411344505,0.0440605727981632,0.7722222222222223,0.0254587538608658,0.7528571428571428,0.025894704367606,0.1802816142638524,0.0073481842411858,0.5352736314137777,0.0167665675703962,0.076746786708633,0.0071687358673343,0.2,3,0.5793650793650794,0.1802816142638524,0.11507936507936511,-0.0
south_german_credit,tabpfn_threshold,oracle,0.2,0.2,minority_to_majority,0.6904761904761906,0.0443362486893715,0.5833333333333334,0.0440958551844098,0.5943075935583587,0.0164573351902855,0.6878432571469447,0.0476123004789795,0.5557184943924446,0.0766215063928733,0.5833333333333334,0.0440958551844098,0.7742063492063492,0.0369148091801959,0.1948771675427754,0.0066146721694167,0.5884784460067749,0.0305168886889126,0.143008729442954,0.0040508119525555,0.1979166666666666,3,0.5257936507936508,0.1948771675427754,0.16468253968253976,-0.0
south_german_credit,tabpfn_threshold,oracle,0.2,0.3,majority_to_minority,0.6873015873015872,0.0559692645921594,0.5023809523809524,0.0599035505971862,0.5897644910485615,0.0513144544430636,0.6100767731951894,0.0549176282904602,0.4301265906680806,0.0445848986422364,0.8722222222222222,0.063098981620003,0.7774603174603175,0.0666719102246272,0.1704056660334268,0.0143525380661098,0.5099916358788809,0.037509119554581,0.0721660265450676,0.0157284837933969,0.2992700729927007,3,0.6087301587301587,0.1704056660334268,0.07857142857142851,-0.0
south_german_credit,tabpfn_threshold,oracle,0.2,0.3,minority_to_majority,0.6555555555555556,0.0287033989206748,0.4444444444444444,0.0509175077217315,0.5948486342856906,0.0701914093361704,0.6646409317642195,0.0297831440839319,0.587121212121212,0.0399077793668664,0.4444444444444444,0.0509175077217315,0.7733333333333334,0.0440229982670107,0.2070168703794478,0.0093001564532433,0.6251294811566671,0.0344130295839228,0.1710540072930355,0.0049607903818757,0.3020833333333333,3,0.513095238095238,0.2070168703794478,0.1424603174603175,-0.0
south_german_credit,tabpfn_threshold,oracle,0.5,0.0,clean,0.7138888888888889,0.054428765848366,0.6746031746031745,0.0733987545745256,0.5992515569175358,0.0712098794349726,0.6846148181368753,0.0495969284882865,0.5107817869415808,0.0579183887727644,0.7277777777777779,0.0976577546180386,0.7737698412698414,0.0600323907908598,0.1912641574939091,0.0227123316296591,0.5632474223772684,0.0492121521889006,0.144519716699918,0.0132399395266021,0.0,3,0.7138888888888889,0.1912641574939091,0.0,-0.0
south_german_credit,tabpfn_threshold,oracle,0.5,0.05,majority_to_minority,0.7075396825396826,0.0418081498129076,0.6809523809523809,0.047559486560567,0.6166747422159959,0.063722237057454,0.6784373144132694,0.039452320949033,0.5026557844280347,0.045197888549141,0.7222222222222223,0.063098981620003,0.7697222222222222,0.044356116168711,0.2005237489938735,0.0162008131121176,0.5841967662175497,0.0379327215176802,0.1761699833224216,0.0036211371251976,0.0513833992094861,3,0.7075396825396826,0.2005237489938735,0.0,-0.0
south_german_credit,tabpfn_threshold,oracle,0.5,0.05,minority_to_majority,0.6952380952380953,0.0581751986803362,0.6309523809523809,0.1134643100708938,0.6059068743739381,0.0575746023542605,0.67813867242501,0.0476602195406891,0.5158937346437346,0.0495642941825383,0.65,0.1322875655532295,0.7628174603174603,0.053529127920257,0.1886700143416722,0.0174556352076306,0.5559177199999491,0.044580353707465,0.1269846114516258,0.0160161418059569,0.05,3,0.6952380952380953,0.1886700143416722,0.0,-0.0
south_german_credit,tabpfn_threshold,oracle,0.5,0.1,majority_to_minority,0.6853174603174604,0.0739470045777151,0.6261904761904762,0.0675116518036086,0.586275117206419,0.0804114354114369,0.6525335559069435,0.0587030053970134,0.4693846501441259,0.058527612178257,0.7111111111111111,0.1397749513934347,0.7641269841269841,0.0688731718044598,0.2134484350681304,0.0172216056902669,0.620347797870636,0.0384627129600692,0.2004542563110589,0.0126441376157084,0.1011235955056179,3,0.6853174603174604,0.2134484350681304,0.0,-0.0
south_german_credit,tabpfn_threshold,oracle,0.5,0.1,minority_to_majority,0.6904761904761904,0.0536110964247509,0.6166666666666667,0.1040832999733066,0.6006097088638226,0.0137199609322882,0.6800211937173436,0.0471402454312956,0.5269136500754148,0.0533356970243496,0.6166666666666667,0.1040832999733066,0.7695238095238096,0.0501512734310642,0.1804271737734476,0.0136524632878781,0.5354278484980265,0.0320847346124977,0.1090866212422648,0.003953028159365,0.1,3,0.6904761904761904,0.1804271737734476,0.0,-0.0
south_german_credit,tabpfn_threshold,oracle,0.5,0.2,majority_to_minority,0.6845238095238096,0.0314970394174356,0.5023809523809524,0.0436435780471984,0.5742750637367422,0.0471942512483474,0.6082610184935766,0.0336174836588805,0.4280579710144927,0.0263093898629185,0.8666666666666667,0.0333333333333333,0.770436507936508,0.040582726275568,0.2512496411800384,0.0120720753640624,0.713153342405955,0.0226790811728714,0.2836648429433504,0.002443437795505,0.2,3,0.6845238095238096,0.2512496411800384,0.0,-0.0
south_german_credit,tabpfn_threshold,oracle,0.5,0.2,minority_to_majority,0.6738095238095237,0.0354953607520846,0.5166666666666666,0.0440958551844098,0.5601200959584841,0.0920344630024852,0.6782004098944802,0.0373582243266409,0.5681464317677493,0.0604564376175203,0.5166666666666666,0.0440958551844098,0.7580555555555556,0.0679285686467599,0.1798859387636184,0.0197263750502993,0.5360634525616964,0.0486299942951752,0.0862196012089649,0.0144439956585944,0.2,3,0.6738095238095237,0.1798859387636184,0.0,-0.0
south_german_credit,tabpfn_threshold,oracle,0.5,0.3,majority_to_minority,0.5682539682539682,0.0058724795979955,0.1476190476190475,0.0179757962744541,0.5394387236403172,0.0990696737857726,0.3765137308919892,0.012909986173389,0.3320981439417192,0.0028228013018767,0.9888888888888888,0.0192450089729874,0.746984126984127,0.0661881565769181,0.3376152813434601,0.0205564666433073,0.9148096243540446,0.0612857905213978,0.398037064174811,0.0116658073763626,0.3002915451895043,3,0.5682539682539682,0.3376152813434601,0.0,-0.0
south_german_credit,tabpfn_threshold,oracle,0.5,0.3,minority_to_majority,0.6142857142857143,0.0149166239120733,0.3166666666666666,0.0440958551844098,0.5704479544347181,0.0357611578660197,0.6210453599627748,0.0173874359379717,0.6123648648648649,0.0607321939263587,0.3166666666666666,0.0440958551844098,0.755,0.0396199705135182,0.1750162243843078,0.0078850611216108,0.523613452911377,0.0206987657707464,0.0676083370360235,0.0318909364547265,0.3,3,0.6142857142857143,0.1750162243843078,0.0,-0.0
spambase,tabpfn_threshold,observed,0.05,0.0,clean,0.9456910256030492,0.0074176205776057,0.9302112029384756,0.0234294780939817,0.9816361154983956,0.000622287702458,0.94646484551314,0.0063240317994755,0.94030706905995,0.0217037742553057,0.9302112029384756,0.0234294780939817,0.9854853520542668,0.0008183291593475,0.0881210168202717,0.0124998804934808,0.3234177728494008,0.0501436292107676,0.1252195602195243,0.01387590533248,0.0,3,0.8511458672748996,0.0881210168202717,0.09454515832814958,-0.0
spambase,tabpfn_threshold,observed,0.05,0.05,majority_to_minority,0.9479595564639552,0.0070727516197116,0.9406034933894172,0.0128246215160392,0.9812661541956822,0.002159983285146,0.946387931348882,0.0078837579433077,0.9265210116974828,0.018917760553615,0.9449035812672176,0.0126241754681978,0.984614802307862,0.0020725001878886,0.0832762892047564,0.0032568895907286,0.2871886988480885,0.0115454362250517,0.1211004690287369,0.0065380397706497,0.048780487804878,3,0.854818961857085,0.0832762892047564,0.0931405946068703,-0.0
spambase,tabpfn_threshold,observed,0.05,0.05,minority_to_majority,0.9409836389308532,0.0046857510418258,0.923783287419651,0.008855510340673,0.9783168040032432,0.000494378866627,0.9419276237699268,0.0074925505966463,0.9355697733638908,0.0252794967973019,0.923783287419651,0.008855510340673,0.982712428948988,0.000715642817513,0.0966564913590748,0.003772255966624,0.3524109323819478,0.0187868085635115,0.1374930962030325,0.0034971967077627,0.0512820512820511,3,0.8398056814479102,0.0966564913590748,0.101177957482943,-0.0
spambase,tabpfn_threshold,observed,0.05,0.1,majority_to_minority,0.9450220681892236,0.004420844802337,0.9366391184573004,0.0126241754681978,0.9821558380795206,0.0026016660030648,0.9443720244899478,0.0031520754727942,0.9290312107022922,0.0059157783873855,0.9366391184573004,0.0126241754681978,0.9874831732114234,0.0004518685069791,0.0808866098523139,0.0042692256371554,0.2787110805511474,0.0193243722837972,0.1159439583814935,0.0071914018379975,0.1,3,0.8614073284161261,0.0808866098523139,0.08361473977309752,-0.0
spambase,tabpfn_threshold,observed,0.05,0.1,minority_to_majority,0.9416698756874712,0.0075455229402694,0.931129476584022,0.0143144694840403,0.9801379130854871,0.0016039478640066,0.9413087886181096,0.0070031803747207,0.9269513850519436,0.010079916287187,0.931129476584022,0.0143144694840403,0.9843728915087664,0.0010050230816467,0.1029496962825457,0.0079283948660924,0.3665409783522288,0.018973213117328,0.1566647938756023,0.0084798041407576,0.1025641025641024,3,0.8258711257244982,0.1029496962825457,0.11579874996297301,-0.0
spambase,tabpfn_threshold,observed,0.05,0.2,majority_to_minority,0.9382066016963376,0.0140956926032683,0.91643709825528,0.0321658032839981,0.9773317367757826,0.0054785680594834,0.9398462353343504,0.0120358185076722,0.937467807426584,0.017441812423733,0.91643709825528,0.0321658032839981,0.9813350184806684,0.0057805869414233,0.0871802767117817,0.0068477097319628,0.3043068746725718,0.0348758030470577,0.1215246441998895,0.006994941325006,0.1986301369863013,3,0.8577564501318168,0.0871802767117817,0.08045015156452084,-0.0
spambase,tabpfn_threshold,observed,0.05,0.2,minority_to_majority,0.9376758790248528,0.0064952736739985,0.9219467401285584,0.0151723706536807,0.9786851411438277,0.0023066562940798,0.9381558260391016,0.0052812152828536,0.9279705047948792,0.006274933557428,0.9219467401285584,0.0151723706536807,0.9831073853556748,0.0024576385219295,0.1188616007566451,0.0099681993179317,0.4140511055787404,0.0338918577526758,0.1777319860716434,0.0109792091660847,0.1965811965811964,3,0.799517659488334,0.1188616007566451,0.13815821953651886,-0.0
spambase,tabpfn_threshold,observed,0.05,0.3,majority_to_minority,0.9399049142450904,0.0046782586111531,0.921028466483012,0.0138656279802952,0.9761781876268556,0.001819164521942,0.9411140411271552,0.0060165778778144,0.9361418741056508,0.0215265895461841,0.921028466483012,0.0138656279802952,0.979455684245518,0.0023353537070085,0.0883962661027907,0.0060453351333835,0.296468178431193,0.0164858799974248,0.1165285178588603,0.0045890221784135,0.2994011976047904,3,0.8526837287834356,0.0883962661027907,0.0872211854616548,-0.0
spambase,tabpfn_threshold,observed,0.05,0.3,minority_to_majority,0.9363651174501616,0.0112103697377529,0.9239067112967408,0.0210710902878892,0.9759990308785742,0.0047573239929259,0.9359896693776082,0.0096433740341142,0.9205046990902906,0.007629458418834,0.9247015610651976,0.0224367157444823,0.9807508121291112,0.0049563783524198,0.1531673421462376,0.0073912905216199,0.5048301517963409,0.0210007792146988,0.2210453862115036,0.0093319313179435,0.2991452991452991,3,0.7260557678446241,0.1531673421462376,0.2103093496055375,-0.0
spambase,tabpfn_threshold,observed,0.1,0.0,clean,0.9492481017407703,0.0066184118118613,0.9403122130394858,0.0203061013659283,0.9838564105617784,0.004766671878101,0.9488729266822544,0.0050547590975593,0.9363301850660846,0.0146150110524637,0.9403122130394858,0.0203061013659283,0.9865089474082632,0.0054848445228718,0.0535948202013969,0.004808741386411,0.2093624671300251,0.0435810993836562,0.0734677570883805,0.0068586087770962,0.0,3,0.9121172625571452,0.0535948202013969,0.03713083918362514,-0.0
spambase,tabpfn_threshold,observed,0.1,0.05,majority_to_minority,0.9497294548614196,0.002730389469724,0.9430670339761248,0.0042080584893992,0.9847551037019272,0.0012390657815982,0.9489371670937664,0.0029643544666346,0.9336686054607582,0.0063559808351034,0.9430670339761248,0.0042080584893992,0.9879949708884216,0.0011276845497769,0.0516767427325247,0.0008491904591113,0.1856242020924885,0.0046300581242071,0.0690724114188671,0.0031346039628985,0.048582995951417,3,0.9187056291161864,0.0516767427325247,0.031023825745233213,-0.0
spambase,tabpfn_threshold,observed,0.1,0.05,minority_to_majority,0.9476164380856464,0.0042148189639828,0.9412304866850322,0.0069328139901476,0.9814250824373651,0.0035059038718858,0.9466849677074914,0.0044842797345184,0.9302005119343733,0.0094301810305973,0.9412304866850322,0.0069328139901476,0.9858194193482562,0.0023037460379664,0.0644889424244562,0.0043373097013133,0.237268105149269,0.0184014393688533,0.0944188931023879,0.0042506600187495,0.051063829787234,3,0.8922139281376817,0.0644889424244562,0.055402509947964695,-0.0
spambase,tabpfn_threshold,observed,0.1,0.1,majority_to_minority,0.9456638723500892,0.0046469448684709,0.9385990896254828,0.008618400789474,0.981498181568762,0.0021430843230898,0.944442497051098,0.003527897920227,0.9258852708536068,0.0031499466948009,0.9403122130394858,0.0114692341568382,0.9849126652645714,0.0029947790909717,0.0532117374241352,0.0031268991033299,0.1928187708059946,0.0138467987058635,0.0670787165264342,0.0071883535460945,0.0996168582375478,3,0.9141142608884544,0.0532117374241352,0.03154961146163482,-0.0
spambase,tabpfn_threshold,observed,0.1,0.1,minority_to_majority,0.952965628918708,0.0018763287337069,0.9502157449371526,0.0027759739399591,0.9831320458759762,0.0036711041908482,0.9512975857514636,0.0022200263782867,0.9316838112234532,0.0056753093598776,0.9513314967860422,0.0031809932186756,0.9881694099680416,0.0007437344365728,0.0684086233377456,0.0029397164184116,0.2397396812836329,0.008211501671076,0.1096401800774981,0.0051922005173046,0.102127659574468,3,0.8853046594982078,0.0684086233377456,0.06766096942050015,-0.0
spambase,tabpfn_threshold,observed,0.1,0.2,majority_to_minority,0.951333965263584,0.0083798624761949,0.9475843478776032,0.0083920380486469,0.9821597628508426,0.0011920580305046,0.9490953557788138,0.0085100576226049,0.925945005299876,0.0120886452225075,0.9522497704315884,0.0104295837388434,0.9855347216051028,0.0012415632269649,0.0552162441114584,0.0023459160866749,0.1930489540100097,0.0078700370225429,0.0643109334993417,0.0045318454359632,0.2006802721088435,3,0.9070889738045164,0.0552162441114584,0.044244991459067684,-0.0
spambase,tabpfn_threshold,observed,0.1,0.2,minority_to_majority,0.943622441423028,0.0131432076379764,0.9293719205742668,0.022394054380571,0.9788740784488572,0.0035437388686929,0.9435127299515016,0.0110481490658523,0.9311887021446036,0.0045061641290949,0.9320477502295684,0.0267562943697584,0.9828967419387752,0.0033911395474895,0.0880750839908917,0.0071710512644663,0.3221856156984964,0.0314147415181098,0.1453791547437217,0.0081167034278124,0.2,3,0.8705900648715897,0.0880750839908917,0.07303237655143824,-0.0
spambase,tabpfn_threshold,observed,0.1,0.3,majority_to_minority,0.9485347117311927,0.0069411477245166,0.940712106401256,0.0134939337804502,0.9803596416195336,0.0026350755786269,0.947441192423919,0.0053027751588317,0.9302908762420956,0.0027449529031858,0.9430670339761248,0.0166052721028697,0.9833180287725742,0.0019084061536884,0.0563803948462008,0.0045948553902277,0.2009846816460291,0.0142882312573134,0.0670896567690104,0.0084336952710926,0.3005952380952381,3,0.9069285227643,0.0563803948462008,0.04160618896689272,-0.0
spambase,tabpfn_threshold,observed,0.1,0.3,minority_to_majority,0.9412996040562024,0.0129242141148953,0.936806974930142,0.0172867438190569,0.9793096790507988,0.006368453595039,0.939596001377418,0.0125758963196158,0.9173301344823084,0.0139624131025726,0.9375573921028468,0.0177110206813461,0.9837080482241772,0.0056693121244579,0.1078489000598589,0.0062211114804874,0.3660321434338887,0.0290023776012115,0.1767272275053112,0.0084647124858574,0.2978723404255319,3,0.8430196392073226,0.1078489000598589,0.0982799648488798,-0.0
spambase,tabpfn_threshold,observed,0.2,0.0,clean,0.9608869733503166,0.0010018522213184,0.9527286550746962,0.0009735069552458,0.9888717889747276,0.0014255360022451,0.9585279360223368,0.0015913006959401,0.9368437672430412,0.0119152560919271,0.9641873278236912,0.009932648141774,0.9911332286698856,0.0012536075157282,0.034344566365083,0.0024090318828005,0.1274776955445607,0.0089082141323901,0.0338615606903997,0.0048564465798301,0.0,3,0.949512228837742,0.034344566365083,0.011374744512574586,-0.0
spambase,tabpfn_threshold,observed,0.2,0.05,majority_to_minority,0.9556760172595952,0.0055295346045693,0.9486556671307405,0.0104825078111741,0.98705617231524,0.0019490238149486,0.9542772661399814,0.0038134705037465,0.9369001918147014,0.0054576335554871,0.953168044077135,0.0153381938369971,0.990236348496368,0.0014876572991331,0.0378538419802983,0.0019200705398643,0.1349457800388336,0.0081108667308605,0.0324832067982985,0.0076621437074285,0.0506072874493927,3,0.9396383186705768,0.0378538419802983,0.01603769858901838,-0.0
spambase,tabpfn_threshold,observed,0.2,0.05,minority_to_majority,0.9543430393870276,0.0034590611174713,0.9496973646533764,0.0032162547840209,0.9867569036829876,0.0017062066251003,0.952453097714958,0.0038567468937394,0.9319330289193304,0.0099601061304004,0.9540863177226814,0.0069328139901476,0.990535857104772,0.0009735194735789,0.0417966085175672,0.0018543341377246,0.1527701765298843,0.0069270200295452,0.0530264249610452,0.0063884091452066,0.0490405117270788,3,0.939433435034608,0.0417966085175672,0.014909604352419614,-0.0
spambase,tabpfn_threshold,observed,0.2,0.1,majority_to_minority,0.9547799599119248,0.0064313286763455,0.9495739407762868,0.0043124126032127,0.9869684842583264,0.0020258687349649,0.9531789216717522,0.0066055585181606,0.9343938545062592,0.012034620147859,0.9531680440771352,0.009932648141774,0.9901441920014744,0.0013067769771086,0.0377904760340849,0.0037065623406992,0.1372183958689371,0.0098442070670607,0.031677606601539,0.0057685085384846,0.0998080614203454,3,0.9438149826712876,0.0377904760340849,0.010964977240637164,-0.0
spambase,tabpfn_threshold,observed,0.2,0.1,minority_to_majority,0.9491765158920584,0.003623035540828,0.9431904578532144,0.0044106133376154,0.9854767960580936,0.0032116260776414,0.9475160051267624,0.002473967566394,0.9272000601468816,0.0043204827896994,0.9467401285583104,0.0104295837388435,0.9890399597144464,0.0028839298233528,0.0500101223587989,0.0054775046089046,0.1833118796348571,0.0201173005684191,0.0742310202905353,0.0057805954459818,0.1002132196162046,3,0.921665333688794,0.0500101223587989,0.027511182203264428,-0.0
spambase,tabpfn_threshold,observed,0.2,0.2,majority_to_minority,0.945962558132646,0.0085272391033037,0.9403122130394858,0.0111334762653647,0.981272335340522,0.0051919205535707,0.9448170315937778,0.0083722036393975,0.9266911369964916,0.0094699168362316,0.9403122130394858,0.0111334762653647,0.9848056979044272,0.0041699427386534,0.042591243982315,0.0023791448698019,0.1611472020546594,0.0084573029920626,0.0442893193145506,0.0118555623358216,0.1996587030716723,3,0.9340126583528342,0.042591243982315,0.011949899779811757,-0.0
spambase,tabpfn_threshold,observed,0.2,0.2,minority_to_majority,0.9484902791354404,0.003693272216009,0.9393939393939394,0.0082644628099174,0.9833986216518434,0.0006760972876351,0.9481268324931728,0.0029433572300316,0.935105757560259,0.0010584247872377,0.9393939393939394,0.0082644628099174,0.9875210232003976,0.0002478987339363,0.0670418341954548,0.0020328027113343,0.2385794023672739,0.0078418812025539,0.113121114820552,0.0017475699134733,0.2004264392324093,3,0.901120195108465,0.0670418341954548,0.0473700840269754,-0.0
spambase,tabpfn_threshold,observed,0.2,0.3,majority_to_minority,0.947478203343306,0.0067049898259309,0.9421487603305784,0.0110192837465564,0.9833539094317584,0.0006505009054147,0.9463310209268312,0.0067927519642618,0.9286205754838636,0.0122955568129368,0.9421487603305784,0.0110192837465564,0.9865188213184304,0.0009349677087843,0.0431266811986764,0.0019273040101518,0.1735255370537439,0.0079999146069849,0.0612781128016581,0.0059253808628972,0.3,3,0.937707969232896,0.0431266811986764,0.009770234110410003,-0.0
spambase,tabpfn_threshold,observed,0.2,0.3,minority_to_majority,0.947892907570327,0.005030269688288,0.9393939393939394,0.0099326481417741,0.9794010857007608,0.0057435798869736,0.947385406553394,0.004365290277373,0.9334030622900116,0.0039032469956819,0.9393939393939394,0.0099326481417741,0.9872807580529964,0.00108475288197,0.0895802502830823,0.0030652426683809,0.2913614610830942,0.0054687804306086,0.1504822197359107,0.0031245037739579,0.3006396588486141,3,0.8623700346574248,0.0895802502830823,0.08552287291290217,-0.0
spambase,tabpfn_threshold,observed,0.5,0.0,clean,0.9625630696011928,0.0039565344506814,0.9581839904420548,0.0054750008302937,0.9877693609653324,0.0036964555507527,0.9600487829282084,0.0042540579805491,0.937703442272614,0.0077161358364115,0.9669421487603306,0.0047714898280134,0.9913488090418686,0.0023658748659726,0.0311799403280019,0.002974164308236,0.1141376743714014,0.014231661697674,0.0201753285058567,0.0033646901504587,0.0,3,0.9625630696011928,0.0311799403280019,0.0,-0.0
spambase,tabpfn_threshold,observed,0.5,0.05,majority_to_minority,0.955355115179162,0.0079913585487483,0.9507242513107615,0.0114889839776723,0.9857884274617144,0.003748653819111,0.9542544531068448,0.0074298029826428,0.938381570466313,0.0060278187909308,0.9513314967860422,0.0124221756276112,0.9896192291109202,0.0022670911303204,0.0361492373049259,0.0026703496992908,0.1431879003842671,0.0112897571144392,0.045273453043049,0.0006542454059827,0.0501618122977346,3,0.9563178214204608,0.0361492373049259,-0.0009627062412987941,-0.0
spambase,tabpfn_threshold,observed,0.5,0.05,minority_to_majority,0.9550119968008532,0.0046033208044946,0.9476584022038568,0.0072885711048611,0.9847244732395822,0.0037260012131434,0.9545761743250888,0.0049120260242066,0.9425473931884856,0.0102235048207446,0.9476584022038568,0.0072885711048611,0.9895961899871968,0.0014713810360615,0.0348903040091196,0.0016932676794257,0.1293242846926053,0.0047363664873879,0.0240613959650122,0.0025448249986833,0.0502555366269165,3,0.9548293294627608,0.0348903040091196,0.00018266733809246816,-0.0
spambase,tabpfn_threshold,observed,0.5,0.1,majority_to_minority,0.9542986067912754,0.0072597958077384,0.9483347650503076,0.0101794111812286,0.986302943655486,0.003688664657496,0.9531281114811566,0.0066990133924191,0.9366723735952676,0.0075645659612388,0.950413223140496,0.0126241754681978,0.9895928986838078,0.0026452267994153,0.0422010061641534,0.0032964176551923,0.1737195154031117,0.0119360322757335,0.075505227810483,0.0056358500927967,0.0996932515337423,3,0.9509192610365632,0.0422010061641534,0.003379345754712215,-0.0
spambase,tabpfn_threshold,observed,0.5,0.1,minority_to_majority,0.955239096734698,0.0022503297103077,0.9496183733720392,0.0030796747971485,0.983810365930862,0.0054356925907142,0.9535681433096824,0.0037698538962279,0.9345547310853554,0.0140366231969215,0.9540863177226814,0.0069328139901476,0.99014254634978,0.0014213144144686,0.0358253295222917,0.000924378930821,0.1395519574483235,0.0042447790119818,0.0408324804932277,0.0028615723196294,0.0996592844974446,3,0.9548515457606368,0.0358253295222917,0.00038755097406117933,-0.0
spambase,tabpfn_threshold,observed,0.5,0.2,majority_to_minority,0.9472017338586252,0.0082844662270076,0.9392853263821004,0.013775389293325,0.9804725055383466,0.00533958010979,0.9456201191017382,0.0079484757556791,0.9254574960211168,0.0137743377837992,0.9439853076216712,0.015904966093378,0.9878320513706632,0.0023076308952445,0.0744578167796134,0.0012029287606908,0.2791862686475118,0.0044705212991098,0.1570334897615578,0.0063826350119726,0.2002724795640326,3,0.9453108800616132,0.0744578167796134,0.0018908537970119266,-0.0
spambase,tabpfn_threshold,observed,0.5,0.2,minority_to_majority,0.9506699448048422,0.0060863526333229,0.9449825725485552,0.0120900334926874,0.9777508269663292,0.0101440971216691,0.949359097802706,0.0047322872788826,0.9313673594491104,0.0020410076963863,0.9467401285583104,0.0141366430838758,0.9878188861571072,0.0028961641783575,0.047775118301312,0.0029117840849487,0.1814463486274083,0.007581236891346,0.0714294707744374,0.0055928335052243,0.2001703577512776,3,0.9446838867659982,0.047775118301312,0.005986058038844,-0.0
spambase,tabpfn_threshold,observed,0.5,0.3,majority_to_minority,0.9428596818626144,0.0112267359990457,0.9340965865892552,0.0153996702964571,0.9774833013384576,0.0043844343392359,0.9404193384020711,0.0093796224266504,0.9145572289793524,0.0068577095834666,0.9430670339761248,0.0237511793505556,0.9815045206052048,0.0018413871810516,0.1533376475175221,0.0007114235760179,0.4579972326755523,0.0077246169930656,0.2716538476037387,0.0039166498749117,0.2999403697078115,3,0.8887827443545918,0.1533376475175221,0.05407693750802256,-0.0
spambase,tabpfn_threshold,observed,0.5,0.3,minority_to_majority,0.9442420292860176,0.0090079450299348,0.933884297520661,0.0167569215710694,0.9758155129065652,0.0085523399465213,0.9439422738204352,0.0078858821452851,0.9304423441316956,0.0037374967679125,0.933884297520661,0.0167569215710694,0.9859971497312652,0.0018384861017625,0.0678207750121752,0.003730366313105,0.2364380458990732,0.0085255185408631,0.1087649516202441,0.0023167042417391,0.2998296422487223,3,0.9313244863098236,0.0678207750121752,0.012917542976194074,-0.0
spambase,tabpfn_threshold,oracle,0.05,0.0,clean,0.9456910256030492,0.0074176205776057,0.9302112029384756,0.0234294780939817,0.9816361154983956,0.000622287702458,0.94646484551314,0.0063240317994755,0.94030706905995,0.0217037742553057,0.9302112029384756,0.0234294780939817,0.9854853520542668,0.0008183291593475,0.0881210168202717,0.0124998804934808,0.3234177728494008,0.0501436292107676,0.1252195602195243,0.01387590533248,0.0,3,0.8511458672748996,0.0881210168202717,0.09454515832814958,-0.0
spambase,tabpfn_threshold,oracle,0.05,0.05,majority_to_minority,0.9481422238020478,0.0067973817548645,0.941245297550283,0.0089971709316257,0.9812661541956822,0.002159983285146,0.9460661185136962,0.0074168732671728,0.9233007587840124,0.0162072476475931,0.9476584022038568,0.0110192837465564,0.984614802307862,0.0020725001878886,0.0832762892047564,0.0032568895907286,0.2871886988480885,0.0115454362250517,0.1211004690287369,0.0065380397706497,0.048780487804878,3,0.854818961857085,0.0832762892047564,0.09332326194496288,-0.0
spambase,tabpfn_threshold,oracle,0.05,0.05,minority_to_majority,0.9411218736731932,0.0033776431762187,0.9228650137741048,0.009932648141774,0.9783168040032432,0.000494378866627,0.9422711590887032,0.0059139332453127,0.9371477857416948,0.0224260424743971,0.9228650137741048,0.009932648141774,0.982712428948988,0.000715642817513,0.0966564913590748,0.003772255966624,0.3524109323819478,0.0187868085635115,0.1374930962030325,0.0034971967077627,0.0512820512820511,3,0.8398056814479102,0.0966564913590748,0.10131619222528299,-0.0
spambase,tabpfn_threshold,oracle,0.05,0.1,majority_to_minority,0.947478203343306,0.003858829703307,0.9404356369165754,0.0085788583626628,0.9821558380795206,0.0026016660030648,0.9463247856871088,0.0027395994511161,0.9285587507475048,0.0051164786098117,0.9421487603305784,0.0110192837465564,0.9874831732114234,0.0004518685069791,0.0808866098523139,0.0042692256371554,0.2787110805511474,0.0193243722837972,0.1159439583814935,0.0071914018379975,0.1,3,0.8614073284161261,0.0808866098523139,0.08607087492717991,-0.0
spambase,tabpfn_threshold,oracle,0.05,0.1,minority_to_majority,0.9419241288742756,0.0100628367288811,0.9274563820018368,0.0183425017037999,0.9801379130854871,0.0016039478640066,0.9423369020497078,0.0093005453591094,0.9326729611623462,0.0116087114589769,0.9274563820018368,0.0183425017037999,0.9843728915087664,0.0010050230816467,0.1029496962825457,0.0079283948660924,0.3665409783522288,0.018973213117328,0.1566647938756023,0.0084798041407576,0.1025641025641024,3,0.8258711257244982,0.1029496962825457,0.1160530031497774,-0.0
spambase,tabpfn_threshold,oracle,0.05,0.2,majority_to_minority,0.9396728773561618,0.0130197411382592,0.9200015798256268,0.0243574634562506,0.9773317367757826,0.0054785680594834,0.9396893849759658,0.0102913857605255,0.9277900097598104,0.0154309802579584,0.92653810835629,0.0330960905251425,0.9813350184806684,0.0057805869414233,0.0871802767117817,0.0068477097319628,0.3043068746725718,0.0348758030470577,0.1215246441998895,0.006994941325006,0.1986301369863013,3,0.8577564501318168,0.0871802767117817,0.081916427224345,-0.0
spambase,tabpfn_threshold,oracle,0.05,0.2,minority_to_majority,0.9382066016963378,0.0058385453392909,0.91643709825528,0.0151723706536806,0.9786851411438277,0.0023066562940798,0.939885521593356,0.0047265772587015,0.9372162907673092,0.0094591281279319,0.91643709825528,0.0151723706536806,0.9831073853556748,0.0024576385219295,0.1188616007566451,0.0099681993179317,0.4140511055787404,0.0338918577526758,0.1777319860716434,0.0109792091660847,0.1965811965811964,3,0.799517659488334,0.1188616007566451,0.13868894220800387,-0.0
spambase,tabpfn_threshold,oracle,0.05,0.3,majority_to_minority,0.9402430956683157,0.0091158599617555,0.933222745539461,0.0138216827085242,0.9761781876268556,0.001819164521942,0.9384780259811886,0.0091291466569617,0.9157707157707158,0.0149474380761917,0.9366391184573004,0.0145771422097221,0.979455684245518,0.0023353537070085,0.0883962661027907,0.0060453351333835,0.296468178431193,0.0164858799974248,0.1165285178588603,0.0045890221784135,0.2994011976047904,3,0.8526837287834356,0.0883962661027907,0.08755936688488009,-0.0
spambase,tabpfn_threshold,oracle,0.05,0.3,minority_to_majority,0.9324204903383788,0.0158769683458787,0.9072543617998164,0.0294564094257951,0.9759990308785742,0.0047573239929259,0.9344557503256826,0.0140102124701743,0.9328771429529996,0.0069473565776574,0.9072543617998164,0.0294564094257951,0.9807508121291112,0.0049563783524198,0.1531673421462376,0.0073912905216199,0.5048301517963409,0.0210007792146988,0.2210453862115036,0.0093319313179435,0.2991452991452991,3,0.7260557678446241,0.1531673421462376,0.2063647224937547,-0.0
spambase,tabpfn_threshold,oracle,0.1,0.0,clean,0.9492481017407703,0.0066184118118613,0.9403122130394858,0.0203061013659283,0.9838564105617784,0.004766671878101,0.9488729266822544,0.0050547590975593,0.9363301850660846,0.0146150110524637,0.9403122130394858,0.0203061013659283,0.9865089474082632,0.0054848445228718,0.0535948202013969,0.004808741386411,0.2093624671300251,0.0435810993836562,0.0734677570883805,0.0068586087770962,0.0,3,0.9121172625571452,0.0535948202013969,0.03713083918362514,-0.0
spambase,tabpfn_threshold,oracle,0.1,0.05,majority_to_minority,0.9492925343365228,0.0034148146035303,0.9439853076216712,0.0057346170784191,0.9847551037019272,0.0012390657815982,0.9482123046864762,0.0034465661001972,0.9311899811899812,0.006336456847784,0.9439853076216712,0.0057346170784191,0.9879949708884216,0.0011276845497769,0.0516767427325247,0.0008491904591113,0.1856242020924885,0.0046300581242071,0.0690724114188671,0.0031346039628985,0.048582995951417,3,0.9187056291161864,0.0516767427325247,0.03058690522033647,-0.0
spambase,tabpfn_threshold,oracle,0.1,0.05,minority_to_majority,0.9480533586105432,0.0038254083356343,0.9403122130394858,0.0057346170784191,0.9814250824373651,0.0035059038718858,0.9474112350985314,0.0046129134389472,0.9327266584405663,0.0117976748389696,0.9403122130394858,0.0057346170784191,0.9858194193482562,0.0023037460379664,0.0644889424244562,0.0043373097013133,0.237268105149269,0.0184014393688533,0.0944188931023879,0.0042506600187495,0.051063829787234,3,0.8922139281376817,0.0644889424244562,0.05583943047286144,-0.0
spambase,tabpfn_threshold,oracle,0.1,0.1,majority_to_minority,0.945868755986058,0.0041644898816338,0.942593086288101,0.0051991833204692,0.981498181568762,0.0021430843230898,0.943793773652406,0.003530285290712,0.9203915652096848,0.0015697019863357,0.9449035812672176,0.0082644628099173,0.9849126652645714,0.0029947790909717,0.0532117374241352,0.0031268991033299,0.1928187708059946,0.0138467987058635,0.0670787165264342,0.0071883535460945,0.0996168582375478,3,0.9141142608884544,0.0532117374241352,0.03175449509760364,-0.0
spambase,tabpfn_threshold,oracle,0.1,0.1,minority_to_majority,0.9527607452827396,0.0019989044654434,0.9467401285583104,0.0042080584893994,0.9831320458759762,0.0036711041908482,0.9519615737447772,0.0017546723416781,0.9372787871152908,0.0024786570439098,0.9467401285583104,0.0042080584893994,0.9881694099680416,0.0007437344365728,0.0684086233377456,0.0029397164184116,0.2397396812836329,0.008211501671076,0.1096401800774981,0.0051922005173046,0.102127659574468,3,0.8853046594982078,0.0684086233377456,0.06745608578453177,-0.0
spambase,tabpfn_threshold,oracle,0.1,0.2,majority_to_minority,0.9486902258163252,0.0086484621095532,0.9414575866188768,0.0119324876675257,0.9821597628508426,0.0011920580305046,0.9451111124795684,0.009483924526061,0.9141027371163006,0.0162810239322503,0.955922865013774,0.007288571104861,0.9855347216051028,0.0012415632269649,0.0552162441114584,0.0023459160866749,0.1930489540100097,0.0078700370225429,0.0643109334993417,0.0045318454359632,0.2006802721088435,3,0.9070889738045164,0.0552162441114584,0.041601252011808865,-0.0
spambase,tabpfn_threshold,oracle,0.1,0.2,minority_to_majority,0.9435335762315236,0.0099254596600275,0.9247015610651976,0.0237511793505557,0.9788740784488572,0.0035437388686929,0.9448553106960312,0.0076973262156424,0.9412212408731492,0.0057213140897269,0.9247015610651976,0.0237511793505557,0.9828967419387752,0.0033911395474895,0.0880750839908917,0.0071710512644663,0.3221856156984964,0.0314147415181098,0.1453791547437217,0.0081167034278124,0.2,3,0.8705900648715897,0.0880750839908917,0.07294351135993382,-0.0
spambase,tabpfn_threshold,oracle,0.1,0.3,majority_to_minority,0.9396852197438706,0.0032711761072798,0.925392734776899,0.0115918874824085,0.9803596416195336,0.0026350755786269,0.9347535930507048,0.0031991344126476,0.8951036385188478,0.0160261266258626,0.9522497704315884,0.0168322339575972,0.9833180287725742,0.0019084061536884,0.0563803948462008,0.0045948553902277,0.2009846816460291,0.0142882312573134,0.0670896567690104,0.0084336952710926,0.3005952380952381,3,0.9069285227643,0.0563803948462008,0.03275669697957062,-0.0
spambase,tabpfn_threshold,oracle,0.1,0.3,minority_to_majority,0.9446567335130386,0.0091659823056116,0.931129476584022,0.0172038512352573,0.9793096790507988,0.006368453595039,0.9449991056152928,0.0081252110325527,0.935432563176381,0.0066821520374194,0.931129476584022,0.0172038512352573,0.9837080482241772,0.0056693121244579,0.1078489000598589,0.0062211114804874,0.3660321434338887,0.0290023776012115,0.1767272275053112,0.0084647124858574,0.2978723404255319,3,0.8430196392073226,0.1078489000598589,0.10163709430571599,-0.0
spambase,tabpfn_threshold,oracle,0.2,0.0,clean,0.9608869733503166,0.0010018522213184,0.9527286550746962,0.0009735069552458,0.9888717889747276,0.0014255360022451,0.9585279360223368,0.0015913006959401,0.9368437672430412,0.0119152560919271,0.9641873278236912,0.009932648141774,0.9911332286698856,0.0012536075157282,0.034344566365083,0.0024090318828005,0.1274776955445607,0.0089082141323901,0.0338615606903997,0.0048564465798301,0.0,3,0.949512228837742,0.034344566365083,0.011374744512574586,-0.0
spambase,tabpfn_threshold,oracle,0.2,0.05,majority_to_minority,0.9562956051225844,0.0046982514312039,0.9498948428567195,0.0097559991229729,0.98705617231524,0.0019490238149486,0.9546787692503133,0.003141553371711,0.9361885898944172,0.0068907943242886,0.9550045913682278,0.0141366430838757,0.990236348496368,0.0014876572991331,0.0378538419802983,0.0019200705398643,0.1349457800388336,0.0081108667308605,0.0324832067982985,0.0076621437074285,0.0506072874493927,3,0.9396383186705768,0.0378538419802983,0.01665728645200759,-0.0
spambase,tabpfn_threshold,oracle,0.2,0.05,minority_to_majority,0.9555377825172546,0.0043179895877391,0.9496973646533764,0.0032162547840209,0.9867569036829876,0.0017062066251003,0.9539410282126464,0.0055663496510743,0.935413973530317,0.0156699116813271,0.9540863177226814,0.0069328139901476,0.990535857104772,0.0009735194735789,0.0417966085175672,0.0018543341377246,0.1527701765298843,0.0069270200295452,0.0530264249610452,0.0063884091452066,0.0490405117270788,3,0.939433435034608,0.0417966085175672,0.016104347482646664,-0.0
spambase,tabpfn_threshold,oracle,0.2,0.1,majority_to_minority,0.9525509246916872,0.0076583643507189,0.9491444256840152,0.0056758345631224,0.9869684842583264,0.0020258687349649,0.950234217771829,0.0078079078700856,0.9269060020750516,0.0115721654126268,0.9540863177226812,0.0096746131798463,0.9901441920014744,0.0013067769771086,0.0377904760340849,0.0037065623406992,0.1372183958689371,0.0098442070670607,0.031677606601539,0.0057685085384846,0.0998080614203454,3,0.9438149826712876,0.0377904760340849,0.008735942020399623,-0.0
spambase,tabpfn_threshold,oracle,0.2,0.1,minority_to_majority,0.9494307690788628,0.0066835017511501,0.941906849531483,0.0115918496348901,0.9854767960580936,0.0032116260776414,0.948557969326436,0.0057882729208836,0.9328215202566656,0.0063152418629121,0.943067033976125,0.013589208987097,0.9890399597144464,0.0028839298233528,0.0500101223587989,0.0054775046089046,0.1833118796348571,0.0201173005684191,0.0742310202905353,0.0057805954459818,0.1002132196162046,3,0.921665333688794,0.0500101223587989,0.027765435390068816,-0.0
spambase,tabpfn_threshold,oracle,0.2,0.2,majority_to_minority,0.9430645654985832,0.010441161917656,0.9384707287933096,0.0098701981134159,0.981272335340522,0.0051919205535707,0.939805647701899,0.0106869613707714,0.909288891745032,0.0141854799126128,0.9476584022038568,0.0110192837465564,0.9848056979044272,0.0041699427386534,0.042591243982315,0.0023791448698019,0.1611472020546594,0.0084573029920626,0.0442893193145506,0.0118555623358216,0.1996587030716723,3,0.9340126583528342,0.042591243982315,0.009051907145748994,-0.0
spambase,tabpfn_threshold,oracle,0.2,0.2,minority_to_majority,0.948423630241812,0.0031377922915756,0.9338842975206612,0.0072885711048611,0.9833986216518434,0.0006760972876351,0.9491405768670256,0.00245216568468,0.9425458099476632,0.001106596363828,0.9338842975206612,0.0072885711048611,0.9875210232003976,0.0002478987339363,0.0670418341954548,0.0020328027113343,0.2385794023672739,0.0078418812025539,0.113121114820552,0.0017475699134733,0.2004264392324093,3,0.901120195108465,0.0670418341954548,0.047303435133347005,-0.0
spambase,tabpfn_threshold,oracle,0.2,0.3,majority_to_minority,0.9432200795837158,0.0082949980472025,0.925925925925926,0.0199829494428648,0.9833539094317584,0.0006505009054147,0.937504481885083,0.0106905962511639,0.8945527194719022,0.024805774057306,0.960514233241506,0.0063619864373512,0.9865188213184304,0.0009349677087843,0.0431266811986764,0.0019273040101518,0.1735255370537439,0.0079999146069849,0.0612781128016581,0.0059253808628972,0.3,3,0.937707969232896,0.0431266811986764,0.005512110350819777,-0.0
spambase,tabpfn_threshold,oracle,0.2,0.3,minority_to_majority,0.9428695557727816,0.0055768086969728,0.9191919191919192,0.0084161169787986,0.9794010857007608,0.0057435798869736,0.9451445866577884,0.0052782426286491,0.9470066904742046,0.0045590735500208,0.9191919191919192,0.0084161169787986,0.9872807580529964,0.00108475288197,0.0895802502830823,0.0030652426683809,0.2913614610830942,0.0054687804306086,0.1504822197359107,0.0031245037739579,0.3006396588486141,3,0.8623700346574248,0.0895802502830823,0.08049952111535685,-0.0
spambase,tabpfn_threshold,oracle,0.5,0.0,clean,0.9625630696011928,0.0039565344506814,0.9581839904420548,0.0054750008302937,0.9877693609653324,0.0036964555507527,0.9600487829282084,0.0042540579805491,0.937703442272614,0.0077161358364115,0.9669421487603306,0.0047714898280134,0.9913488090418686,0.0023658748659726,0.0311799403280019,0.002974164308236,0.1141376743714014,0.014231661697674,0.0201753285058567,0.0033646901504587,0.0,3,0.9625630696011928,0.0311799403280019,0.0,-0.0
spambase,tabpfn_threshold,oracle,0.5,0.05,majority_to_minority,0.9563178214204608,0.0077683388278401,0.953558063528738,0.0079624943544125,0.9857884274617144,0.003748653819111,0.954341361401108,0.0073990550659436,0.9336738883655772,0.0070219381950154,0.9568411386593204,0.0111334762653646,0.9896192291109202,0.0022670911303204,0.0361492373049259,0.0026703496992908,0.1431879003842671,0.0112897571144392,0.045273453043049,0.0006542454059827,0.0501618122977346,3,0.9563178214204608,0.0361492373049259,0.0,-0.0
spambase,tabpfn_threshold,oracle,0.5,0.05,minority_to_majority,0.9548293294627608,0.003417030104611,0.9449035812672176,0.0082644628099173,0.9847244732395822,0.0037260012131434,0.9549031904513976,0.0036128974674425,0.9458806996411454,0.0102008986130735,0.9449035812672176,0.0082644628099173,0.9895961899871968,0.0014713810360615,0.0348903040091196,0.0016932676794257,0.1293242846926053,0.0047363664873879,0.0240613959650122,0.0025448249986833,0.0502555366269165,3,0.9548293294627608,0.0348903040091196,0.0,-0.0
spambase,tabpfn_threshold,oracle,0.5,0.1,majority_to_minority,0.9509192610365632,0.0050664002697208,0.9448739595367162,0.0042914721669693,0.986302943655486,0.003688664657496,0.948026463006812,0.0041646278130346,0.9211983884942662,0.0046831228009389,0.9550045913682276,0.0114692341568382,0.9895928986838078,0.0026452267994153,0.0422010061641534,0.0032964176551923,0.1737195154031117,0.0119360322757335,0.075505227810483,0.0056358500927967,0.0996932515337423,3,0.9509192610365632,0.0422010061641534,0.0,-0.0
spambase,tabpfn_threshold,oracle,0.5,0.1,minority_to_majority,0.9551502315431932,0.0033338623830664,0.9467401285583102,0.007952483046689,0.983810365930862,0.0054356925907142,0.9549342066749243,0.0039118548168645,0.9442845352945244,0.0120522420858111,0.9467401285583102,0.007952483046689,0.99014254634978,0.0014213144144686,0.0358253295222917,0.000924378930821,0.1395519574483235,0.0042447790119818,0.0408324804932277,0.0028615723196294,0.0996592844974446,3,0.9548515457606368,0.0358253295222917,0.0002986857825564293,-0.0
spambase,tabpfn_threshold,oracle,0.5,0.2,majority_to_minority,0.94560956584417,0.006093525185467,0.930704898446834,0.0132098831466523,0.9804725055383466,0.00533958010979,0.9404098442153084,0.0066163409888399,0.9004533617124153,0.0162541909601521,0.960514233241506,0.013589208987097,0.9878320513706632,0.0023076308952445,0.0744578167796134,0.0012029287606908,0.2791862686475118,0.0044705212991098,0.1570334897615578,0.0063826350119726,0.2002724795640326,3,0.9453108800616132,0.0744578167796134,0.00029868578255676237,-0.0
spambase,tabpfn_threshold,oracle,0.5,0.2,minority_to_majority,0.9446838867659982,0.0023498609692791,0.921028466483012,0.0069328139901476,0.9777508269663292,0.0101440971216691,0.9470427494466668,0.0023476365535074,0.9498834125700992,0.0079336318565621,0.921028466483012,0.0069328139901476,0.9878188861571072,0.0028961641783575,0.047775118301312,0.0029117840849487,0.1814463486274083,0.007581236891346,0.0714294707744374,0.0055928335052243,0.2001703577512776,3,0.9446838867659982,0.047775118301312,0.0,-0.0
spambase,tabpfn_threshold,oracle,0.5,0.3,majority_to_minority,0.8893801159197053,0.0150271854358853,0.7998805256869773,0.0325224793042203,0.9774833013384576,0.0043844343392359,0.8691649039381847,0.0183687023271025,0.7616720887514227,0.0289062433914682,0.9788797061524336,0.0031809932186755,0.9815045206052048,0.0018413871810516,0.1533376475175221,0.0007114235760179,0.4579972326755523,0.0077246169930656,0.2716538476037387,0.0039166498749117,0.2999403697078115,3,0.8887827443545918,0.1533376475175221,0.0005973715651135247,-0.0
spambase,tabpfn_threshold,oracle,0.5,0.3,minority_to_majority,0.9313244863098236,0.0126046148485825,0.8907254361799817,0.0234294780939818,0.9758155129065652,0.0085523399465213,0.9362862997235982,0.011197391818292,0.9537296055973292,0.0043119172761006,0.8907254361799817,0.0234294780939818,0.9859971497312652,0.0018384861017625,0.0678207750121752,0.003730366313105,0.2364380458990732,0.0085255185408631,0.1087649516202441,0.0023167042417391,0.2998296422487223,3,0.9313244863098236,0.0678207750121752,0.0,-0.0
banknote_authentication,tabpfn_distpfn,observed,0.05,0.0,clean,1.0,0.0,1.0,0.0,1.0,0.0,1.0,0.0,1.0,0.0,1.0,0.0,1.0,0.0,3.5284734329654676e-06,3.3466263434318583e-06,0.0002844537490213,7.113428666925966e-05,0.0002826469359194,6.970292324399677e-05,0.0,3,1.0,1.1597756762663872e-05,0.0,8.069283329698404e-06
banknote_authentication,tabpfn_distpfn,observed,0.05,0.05,majority_to_minority,0.9978213507625272,0.001886765585587,0.9956427015250544,0.003773531171174,1.0,0.0,0.9975465596074496,0.0021247417066194,0.994579945799458,0.0046939046275579,1.0,0.0,1.0,0.0,0.0029149496830216,0.0010354777542331,0.0162790766382774,0.0049424258817471,0.0136699474242107,0.0048392766888541,0.0588235294117647,3,0.9986338797814208,0.0009768022779704,-0.0008125290188936152,-0.0019381474050511997
banknote_authentication,tabpfn_distpfn,observed,0.05,0.05,minority_to_majority,0.993169398907104,0.0118309481391315,0.9863387978142076,0.0236618962782634,0.9999553912496932,7.726462199357891e-05,0.993833721248324,0.0106803080915353,1.0,0.0,0.9863387978142076,0.0236618962782634,0.99996428443873,6.18611667406298e-05,0.0048747133235865,0.008218024764912,0.0162994754971096,0.0222736475166272,0.0081886727926078,0.0083610035095112,0.0625,3,0.9877049180327868,0.011600570132335,0.005464480874317168,0.0067258568087485
banknote_authentication,tabpfn_distpfn,observed,0.05,0.1,majority_to_minority,0.9989106753812635,0.001886765585587,0.9978213507625272,0.003773531171174,1.0,0.0,0.9987732798037248,0.0021247417066194,0.997289972899729,0.0046939046275579,1.0,0.0,1.0,0.0,0.0031150167853469,0.0019846151586743,0.032933540886783,0.0050189329495305,0.0309201848536229,0.0036878006337682,0.1111111111111111,3,1.0,0.0002288665067074,-0.0010893246187364536,-0.0028861502786395
banknote_authentication,tabpfn_distpfn,observed,0.05,0.1,minority_to_majority,0.9931693989071038,0.0085314180305989,0.9863387978142076,0.0170628360611978,1.0,0.0,0.993842925366534,0.007695926653323,1.0,0.0,0.9863387978142076,0.0170628360611978,1.0,0.0,0.0034798515309012,0.0025728202855658,0.014116394607335,0.0046704836267801,0.0111246237050381,0.0020771747118494,0.09375,3,0.9795081967213114,0.0192360840737819,0.013661202185792365,0.0157562325428807
banknote_authentication,tabpfn_distpfn,observed,0.05,0.2,majority_to_minority,0.9989106753812635,0.001886765585587,0.9978213507625272,0.003773531171174,1.0,0.0,0.9987732798037248,0.0021247417066194,0.997289972899729,0.0046939046275579,1.0,0.0,1.0,0.0,0.0081332316588726,0.001741003541367,0.059687572065684,0.0032998433394999,0.0548193309208576,0.0033131904268354,0.2,3,0.9945355191256832,0.0022518870149117,0.004375156255580381,-0.0058813446439609
banknote_authentication,tabpfn_distpfn,observed,0.05,0.2,minority_to_majority,1.0,0.0,1.0,0.0,1.0,0.0,1.0,0.0,1.0,0.0,1.0,0.0,1.0,0.0,0.000954202928066,0.0005746092133047,0.0142074581502273,0.0036534550524484,0.0136852181115086,0.0033597244836741,0.1875,3,0.9562841530054644,0.03301036854585,0.04371584699453557,0.032056165617784
banknote_authentication,tabpfn_distpfn,observed,0.05,0.3,majority_to_minority,0.9989106753812635,0.001886765585587,0.9978213507625272,0.003773531171174,1.0,0.0,0.9987732798037248,0.0021247417066195,0.997289972899729,0.0046939046275579,1.0,0.0,1.0,0.0,0.015964009966956,0.0024418286401789,0.0958672099946955,0.0063846384533898,0.0864458363681083,0.0054621008864721,0.3043478260869565,3,1.0,0.0009465204687633,-0.0010893246187364536,-0.015017489498192699
banknote_authentication,tabpfn_distpfn,observed,0.05,0.3,minority_to_majority,0.993169398907104,0.0118309481391316,0.9863387978142076,0.0236618962782634,1.0,0.0,0.993833721248324,0.0106803080915353,1.0,0.0,0.9863387978142076,0.0236618962782634,1.0,0.0,0.0046509632571993,0.0041721235984501,0.0312099752435649,0.0092596124802336,0.0275329821578493,0.0052221831355878,0.3125,3,0.9234972677595628,0.065862892816464,0.06967213114754123,0.0612119295592647
banknote_authentication,tabpfn_distpfn,observed,0.1,0.0,clean,1.0,0.0,1.0,0.0,1.0,0.0,1.0,0.0,1.0,0.0,1.0,0.0,1.0,0.0,2.0706177993009466e-06,2.3409686841982053e-06,0.0001946955946131,0.0001274405017386,0.0001936454493945,0.0001262667971672,0.0,3,1.0,6.042243469057406e-05,0.0,5.8351816891273115e-05
banknote_authentication,tabpfn_distpfn,observed,0.1,0.05,majority_to_minority,1.0,0.0,1.0,0.0,1.0,0.0,1.0,0.0,1.0,0.0,1.0,0.0,1.0,0.0,0.0005916053976711,0.0004761766729748,0.011262670434827,0.0020631911471494,0.0109055078253461,0.0017322765327513,0.044776119402985,3,1.0,2.5625219677749556e-05,0.0,-0.0005659801779933504
banknote_authentication,tabpfn_distpfn,observed,0.1,0.05,minority_to_majority,1.0,0.0,1.0,0.0,1.0,0.0,1.0,0.0,1.0,0.0,1.0,0.0,1.0,0.0,0.0004897314003128,0.0003498602061261,0.0050665807122473,0.0007226634692898,0.0047858834799349,0.0005551770605406,0.046875,3,0.9904371584699452,0.0064495750702916,0.009562841530054822,0.005959843669978799
banknote_authentication,tabpfn_distpfn,observed,0.1,0.1,majority_to_minority,0.9989106753812635,0.001886765585587,0.9978213507625272,0.003773531171174,1.0,0.0,0.9987732798037248,0.0021247417066195,0.997289972899729,0.0046939046275579,1.0,0.0,1.0,0.0,0.0038107077215398,0.0018257559072202,0.0288335018332239,0.0050872082937302,0.0263979358561114,0.0050599535805533,0.0985915492957745,3,1.0,0.0002138167862236,-0.0010893246187364536,-0.0035968909353162
banknote_authentication,tabpfn_distpfn,observed,0.1,0.1,minority_to_majority,1.0,0.0,1.0,0.0,1.0,0.0,1.0,0.0,1.0,0.0,1.0,0.0,1.0,1.5700924586837752e-16,0.0004786474545597,0.0003455110256525,0.0089361891997611,0.0014865414669325,0.0086641511976389,0.001270962919437,0.09375,3,1.0,0.0078974443798263,0.0,0.0074187969252666
banknote_authentication,tabpfn_distpfn,observed,0.1,0.2,majority_to_minority,0.994553376906318,0.0049919125217383,0.9891067538126362,0.0099838250434767,1.0,0.0,0.9938740387073168,0.0056134370892885,0.9866236559139784,0.0122344991368416,1.0,0.0,1.0,0.0,0.0102694375824036,0.0038196588664914,0.0700863008691548,0.0081061112976526,0.0625627477144939,0.0048547211114771,0.2,3,1.0,0.0009185771632473,-0.005446623093682046,-0.0093508604191563
banknote_authentication,tabpfn_distpfn,observed,0.1,0.2,minority_to_majority,1.0,0.0,1.0,0.0,1.0,0.0,1.0,0.0,1.0,0.0,1.0,0.0,1.0,1.5700924586837752e-16,0.0009620702180559,0.0002254684833665,0.0193098529484026,0.0017932290276064,0.018804118901373,0.0016747644302177,0.203125,3,0.9986338797814208,0.0205672370890775,0.001366120218579181,0.019605166871021602
banknote_authentication,tabpfn_distpfn,observed,0.1,0.3,majority_to_minority,1.0,0.0,1.0,0.0,1.0,0.0,1.0,0.0,1.0,0.0,1.0,0.0,1.0,0.0,0.0151663722271098,0.0008022433803683,0.0970899768190015,0.0068858231363642,0.0883991567986953,0.0066108954032982,0.2967032967032967,3,1.0,0.0008015678031369,0.0,-0.0143648044239729
banknote_authentication,tabpfn_distpfn,observed,0.1,0.3,minority_to_majority,1.0,0.0,1.0,0.0,1.0,0.0,1.0,0.0,1.0,0.0,1.0,0.0,1.0,0.0,0.0026934500401748,0.0005693351081025,0.0333580771181389,0.0012674733243501,0.031903534835942,0.0009798498252997,0.296875,3,0.9781420765027322,0.0434965652724106,0.021857923497267784,0.0408031152322358
banknote_authentication,tabpfn_distpfn,observed,0.2,0.0,clean,1.0,0.0,1.0,0.0,1.0,0.0,1.0,0.0,1.0,0.0,1.0,0.0,1.0,0.0,1.3858685853565274e-08,1.897042982737647e-08,3.511809355236328e-05,9.02721224771442e-06,3.511115635240289e-05,9.017722060062654e-06,0.0,3,1.0,7.050586869894462e-08,0.0,5.664718284537935e-08
banknote_authentication,tabpfn_distpfn,observed,0.2,0.05,majority_to_minority,1.0,0.0,1.0,0.0,1.0,0.0,1.0,0.0,1.0,0.0,1.0,0.0,1.0,0.0,0.000845501711799,0.0002601712453456,0.0174890265171002,0.0019730026690793,0.0170357704167485,0.001830789247486,0.0518518518518517,3,1.0,0.0001042989291211,0.0,-0.0007412027826779
banknote_authentication,tabpfn_distpfn,observed,0.2,0.05,minority_to_majority,1.0,0.0,1.0,0.0,1.0,0.0,1.0,0.0,1.0,0.0,1.0,0.0,1.0,0.0,0.0003688790648209,0.0003858707579877,0.0062968496281488,0.0008434621368704,0.0060780284042101,0.0006119900093822,0.046875,3,0.9972677595628416,0.0019309675359787,0.002732240437158362,0.0015620884711578
banknote_authentication,tabpfn_distpfn,observed,0.2,0.1,majority_to_minority,0.9934640522875816,0.011320593513522,0.9869281045751634,0.022641187027044,1.0,0.0,0.9926666666666666,0.0127017059221717,0.984375,0.0270632938682637,1.0,0.0,1.0,0.0,0.0086996605591847,0.0116096438341015,0.0647529226499879,0.0567759456241545,0.0376552377974295,0.0116686695050597,0.0985915492957745,3,0.9934640522875816,0.0063108004784831,0.0,-0.0023888600807016004
banknote_authentication,tabpfn_distpfn,observed,0.2,0.1,minority_to_majority,1.0,0.0,1.0,0.0,1.0,0.0,1.0,0.0,1.0,0.0,1.0,0.0,1.0,0.0,0.0009133029628877,0.0007311427846581,0.0156736679026899,0.0019317691997764,0.0151775062997593,0.0015111833116462,0.1015625,3,1.0,0.0058969350066035,0.0,0.0049836320437158
banknote_authentication,tabpfn_distpfn,observed,0.2,0.2,majority_to_minority,1.0,0.0,1.0,0.0,1.0,0.0,1.0,0.0,1.0,0.0,1.0,0.0,1.0,0.0,0.0091693340850243,0.0006397525098434,0.0741552187224976,0.0034485085934238,0.0690657396433035,0.0031141724014532,0.2,3,1.0,0.0015457892247164,0.0,-0.007623544860307899
banknote_authentication,tabpfn_distpfn,observed,0.2,0.2,minority_to_majority,1.0,0.0,1.0,0.0,1.0,0.0,1.0,0.0,1.0,0.0,1.0,0.0,1.0,0.0,0.0023187358829856,3.3335986260236164e-05,0.0330164790609667,0.0003727335896575,0.0317956101154916,0.0003558084384784,0.203125,3,1.0,0.0156241813674568,0.0,0.0133054454844712
banknote_authentication,tabpfn_distpfn,observed,0.2,0.3,majority_to_minority,1.0,0.0,1.0,0.0,1.0,0.0,1.0,0.0,1.0,0.0,1.0,0.0,1.0,0.0,0.0218837535247072,0.0005293670725989,0.1214356738797801,0.0021755157872898,0.10868595665892,0.0018488152369805,0.3005464480874317,3,1.0,0.0047687583913405,0.0,-0.0171149951333667
banknote_authentication,tabpfn_distpfn,observed,0.2,0.3,minority_to_majority,1.0,0.0,1.0,0.0,1.0,0.0,1.0,0.0,1.0,0.0,1.0,0.0,1.0,0.0,0.0073433250842806,0.0004615116242695,0.0608434710072644,0.0018404192755321,0.056811909066485,0.0015692007497033,0.296875,3,1.0,0.037866186350584,0.0,0.0305228612663034
banknote_authentication,tabpfn_distpfn,observed,0.5,0.0,clean,1.0,0.0,1.0,0.0,1.0,0.0,1.0,0.0,1.0,0.0,1.0,0.0,1.0,0.0,2.2101237526099722e-10,5.251181714835669e-11,1.3500551286415142e-05,3.871259521634074e-07,1.350044077802736e-05,3.870998647151681e-07,0.0,3,1.0,1.9772181577189704e-10,0.0,-2.3290559489100184e-11
banknote_authentication,tabpfn_distpfn,observed,0.5,0.05,majority_to_minority,1.0,0.0,1.0,0.0,1.0,0.0,1.0,0.0,1.0,0.0,1.0,0.0,1.0,0.0,0.0009411864085975,0.0003628088885854,0.0207173885115355,0.001314065194379,0.0202051645220231,0.0010780021896649,0.0504451038575667,3,1.0,0.0014127486695845,0.0,0.00047156226098699994
banknote_authentication,tabpfn_distpfn,observed,0.5,0.05,minority_to_majority,1.0,0.0,1.0,0.0,1.0,0.0,1.0,0.0,1.0,0.0,1.0,0.0,1.0,0.0,0.0010220801349964,4.662637397061403e-05,0.0209880145114726,0.0001693724195313,0.0204577941541341,0.0001947848251573,0.05,3,1.0,0.0007090088911354,0.0,-0.000313071243861
banknote_authentication,tabpfn_distpfn,observed,0.5,0.1,majority_to_minority,1.0,0.0,1.0,0.0,1.0,0.0,1.0,0.0,1.0,0.0,1.0,0.0,1.0,0.0,0.0033978375192781,4.117784874291263e-05,0.0448039868760366,6.406791872795227e-05,0.0430077133755545,5.0561246742189864e-05,0.1011235955056179,3,1.0,0.0052119443813959,0.0,0.0018141068621177997
banknote_authentication,tabpfn_distpfn,observed,0.5,0.1,minority_to_majority,1.0,0.0,1.0,0.0,1.0,0.0,1.0,0.0,1.0,0.0,1.0,0.0,1.0,0.0,0.0048464541523287,4.746269164777295e-05,0.047798237279667,0.0002612907773802,0.0451739012945682,0.0002345850406012,0.1,3,1.0,0.0035103120996305,0.0,-0.0013361420526982002
banknote_authentication,tabpfn_distpfn,observed,0.5,0.2,majority_to_minority,1.0,0.0,1.0,0.0,1.0,0.0,1.0,0.0,1.0,0.0,1.0,0.0,1.0,0.0,0.0223227206036266,0.0006458110529191,0.1230230017640982,0.000441080958998,0.1099820610229431,0.0001486412057247,0.2,3,1.0,0.0309583880007266,0.0,0.008635667397099998
banknote_authentication,tabpfn_distpfn,observed,0.5,0.2,minority_to_majority,1.0,0.0,1.0,0.0,1.0,0.0,1.0,0.0,1.0,0.0,1.0,0.0,1.0,0.0,0.0191111477156598,0.0022204776458619,0.1016261052546478,0.0047654937295269,0.0903045526453107,0.0030878616099452,0.2,3,1.0,0.0150427275026837,0.0,-0.0040684202129761
banknote_authentication,tabpfn_distpfn,observed,0.5,0.3,majority_to_minority,0.9705882352941178,0.0142447677893486,0.9411764705882354,0.0284895355786972,1.0,0.0,0.9670819018627462,0.0158551647584367,0.9319734192126464,0.0304617706359292,1.0,0.0,1.0,0.0,0.0892430662810589,0.0002212523098705,0.2835730960757066,0.0007330538524053,0.2194433571490319,0.0011142817371475,0.299781181619256,3,0.954248366013072,0.1051767940322557,0.016339869281045805,0.015933727751196808
banknote_authentication,tabpfn_distpfn,observed,0.5,0.3,minority_to_majority,0.9972677595628416,0.0047323792556526,0.9945355191256832,0.0094647585113053,1.0,0.0,0.9975403384494294,0.0042602587750119,1.0,0.0,0.9945355191256832,0.0094647585113053,1.0,0.0,0.0444719463698579,0.0005047139210136,0.167951238661668,0.0019653726906879,0.1392287559881083,0.0019055508440476,0.3,3,1.0,0.0364994828899701,-0.002732240437158362,-0.007972463479887802
banknote_authentication,tabpfn_distpfn,oracle,0.05,0.0,clean,1.0,0.0,1.0,0.0,1.0,0.0,1.0,0.0,1.0,0.0,1.0,0.0,1.0,0.0,3.5284734329654676e-06,3.3466263434318583e-06,0.0002844537490213,7.113428666925966e-05,0.0002826469359194,6.970292324399677e-05,0.0,3,1.0,1.1597756762663872e-05,0.0,8.069283329698404e-06
banknote_authentication,tabpfn_distpfn,oracle,0.05,0.05,majority_to_minority,0.9978213507625272,0.001886765585587,0.9956427015250544,0.003773531171174,1.0,0.0,0.9975465596074496,0.0021247417066194,0.994579945799458,0.0046939046275579,1.0,0.0,1.0,0.0,0.0031169754969032,0.0011105190456919,0.0171363623262616,0.0051935001987505,0.0143362017917106,0.0050571170113283,0.0588235294117647,3,0.9986338797814208,0.0009768022779704,-0.0008125290188936152,-0.0021401732189328003
banknote_authentication,tabpfn_distpfn,oracle,0.05,0.05,minority_to_majority,0.993169398907104,0.0118309481391315,0.9863387978142076,0.0236618962782634,0.9999553912496932,7.726462199357891e-05,0.993833721248324,0.0106803080915353,1.0,0.0,0.9863387978142076,0.0236618962782634,0.99996428443873,6.18611667406298e-05,0.0049725582362255,0.0083890132470671,0.0167605342901583,0.0229292442899373,0.0083458688354536,0.0084891267521973,0.0625,3,0.9877049180327868,0.011600570132335,0.005464480874317168,0.0066280118961095
banknote_authentication,tabpfn_distpfn,oracle,0.05,0.1,majority_to_minority,0.9989106753812635,0.001886765585587,0.9978213507625272,0.003773531171174,1.0,0.0,0.9987732798037248,0.0021247417066194,0.997289972899729,0.0046939046275579,1.0,0.0,1.0,0.0,0.003759026639971,0.0022349287203246,0.0369571547456873,0.0054672887471882,0.0345178697274301,0.0039638443086052,0.1111111111111111,3,1.0,0.0002288665067074,-0.0010893246187364536,-0.0035301601332636003
banknote_authentication,tabpfn_distpfn,oracle,0.05,0.1,minority_to_majority,0.989071038251366,0.0094647585113053,0.9781420765027322,0.0189295170226106,1.0,0.0,0.9901433691756272,0.0085360926896316,1.0,0.0,0.9781420765027322,0.0189295170226106,1.0,0.0,0.0037956615872648,0.002738245864828,0.015082250073251,0.0048994652816779,0.0117284777356853,0.0020346779333351,0.09375,3,0.9795081967213114,0.0192360840737819,0.0095628415300546,0.015440422486517101
banknote_authentication,tabpfn_distpfn,oracle,0.05,0.2,majority_to_minority,0.9967320261437908,0.0032679738562092,0.9934640522875816,0.0065359477124182,1.0,0.0,0.9963217750255192,0.0036772575493802,0.9919136288137076,0.0080646049702389,1.0,0.0,1.0,0.0,0.011597339811069,0.0023171679231666,0.0736324213605705,0.0040210887939283,0.0664944772620591,0.003995701376823,0.2,3,0.9945355191256832,0.0022518870149117,0.002196507018107585,-0.0093454527961573
banknote_authentication,tabpfn_distpfn,oracle,0.05,0.2,minority_to_majority,1.0,0.0,1.0,0.0,1.0,0.0,1.0,0.0,1.0,0.0,1.0,0.0,1.0,0.0,0.0013241919182947,0.0008178759298845,0.0168302071826018,0.004376879641942,0.0160922117111412,0.0039547590790431,0.1875,3,0.9562841530054644,0.03301036854585,0.04371584699453557,0.0316861766275553
banknote_authentication,tabpfn_distpfn,oracle,0.05,0.3,majority_to_minority,0.9978213507625272,0.003773531171174,0.9956427015250544,0.007547062342348,1.0,0.0,0.9975484952217945,0.00424613083085,0.9946236559139784,0.0093121011159616,1.0,0.0,1.0,0.0,0.028548923396423,0.0036018822594943,0.1345857322392505,0.0090770515701862,0.1167779025439503,0.0075680331032192,0.3043478260869565,3,1.0,0.0009465204687633,-0.002178649237472796,-0.027602402927659697
banknote_authentication,tabpfn_distpfn,oracle,0.05,0.3,minority_to_majority,0.993169398907104,0.0118309481391316,0.9863387978142076,0.0236618962782634,1.0,0.0,0.993833721248324,0.0106803080915353,1.0,0.0,0.9863387978142076,0.0236618962782634,1.0,0.0,0.0070296898318784,0.0050734362790766,0.0424922882017433,0.0116458117907102,0.0366403545041424,0.0060154041978102,0.3125,3,0.9234972677595628,0.065862892816464,0.06967213114754123,0.0588332029845856
banknote_authentication,tabpfn_distpfn,oracle,0.1,0.0,clean,1.0,0.0,1.0,0.0,1.0,0.0,1.0,0.0,1.0,0.0,1.0,0.0,1.0,0.0,2.0706177993009466e-06,2.3409686841982053e-06,0.0001946955946131,0.0001274405017386,0.0001936454493945,0.0001262667971672,0.0,3,1.0,6.042243469057406e-05,0.0,5.8351816891273115e-05
banknote_authentication,tabpfn_distpfn,oracle,0.1,0.05,majority_to_minority,1.0,0.0,1.0,0.0,1.0,0.0,1.0,0.0,1.0,0.0,1.0,0.0,1.0,0.0,0.0006408518377162,0.0005062069285543,0.0118260748328982,0.0021541695303537,0.0114374956160839,0.0017982875379713,0.044776119402985,3,1.0,2.5625219677749556e-05,0.0,-0.0006152266180384505
banknote_authentication,tabpfn_distpfn,oracle,0.1,0.05,minority_to_majority,1.0,0.0,1.0,0.0,1.0,0.0,1.0,0.0,1.0,0.0,1.0,0.0,1.0,0.0,0.0005328370531294,0.0003793983462503,0.0052929605688718,0.0007637417765096,0.0049856564854632,0.0005788719000832,0.046875,3,0.9904371584699452,0.0064495750702916,0.009562841530054822,0.0059167380171622
banknote_authentication,tabpfn_distpfn,oracle,0.1,0.1,majority_to_minority,0.9978213507625272,0.003773531171174,0.9956427015250544,0.007547062342348,1.0,0.0,0.9975484952217945,0.00424613083085,0.9946236559139784,0.0093121011159616,1.0,0.0,1.0,0.0,0.0044862777711793,0.0020579173905941,0.0320085018873906,0.0056721685575152,0.0290928430756752,0.0056879790526147,0.0985915492957745,3,1.0,0.0002138167862236,-0.002178649237472796,-0.004272460984955701
banknote_authentication,tabpfn_distpfn,oracle,0.1,0.1,minority_to_majority,1.0,0.0,1.0,0.0,1.0,0.0,1.0,0.0,1.0,0.0,1.0,0.0,1.0,1.5700924586837752e-16,0.000529000167691,0.0003374767917803,0.0097514737115579,0.0015204767032458,0.0094567106953268,0.0013164501394528,0.09375,3,1.0,0.0078974443798263,0.0,0.007368444212135301
banknote_authentication,tabpfn_distpfn,oracle,0.1,0.2,majority_to_minority,0.9923747276688454,0.008224220517724,0.9847494553376906,0.0164484410354483,1.0,0.0,0.9914332257274272,0.0092327868405234,0.981500296333926,0.0197918123777262,1.0,0.0,1.0,0.0,0.0143645126126605,0.0046156888337503,0.0875067503377424,0.0093092198259162,0.0769175949303919,0.0050981097538621,0.2,3,1.0,0.0009185771632473,-0.00762527233115462,-0.0134459354494132
banknote_authentication,tabpfn_distpfn,oracle,0.1,0.2,minority_to_majority,1.0,0.0,1.0,0.0,1.0,0.0,1.0,0.0,1.0,0.0,1.0,0.0,1.0,1.5700924586837752e-16,0.0014773807492126,0.0003720310490484,0.0240446623078634,0.0023853882276976,0.0232584425741077,0.0021850077191637,0.203125,3,0.9986338797814208,0.0205672370890775,0.001366120218579181,0.019089856339864902
banknote_authentication,tabpfn_distpfn,oracle,0.1,0.3,majority_to_minority,0.9989106753812635,0.001886765585587,0.9978213507625272,0.003773531171174,1.0,0.0,0.9987732798037248,0.0021247417066195,0.997289972899729,0.0046939046275579,1.0,0.0,1.0,0.0,0.0284124337462224,0.0019953829017198,0.138694137595105,0.0100652106147003,0.1215300411135169,0.0092604804653419,0.2967032967032967,3,1.0,0.0008015678031369,-0.0010893246187364536,-0.0276108659430855
banknote_authentication,tabpfn_distpfn,oracle,0.1,0.3,minority_to_majority,1.0,0.0,1.0,0.0,1.0,0.0,1.0,0.0,1.0,0.0,1.0,0.0,1.0,0.0,0.0052055885447455,0.0009374042310053,0.0472942921201158,0.001215740042995,0.044398283844424,0.0007038154841318,0.296875,3,0.9781420765027322,0.0434965652724106,0.021857923497267784,0.0382909767276651
banknote_authentication,tabpfn_distpfn,oracle,0.2,0.0,clean,1.0,0.0,1.0,0.0,1.0,0.0,1.0,0.0,1.0,0.0,1.0,0.0,1.0,0.0,1.3858685853565274e-08,1.897042982737647e-08,3.511809355236328e-05,9.02721224771442e-06,3.511115635240289e-05,9.017722060062654e-06,0.0,3,1.0,7.050586869894462e-08,0.0,5.664718284537935e-08
banknote_authentication,tabpfn_distpfn,oracle,0.2,0.05,majority_to_minority,1.0,0.0,1.0,0.0,1.0,0.0,1.0,0.0,1.0,0.0,1.0,0.0,1.0,0.0,0.000954204510477,0.0002924390102819,0.0186643450963062,0.0020998520193459,0.0181508871414293,0.0019391665864952,0.0518518518518517,3,1.0,0.0001042989291211,0.0,-0.0008499055813559
banknote_authentication,tabpfn_distpfn,oracle,0.2,0.05,minority_to_majority,1.0,0.0,1.0,0.0,1.0,0.0,1.0,0.0,1.0,0.0,1.0,0.0,1.0,0.0,0.0004043550237312,0.0004179796022426,0.0066441686304258,0.000876887779295,0.0064025379459988,0.0006224447555703,0.046875,3,0.9972677595628416,0.0019309675359787,0.002732240437158362,0.0015266125122475
banknote_authentication,tabpfn_distpfn,oracle,0.2,0.1,majority_to_minority,0.9934640522875816,0.011320593513522,0.9869281045751634,0.022641187027044,1.0,0.0,0.9926666666666666,0.0127017059221717,0.984375,0.0270632938682637,1.0,0.0,1.0,0.0,0.0092832763509002,0.0116726148229775,0.0699551299545827,0.0583170178997774,0.0416786581661418,0.0116849748480987,0.0985915492957745,3,0.9934640522875816,0.0063108004784831,0.0,-0.0029724758724171
banknote_authentication,tabpfn_distpfn,oracle,0.2,0.1,minority_to_majority,1.0,0.0,1.0,0.0,1.0,0.0,1.0,0.0,1.0,0.0,1.0,0.0,1.0,0.0,0.0011521909060787,0.0008998530467175,0.0177757699674923,0.0021377851757049,0.0171438863105907,0.0016107546028871,0.1015625,3,1.0,0.0058969350066035,0.0,0.0047447441005248
banknote_authentication,tabpfn_distpfn,oracle,0.2,0.2,majority_to_minority,1.0,0.0,1.0,0.0,1.0,0.0,1.0,0.0,1.0,0.0,1.0,0.0,1.0,0.0,0.0148500974657728,0.0009591807457209,0.0966514562081262,0.0044576314693316,0.0881680701123708,0.0039303002833572,0.2,3,1.0,0.0015457892247164,0.0,-0.0133043082410564
banknote_authentication,tabpfn_distpfn,oracle,0.2,0.2,minority_to_majority,1.0,0.0,1.0,0.0,1.0,0.0,1.0,0.0,1.0,0.0,1.0,0.0,1.0,0.0,0.0038312122178031,7.960146580934728e-05,0.0429029722093041,0.0006211886310284,0.0408547714195265,0.0005793412503039,0.203125,3,1.0,0.0156241813674568,0.0,0.0117929691496537
banknote_authentication,tabpfn_distpfn,oracle,0.2,0.3,majority_to_minority,0.9978213507625272,0.003773531171174,0.9956427015250544,0.007547062342348,1.0,0.0,0.9975484952217945,0.00424613083085,0.9946236559139784,0.0093121011159616,1.0,0.0,1.0,0.0,0.0444507234199887,0.0008333688980867,0.1830946670654198,0.0031940443637269,0.1552503696457763,0.0026034710710272,0.3005464480874317,3,1.0,0.0047687583913405,-0.002178649237472796,-0.0396819650286482
banknote_authentication,tabpfn_distpfn,oracle,0.2,0.3,minority_to_majority,1.0,0.0,1.0,0.0,1.0,0.0,1.0,0.0,1.0,0.0,1.0,0.0,1.0,0.0,0.0149761758598252,0.0008458985252098,0.0896745073993237,0.0025401947350684,0.0810891641486478,0.0020067237073139,0.296875,3,1.0,0.037866186350584,0.0,0.022890010490758804
banknote_authentication,tabpfn_distpfn,oracle,0.5,0.0,clean,1.0,0.0,1.0,0.0,1.0,0.0,1.0,0.0,1.0,0.0,1.0,0.0,1.0,0.0,2.2101237526099722e-10,5.251181714835669e-11,1.3500551286415142e-05,3.871259521634074e-07,1.350044077802736e-05,3.870998647151681e-07,0.0,3,1.0,1.9772181577189704e-10,0.0,-2.3290559489100184e-11
banknote_authentication,tabpfn_distpfn,oracle,0.5,0.05,majority_to_minority,1.0,0.0,1.0,0.0,1.0,0.0,1.0,0.0,1.0,0.0,1.0,0.0,1.0,0.0,0.0011379217026205,0.0004175856507772,0.0229678533343272,0.0014291860217933,0.0223455804522824,0.001151775701119,0.0504451038575667,3,1.0,0.0014127486695845,0.0,0.0002748269669639999
banknote_authentication,tabpfn_distpfn,oracle,0.5,0.05,minority_to_majority,1.0,0.0,1.0,0.0,1.0,0.0,1.0,0.0,1.0,0.0,1.0,0.0,1.0,0.0,0.0012341883468532,5.5041590122357986e-05,0.0231263853025546,0.0001876844683888,0.0224837578587491,0.0002180697969823,0.05,3,1.0,0.0007090088911354,0.0,-0.0005251794557178
banknote_authentication,tabpfn_distpfn,oracle,0.5,0.1,majority_to_minority,1.0,0.0,1.0,0.0,1.0,0.0,1.0,0.0,1.0,0.0,1.0,0.0,1.0,0.0,0.0051237686104643,5.838098930622741e-05,0.0555628186546212,8.147148054170737e-05,0.0528181244760475,6.706214632532778e-05,0.1011235955056179,3,1.0,0.0052119443813959,0.0,8.817577093160004e-05
banknote_authentication,tabpfn_distpfn,oracle,0.5,0.1,minority_to_majority,1.0,0.0,1.0,0.0,1.0,0.0,1.0,0.0,1.0,0.0,1.0,0.0,1.0,0.0,0.006886425516402,6.566531574685846e-05,0.0576994695618987,0.0003112618463825,0.0539106954692541,0.0002737031451333,0.1,3,1.0,0.0035103120996305,0.0,-0.0033761134167715
banknote_authentication,tabpfn_distpfn,oracle,0.5,0.2,majority_to_minority,0.9978213507625272,0.003773531171174,0.9956427015250544,0.007547062342348,1.0,0.0,0.9975484952217945,0.00424613083085,0.9946236559139784,0.0093121011159616,1.0,0.0,1.0,0.0,0.0477532331265915,0.0006846370901416,0.1915803271272636,0.0002364216486292,0.1613570397103647,0.0007274466969074,0.2,3,1.0,0.0309583880007266,-0.002178649237472796,-0.0167948451258649
banknote_authentication,tabpfn_distpfn,oracle,0.5,0.2,minority_to_majority,0.993169398907104,0.0118309481391315,0.9863387978142076,0.0236618962782634,1.0,0.0,0.993833721248324,0.0106803080915353,1.0,0.0,0.9863387978142076,0.0236618962782634,1.0,0.0,0.0348329436293907,0.0031136411903475,0.1444762157355603,0.0060755540217071,0.1224976855840594,0.0033297416296086,0.2,3,1.0,0.0150427275026837,-0.006830601092896016,-0.019790216126707
banknote_authentication,tabpfn_distpfn,oracle,0.5,0.3,majority_to_minority,0.514161220043573,0.0123723493372555,0.0283224400871459,0.0247446986745109,1.0,0.0,0.3378772027097931,0.026694809317048,0.4507972809154632,0.0062589940782477,1.0,0.0,1.0,0.0,0.2123433286926355,0.0016842975590821,0.5396158133070026,0.0018771622230948,0.3416950600984841,0.0017858570607111,0.299781181619256,3,0.954248366013072,0.1051767940322557,-0.44008714596949894,-0.1071665346603798
banknote_authentication,tabpfn_distpfn,oracle,0.5,0.3,minority_to_majority,0.9398907103825136,0.0688638424105386,0.8797814207650273,0.1377276848210771,1.0,0.0,0.9440576911841062,0.064749977157114,1.0,0.0,0.8797814207650273,0.1377276848210771,1.0,0.0,0.0939649556304626,0.0015651871147663,0.2732944696407581,0.0034041536508236,0.2030602625848398,0.0027805493799674,0.3,3,1.0,0.0364994828899701,-0.060109289617486406,-0.057465472740492504
blood_transfusion,tabpfn_distpfn,observed,0.05,0.0,clean,0.5,0.0,0.0,0.0,0.4556961366792397,0.0281819737459024,0.4318181818181818,0.0,0.0,0.0,0.0,0.0,0.7230344379467186,0.0132972266383445,0.2085056204350069,0.0087276520014414,0.7580833397218142,0.0128260389313458,0.1918589204208224,0.0099801151625077,0.0,3,0.5,0.2082477062940597,0.0,-0.00025791414094719634
blood_transfusion,tabpfn_distpfn,observed,0.05,0.05,majority_to_minority,0.5,0.0,0.0,0.0,0.4425719902386282,0.0761789449643513,0.4318181818181818,0.0,0.0,0.0,0.0,0.0,0.6876218323586745,0.0395876435417644,0.2191463850316276,0.0056837800572172,0.7822264036999091,0.0476865319422234,0.2015591700344147,0.0074950802433009,0.0666666666666666,3,0.5,0.2165270100037256,0.0,-0.0026193750279019934
blood_transfusion,tabpfn_distpfn,observed,0.05,0.05,minority_to_majority,0.5,0.0,0.0,0.0,0.4526646091067485,0.0406785208556187,0.4318181818181818,0.0,0.0,0.0,0.0,0.0,0.7116634178037687,0.0071376850569595,0.2195882237366878,0.0046147159026802,0.8073409387993985,0.0294879718758206,0.2054382086168335,0.0031344174641641,0.0714285714285714,3,0.5,0.2169207682212194,0.0,-0.002667455515468403
blood_transfusion,tabpfn_distpfn,observed,0.05,0.1,majority_to_minority,0.5,0.0,0.0,0.0,0.4211416468510866,0.0101460957179869,0.4318181818181818,0.0,0.0,0.0,0.0,0.0,0.6875406107862249,0.0253195469324312,0.2128262134622612,0.0050374973387691,0.7389800486363645,0.0435148861441409,0.1946126507032727,0.0094728469653243,0.125,3,0.5,0.210944245258967,0.0,-0.0018819682032941987
blood_transfusion,tabpfn_distpfn,observed,0.05,0.1,minority_to_majority,0.5,0.0,0.0,0.0,0.4985942792292642,0.0208827357935243,0.4318181818181818,0.0,0.0,0.0,0.0,0.0,0.7067089018843404,0.0115067636805449,0.2167405165997445,0.0031979142679936,0.7767507136024799,0.024110986847317,0.2019417645639329,0.0042034519327506,0.0714285714285714,3,0.5,0.2147911339998245,0.0,-0.001949382599920002
blood_transfusion,tabpfn_distpfn,observed,0.05,0.2,majority_to_minority,0.5,0.0,0.0,0.0,0.447651822757453,0.1172233803163589,0.4318181818181818,0.0,0.0,0.0,0.0,0.0,0.6884340480831709,0.0710378076526702,0.2144656851349667,0.0035807505371682,0.733652511825801,0.0247644256476154,0.1923965071490681,0.0034076916597663,0.2222222222222222,3,0.5,0.2110597838958104,0.0,-0.003405901239156295
blood_transfusion,tabpfn_distpfn,observed,0.05,0.2,minority_to_majority,0.5,0.0,0.0,0.0,0.3904907584833813,0.0804205592810861,0.4318181818181818,0.0,0.0,0.0,0.0,0.0,0.6691845354126057,0.0794296836356959,0.2199722084402824,0.0070930296378072,0.8267846049585037,0.0612616713643101,0.2069534112108427,0.006630313429775,0.2142857142857142,3,0.5,0.2187437663475672,0.0,-0.0012284420927151929
blood_transfusion,tabpfn_distpfn,observed,0.05,0.3,majority_to_minority,0.5,0.0,0.0,0.0,0.4799809778642707,0.0407388863100955,0.4318181818181818,0.0,0.0,0.0,0.0,0.0,0.7315627030539312,0.0304250145301029,0.2007629558509646,0.0019974128388668,0.6642624874417834,0.0168412228162042,0.1761166995490589,0.0024509889533069,0.3,3,0.5,0.1992294043302535,0.0,-0.0015335515207111072
blood_transfusion,tabpfn_distpfn,observed,0.05,0.3,minority_to_majority,0.5,0.0,0.0,0.0,0.4250035079217889,0.0930852283083981,0.4318181818181818,0.0,0.0,0.0,0.0,0.0,0.6935510071474984,0.0415368542961969,0.2270000340874602,0.0016604450018109,0.8838020639342573,0.0252781228233808,0.2153246382498591,0.0017326275739732,0.2857142857142857,3,0.5,0.2246499905983606,0.0,-0.0023500434890995903
blood_transfusion,tabpfn_distpfn,observed,0.1,0.0,clean,0.5,0.0,0.0,0.0,0.485857121797845,0.065358227650473,0.4318181818181818,0.0,0.0,0.0,0.0,0.0,0.7349740090968161,0.0371759087042016,0.1868673457170962,0.0024499704381133,0.5996897198066851,0.0097542600880782,0.1531579791851711,0.0113550224708475,0.0,3,0.5,0.185719405611356,0.0,-0.0011479401057402083
blood_transfusion,tabpfn_distpfn,observed,0.1,0.05,majority_to_minority,0.5,0.0,0.0,0.0,0.486472680519509,0.071769705093687,0.4318181818181818,0.0,0.0,0.0,0.0,0.0,0.7119883040935672,0.0345473693235145,0.1942620857485254,0.0039777388628089,0.6266942325740436,0.0433551814274639,0.1584668314072932,0.0128760570176475,0.0344827586206896,3,0.4985380116959064,0.1909149487813313,0.0014619883040936088,-0.003347136967194103
blood_transfusion,tabpfn_distpfn,observed,0.1,0.05,minority_to_majority,0.5,0.0,0.0,0.0,0.4416434263551296,0.0746783116576125,0.4318181818181818,0.0,0.0,0.0,0.0,0.0,0.6921702404158544,0.0511516510679693,0.1967983606046764,0.0089672321943573,0.6327004131207121,0.0490822008146948,0.1602311985868939,0.0173469236378984,0.0357142857142857,3,0.5,0.193799873193105,0.0,-0.00299848741157141
blood_transfusion,tabpfn_distpfn,observed,0.1,0.1,majority_to_minority,0.4970760233918128,0.005064476045523,0.0,0.0,0.437029778970996,0.0752699772741553,0.4303724265556326,0.0025041215700452,0.0,0.0,0.0,0.0,0.7176738141650422,0.033129068722671,0.1944240120312503,0.0132190806453847,0.612591262449355,0.0500577578180392,0.157833113923545,0.02273797510575,0.096774193548387,3,0.5017056530214424,0.1916857510805129,-0.00462962962962965,-0.002738260950737398
blood_transfusion,tabpfn_distpfn,observed,0.1,0.1,minority_to_majority,0.5,0.0,0.0,0.0,0.5011158057899535,0.034752229876074,0.4318181818181818,0.0,0.0,0.0,0.0,0.0,0.711582196231319,0.0191638595360758,0.1878353828244908,0.0099425197286985,0.615139565532675,0.0324594991511702,0.1496760497617113,0.0159984026531593,0.1071428571428571,3,0.5,0.1882196714480717,0.0,0.0003842886235808918
blood_transfusion,tabpfn_distpfn,observed,0.1,0.2,majority_to_minority,0.5017056530214424,0.0029542776932217,0.0092592592592592,0.0160375074774895,0.4734804469681601,0.0600039646768189,0.4394653877412498,0.0132453491946954,0.1111111111111111,0.1924500897298752,0.0092592592592592,0.0160375074774895,0.7207602339181287,0.0176303673169408,0.1809139940868935,0.0052653176819807,0.5640684688574256,0.0241719878032931,0.1278099148692129,0.0230204342198844,0.2,3,0.503167641325536,0.1791448642810185,-0.0014619883040936088,-0.001769129805874986
blood_transfusion,tabpfn_distpfn,observed,0.1,0.2,minority_to_majority,0.5,0.0,0.0,0.0,0.5058938296276548,0.0367405604576692,0.4318181818181818,0.0,0.0,0.0,0.0,0.0,0.7205977907732294,0.012502121397123,0.199794743793385,0.0140726473490229,0.6746061185980884,0.022469120122993,0.1725017702967529,0.0207475431330313,0.2142857142857142,3,0.5,0.1975078036387761,0.0,-0.0022869401546088963
blood_transfusion,tabpfn_distpfn,observed,0.1,0.3,majority_to_minority,0.5,0.0,0.0,0.0,0.4747575562754129,0.1028321958172102,0.4318181818181818,0.0,0.0,0.0,0.0,0.0,0.7121507472384665,0.050284501154989,0.1823496636157313,0.0063719425788633,0.5593418999356982,0.0162349649739768,0.1118036539609183,0.0168839212756408,0.3,3,0.5,0.1807545473178227,0.0,-0.0015951162979085942
blood_transfusion,tabpfn_distpfn,observed,0.1,0.3,minority_to_majority,0.5,0.0,0.0,0.0,0.4449045904973618,0.0504874441693989,0.4318181818181818,0.0,0.0,0.0,0.0,0.0,0.7118258609486681,0.0212800132310208,0.1989516915667752,0.0091751056153255,0.6783222185356378,0.0401420787135802,0.1732468505065239,0.0150909929145765,0.2857142857142857,3,0.5,0.1988189866145451,0.0,-0.00013270495223008383
blood_transfusion,tabpfn_distpfn,observed,0.2,0.0,clean,0.5416666666666666,0.0240562612162344,0.0833333333333333,0.0481125224324688,0.5031138986048783,0.0428524661467755,0.5125326083983199,0.0429315217414694,1.0,0.0,0.0833333333333333,0.0481125224324688,0.7245776478232617,0.0170087456052833,0.1646223522684402,0.0105102581187082,0.5202361682747051,0.03046399984364,0.0701106419157899,0.0344389347041138,0.0,3,0.5465399610136452,0.1621799667676289,-0.004873294346978585,-0.0024423855008112727
blood_transfusion,tabpfn_distpfn,observed,0.2,0.05,majority_to_minority,0.5701754385964912,0.0220149420268649,0.1666666666666666,0.0734930919740164,0.5308299666167146,0.018882456349087,0.5651383543516638,0.0360276461726817,0.7319444444444444,0.1476866364726091,0.1666666666666666,0.0734930919740164,0.737248213125406,0.00983779008271,0.157776264444602,0.0022250128028939,0.5065237182274628,0.0199550014408593,0.0645203548004034,0.0189020789748676,0.05,3,0.5640838206627681,0.1562318851550419,0.006091617933723148,-0.0015443792895600827
blood_transfusion,tabpfn_distpfn,observed,0.2,0.05,minority_to_majority,0.5309454191033138,0.0272174689057617,0.0648148148148148,0.0578240555407259,0.5115518523374402,0.0612319192579081,0.4931257599466178,0.0540413472655937,0.6,0.5291502622129182,0.0648148148148148,0.0578240555407259,0.7253086419753086,0.0212199421735722,0.1659771992733673,0.0100085218732958,0.5202890895673286,0.0279872266178054,0.0899239176117279,0.0312571592070222,0.0526315789473684,3,0.5387426900584795,0.1636358499526977,-0.007797270955165692,-0.0023413493206695946
blood_transfusion,tabpfn_distpfn,observed,0.2,0.1,majority_to_minority,0.5577485380116959,0.0514455798535465,0.1388888888888888,0.1272937693043288,0.5220918736994776,0.0259038511686392,0.5386291153920495,0.094268843845754,0.45,0.3968626966596886,0.1388888888888888,0.1272937693043288,0.7348115659519169,0.010428119262328,0.1583703879133863,0.0071034027130716,0.4901546090644708,0.0145900948612648,0.0606567874174348,0.0116674153652958,0.0952380952380951,3,0.5655458089668616,0.1570837944746017,-0.007797270955165692,-0.0012865934387846223
blood_transfusion,tabpfn_distpfn,observed,0.2,0.1,minority_to_majority,0.5355750487329435,0.0616177918871968,0.074074074074074,0.1283000598199168,0.5295284344755485,0.0249360655843857,0.4948504654387007,0.1091751177478303,0.2962962962962963,0.5132002392796673,0.074074074074074,0.1283000598199168,0.7366796621182585,0.0132972266383444,0.1654561790437442,0.0074046265726898,0.5261413191007347,0.0049673914667217,0.1046542367172134,0.0159230129773209,0.1052631578947368,3,0.540204678362573,0.1625090241432189,-0.004629629629629539,-0.0029471549005253006
blood_transfusion,tabpfn_distpfn,observed,0.2,0.2,majority_to_minority,0.5670077972709552,0.0329623519943194,0.1574074074074074,0.0848625128695526,0.4815898204039009,0.102444528448219,0.5593047839335717,0.0523573997601635,0.7333333333333334,0.2309401076758503,0.1574074074074074,0.0848625128695526,0.692738791423002,0.0535343361937794,0.16409225876036,0.0101873480184683,0.5087054196830928,0.0213377294524443,0.0694187407472138,0.0032712252674708,0.1971830985915491,3,0.563840155945419,0.1636083672444025,0.0031676413255361524,-0.00048389151595748525
blood_transfusion,tabpfn_distpfn,observed,0.2,0.2,minority_to_majority,0.5063352826510722,0.0190806744156451,0.0185185185185185,0.0320750149549791,0.4939749143312676,0.0403452716625766,0.4490150602042928,0.0336120819055888,0.3333333333333333,0.5773502691896258,0.0185185185185185,0.0320750149549791,0.7119883040935672,0.0481672515688821,0.1714425462961531,0.0036174064016965,0.5324353599494355,0.0056220667097808,0.1078043553747956,0.0079701995747635,0.1929824561403508,3,0.5063352826510722,0.1698518196741739,0.0,-0.0015907266219792049
blood_transfusion,tabpfn_distpfn,observed,0.2,0.3,majority_to_minority,0.5326510721247564,0.0160375074774896,0.074074074074074,0.0320750149549792,0.4547268448796032,0.0395044259114032,0.5007729658696858,0.0286493726589406,0.7111111111111111,0.0769800358919501,0.074074074074074,0.0320750149549792,0.6744639376218324,0.0261383652341422,0.1680651916268071,0.003182006590713,0.5147831837807139,0.0086705848211206,0.0666964641204369,0.0078149159310363,0.2962962962962963,3,0.5543372319688109,0.168341706196467,-0.02168615984405453,0.0002765145696598803
blood_transfusion,tabpfn_distpfn,observed,0.2,0.3,minority_to_majority,0.5,0.0,0.0,0.0,0.5301375394009279,0.0406119521679526,0.4318181818181818,0.0,0.0,0.0,0.0,0.0,0.7478882391163092,0.028812859139362,0.1793178211983969,0.0021710564701369,0.5605480989410964,0.0192151664106821,0.1271644796118269,0.0089754959293356,0.2982456140350877,3,0.5,0.1749254614114761,0.0,-0.004392359786920791
blood_transfusion,tabpfn_distpfn,observed,0.5,0.0,clean,0.675682261208577,0.0309904738705353,0.5555555555555556,0.1272937693043289,0.5382189343969238,0.0184621469675232,0.6584120973385413,0.0325659379284035,0.4696735062588721,0.063382296707164,0.5648148148148149,0.1398117488013101,0.7369233268356075,0.0061815166347932,0.1887342528799562,0.0192999114281809,0.5613182934385949,0.046936831558406,0.1781231473858104,0.042267019978538,0.0,3,0.6790935672514621,0.2061858226855595,-0.003411306042885087,0.01745156980560328
blood_transfusion,tabpfn_distpfn,observed,0.5,0.05,majority_to_minority,0.6917641325536062,0.0044664480457659,0.6364522417153996,0.0042203967046025,0.5340916293522986,0.0454185504545725,0.6503428475683867,0.0215520048908025,0.425415668044631,0.0307423290512528,0.6759259259259259,0.0641500299099584,0.748619233268356,0.0086409408930622,0.1957274962161461,0.0135887073791947,0.5733763219661412,0.0311944164680877,0.1943731296122478,0.027125425778312,0.0469798657718119,3,0.6749512670565302,0.2154968082904815,0.016812865497076057,0.01976931207433541
blood_transfusion,tabpfn_distpfn,observed,0.5,0.05,minority_to_majority,0.6851851851851851,0.0088124470370492,0.5370370370370371,0.0320750149549792,0.5285006470140327,0.0274437801880535,0.6810863818406956,0.0139951983069552,0.5077971124482752,0.0404040242414383,0.5370370370370371,0.0320750149549792,0.7431773879142299,0.0086088161924607,0.1762321013455095,0.0065301824550183,0.5308480214987944,0.0176514160934794,0.1450491935652422,0.0101514539663296,0.0492957746478872,3,0.6939571150097467,0.1925603002309799,-0.008771929824561542,0.01632819888547038
blood_transfusion,tabpfn_distpfn,observed,0.5,0.1,majority_to_minority,0.6864035087719298,0.0230813646255072,0.5921052631578947,0.0359006700520721,0.5607082866414598,0.0051073477213105,0.6379045540117575,0.0611331221693845,0.426596279537456,0.0975808210769884,0.6944444444444445,0.1001542020962219,0.7515432098765432,0.0073183972104207,0.2064188474086773,0.0169003459556725,0.6000498593509703,0.0342935174321511,0.2247205316051211,0.0260288858635129,0.1012658227848101,3,0.6639863547758286,0.2282759348551432,0.022417153996101225,0.02185708744646589
blood_transfusion,tabpfn_distpfn,observed,0.5,0.1,minority_to_majority,0.6544834307992203,0.0229342741024173,0.4814814814814814,0.080187537387448,0.5210738836251403,0.0218723525021398,0.6520943949043723,0.023382443195382,0.477187332259796,0.0563165995636,0.4814814814814814,0.080187537387448,0.7294509421702404,0.0194605345186927,0.1725059833952273,0.0121416304962579,0.5235359119805681,0.030020705952968,0.1310790832342173,0.023166116025946,0.0985915492957745,3,0.6559454191033138,0.1858682483434677,-0.0014619883040934978,0.013362264948240415
blood_transfusion,tabpfn_distpfn,observed,0.5,0.2,majority_to_minority,0.6186647173489278,0.0073947324100846,0.4502923976608186,0.074604390772942,0.5354595895670621,0.0247640673692448,0.518397247599285,0.0265692601675591,0.3120143745143744,0.0087513700907828,0.7870370370370371,0.0801875373874481,0.7248213125406108,0.0215234485130471,0.2618567249071558,0.0118296962804027,0.7243508369461212,0.0216109799955403,0.3119774038923857,0.0174319678335666,0.2022471910112359,3,0.6142787524366472,0.2855369349320729,0.004385964912280604,0.023680210024917103
blood_transfusion,tabpfn_distpfn,observed,0.5,0.2,minority_to_majority,0.6413255360623782,0.0287823629240141,0.3703703703703704,0.080187537387448,0.5283135275372328,0.0399452215259584,0.655020401298389,0.0288712164806669,0.5735713088654265,0.0165956949223548,0.3703703703703704,0.080187537387448,0.7456140350877193,0.0125877060914789,0.1633188759058007,0.0070720313218322,0.5035820952259397,0.0194180143557572,0.0910803028976128,0.0364155659475588,0.1971830985915491,3,0.6720272904483431,0.1712711453437805,-0.030701754385964897,0.007952269437979803
blood_transfusion,tabpfn_distpfn,observed,0.5,0.3,majority_to_minority,0.5185185185185185,0.0179701696564252,0.0555555555555555,0.0483120223446149,0.4536155004229878,0.0470107980678355,0.2484026925298988,0.0468415217652552,0.2472801451883409,0.0072685614253296,0.9814814814814816,0.0160375074774896,0.6948505523066926,0.0252220447192864,0.3787500103727413,0.0303464864947745,1.0092049084233288,0.0980672141998648,0.4599926643434897,0.0310928375177878,0.3004926108374384,3,0.5097465886939571,0.3855076730251312,0.00877192982456143,0.0067576626523899175
blood_transfusion,tabpfn_distpfn,observed,0.5,0.3,minority_to_majority,0.5733430799220273,0.0427511812421645,0.1759259259259259,0.1122625523424272,0.517108646867348,0.0094155636400983,0.5664188083160049,0.0716076175401893,0.7537878787878788,0.2133016397772892,0.1759259259259259,0.1122625523424272,0.7269330734243015,0.0089547474282698,0.1598870493010003,0.0045119209348357,0.4955331056336589,0.0185649959410106,0.0672450397709931,0.0322123607092141,0.3028169014084507,3,0.6033138401559454,0.1630256175994872,-0.029970760233918092,0.0031385682984868823
blood_transfusion,tabpfn_distpfn,oracle,0.05,0.0,clean,0.5,0.0,0.0,0.0,0.4556961366792397,0.0281819737459024,0.4318181818181818,0.0,0.0,0.0,0.0,0.0,0.7230344379467186,0.0132972266383445,0.2085056204350069,0.0087276520014414,0.7580833397218142,0.0128260389313458,0.1918589204208224,0.0099801151625077,0.0,3,0.5,0.2082477062940597,0.0,-0.00025791414094719634
blood_transfusion,tabpfn_distpfn,oracle,0.05,0.05,majority_to_minority,0.5,0.0,0.0,0.0,0.4425719902386282,0.0761789449643513,0.4318181818181818,0.0,0.0,0.0,0.0,0.0,0.6876218323586745,0.0395876435417644,0.2178235448874327,0.0059908102735876,0.7677844665615323,0.047298927171875,0.1987998921575591,0.0079767733453601,0.0666666666666666,3,0.5,0.2165270100037256,0.0,-0.0012965348837070956
blood_transfusion,tabpfn_distpfn,oracle,0.05,0.05,minority_to_majority,0.5,0.0,0.0,0.0,0.4526646091067485,0.0406785208556187,0.4318181818181818,0.0,0.0,0.0,0.0,0.0,0.7116634178037687,0.0071376850569595,0.2209072225811907,0.0043630655761118,0.8234220342335691,0.029713800280564,0.2079029793973868,0.0029306965587119,0.0714285714285714,3,0.5,0.2169207682212194,0.0,-0.003986454359971303
blood_transfusion,tabpfn_distpfn,oracle,0.05,0.1,majority_to_minority,0.4985380116959064,0.0025322380227615,0.0,0.0,0.4211416468510866,0.0101460957179869,0.4310980527710565,0.001247300097627,0.0,0.0,0.0,0.0,0.6875406107862249,0.0253195469324312,0.209631507459683,0.0054900983797605,0.7123612077449115,0.042335344358132,0.1876781824580566,0.0101464970856174,0.125,3,0.5,0.210944245258967,-0.0014619883040936088,0.0013127377992839806
blood_transfusion,tabpfn_distpfn,oracle,0.05,0.1,minority_to_majority,0.5,0.0,0.0,0.0,0.4985942792292642,0.0208827357935243,0.4318181818181818,0.0,0.0,0.0,0.0,0.0,0.7067089018843404,0.0115067636805449,0.2182348962248645,0.0030246934097391,0.7925693178847278,0.0244244586901909,0.2046493447957091,0.0039238182633728,0.0714285714285714,3,0.5,0.2147911339998245,0.0,-0.0034437622250400035
blood_transfusion,tabpfn_distpfn,oracle,0.05,0.2,majority_to_minority,0.5,0.0,0.0,0.0,0.447651822757453,0.1172233803163589,0.4318181818181818,0.0,0.0,0.0,0.0,0.0,0.6884340480831709,0.0710378076526702,0.2083213116501379,0.0043119190719757,0.6841537586022595,0.024370497031258,0.1803080618007071,0.004440071703,0.2222222222222222,3,0.5,0.2110597838958104,0.0,0.002738472245672502
blood_transfusion,tabpfn_distpfn,oracle,0.05,0.2,minority_to_majority,0.5,0.0,0.0,0.0,0.3904907584833813,0.0804205592810861,0.4318181818181818,0.0,0.0,0.0,0.0,0.0,0.6691845354126057,0.0794296836356959,0.2238209217581327,0.0058754619748786,0.8798978646667738,0.0626706773778118,0.2139623371637985,0.0053623950676048,0.2142857142857142,3,0.5,0.2187437663475672,0.0,-0.005077155410565498
blood_transfusion,tabpfn_distpfn,oracle,0.05,0.3,majority_to_minority,0.5,0.0,0.0,0.0,0.4799809778642707,0.0407388863100955,0.4318181818181818,0.0,0.0,0.0,0.0,0.0,0.7315627030539312,0.0304250145301029,0.1893946471803603,0.0023380338851644,0.602028789972768,0.0171258112659532,0.1509523254541369,0.0029648324036854,0.3,3,0.5,0.1992294043302535,0.0,0.00983475714989318
blood_transfusion,tabpfn_distpfn,oracle,0.05,0.3,minority_to_majority,0.5,0.0,0.0,0.0,0.4250035079217889,0.0930852283083981,0.4318181818181818,0.0,0.0,0.0,0.0,0.0,0.6935510071474984,0.0415368542961969,0.2306236343072626,0.001213271797849,0.9607476730726516,0.0257154441218065,0.2224899656303417,0.0012345031061774,0.2857142857142857,3,0.5,0.2246499905983606,0.0,-0.005973643708901993
blood_transfusion,tabpfn_distpfn,oracle,0.1,0.0,clean,0.5,0.0,0.0,0.0,0.485857121797845,0.065358227650473,0.4318181818181818,0.0,0.0,0.0,0.0,0.0,0.7349740090968161,0.0371759087042016,0.1868673457170962,0.0024499704381133,0.5996897198066851,0.0097542600880782,0.1531579791851711,0.0113550224708475,0.0,3,0.5,0.185719405611356,0.0,-0.0011479401057402083
blood_transfusion,tabpfn_distpfn,oracle,0.1,0.05,majority_to_minority,0.5,0.0,0.0,0.0,0.486472680519509,0.071769705093687,0.4318181818181818,0.0,0.0,0.0,0.0,0.0,0.7119883040935672,0.0345473693235145,0.1930978955932635,0.0041259345858148,0.6206496080779498,0.0430044037057961,0.1556274093284891,0.0133481216796352,0.0344827586206896,3,0.4985380116959064,0.1909149487813313,0.0014619883040936088,-0.002182946811932207
blood_transfusion,tabpfn_distpfn,oracle,0.1,0.05,minority_to_majority,0.5,0.0,0.0,0.0,0.4416434263551296,0.0746783116576125,0.4318181818181818,0.0,0.0,0.0,0.0,0.0,0.6921702404158544,0.0511516510679693,0.197958818533204,0.008807918565824,0.6392088240630147,0.0496866547373195,0.1630227238906191,0.0167933609465283,0.0357142857142857,3,0.5,0.193799873193105,0.0,-0.004158945340099002
blood_transfusion,tabpfn_distpfn,oracle,0.1,0.1,majority_to_minority,0.5017056530214424,0.0114262905338141,0.0092592592592592,0.0160375074774895,0.437029778970996,0.0752699772741553,0.4399287336404568,0.0179356595616445,0.3333333333333333,0.5773502691896258,0.0092592592592592,0.0160375074774895,0.7176738141650422,0.033129068722671,0.1912207261416544,0.0137284110986505,0.5962413451643376,0.0489111122817514,0.1465409691869603,0.0203321009295346,0.096774193548387,3,0.5017056530214424,0.1916857510805129,0.0,0.00046502493885849927
blood_transfusion,tabpfn_distpfn,oracle,0.1,0.1,minority_to_majority,0.5,0.0,0.0,0.0,0.5011158057899535,0.034752229876074,0.4318181818181818,0.0,0.0,0.0,0.0,0.0,0.711582196231319,0.0191638595360758,0.19159391957597,0.0096853010720968,0.6344211491313362,0.0342766587916334,0.1587460413528275,0.0147220634748151,0.1071428571428571,3,0.5,0.1882196714480717,0.0,-0.0033742481278982994
blood_transfusion,tabpfn_distpfn,oracle,0.1,0.2,majority_to_minority,0.5065789473684211,0.0113950711024268,0.0277777777777777,0.0481125224324687,0.4734804469681601,0.0600039646768189,0.452533143939394,0.0358793668708041,0.125,0.2165063509461096,0.0277777777777777,0.0481125224324687,0.7207602339181287,0.0176303673169408,0.1738537016359356,0.0038335198937887,0.5361295724147742,0.0171271378476137,0.1052982764702127,0.0226630274347738,0.2,3,0.503167641325536,0.1791448642810185,0.003411306042885087,0.005291162645082892
blood_transfusion,tabpfn_distpfn,oracle,0.1,0.2,minority_to_majority,0.5,0.0,0.0,0.0,0.5058938296276548,0.0367405604576692,0.4318181818181818,0.0,0.0,0.0,0.0,0.0,0.7205977907732294,0.012502121397123,0.2065019847696823,0.0132832402731021,0.7221111443986681,0.0275233938317746,0.1864593277830935,0.0176800822675478,0.2142857142857142,3,0.5,0.1975078036387761,0.0,-0.008994181130906193
blood_transfusion,tabpfn_distpfn,oracle,0.1,0.3,majority_to_minority,0.5,0.0,0.0,0.0,0.4747575562754129,0.1028321958172102,0.4318181818181818,0.0,0.0,0.0,0.0,0.0,0.7121507472384665,0.050284501154989,0.1718199224965451,0.0061998623529331,0.5245646320148332,0.0171901309386845,0.0745261691368625,0.0141113280890831,0.3,3,0.5,0.1807545473178227,0.0,0.008934624821277604
blood_transfusion,tabpfn_distpfn,oracle,0.1,0.3,minority_to_majority,0.5,0.0,0.0,0.0,0.4449045904973618,0.0504874441693989,0.4318181818181818,0.0,0.0,0.0,0.0,0.0,0.7118258609486681,0.0212800132310208,0.2084478448234565,0.0076494632563179,0.7446226399700399,0.0439883967897165,0.1911514956867898,0.0126697703801071,0.2857142857142857,3,0.5,0.1988189866145451,0.0,-0.009628858208911378
blood_transfusion,tabpfn_distpfn,oracle,0.2,0.0,clean,0.5416666666666666,0.0240562612162344,0.0833333333333333,0.0481125224324688,0.5031138986048783,0.0428524661467755,0.5125326083983199,0.0429315217414694,1.0,0.0,0.0833333333333333,0.0481125224324688,0.7245776478232617,0.0170087456052833,0.1646223522684402,0.0105102581187082,0.5202361682747051,0.03046399984364,0.0701106419157899,0.0344389347041138,0.0,3,0.5465399610136452,0.1621799667676289,-0.004873294346978585,-0.0024423855008112727
blood_transfusion,tabpfn_distpfn,oracle,0.2,0.05,majority_to_minority,0.5765107212475633,0.0198358645116318,0.1851851851851852,0.080187537387448,0.5308299666167146,0.018882456349087,0.5748179469109701,0.0308059642273735,0.7309941520467836,0.1772566615933062,0.1851851851851852,0.080187537387448,0.737248213125406,0.00983779008271,0.1571291452498633,0.002789708749618,0.5037461562312925,0.0209845551606721,0.0605872457127886,0.008642938129465,0.05,3,0.5640838206627681,0.1562318851550419,0.01242690058479523,-0.0008972600948213838
blood_transfusion,tabpfn_distpfn,oracle,0.2,0.05,minority_to_majority,0.5263157894736842,0.0228954090107687,0.0555555555555555,0.0481125224324687,0.5115518523374402,0.0612319192579081,0.4850460841840152,0.0461420392851879,0.5833333333333334,0.5204164998665332,0.0555555555555555,0.0481125224324687,0.7253086419753086,0.0212199421735722,0.1675184444995792,0.0101847457852791,0.525826672532257,0.0295293645908347,0.091613080010409,0.0241870966039953,0.0526315789473684,3,0.5387426900584795,0.1636358499526977,-0.012426900584795342,-0.0038825945468815015
blood_transfusion,tabpfn_distpfn,oracle,0.2,0.1,majority_to_minority,0.5672514619883041,0.061979510851554,0.1666666666666666,0.1546601211897228,0.5220918736994776,0.0259038511686392,0.5514000046745999,0.107142790659359,0.4158249158249158,0.3603362221224867,0.1666666666666666,0.1546601211897228,0.7348115659519169,0.010428119262328,0.1572373571512145,0.0055071269745885,0.4865124521049012,0.0114926896454757,0.056399717453169,0.0042576072733693,0.0952380952380951,3,0.5655458089668616,0.1570837944746017,0.0017056530214425436,-0.0001535626766128173
blood_transfusion,tabpfn_distpfn,oracle,0.2,0.1,minority_to_majority,0.5309454191033138,0.053599038148452,0.0648148148148148,0.1122625523424272,0.5295284344755485,0.0249360655843857,0.4880445075757575,0.0973868529350398,0.2916666666666667,0.5051814855409226,0.0648148148148148,0.1122625523424272,0.7366796621182585,0.0132972266383444,0.1688798153270938,0.0082387352460858,0.5394345429770026,0.0083818567557067,0.1131642917615097,0.0167713096347621,0.1052631578947368,3,0.540204678362573,0.1625090241432189,-0.00925925925925919,-0.006370791183874902
blood_transfusion,tabpfn_distpfn,oracle,0.2,0.2,majority_to_minority,0.6130604288499025,0.0494723391399603,0.2962962962962963,0.1425444844290801,0.4815898204039009,0.102444528448219,0.6194825904528601,0.0625763102710822,0.5912734422262553,0.0641979780975079,0.2962962962962963,0.1425444844290801,0.692738791423002,0.0535343361937794,0.1666784741553096,0.0081831772088566,0.5119321026045368,0.0147038649124881,0.0822543512644315,0.0020780995375783,0.1971830985915491,3,0.563840155945419,0.1636083672444025,0.0492202729044835,-0.003070106910907089
blood_transfusion,tabpfn_distpfn,oracle,0.2,0.2,minority_to_majority,0.5,0.0,0.0,0.0,0.4939749143312676,0.0403452716625766,0.4318181818181818,0.0,0.0,0.0,0.0,0.0,0.7119883040935672,0.0481672515688821,0.1786645745193568,0.0032663324441105,0.5594861382927575,0.0023276719840395,0.1200783367307184,0.017130290402422,0.1929824561403508,3,0.5063352826510722,0.1698518196741739,-0.006335282651072194,-0.008812754845182902
blood_transfusion,tabpfn_distpfn,oracle,0.2,0.3,majority_to_minority,0.5935672514619883,0.0264373411111478,0.2777777777777777,0.0962250448649376,0.4547268448796032,0.0395044259114032,0.5990118695544069,0.0337908226734996,0.5167701863354037,0.0858222382579671,0.2777777777777777,0.0962250448649376,0.6744639376218324,0.0261383652341422,0.1796688180638395,0.0053925838155965,0.5416716001494574,0.016681267356776,0.1139288959225606,0.0294787665441263,0.2962962962962963,3,0.5543372319688109,0.168341706196467,0.03923001949317739,-0.011327111867372508
blood_transfusion,tabpfn_distpfn,oracle,0.2,0.3,minority_to_majority,0.5,0.0,0.0,0.0,0.5301375394009279,0.0406119521679526,0.4318181818181818,0.0,0.0,0.0,0.0,0.0,0.7478882391163092,0.028812859139362,0.1932999777801815,0.0021910644171013,0.6225092575144652,0.0187605939860357,0.1616953466489471,0.0068792589545059,0.2982456140350877,3,0.5,0.1749254614114761,0.0,-0.01837451636870538
blood_transfusion,tabpfn_distpfn,oracle,0.5,0.0,clean,0.675682261208577,0.0309904738705353,0.5555555555555556,0.1272937693043289,0.5382189343969238,0.0184621469675232,0.6584120973385413,0.0325659379284035,0.4696735062588721,0.063382296707164,0.5648148148148149,0.1398117488013101,0.7369233268356075,0.0061815166347932,0.1887342528799562,0.0192999114281809,0.5613182934385949,0.046936831558406,0.1781231473858104,0.042267019978538,0.0,3,0.6790935672514621,0.2061858226855595,-0.003411306042885087,0.01745156980560328
blood_transfusion,tabpfn_distpfn,oracle,0.5,0.05,majority_to_minority,0.6868908382066277,0.0202754815426069,0.6252436647173489,0.0412045610602884,0.5340916293522986,0.0454185504545725,0.6327501287268213,0.036146710968355,0.4037995337995337,0.0414081881106873,0.7129629629629629,0.0641500299099584,0.748619233268356,0.0086409408930622,0.2043168126141228,0.0148059511496525,0.5927739917296228,0.0334415003853462,0.2084418399484086,0.0262017537410377,0.0469798657718119,3,0.6749512670565302,0.2154968082904815,0.011939571150097472,0.011179995676358717
blood_transfusion,tabpfn_distpfn,oracle,0.5,0.05,minority_to_majority,0.6783625730994153,0.0357216132247679,0.5,0.0962250448649376,0.5285006470140327,0.0274437801880535,0.6795189422446587,0.0276681038558735,0.5239598572931906,0.0146391977220522,0.5,0.0962250448649376,0.7431773879142299,0.0086088161924607,0.1708012121105916,0.005752417186052,0.5189025750200321,0.0162675930303935,0.1186343517437518,0.0188718114398805,0.0492957746478872,3,0.6939571150097467,0.1925603002309799,-0.015594541910331383,0.021759088120388292
blood_transfusion,tabpfn_distpfn,oracle,0.5,0.1,majority_to_minority,0.6686159844054581,0.0262480175623689,0.5818713450292398,0.0833717978326505,0.5607082866414598,0.0051073477213105,0.600091135536661,0.0497712046800389,0.3729618163054695,0.0459888684506185,0.7407407407407408,0.0641500299099584,0.7515432098765432,0.0073183972104207,0.2307984574552787,0.0197461716046956,0.6554811253989079,0.039922180568797,0.2703728627308251,0.0253130240953005,0.1012658227848101,3,0.6639863547758286,0.2282759348551432,0.004629629629629539,-0.002522522600135496
blood_transfusion,tabpfn_distpfn,oracle,0.5,0.1,minority_to_majority,0.6403508771929824,0.0196282479270431,0.3888888888888889,0.0734930919740163,0.5210738836251403,0.0218723525021398,0.6509006912233041,0.0159718068800012,0.538220551378446,0.0395333121662841,0.3888888888888889,0.0734930919740163,0.7294509421702404,0.0194605345186927,0.164228925490432,0.0096999036270913,0.5052873262075148,0.0258590080266602,0.0901800115703696,0.0325359702695994,0.0985915492957745,3,0.6559454191033138,0.1858682483434677,-0.015594541910331383,0.021639322853035714
blood_transfusion,tabpfn_distpfn,oracle,0.5,0.2,majority_to_minority,0.5823586744639376,0.0163509737522491,0.2573099415204677,0.0441510785688348,0.5354595895670621,0.0247640673692448,0.4124760898913882,0.0317054901232512,0.2786860835641323,0.0091853950140651,0.9074074074074074,0.0160375074774896,0.7248213125406108,0.0215234485130471,0.340682065613028,0.0134086509707422,0.913644464459091,0.0287080960485633,0.4187406176829244,0.0151618257519922,0.2022471910112359,3,0.6142787524366472,0.2855369349320729,-0.03192007797270957,-0.05514513068095511
blood_transfusion,tabpfn_distpfn,oracle,0.5,0.2,minority_to_majority,0.5355750487329435,0.0297141105440324,0.074074074074074,0.0578240555407259,0.5283135275372328,0.0399452215259584,0.502275001864074,0.0531576770148171,0.8888888888888888,0.1924500897298753,0.074074074074074,0.0578240555407259,0.7456140350877193,0.0125877060914789,0.1574974823424893,0.0027674505876823,0.4892732272897489,0.0090257619770825,0.0608215612562254,0.0211637118103317,0.1971830985915491,3,0.6720272904483431,0.1712711453437805,-0.1364522417153996,0.013773663001291181
blood_transfusion,tabpfn_distpfn,oracle,0.5,0.3,majority_to_minority,0.5,0.0,0.0,0.0,0.4536155004229878,0.0470107980678355,0.1935483870967741,0.0,0.24,0.0,1.0,0.0,0.6948505523066926,0.0252220447192864,0.5373906881858673,0.0198273803318939,1.503730110368875,0.119172447017408,0.6061134769513908,0.0159744481536087,0.3004926108374384,3,0.5097465886939571,0.3855076730251312,-0.009746588693957059,-0.1518830151607361
blood_transfusion,tabpfn_distpfn,oracle,0.5,0.3,minority_to_majority,0.5309454191033138,0.0283144272937549,0.0648148148148148,0.0578240555407259,0.517108646867348,0.0094155636400983,0.4932983682983683,0.055162352607171,0.5833333333333334,0.5204164998665332,0.0648148148148148,0.0578240555407259,0.7269330734243015,0.0089547474282698,0.1651632074806469,0.0067088230277333,0.5123858524157684,0.0154594816559017,0.0792491861881629,0.016132085512259,0.3028169014084507,3,0.6033138401559454,0.1630256175994872,-0.07236842105263153,-0.002137589881159696
breast_cancer_wisconsin,tabpfn_distpfn,observed,0.05,0.0,clean,0.9017857142857144,0.0662011929392971,0.8174603174603176,0.135386683406603,0.9864255241759476,0.0024292978834703,0.913590698948854,0.0582843767003665,0.9722455845248108,0.025076621557402,0.8174603174603176,0.135386683406603,0.9908509700176366,0.0006883816135801,0.0557262370228804,0.0397356547469014,0.19758039353029,0.1416493220463373,0.0631960967748011,0.0504763722407311,0.0,3,0.8650793650793651,0.0817788826922575,0.0367063492063493,0.0260526456693771
breast_cancer_wisconsin,tabpfn_distpfn,observed,0.05,0.05,majority_to_minority,0.9629629629629628,0.0158212615263302,0.9444444444444444,0.0363696483726653,0.9932527868036806,0.0034378475822664,0.96524766598296,0.0143958821581051,0.9688076781100036,0.0354648173061855,0.9444444444444444,0.0363696483726653,0.9952601410934746,0.0026729179129148,0.023652851555436,0.0080977850647071,0.0886478868431614,0.0246806052402177,0.0345691783031112,0.0094804995455101,0.0625,3,0.9206349206349206,0.0453219227492809,0.042328042328042215,0.021669071193844903
breast_cancer_wisconsin,tabpfn_distpfn,observed,0.05,0.05,minority_to_majority,0.9470899470899472,0.00953276144537,0.9126984126984128,0.0137464349807054,0.9879285192029952,0.0088793447334846,0.952302271549828,0.0095234007942236,0.9664529914529916,0.0142523129450019,0.9126984126984128,0.0137464349807054,0.9911816578483248,0.0078278310306795,0.0342449392528605,0.0088554201518033,0.1244605447583426,0.0471865207489922,0.0415308523730135,0.0049899492175908,0.0666666666666666,3,0.8888888888888888,0.0647906114657719,0.058201058201058364,0.030545672212911407
breast_cancer_wisconsin,tabpfn_distpfn,observed,0.05,0.1,majority_to_minority,0.9464285714285716,0.0097706922636866,0.9206349206349206,0.0137464349807053,0.9897772233799792,0.002142404678116,0.949410065284606,0.0108301960878498,0.9511904761904764,0.0232371682094561,0.9206349206349206,0.0137464349807053,0.9931657848324515,0.001664425580968,0.0318245900120051,0.0030349470843257,0.1121605634293165,0.0114335479857436,0.0495086408269679,0.0069947463320932,0.1176470588235294,3,0.8968253968253969,0.0559780783951282,0.04960317460317476,0.024153488383123103
breast_cancer_wisconsin,tabpfn_distpfn,observed,0.05,0.1,minority_to_majority,0.9080687830687832,0.0547375770285849,0.8253968253968255,0.1174495919599106,0.991840048968944,0.0045354798610671,0.9204693866059264,0.0465270639769355,0.9826810616284302,0.0150024346789493,0.8253968253968255,0.1174495919599106,0.9952601410934744,0.0024819952048496,0.0527219557554026,0.0369864474470399,0.1746339868091015,0.1148521494910561,0.0800616004606805,0.0384103687945479,0.1333333333333333,3,0.7857142857142857,0.1077034100890159,0.12235449735449755,0.0549814543336133
breast_cancer_wisconsin,tabpfn_distpfn,observed,0.05,0.2,majority_to_minority,0.955026455026455,0.038541804985009,0.9285714285714284,0.0476190476190476,0.9902702768467112,0.0104517869630452,0.9588512257909056,0.0393880784914084,0.967479674796748,0.0563268555306951,0.9285714285714284,0.0476190476190476,0.9937169312169312,0.006437805004607,0.0317369507996804,0.0154326369018233,0.1258785549253819,0.0274194665497086,0.0652609440310004,0.0159701530766849,0.2105263157894736,3,0.9007936507936508,0.0549958869814872,0.05423280423280419,0.0232589361818068
breast_cancer_wisconsin,tabpfn_distpfn,observed,0.05,0.2,minority_to_majority,0.8915343915343916,0.0303729166751455,0.8015873015873015,0.0765369108015313,0.9817436377916424,0.0061803703349865,0.904671577859922,0.02347426395101,0.9644381223328592,0.030805701035146,0.8015873015873015,0.0765369108015313,0.9869929453262788,0.0055367585338951,0.0540161103886551,0.0110389041407458,0.1869307728324696,0.0320065288496159,0.0755077104909006,0.0154899065990039,0.2,3,0.7857142857142857,0.1146653046210606,0.10582010582010593,0.0606491942324055
breast_cancer_wisconsin,tabpfn_distpfn,observed,0.05,0.3,majority_to_minority,0.9675925925925926,0.0095327614453699,0.9444444444444444,0.0137464349807054,0.9933316472718056,0.0086645616317279,0.971483190732676,0.009522609899551,0.9835365853658536,0.0142609945896664,0.9444444444444444,0.0137464349807054,0.9937169312169312,0.0089530333139424,0.0258205203049449,0.0045879444596677,0.1210410603952086,0.0074086385909023,0.0793763705767888,0.0274980603203442,0.2857142857142857,3,0.9166666666666666,0.0404864971836407,0.05092592592592593,0.014665976878695804
breast_cancer_wisconsin,tabpfn_distpfn,observed,0.05,0.3,minority_to_majority,0.8650793650793651,0.0727392967453308,0.7301587301587301,0.1454785934906616,0.9781245641882216,0.0052943795903949,0.8831947231947233,0.0682910348309571,1.0,0.0,0.7301587301587301,0.1454785934906616,0.9828042328042328,0.0043243045074808,0.068304720314875,0.0274318663563921,0.2401197129379619,0.0584855813858562,0.093582744766415,0.0307013248658194,0.2666666666666666,3,0.7857142857142857,0.1286982943614323,0.07936507936507942,0.06039357404655729
breast_cancer_wisconsin,tabpfn_distpfn,observed,0.1,0.0,clean,0.9470899470899472,0.0095327614453701,0.9126984126984128,0.0137464349807053,0.990707493041944,0.0032968706228475,0.952302271549828,0.0095234007942236,0.9664529914529916,0.014252312945002,0.9126984126984128,0.0137464349807053,0.9937169312169312,0.002496638371452,0.0308574579569997,0.0052561214540748,0.1207388478583628,0.0221632172393734,0.0370216665753701,0.0095372020089935,0.0,3,0.9285714285714284,0.0401154880722363,0.018518518518518823,0.009258030115236598
breast_cancer_wisconsin,tabpfn_distpfn,observed,0.1,0.05,majority_to_minority,0.958994708994709,0.0193473577728969,0.9365079365079364,0.0363696483726653,0.9907999540288744,0.0074125798491677,0.9619726440535952,0.0166107155810116,0.9672563209148576,0.013918441909019,0.9365079365079364,0.0363696483726653,0.9930555555555556,0.0059523809523809,0.0259168002897225,0.0106530796297744,0.0962841890778122,0.0347023219487408,0.0326654649121284,0.0024778961227515,0.0625,3,0.9421296296296297,0.0367636252194642,0.016865079365079305,0.010846824929741698
breast_cancer_wisconsin,tabpfn_distpfn,observed,0.1,0.05,minority_to_majority,0.9613095238095236,0.0137464349807052,0.9365079365079366,0.0274928699614107,0.987155305543627,0.0097455854114058,0.9650982554207936,0.0112317048807736,0.9751928288513656,0.0007221391734703,0.9365079365079366,0.0274928699614107,0.9905202821869488,0.0079388040476326,0.0329504595237436,0.0109627445077431,0.1207841628582401,0.0477140733515137,0.0466430403218309,0.010411024926118,0.0666666666666666,3,0.90244708994709,0.0505435417095819,0.058862433862433616,0.0175930821858383
breast_cancer_wisconsin,tabpfn_distpfn,observed,0.1,0.1,majority_to_minority,0.9580026455026456,0.0161292968230914,0.9206349206349206,0.0274928699614107,0.9921996831747804,0.005898111659125,0.9648570164049404,0.0147058845668656,0.9914529914529916,0.0148038530561442,0.9206349206349206,0.0274928699614107,0.9942680776014108,0.004633564717148,0.0244052779515314,0.0094780699084577,0.0968971071968844,0.0220097834542748,0.0389753732451601,0.0050357506064797,0.0909090909090909,3,0.9365079365079366,0.0382088938107092,0.021494708994708955,0.013803615859177804
breast_cancer_wisconsin,tabpfn_distpfn,observed,0.1,0.1,minority_to_majority,0.9563492063492064,0.0181848241863327,0.9126984126984128,0.0363696483726654,0.9907339234943964,0.0040605144326693,0.9646726521188626,0.0149467316352545,1.0,0.0,0.9126984126984128,0.0363696483726654,0.9934964726631392,0.0031255394353523,0.0315071881803424,0.0056902871867595,0.120571679423037,0.0233218317254431,0.0461980515905511,0.0079365665094219,0.1,3,0.888888888888889,0.0572985596954822,0.06746031746031744,0.0257913715151398
breast_cancer_wisconsin,tabpfn_distpfn,observed,0.1,0.2,majority_to_minority,0.9636243386243386,0.0119597495502811,0.9365079365079366,0.0274928699614107,0.9947511240494292,0.0067318318323682,0.9682478789227869,0.0110127209586745,0.9841269841269842,0.0274928699614107,0.9365079365079366,0.0274928699614107,0.996141975308642,0.0052529773180968,0.0270937093039277,0.0105410086718319,0.117499960414828,0.0324138245412938,0.0647201170307576,0.020756474021923,0.2105263157894736,3,0.9365079365079364,0.0359322894364595,0.027116402116402205,0.0088385801325318
breast_cancer_wisconsin,tabpfn_distpfn,observed,0.1,0.2,minority_to_majority,0.916005291005291,0.0394877826602592,0.8412698412698413,0.0727392967453308,0.9871329027702525,0.0051704255227726,0.9281372367935308,0.035558805885921,0.9808899808899808,0.0166306245269102,0.8412698412698413,0.0727392967453308,0.9910714285714284,0.0031545608512464,0.0516802878969836,0.0150716127766312,0.1846724672961186,0.0361817203915464,0.0808294374838239,0.0158657538921677,0.2,3,0.8174603174603176,0.0937282666563987,0.09854497354497349,0.04204797875941511
breast_cancer_wisconsin,tabpfn_distpfn,observed,0.1,0.3,majority_to_minority,0.9771825396825397,0.0035769357891507,0.9669312169312168,0.0127561518002551,0.9877763382104916,0.0031143763703647,0.9779899291060136,0.0053066011638972,0.9765596160944998,0.0232580111110306,0.9682539682539684,0.0137464349807053,0.98831569664903,0.0053458358258298,0.0315778972819823,0.0043757516807314,0.1428556749245454,0.0107846443399907,0.0875654852691729,0.016791555925147,0.3023255813953488,3,0.9444444444444444,0.0317670808484156,0.03273809523809523,0.0001891835664332986
breast_cancer_wisconsin,tabpfn_distpfn,observed,0.1,0.3,minority_to_majority,0.8802910052910052,0.0238370651996561,0.7698412698412698,0.049563476177765,0.981906305454722,0.0112211824144488,0.8971351157653005,0.0218548327584944,0.980952380952381,0.0329914439536929,0.7698412698412698,0.049563476177765,0.9871031746031744,0.0082671957671957,0.0647489182546673,0.014848619566063,0.2157060465706801,0.0448917212078571,0.0901903413590112,0.0154550946870185,0.3,3,0.7976190476190476,0.1128943488001823,0.08267195767195767,0.048145430545515
breast_cancer_wisconsin,tabpfn_distpfn,observed,0.2,0.0,clean,0.9699074074074074,0.0178663262688361,0.9444444444444444,0.0363696483726653,0.9953855929655552,0.0030595732202804,0.9745323324986804,0.0147435209372702,0.991869918699187,0.0140817138826738,0.9444444444444444,0.0363696483726653,0.9969135802469138,0.0021001497887188,0.0205329156851854,0.0068048186177233,0.0753746030168978,0.0257330244807968,0.0300278029791089,0.0077660496640202,0.0,3,0.9484126984126984,0.0259269749124844,0.021494708994709066,0.005394059227298999
breast_cancer_wisconsin,tabpfn_distpfn,observed,0.2,0.05,majority_to_minority,0.9801587301587302,0.0137464349807052,0.9603174603174603,0.0274928699614107,0.9981363228871536,0.0017239539721847,0.9841108851178688,0.0111141242620821,1.0,0.0,0.9603174603174603,0.0274928699614107,0.9987874779541448,0.0011613374948029,0.0156564810951356,0.003172099315976,0.0692079925635574,0.0036166814893626,0.041352382669841,0.0120173485162256,0.0476190476190475,3,0.9603174603174603,0.0205714373538891,0.019841269841269882,0.004914956258753499
breast_cancer_wisconsin,tabpfn_distpfn,observed,0.2,0.05,minority_to_majority,0.9460978835978836,0.0220124857680458,0.8968253968253969,0.0363696483726654,0.9880277274449772,0.007261441429699,0.9549900519936848,0.0203295609808998,0.990990990990991,0.0156040613294493,0.8968253968253969,0.0363696483726654,0.9916225749559082,0.0048186712950604,0.0340553052500055,0.0124589953965184,0.1273731769494793,0.0429579450384228,0.0434427124199998,0.0078736273342632,0.05,3,0.9246031746031744,0.0421381170550981,0.021494708994709177,0.008082811805092599
breast_cancer_wisconsin,tabpfn_distpfn,observed,0.2,0.1,majority_to_minority,0.9715608465608464,0.0155071085816048,0.9523809523809524,0.0238095238095238,0.9904661245395622,0.0066543910175345,0.9746738789900432,0.014556501456934,0.9835365853658536,0.0142609945896664,0.9523809523809524,0.0238095238095238,0.9916225749559082,0.0061005705917203,0.0233999592030813,0.0084758218288359,0.1003840905849005,0.0252833386596865,0.0472056994576445,0.0147700851923017,0.1044776119402985,3,0.9642857142857144,0.0241613816469907,0.00727513227513199,0.0007614224439094
breast_cancer_wisconsin,tabpfn_distpfn,observed,0.2,0.1,minority_to_majority,0.9120370370370372,0.018003515329122,0.8333333333333334,0.041239304942116,0.9858916105699214,0.0101068408555884,0.9250332232685174,0.0155776313861972,0.9824561403508772,0.0303868562731381,0.8333333333333334,0.041239304942116,0.990299823633157,0.0071869150408743,0.0485381109825932,0.0078374729003689,0.1662627285633998,0.0234000915877645,0.058684170842717,0.0185583876563588,0.1,3,0.8865740740740741,0.0618885643780231,0.02546296296296313,0.013350453395429902
breast_cancer_wisconsin,tabpfn_distpfn,observed,0.2,0.2,majority_to_minority,0.9629629629629628,0.0109277193398532,0.9431216931216932,0.0346702180478337,0.9923531696871416,0.0054559955986742,0.9652171681583446,0.0057702427621507,0.968623108157992,0.0271788263332594,0.9444444444444444,0.0363696483726653,0.9943783068783068,0.0049382223951945,0.033208114990699,0.0055155661142905,0.1395904254688179,0.0096195219758212,0.0858984264441232,0.0062388304256986,0.2,3,0.9391534391534392,0.0312522016465663,0.023809523809523614,-0.001955913344132698
breast_cancer_wisconsin,tabpfn_distpfn,observed,0.2,0.2,minority_to_majority,0.9064153439153438,0.0343135435386263,0.8174603174603176,0.0765369108015313,0.9828351128687772,0.0091250126264332,0.9208940450023548,0.027566838989143,0.9914529914529916,0.0148038530561442,0.8174603174603176,0.0765369108015313,0.9867724867724867,0.0072525503305096,0.057681640726073,0.0210256662951821,0.2101520668308025,0.057104841008248,0.0923281148904191,0.0191022858651515,0.2,3,0.8650793650793651,0.0759756378829478,0.041335978835978726,0.018293997156874797
breast_cancer_wisconsin,tabpfn_distpfn,observed,0.2,0.3,majority_to_minority,0.9566798941798944,0.0188839835122608,0.9365079365079366,0.0274928699614107,0.9869250115022128,0.006423100750299,0.9589759899109164,0.0197113077264754,0.960077519379845,0.0359588832359503,0.9365079365079366,0.0274928699614107,0.987985008818342,0.0076654932322372,0.0446964769137668,0.011509306289979,0.1855443390626522,0.0279634304092223,0.1201621789397843,0.0088093049011154,0.3023255813953488,3,0.9437830687830688,0.0366801054527361,0.012896825396825573,-0.008016371461030694
breast_cancer_wisconsin,tabpfn_distpfn,observed,0.2,0.3,minority_to_majority,0.861111111111111,0.0382684554007657,0.7222222222222222,0.0765369108015314,0.9870675134403488,0.0051211051707177,0.8812660881501982,0.034920634643759,1.0,0.0,0.7222222222222222,0.0765369108015314,0.9915123456790124,0.0036275314532415,0.0804670290918077,0.0168688714138776,0.2674957292116605,0.0491455502434622,0.1374177310786984,0.0192256657263303,0.3,3,0.8214285714285715,0.1029050971070925,0.03968253968253954,0.022438068015284807
breast_cancer_wisconsin,tabpfn_distpfn,observed,0.5,0.0,clean,0.9659391534391536,0.0122443839825221,0.9365079365079366,0.0274928699614107,0.9967321786498776,0.0018869438280808,0.9713416442413134,0.0097367798618148,0.991869918699187,0.0140817138826737,0.9365079365079366,0.0274928699614107,0.997905643738977,0.0013767632271601,0.0202511774135817,0.0006368838209925,0.0715616322755148,0.0063672375477062,0.0349687076045228,0.0121288154236611,0.0,3,0.9732142857142856,0.0196800356109936,-0.00727513227513199,-0.0005711418025880974
breast_cancer_wisconsin,tabpfn_distpfn,observed,0.5,0.05,majority_to_minority,0.95734126984127,0.0069444444444445,0.9285714285714284,0.0,0.9939838263568036,0.002157009481031,0.9619422215237824,0.0093196694505114,0.9754065040650408,0.0243927844205337,0.9285714285714284,0.0,0.9959215167548502,0.0019092270806536,0.0247668492270485,0.0041165601993856,0.0950510073099836,0.0189334115436087,0.0328370457773085,0.0080888543072397,0.050632911392405,3,0.9623015873015872,0.025820406153798,-0.004960317460317221,0.0010535569267495007
breast_cancer_wisconsin,tabpfn_distpfn,observed,0.5,0.05,minority_to_majority,0.9517195767195769,0.0119597495502813,0.9126984126984128,0.0274928699614107,0.9927810175375033,0.0033735934162344,0.9584971485001956,0.0110807582113416,0.983739837398374,0.0281634277653475,0.9126984126984128,0.0274928699614107,0.9950396825396824,0.0027067965515451,0.0310986797923433,0.0025549656748704,0.1170877572846822,0.0118332615711936,0.0516386710005067,0.006586782356294,0.0533333333333333,3,0.9527116402116405,0.0271708319584528,-0.0009920634920635996,-0.0039278478338905
breast_cancer_wisconsin,tabpfn_distpfn,observed,0.5,0.1,majority_to_minority,0.964616402116402,0.0040093768693723,0.9523809523809524,0.0,0.9926825900783768,0.0044416567458692,0.9653953526201136,0.0053585587183822,0.9601238869531552,0.0134111560787369,0.9523809523809524,0.0,0.9951499118165786,0.0030547633290455,0.0312375020802666,0.0108662299281243,0.1249448229380642,0.0326162276648277,0.0737882464279265,0.0061918517535552,0.1017964071856287,3,0.9517195767195769,0.0386068355292081,0.012896825396825129,0.007369333448941501
breast_cancer_wisconsin,tabpfn_distpfn,observed,0.5,0.1,minority_to_majority,0.9484126984126984,0.0068732174903527,0.8968253968253969,0.0137464349807054,0.9954504812518752,0.0014789142299595,0.9581829599542624,0.005721875797964,1.0,0.0,0.8968253968253969,0.0137464349807054,0.9969135802469136,0.0013767632271601,0.0347511248465222,0.0031289989528885,0.1330309489650481,0.0088927110701994,0.0812569698062368,0.017125687258822,0.1,3,0.9659391534391536,0.0272025869538386,-0.017526455026455223,-0.007548537892683602
breast_cancer_wisconsin,tabpfn_distpfn,observed,0.5,0.2,majority_to_minority,0.9593253968253967,0.0068732174903527,0.9543650793650794,0.0034366087451763,0.9918721794866098,0.0027196047756671,0.956290371542486,0.0055159820664083,0.9307610993657504,0.0009154602577002,0.9603174603174603,0.0137464349807053,0.9949294532627868,0.0016312443327765,0.0511631260694302,0.0032973065506218,0.2020704951350286,0.0067338550213321,0.1327942664150019,0.0039815502415626,0.202127659574468,3,0.9487433862433862,0.0717173342903454,0.010582010582010581,0.020554208220915193
breast_cancer_wisconsin,tabpfn_distpfn,observed,0.5,0.2,minority_to_majority,0.9206349206349206,0.0137464349807054,0.8412698412698413,0.0274928699614107,0.9911673978208438,0.0027804973281617,0.9347098515519568,0.0118274994416984,1.0,0.0,0.8412698412698413,0.0274928699614107,0.9939373897707232,0.0019932915917135,0.0631002298535771,0.0103967000688833,0.2220580021696851,0.0301178044543719,0.1250058681072004,0.0140859659084762,0.2,3,0.9484126984126984,0.0436183921992778,-0.02777777777777779,-0.019481837654299304
breast_cancer_wisconsin,tabpfn_distpfn,observed,0.5,0.3,majority_to_minority,0.9318783068783068,0.0492580586808609,0.8796296296296297,0.0892930626017866,0.9869854874007524,0.009542790430151,0.915577085149491,0.0599055133307167,0.8348940498022732,0.1021566301558941,0.9841269841269842,0.0137464349807054,0.9891975308641976,0.0091184333587448,0.1164337230151356,0.0087614818746061,0.3695228040158697,0.0215875128583421,0.2468286348898573,0.016315423431756,0.2990654205607476,3,0.8948412698412698,0.1528175870577494,0.03703703703703698,0.03638386404261379
breast_cancer_wisconsin,tabpfn_distpfn,observed,0.5,0.3,minority_to_majority,0.876984126984127,0.0068732174903526,0.753968253968254,0.0137464349807053,0.9933474035601528,0.002371666558016,0.8963678210695445,0.0062303234055894,1.0,0.0,0.753968253968254,0.0137464349807053,0.9957010582010584,0.0011923119297169,0.0803005717000621,0.0029094224291953,0.2513259801044981,0.0076826669881937,0.1573870112401749,0.0065705809651597,0.3,3,0.9262566137566138,0.0578731807569662,-0.049272486772486856,-0.022427390943095905
breast_cancer_wisconsin,tabpfn_distpfn,oracle,0.05,0.0,clean,0.9017857142857144,0.0662011929392971,0.8174603174603176,0.135386683406603,0.9864255241759476,0.0024292978834703,0.913590698948854,0.0582843767003665,0.9722455845248108,0.025076621557402,0.8174603174603176,0.135386683406603,0.9908509700176366,0.0006883816135801,0.0557262370228804,0.0397356547469014,0.19758039353029,0.1416493220463373,0.0631960967748011,0.0504763722407311,0.0,3,0.8650793650793651,0.0817788826922575,0.0367063492063493,0.0260526456693771
breast_cancer_wisconsin,tabpfn_distpfn,oracle,0.05,0.05,majority_to_minority,0.9669312169312168,0.0130987449208586,0.9523809523809524,0.0238095238095237,0.9932527868036806,0.0034378475822664,0.9685113037704074,0.01422568224525,0.9688076781100036,0.0354648173061855,0.9523809523809524,0.0238095238095237,0.9952601410934746,0.0026729179129148,0.0236051585451554,0.0081245722700332,0.0886200527624134,0.0247309878961615,0.0378395817826631,0.0127030857586737,0.0625,3,0.9206349206349206,0.0453219227492809,0.04629629629629617,0.0217167642041255
breast_cancer_wisconsin,tabpfn_distpfn,oracle,0.05,0.05,minority_to_majority,0.949404761904762,0.0097706922636866,0.9126984126984128,0.0137464349807054,0.9879285192029952,0.0088793447334846,0.9554214337959742,0.0108748008466116,0.975,0.025,0.9126984126984128,0.0137464349807054,0.9911816578483248,0.0078278310306795,0.0348349416928858,0.0087846328871696,0.1265368412003063,0.0474123791537361,0.0447028127133659,0.0051792539285227,0.0666666666666666,3,0.8888888888888888,0.0647906114657719,0.060515873015873134,0.029955669772886107
breast_cancer_wisconsin,tabpfn_distpfn,oracle,0.05,0.1,majority_to_minority,0.9480820105820106,0.0086675545119583,0.9285714285714284,0.0238095238095238,0.9897772233799792,0.002142404678116,0.949536848504802,0.0057812566971408,0.943817356778219,0.0117805716346325,0.9285714285714284,0.0238095238095238,0.9931657848324515,0.001664425580968,0.0321353294857888,0.0027206109596651,0.1134539622229197,0.0119772904617304,0.0442479873333287,0.0033401878509329,0.1176470588235294,3,0.8968253968253969,0.0559780783951282,0.05125661375661372,0.0238427489093394
breast_cancer_wisconsin,tabpfn_distpfn,oracle,0.05,0.1,minority_to_majority,0.9080687830687832,0.0547375770285849,0.8253968253968255,0.1174495919599106,0.991840048968944,0.0045354798610671,0.9204693866059264,0.0465270639769355,0.9826810616284302,0.0150024346789493,0.8253968253968255,0.1174495919599106,0.9952601410934744,0.0024819952048496,0.0556787201216257,0.0382979564873936,0.1853307286336128,0.1223434827517819,0.0866378170282582,0.0383387098143513,0.1333333333333333,3,0.7857142857142857,0.1077034100890159,0.12235449735449755,0.05202468996739021
breast_cancer_wisconsin,tabpfn_distpfn,oracle,0.05,0.2,majority_to_minority,0.955026455026455,0.038541804985009,0.9285714285714284,0.0476190476190476,0.9902702768467112,0.0104517869630452,0.9588512257909056,0.0393880784914084,0.967479674796748,0.0563268555306951,0.9285714285714284,0.0476190476190476,0.9937169312169312,0.006437805004607,0.0324661623624627,0.0149506369011555,0.1326008310895255,0.0243814801110179,0.0749531500672939,0.01578473437249,0.2105263157894736,3,0.9007936507936508,0.0549958869814872,0.05423280423280419,0.0225297246190245
breast_cancer_wisconsin,tabpfn_distpfn,oracle,0.05,0.2,minority_to_majority,0.8819444444444445,0.021757650991529,0.7777777777777778,0.0549857399228215,0.9817436377916424,0.0061803703349865,0.8975087826081204,0.0173378540725397,0.971957671957672,0.0277815568102118,0.7777777777777778,0.0549857399228215,0.9869929453262788,0.0055367585338951,0.0594439884894943,0.0124758301958339,0.2039725219112794,0.0374700642876926,0.0837339626789399,0.0233646064930835,0.2,3,0.7857142857142857,0.1146653046210606,0.09623015873015883,0.0552213161315663
breast_cancer_wisconsin,tabpfn_distpfn,oracle,0.05,0.3,majority_to_minority,0.9708994708994708,0.0240221436820952,0.9603174603174603,0.0274928699614107,0.9933316472718056,0.0086645616317279,0.9717102674518544,0.0249171099147765,0.9682539682539684,0.0363696483726654,0.9603174603174603,0.0274928699614107,0.9937169312169312,0.0089530333139424,0.0311994162591239,0.0045926564313933,0.1405734667076503,0.0056403815719192,0.095332983733583,0.0230102657755288,0.2857142857142857,3,0.9166666666666666,0.0404864971836407,0.05423280423280419,0.009287080924516803
breast_cancer_wisconsin,tabpfn_distpfn,oracle,0.05,0.3,minority_to_majority,0.8611111111111112,0.0676933417033016,0.7222222222222222,0.135386683406603,0.9781245641882216,0.0052943795903949,0.8798041182147142,0.0640678728797245,1.0,0.0,0.7222222222222222,0.135386683406603,0.9828042328042328,0.0043243045074808,0.0770507773697019,0.0307740374492255,0.2713260190888317,0.0695932171705348,0.1057718549382882,0.0347513172757575,0.2666666666666666,3,0.7857142857142857,0.1286982943614323,0.07539682539682546,0.0516475169917304
breast_cancer_wisconsin,tabpfn_distpfn,oracle,0.1,0.0,clean,0.9470899470899472,0.0095327614453701,0.9126984126984128,0.0137464349807053,0.990707493041944,0.0032968706228475,0.952302271549828,0.0095234007942236,0.9664529914529916,0.014252312945002,0.9126984126984128,0.0137464349807053,0.9937169312169312,0.002496638371452,0.0308574579569997,0.0052561214540748,0.1207388478583628,0.0221632172393734,0.0370216665753701,0.0095372020089935,0.0,3,0.9285714285714284,0.0401154880722363,0.018518518518518823,0.009258030115236598
breast_cancer_wisconsin,tabpfn_distpfn,oracle,0.1,0.05,majority_to_minority,0.958994708994709,0.0193473577728969,0.9365079365079364,0.0363696483726653,0.9907999540288744,0.0074125798491677,0.9619726440535952,0.0166107155810116,0.9672563209148576,0.013918441909019,0.9365079365079364,0.0363696483726653,0.9930555555555556,0.0059523809523809,0.0258327214656619,0.0107518334059513,0.0962622037186854,0.0347480878620873,0.0347128277005859,0.0013816062681514,0.0625,3,0.9421296296296297,0.0367636252194642,0.016865079365079305,0.010930903753802297
breast_cancer_wisconsin,tabpfn_distpfn,oracle,0.1,0.05,minority_to_majority,0.95734126984127,0.0119047619047617,0.9285714285714284,0.0238095238095238,0.987155305543627,0.0097455854114058,0.9618743363219294,0.0097269939346506,0.9749895768188452,0.0006254560107828,0.9285714285714284,0.0238095238095238,0.9905202821869488,0.0079388040476326,0.0332725226167272,0.0113685143394115,0.1220425994504839,0.0491289474341741,0.0480940931888629,0.0177953426155469,0.0666666666666666,3,0.90244708994709,0.0505435417095819,0.054894179894179995,0.017271019092854695
breast_cancer_wisconsin,tabpfn_distpfn,oracle,0.1,0.1,majority_to_minority,0.9659391534391536,0.0193473577728968,0.9365079365079364,0.0363696483726653,0.9921996831747804,0.005898111659125,0.9713084133998166,0.0166456820202215,0.9916666666666668,0.0144337567297406,0.9365079365079364,0.0363696483726653,0.9942680776014108,0.004633564717148,0.0240852499731738,0.0093644981477053,0.0969781270902249,0.0212024635823405,0.0449307119896016,0.0015707635698227,0.0909090909090909,3,0.9365079365079366,0.0382088938107092,0.029431216931216975,0.0141236438375354
breast_cancer_wisconsin,tabpfn_distpfn,oracle,0.1,0.1,minority_to_majority,0.9523809523809522,0.0206196524710581,0.9047619047619048,0.0412393049421161,0.9907339234943964,0.0040605144326693,0.9613691255866385,0.0169623523525333,1.0,0.0,0.9047619047619048,0.0412393049421161,0.9934964726631392,0.0031255394353523,0.032810095436238,0.0055350765808339,0.1252017263065961,0.0240802310639408,0.0493108427092743,0.0059689197807526,0.1,3,0.888888888888889,0.0572985596954822,0.06349206349206327,0.024488464259244197
breast_cancer_wisconsin,tabpfn_distpfn,oracle,0.1,0.2,majority_to_minority,0.9629629629629628,0.0139360499376358,0.941798941798942,0.0121232161242217,0.9947511240494292,0.0067318318323682,0.965407493778501,0.0191693494664643,0.9696969696969696,0.0524863881081477,0.9444444444444444,0.0137464349807054,0.996141975308642,0.0052529773180968,0.0287257905922547,0.0114360577964526,0.1271086582477822,0.0336714886712717,0.0861418493213382,0.0176813550788186,0.2105263157894736,3,0.9365079365079364,0.0359322894364595,0.026455026455026398,0.0072064988442047985
breast_cancer_wisconsin,tabpfn_distpfn,oracle,0.1,0.2,minority_to_majority,0.9047619047619048,0.0357142857142856,0.8095238095238096,0.0714285714285714,0.9871329027702525,0.0051704255227726,0.9206007339158648,0.0312035760858346,1.0,0.0,0.8095238095238096,0.0714285714285714,0.9910714285714284,0.0031545608512464,0.0582094107985611,0.0164424738057628,0.2055359348937602,0.0395437592093089,0.0919087808235701,0.0158346366643284,0.2,3,0.8174603174603176,0.0937282666563987,0.08730158730158721,0.0355188558578376
breast_cancer_wisconsin,tabpfn_distpfn,oracle,0.1,0.3,majority_to_minority,0.9679232804232804,0.0114982398483556,0.9576719576719576,0.0165211587259216,0.9877763382104916,0.0031143763703647,0.9656620841048572,0.014111814314512,0.9465608465608466,0.0329277415502679,0.9682539682539684,0.0137464349807053,0.98831569664903,0.0053458358258298,0.0406297324910445,0.006130188545646,0.1726377521661397,0.0180601778243264,0.1126725288173049,0.0218038471439966,0.3023255813953488,3,0.9444444444444444,0.0317670808484156,0.023478835978835932,-0.0088626516426289
breast_cancer_wisconsin,tabpfn_distpfn,oracle,0.1,0.3,minority_to_majority,0.8571428571428571,0.0314970394174356,0.7142857142857143,0.0629940788348711,0.981906305454722,0.0112211824144488,0.8777576999163553,0.0296141948333385,1.0,0.0,0.7142857142857143,0.0629940788348711,0.9871031746031744,0.0082671957671957,0.077287885286903,0.0148670575893321,0.2549333412955373,0.0485766653374262,0.1123186347153844,0.0133413920258889,0.3,3,0.7976190476190476,0.1128943488001823,0.059523809523809534,0.0356064635132793
breast_cancer_wisconsin,tabpfn_distpfn,oracle,0.2,0.0,clean,0.9699074074074074,0.0178663262688361,0.9444444444444444,0.0363696483726653,0.9953855929655552,0.0030595732202804,0.9745323324986804,0.0147435209372702,0.991869918699187,0.0140817138826738,0.9444444444444444,0.0363696483726653,0.9969135802469138,0.0021001497887188,0.0205329156851854,0.0068048186177233,0.0753746030168978,0.0257330244807968,0.0300278029791089,0.0077660496640202,0.0,3,0.9484126984126984,0.0259269749124844,0.021494708994709066,0.005394059227298999
breast_cancer_wisconsin,tabpfn_distpfn,oracle,0.2,0.05,majority_to_minority,0.9801587301587302,0.0137464349807052,0.9603174603174603,0.0274928699614107,0.9981363228871536,0.0017239539721847,0.9841108851178688,0.0111141242620821,1.0,0.0,0.9603174603174603,0.0274928699614107,0.9987874779541448,0.0011613374948029,0.0154471748058223,0.0031809916493411,0.0692334259074555,0.0036349124592046,0.0418272987177653,0.0120304166737844,0.0476190476190475,3,0.9603174603174603,0.0205714373538891,0.019841269841269882,0.0051242625480667995
breast_cancer_wisconsin,tabpfn_distpfn,oracle,0.2,0.05,minority_to_majority,0.9460978835978836,0.0220124857680458,0.8968253968253969,0.0363696483726654,0.9880277274449772,0.007261441429699,0.9549900519936848,0.0203295609808998,0.990990990990991,0.0156040613294493,0.8968253968253969,0.0363696483726654,0.9916225749559082,0.0048186712950604,0.0346914338130536,0.012558707154742,0.1297702573261838,0.0434924915741015,0.0479568947808277,0.0102095745685879,0.05,3,0.9246031746031744,0.0421381170550981,0.021494708994709177,0.007446683242044505
breast_cancer_wisconsin,tabpfn_distpfn,oracle,0.2,0.1,majority_to_minority,0.9715608465608464,0.0155071085816048,0.9523809523809524,0.0238095238095238,0.9904661245395622,0.0066543910175345,0.9746738789900432,0.014556501456934,0.9835365853658536,0.0142609945896664,0.9523809523809524,0.0238095238095238,0.9916225749559082,0.0061005705917203,0.0240016518236022,0.008847523697657,0.1034166904385912,0.0250781393154683,0.0497231128330726,0.0171085374960329,0.1044776119402985,3,0.9642857142857144,0.0241613816469907,0.00727513227513199,0.00015972982338850056
breast_cancer_wisconsin,tabpfn_distpfn,oracle,0.2,0.1,minority_to_majority,0.9080687830687832,0.0244887679650445,0.8253968253968255,0.0549857399228215,0.9858916105699214,0.0101068408555884,0.9214921114921114,0.0208263047255581,0.9824561403508772,0.0303868562731381,0.8253968253968255,0.0549857399228215,0.990299823633157,0.0071869150408743,0.0511266180667726,0.0081457101945782,0.1742951942320469,0.0234806602408249,0.0672873535045375,0.0156475402157712,0.1,3,0.8865740740740741,0.0618885643780231,0.021494708994709177,0.010761946311250499
breast_cancer_wisconsin,tabpfn_distpfn,oracle,0.2,0.2,majority_to_minority,0.9662698412698412,0.0086486090149617,0.9497354497354498,0.0045821449935685,0.9923531696871416,0.0054559955986742,0.9655970072146886,0.0140047183871092,0.9544973544973544,0.0444822212846215,0.9603174603174603,0.0137464349807053,0.9943783068783068,0.0049382223951945,0.0372028980782508,0.0073087523990999,0.1567635727082627,0.0130087598724646,0.0981369796558858,0.002745950799591,0.2,3,0.9391534391534392,0.0312522016465663,0.027116402116401983,-0.005950696431684499
breast_cancer_wisconsin,tabpfn_distpfn,oracle,0.2,0.2,minority_to_majority,0.8849206349206349,0.0481125224324686,0.7698412698412698,0.0962250448649376,0.9828351128687772,0.0091250126264332,0.9026620544333568,0.0423606388242557,1.0,0.0,0.7698412698412698,0.0962250448649376,0.9867724867724867,0.0072525503305096,0.066151035541202,0.0233181678885851,0.2359570665643509,0.0641565850468308,0.1085941469294004,0.0199228030928223,0.2,3,0.8650793650793651,0.0759756378829478,0.01984126984126977,0.0098246023417458
breast_cancer_wisconsin,tabpfn_distpfn,oracle,0.2,0.3,majority_to_minority,0.9563492063492064,0.0383840121471291,0.9365079365079364,0.0540105459873658,0.9869250115022128,0.006423100750299,0.9508672536385422,0.0466872420750054,0.9160482374768087,0.09284667036373,0.9682539682539684,0.0137464349807053,0.987985008818342,0.0076654932322372,0.0635218876149571,0.0156714155094631,0.2390660439180005,0.0353924673224256,0.1642740027202234,0.0124451883674425,0.3023255813953488,3,0.9437830687830688,0.0366801054527361,0.012566137566137559,-0.026841782162220995
breast_cancer_wisconsin,tabpfn_distpfn,oracle,0.2,0.3,minority_to_majority,0.8214285714285715,0.0314970394174356,0.6428571428571429,0.0629940788348712,0.9870675134403488,0.0051211051707177,0.8436324555613024,0.0305374226169572,1.0,0.0,0.6428571428571429,0.0629940788348712,0.9915123456790124,0.0036275314532415,0.102446878829883,0.0206497639198261,0.3305817018658723,0.0605737283507353,0.1624985483926034,0.0306124449535746,0.3,3,0.8214285714285715,0.1029050971070925,0.0,0.0004582182772095017
breast_cancer_wisconsin,tabpfn_distpfn,oracle,0.5,0.0,clean,0.9659391534391536,0.0122443839825221,0.9365079365079366,0.0274928699614107,0.9967321786498776,0.0018869438280808,0.9713416442413134,0.0097367798618148,0.991869918699187,0.0140817138826737,0.9365079365079366,0.0274928699614107,0.997905643738977,0.0013767632271601,0.0202511774135817,0.0006368838209925,0.0715616322755148,0.0063672375477062,0.0349687076045228,0.0121288154236611,0.0,3,0.9732142857142856,0.0196800356109936,-0.00727513227513199,-0.0005711418025880974
breast_cancer_wisconsin,tabpfn_distpfn,oracle,0.5,0.05,majority_to_minority,0.955026455026455,0.0080187537387448,0.9285714285714284,0.0,0.9939838263568036,0.002157009481031,0.9588512257909058,0.0107613824060082,0.967479674796748,0.0281634277653475,0.9285714285714284,0.0,0.9959215167548502,0.0019092270806536,0.0246477744232662,0.0041997016701482,0.09582739421778,0.0193409795407323,0.0426621941790488,0.0032308924175371,0.050632911392405,3,0.9623015873015872,0.025820406153798,-0.007275132275132212,0.0011726317305317986
breast_cancer_wisconsin,tabpfn_distpfn,oracle,0.5,0.05,minority_to_majority,0.9460978835978836,0.0097370581113331,0.8968253968253969,0.0274928699614107,0.9927810175375033,0.0033735934162344,0.9550209799134008,0.0059670415126374,0.9916666666666668,0.0144337567297406,0.8968253968253969,0.0274928699614107,0.9950396825396824,0.0027067965515451,0.0323739415249635,0.0022310432405728,0.1217154298577413,0.0112897973663568,0.0579787270390685,0.0036852033794101,0.0533333333333333,3,0.9527116402116405,0.0271708319584528,-0.006613756613756849,-0.0052031095665107
breast_cancer_wisconsin,tabpfn_distpfn,oracle,0.5,0.1,majority_to_minority,0.9632936507936508,0.0086486090149616,0.9470899470899472,0.0146252277695079,0.9926825900783768,0.0044416567458692,0.959574360580648,0.0138120933569726,0.9329107619139432,0.0421633225019591,0.9682539682539684,0.0137464349807053,0.9951499118165786,0.0030547633290455,0.034240234666025,0.012403704363773,0.1358732462638175,0.0347105130831459,0.07520015527727,0.0121195586645788,0.1017964071856287,3,0.9517195767195769,0.0386068355292081,0.011574074074073959,0.0043666008631831
breast_cancer_wisconsin,tabpfn_distpfn,oracle,0.5,0.1,minority_to_majority,0.9365079365079366,0.0137464349807053,0.873015873015873,0.0274928699614107,0.9954504812518752,0.0014789142299595,0.9481878031878032,0.0115169975735435,1.0,0.0,0.873015873015873,0.0274928699614107,0.9969135802469136,0.0013767632271601,0.0397057328742816,0.0040512703820411,0.1461391633348687,0.009827662707367,0.083191002204872,0.0157418996067984,0.1,3,0.9659391534391536,0.0272025869538386,-0.029431216931216975,-0.012503145920443
breast_cancer_wisconsin,tabpfn_distpfn,oracle,0.5,0.2,majority_to_minority,0.9434523809523808,0.0124305199267278,0.9007936507936508,0.0467850242958397,0.9918721794866098,0.0027196047756671,0.9299035900128766,0.0219391247898093,0.8593082886106141,0.063510910493555,0.9841269841269842,0.0274928699614106,0.9949294532627868,0.0016312443327765,0.0796130142770469,0.0020567611183433,0.276148014268393,0.0059871100932362,0.1825785804103857,0.0088406523770846,0.202127659574468,3,0.9487433862433862,0.0717173342903454,-0.005291005291005346,-0.007895679986701501
breast_cancer_wisconsin,tabpfn_distpfn,oracle,0.5,0.2,minority_to_majority,0.8849206349206349,0.0562597098363406,0.7698412698412698,0.112519419672681,0.9911673978208438,0.0027804973281617,0.9022418765409136,0.051354303926648,1.0,0.0,0.7698412698412698,0.112519419672681,0.9939373897707232,0.0019932915917135,0.0865737080634223,0.0126258385756723,0.278743268451542,0.0355083058006304,0.1574907986876285,0.013403014197759,0.2,3,0.9484126984126984,0.0436183921992778,-0.06349206349206349,-0.04295531586414449
breast_cancer_wisconsin,tabpfn_distpfn,oracle,0.5,0.3,majority_to_minority,0.5347222222222222,0.060140653040586,0.0694444444444444,0.120281306081172,0.9869854874007524,0.009542790430151,0.3362492239968395,0.1160793686995903,0.3870281765018606,0.0322284839260556,1.0,0.0,0.9891975308641976,0.0091184333587448,0.2460428291819917,0.001904792158491,0.645767086227425,0.0203010864342714,0.3811760569374889,0.0142479012298657,0.2990654205607476,3,0.8948412698412698,0.1528175870577494,-0.36011904761904756,-0.0932252421242423
breast_cancer_wisconsin,tabpfn_distpfn,oracle,0.5,0.3,minority_to_majority,0.6587301587301587,0.0418081498129076,0.3174603174603174,0.0836162996258154,0.9933474035601528,0.002371666558016,0.6560394350131409,0.0564672321128683,1.0,0.0,0.3174603174603174,0.0836162996258154,0.9957010582010584,0.0011923119297169,0.1296718189377138,0.0036332085846248,0.3571705579520952,0.0083349268899671,0.206801881940154,0.0062928031593972,0.3,3,0.9262566137566138,0.0578731807569662,-0.2675264550264551,-0.07179863818074758
south_german_credit,tabpfn_distpfn,observed,0.05,0.0,clean,0.5,0.0,0.0,0.0,0.5296256810085398,0.0698629630957161,0.411764705882353,0.0,0.0,0.0,0.0,0.0,0.7253571428571428,0.0394881149776713,0.2638895323534292,0.0021598385450215,0.9735829056279502,0.0630398354969936,0.258444372782485,0.0021631608775812,0.0,3,0.5,0.2613521814346313,0.0,-0.0025373509187979204
south_german_credit,tabpfn_distpfn,observed,0.05,0.05,majority_to_minority,0.5111111111111111,0.0192450089729874,0.0222222222222222,0.038490017945975,0.5599718030228492,0.1043055795888065,0.4342320261437908,0.0389145402027321,0.3333333333333333,0.5773502691896258,0.0222222222222222,0.038490017945975,0.7402777777777777,0.0865125144412696,0.2509739295186162,0.0237925314705864,0.8663126372977503,0.1034315937808384,0.2424760774703354,0.0179215170554774,0.04,3,0.5083333333333333,0.2531550923983256,0.002777777777777768,0.0021811628797094307
south_german_credit,tabpfn_distpfn,observed,0.05,0.05,minority_to_majority,0.5,0.0,0.0,0.0,0.5625550607706941,0.0210848076289731,0.411764705882353,0.0,0.0,0.0,0.0,0.0,0.7590079365079365,0.0229441959982815,0.2543005623717561,0.0112289332395709,0.8624240320297741,0.048660698163634,0.2458549098397504,0.0115101487348948,0.0416666666666666,3,0.5,0.2565385748942693,0.0,0.002238012522513211
south_german_credit,tabpfn_distpfn,observed,0.05,0.1,majority_to_minority,0.5,0.0,0.0,0.0,0.5149398574542194,0.0680709689436831,0.411764705882353,0.0,0.0,0.0,0.0,0.0,0.7148412698412699,0.0522013063001363,0.2654249779790201,0.0046427654237054,0.908615565027421,0.022538528053317,0.2532458749560871,0.0043670394924488,0.1111111111111111,3,0.5,0.2624788681666056,0.0,-0.002946109812414499
south_german_credit,tabpfn_distpfn,observed,0.05,0.1,minority_to_majority,0.5,0.0,0.0,0.0,0.5568245503415614,0.0738674529864882,0.411764705882353,0.0,0.0,0.0,0.0,0.0,0.7371825396825397,0.0415244739279887,0.2637144944215335,0.0017707551812905,0.9442729701088868,0.0270416996646987,0.2575241575387195,0.0016606498355077,0.0833333333333333,3,0.5,0.2624786694844563,0.0,-0.00123582493707719
south_german_credit,tabpfn_distpfn,observed,0.05,0.2,majority_to_minority,0.5,0.0,0.0,0.0,0.47311533280658,0.0191236623226846,0.411764705882353,0.0,0.0,0.0,0.0,0.0,0.6948809523809524,0.0610174503867597,0.2618665743076109,0.0129392384304455,0.881780896298317,0.0758993162366914,0.2442569094388545,0.0154264467512707,0.2,3,0.5,0.2601089576880136,0.0,-0.0017576166195972798
south_german_credit,tabpfn_distpfn,observed,0.05,0.2,minority_to_majority,0.5,0.0,0.0,0.0,0.4949467685828577,0.073885265915773,0.411764705882353,0.0,0.0,0.0,0.0,0.0,0.6973809523809523,0.0710142746980095,0.2697571398003514,0.006478007004511,0.9941315353879164,0.0586919100617435,0.260824275696676,0.006831064510089,0.2083333333333333,3,0.5,0.2696198324362436,0.0,-0.0001373073641077749
south_german_credit,tabpfn_distpfn,observed,0.05,0.3,majority_to_minority,0.5,0.0,0.0,0.0,0.4925344881293246,0.0641299184800936,0.411764705882353,0.0,0.0,0.0,0.0,0.0,0.7116269841269841,0.0566708348473692,0.2648282842214014,0.0090466187271833,0.8834209859679675,0.0517733939218598,0.2455429871344144,0.0081163581134297,0.2941176470588235,3,0.5,0.2606920599937438,0.0,-0.004136224227657637
south_german_credit,tabpfn_distpfn,observed,0.05,0.3,minority_to_majority,0.5,0.0,0.0,0.0,0.538853070181121,0.06258540974858,0.411764705882353,0.0,0.0,0.0,0.0,0.0,0.7392857142857143,0.0281345568293133,0.272945904403488,0.0055299499463477,1.0064795621062932,0.028411311741421,0.2671633636380582,0.0063670039954831,0.2916666666666667,3,0.5,0.2720182339350382,0.0,-0.0009276704684497705
south_german_credit,tabpfn_distpfn,observed,0.1,0.0,clean,0.5055555555555555,0.0048112522432468,0.011111111111111,0.0096225044864937,0.5553538071669709,0.0718067466663203,0.4235034310643837,0.0101660342156828,0.6666666666666666,0.5773502691896258,0.011111111111111,0.0096225044864937,0.7405158730158731,0.0878343412576038,0.2275521225055504,0.0132279506560672,0.7342467493906125,0.1118189339459408,0.2026099024630094,0.0109293254279908,0.0,3,0.5055555555555555,0.2271002481381098,0.0,-0.0004518743674405967
south_german_credit,tabpfn_distpfn,observed,0.1,0.05,majority_to_minority,0.5182539682539683,0.0247531272599217,0.0388888888888888,0.0535758375610719,0.5576438855675241,0.0614450137284292,0.4493690519203799,0.0506545496555795,0.6190476190476191,0.5408484138857403,0.0388888888888888,0.0535758375610719,0.7555952380952381,0.0316234488474423,0.2130565453257513,0.0126411334868815,0.6507073337407924,0.0398423823435743,0.1779455998803467,0.0124021913589781,0.0588235294117647,3,0.5182539682539683,0.2167736738920211,0.0,0.003717128566269795
south_german_credit,tabpfn_distpfn,observed,0.1,0.05,minority_to_majority,0.5297619047619048,0.0208588279380181,0.0666666666666666,0.0440958551844098,0.5743613733177987,0.0447896999827463,0.4752078584618471,0.0414527670806402,0.875,0.2165063509461096,0.0666666666666666,0.0440958551844098,0.7586111111111111,0.0400722726712253,0.2170446217705291,0.0044327963808075,0.7068307837401863,0.0158451284972336,0.1894275689535121,0.0127813200263256,0.0416666666666666,3,0.5238095238095238,0.2206776042779286,0.005952380952380931,0.0036329825073994904
south_german_credit,tabpfn_distpfn,observed,0.1,0.1,majority_to_minority,0.5031746031746032,0.0045070701157144,0.011111111111111,0.0096225044864937,0.5561916959929603,0.0865748274123098,0.4221686881240641,0.0092298752416829,0.4444444444444444,0.5091750772173156,0.011111111111111,0.0096225044864937,0.7432539682539683,0.0470481150767501,0.2248659637742145,0.0059851078797434,0.6795024986449382,0.0239730647681428,0.1904677622894472,0.0234204168836099,0.0943396226415094,3,0.5003968253968254,0.2244541098674137,0.002777777777777768,-0.0004118539068007909
south_german_credit,tabpfn_distpfn,observed,0.1,0.1,minority_to_majority,0.5047619047619047,0.0042923229469809,0.0166666666666666,0.0166666666666666,0.5804125425135939,0.0809367974739581,0.4269539847291932,0.0141359423191805,0.4666666666666666,0.5033222956847166,0.0166666666666666,0.0166666666666666,0.7752777777777777,0.0420560602898685,0.2239197523817707,0.0039431499879203,0.7200055853804358,0.0435813571319248,0.2037928168186744,0.0106634725363725,0.1041666666666665,3,0.5015873015873016,0.2259345451990763,0.0031746031746031633,0.0020147928173055996
south_german_credit,tabpfn_distpfn,observed,0.1,0.2,majority_to_minority,0.5031746031746032,0.0054985739922821,0.0111111111111111,0.0192450089729875,0.5584778112467327,0.0842966345954085,0.4218312324929972,0.0174357355453799,0.1666666666666666,0.2886751345948129,0.0111111111111111,0.0192450089729875,0.7661507936507936,0.0608619042651355,0.2107517710706051,0.0130442528902764,0.6262407061391998,0.0476821968159008,0.1713205916877729,0.0130909145520127,0.2,3,0.5043650793650793,0.2122215330600738,-0.0011904761904761862,0.0014697619894686875
south_german_credit,tabpfn_distpfn,observed,0.1,0.2,minority_to_majority,0.4988095238095238,0.0020619652471058,0.0,0.0,0.5692974359719075,0.0434977062932134,0.4111863034299265,0.0010018224348249,0.0,0.0,0.0,0.0,0.7726190476190475,0.0313637950784555,0.2358757035548619,0.0083244062521713,0.7543405513295576,0.0292006957495463,0.2220512283739975,0.0060802549037102,0.2083333333333333,3,0.4988095238095238,0.2360461900631586,0.0,0.00017048650829670775
south_german_credit,tabpfn_distpfn,observed,0.1,0.3,majority_to_minority,0.5063492063492063,0.009014140231429,0.0222222222222222,0.0192450089729875,0.5526838683429357,0.0828117227222703,0.4319042042919932,0.018008814882121,0.4444444444444444,0.5091750772173156,0.0222222222222222,0.0192450089729875,0.7356746031746032,0.0683364788281072,0.2099093155418965,0.0041664069864189,0.6272045059281951,0.0259131682832877,0.1559185266325291,0.0097835921281491,0.3043478260869565,3,0.5075396825396825,0.2104665885368982,-0.0011904761904761862,0.0005572729950016897
south_german_credit,tabpfn_distpfn,observed,0.1,0.3,minority_to_majority,0.5,0.0,0.0,0.0,0.5674029719178765,0.0705091512306631,0.411764705882353,0.0,0.0,0.0,0.0,0.0,0.7631349206349206,0.0670852434905016,0.2450804698288679,0.0101192317837564,0.8092346903800851,0.0575442754933145,0.2331334458823173,0.0061356523011481,0.2916666666666667,3,0.5,0.2439378350973129,0.0,-0.0011426347315549867
south_german_credit,tabpfn_distpfn,observed,0.2,0.0,clean,0.596031746031746,0.0048112522432468,0.2277777777777777,0.0096225044864937,0.5656974163614067,0.0454886777809395,0.5938244000418994,0.0068442637094742,0.7319688109161793,0.008440793409205,0.2277777777777777,0.0096225044864937,0.748095238095238,0.053216416277792,0.187549294856156,0.0130969851937579,0.5700405882707614,0.051300410684801,0.123531055814165,0.0249031424175033,0.0,3,0.596031746031746,0.1874823172887166,0.0,-6.697756743942462e-05
south_german_credit,tabpfn_distpfn,observed,0.2,0.05,majority_to_minority,0.5932539682539683,0.0343867009220475,0.2222222222222222,0.063098981620003,0.5852696748582255,0.0706347384339086,0.588862274047652,0.0489818073329057,0.7202020202020202,0.1168272540333415,0.2222222222222222,0.063098981620003,0.7611111111111111,0.0618981605149319,0.1807062923756265,0.0156340974282042,0.5447597218459663,0.0498585946260271,0.0967215292414908,0.0066440937159546,0.0495049504950495,3,0.5920634920634921,0.1808854987223942,0.0011904761904761862,0.00017920634676771297
south_german_credit,tabpfn_distpfn,observed,0.2,0.05,minority_to_majority,0.5682539682539683,0.0477132005706215,0.1722222222222221,0.1294575577525671,0.57040637942776,0.0637547002164348,0.5443631071317959,0.0784937060425475,0.7568523430592397,0.2115097031636726,0.1722222222222221,0.1294575577525671,0.7615873015873017,0.0568815121528264,0.1872079620509586,0.0122160131499263,0.5659607835812889,0.043455489526252,0.125264222694439,0.0019787854246008,0.0520833333333332,3,0.5623015873015873,0.1867447843154271,0.005952380952381042,-0.0004631777355315059
south_german_credit,tabpfn_distpfn,observed,0.2,0.1,majority_to_minority,0.5936507936507937,0.0329556265031659,0.2444444444444444,0.0585314097380707,0.5917034709818164,0.0914508820211977,0.5926536025769852,0.0440439489336144,0.6429824561403509,0.0932757704037531,0.2444444444444444,0.0585314097380707,0.7733730158730158,0.0706220672271824,0.1769956817385919,0.018502021078736,0.5327729692626003,0.0634971807126315,0.1008214550441358,0.0100087351014856,0.102803738317757,3,0.5964285714285714,0.1770658691724141,-0.002777777777777768,7.018743382219972e-05
south_german_credit,tabpfn_distpfn,observed,0.2,0.1,minority_to_majority,0.5305555555555556,0.021173526304689,0.0777777777777777,0.0346944333244355,0.5672129834178428,0.0281388905563642,0.4826691169477528,0.0338312838019309,0.6898148148148149,0.2214976613686238,0.0777777777777777,0.0346944333244355,0.7684920634920634,0.0414978439276364,0.1897490962825756,0.0079466206189708,0.5687758392949397,0.0348445694873861,0.1314517923122166,0.0066190383564487,0.1041666666666665,3,0.5305555555555556,0.1889722943305969,0.0,-0.0007768019519787117
south_german_credit,tabpfn_distpfn,observed,0.2,0.2,majority_to_minority,0.5805555555555556,0.0045070701157145,0.2111111111111111,0.0346944333244355,0.5512236072447704,0.0619319860043239,0.5734272852986303,0.0071875649183183,0.673015873015873,0.119198317316546,0.2111111111111111,0.0346944333244355,0.7528571428571428,0.025894704367606,0.1811255014656392,0.0068967188635521,0.5376968354718209,0.0156965523406871,0.0833390288615007,0.0152273853326293,0.2,3,0.5793650793650794,0.1802816142638524,0.0011904761904761862,-0.0008438872017867971
south_german_credit,tabpfn_distpfn,observed,0.2,0.2,minority_to_majority,0.523015873015873,0.0216042183949463,0.0555555555555555,0.0509175077217315,0.5943075935583587,0.0164573351902855,0.4631474546343603,0.0469778364544584,0.4722222222222221,0.4110735718596873,0.0555555555555555,0.0509175077217315,0.7742063492063492,0.0369148091801959,0.1959827097872818,0.0079290594380312,0.5923351045902011,0.033402251657867,0.1459055096614575,0.0075208211213433,0.1979166666666666,3,0.5257936507936508,0.1948771675427754,-0.002777777777777768,-0.0011055422445064023
south_german_credit,tabpfn_distpfn,observed,0.2,0.3,majority_to_minority,0.6015873015873016,0.0173472166622178,0.2722222222222222,0.0254587538608657,0.5897644910485615,0.0513144544430636,0.6049673710590272,0.0216802747631668,0.6283000949667615,0.0555557990595388,0.2722222222222222,0.0254587538608657,0.7774603174603175,0.0666719102246272,0.170525099733715,0.014103600105127,0.5102565694255765,0.0372428439759321,0.0679566769760924,0.0157500447793681,0.2992700729927007,3,0.6087301587301587,0.1704056660334268,-0.0071428571428571175,-0.00011943370028819067
south_german_credit,tabpfn_distpfn,observed,0.2,0.3,minority_to_majority,0.5075396825396825,0.0130591132316701,0.0222222222222222,0.038490017945975,0.5948486342856906,0.0701914093361704,0.4315474385711435,0.034264698129539,0.1904761904761904,0.329914439536929,0.0222222222222222,0.038490017945975,0.7733333333333334,0.0440229982670107,0.2110387319323126,0.0091141253737513,0.6403578688887316,0.0372082588852839,0.1792108483854455,0.0097569597525188,0.3020833333333333,3,0.513095238095238,0.2070168703794478,-0.005555555555555536,-0.004021861552864797
south_german_credit,tabpfn_distpfn,observed,0.5,0.0,clean,0.7075396825396826,0.057159389142955,0.6357142857142857,0.0909449012132585,0.5992515569175358,0.0712098794349726,0.6929984082094416,0.0517217381263265,0.540577395955677,0.0696455169197225,0.6555555555555556,0.1170628194761415,0.7737698412698414,0.0600323907908598,0.1797338166651135,0.0221002825071076,0.5349128755605682,0.0501915510856917,0.1218873373978981,0.0229266364434303,0.0,3,0.7138888888888889,0.1912641574939091,-0.006349206349206327,0.011530340828795588
south_german_credit,tabpfn_distpfn,observed,0.5,0.05,majority_to_minority,0.7075396825396826,0.0299359987500671,0.6706349206349206,0.0508618094286099,0.6166747422159959,0.063722237057454,0.690159780242792,0.0287208567732337,0.5296607481124979,0.0394770992880193,0.6722222222222222,0.0535758375610719,0.7697222222222222,0.044356116168711,0.186366625764572,0.0157066396521522,0.5495373409048617,0.0378603733707664,0.13079381881295,0.0030180086842186,0.0513833992094861,3,0.7075396825396826,0.2005237489938735,0.0,0.014157123229301516
south_german_credit,tabpfn_distpfn,observed,0.5,0.05,minority_to_majority,0.6777777777777777,0.0396329054671392,0.5722222222222222,0.1109721353079898,0.6059068743739381,0.0575746023542605,0.6719812704369245,0.0328326033037226,0.5312276821710783,0.034856144422291,0.5722222222222222,0.1109721353079898,0.7628174603174603,0.053529127920257,0.1794431482879876,0.0167896313974536,0.5348083116681152,0.0457387493911668,0.1003369017743919,0.0191124907155532,0.05,3,0.6952380952380953,0.1886700143416722,-0.01746031746031762,0.009226866053684585
south_german_credit,tabpfn_distpfn,observed,0.5,0.1,majority_to_minority,0.6944444444444445,0.0695113056814206,0.6373015873015873,0.1220184861401727,0.586275117206419,0.0804114354114369,0.6719785855768453,0.0553220038866084,0.5006820119352089,0.0551224076017755,0.6722222222222222,0.1512295287646244,0.7641269841269841,0.0688731718044598,0.1972692959906352,0.0161055618600827,0.5808641613778622,0.0366839434780088,0.1553014560637685,0.0214948403969728,0.1011235955056179,3,0.6853174603174604,0.2134484350681304,0.009126984126984095,0.016179139077495214
south_german_credit,tabpfn_distpfn,observed,0.5,0.1,minority_to_majority,0.6956349206349207,0.0250094464390297,0.5555555555555555,0.063098981620003,0.6006097088638226,0.0137199609322882,0.6984876670648154,0.0242250069575288,0.5940155083012226,0.0413018646198909,0.5555555555555555,0.063098981620003,0.7695238095238096,0.0501512734310642,0.1732493609851023,0.01222478875687,0.519656270103165,0.0330160542009108,0.0824951059402286,0.0040451665863417,0.1,3,0.6904761904761904,0.1804271737734476,0.0051587301587303624,0.007177812788345311
south_german_credit,tabpfn_distpfn,observed,0.5,0.2,majority_to_minority,0.6932539682539681,0.0483915514574242,0.5642857142857142,0.0371153744479045,0.5742750637367422,0.0471942512483474,0.6334033169494359,0.0409237477874444,0.4471769786235195,0.0372046738250583,0.8222222222222223,0.0787635937708768,0.770436507936508,0.040582726275568,0.2323313363274579,0.0120975874521023,0.6671305990872965,0.023799016468127,0.2486057310236003,0.0038650870572926,0.2,3,0.6845238095238096,0.2512496411800384,0.008730158730158477,0.018918304852580503
south_german_credit,tabpfn_distpfn,observed,0.5,0.2,minority_to_majority,0.6400793650793651,0.0323260505625655,0.3944444444444444,0.0535758375610719,0.5601200959584841,0.0920344630024852,0.6500573971237779,0.0363355170864717,0.5962008520148055,0.0643533380342638,0.3944444444444444,0.0535758375610719,0.7580555555555556,0.0679285686467599,0.1770294118410358,0.0186221700422203,0.5298950323047243,0.0502347979704784,0.0785191008385182,0.0197663773876004,0.2,3,0.6738095238095237,0.1798859387636184,-0.03373015873015861,0.0028565269225826195
south_german_credit,tabpfn_distpfn,observed,0.5,0.3,majority_to_minority,0.5841269841269842,0.0232168293274763,0.1904761904761904,0.047559486560567,0.5394387236403172,0.0990696737857726,0.4106520660008485,0.0383208898029939,0.34129023203212,0.0122537953097186,0.9777777777777776,0.038490017945975,0.746984126984127,0.0661881565769181,0.3239338103151896,0.0281238562566896,0.8807094009005669,0.0805629605838901,0.3802182315175749,0.0241052855579683,0.3002915451895043,3,0.5682539682539682,0.3376152813434601,0.015873015873015928,0.013681471028270498
south_german_credit,tabpfn_distpfn,observed,0.5,0.3,minority_to_majority,0.5638888888888889,0.0214395915226032,0.1777777777777777,0.0751541625470482,0.5704479544347181,0.0357611578660197,0.5465333448163562,0.0408159208240903,0.6352901484480432,0.0993468015153038,0.1777777777777777,0.0751541625470482,0.755,0.0396199705135182,0.1778698666563279,0.0065447107684358,0.5297031680460457,0.0208187344308923,0.0791506467492455,0.0202747132690937,0.3,3,0.6142857142857143,0.1750162243843078,-0.05039682539682544,-0.0028536422720200905
south_german_credit,tabpfn_distpfn,oracle,0.05,0.0,clean,0.5,0.0,0.0,0.0,0.5296256810085398,0.0698629630957161,0.411764705882353,0.0,0.0,0.0,0.0,0.0,0.7253571428571428,0.0394881149776713,0.2638895323534292,0.0021598385450215,0.9735829056279502,0.0630398354969936,0.258444372782485,0.0021631608775812,0.0,3,0.5,0.2613521814346313,0.0,-0.0025373509187979204
south_german_credit,tabpfn_distpfn,oracle,0.05,0.05,majority_to_minority,0.5111111111111111,0.0192450089729874,0.0222222222222222,0.038490017945975,0.5599718030228492,0.1043055795888065,0.4342320261437908,0.0389145402027321,0.3333333333333333,0.5773502691896258,0.0222222222222222,0.038490017945975,0.7402777777777777,0.0865125144412696,0.2495587864195854,0.0240849286551632,0.8559265771902355,0.1026584294070011,0.2403902368130732,0.0182664986633649,0.04,3,0.5083333333333333,0.2531550923983256,0.002777777777777768,0.003596305978740222
south_german_credit,tabpfn_distpfn,oracle,0.05,0.05,minority_to_majority,0.5,0.0,0.0,0.0,0.5625550607706941,0.0210848076289731,0.411764705882353,0.0,0.0,0.0,0.0,0.0,0.7590079365079365,0.0229441959982815,0.2557922829747474,0.01106342048357,0.873473146074693,0.0491506439386165,0.2479458143923034,0.0111938095612732,0.0416666666666666,3,0.5,0.2565385748942693,0.0,0.0007462919195219131
south_german_credit,tabpfn_distpfn,oracle,0.05,0.1,majority_to_minority,0.5,0.0,0.0,0.0,0.5149398574542194,0.0680709689436831,0.411764705882353,0.0,0.0,0.0,0.0,0.0,0.7148412698412699,0.0522013063001363,0.2617002825675075,0.0049956322208678,0.8774645172291432,0.0222440369196451,0.2475391887018003,0.0048128716619489,0.1111111111111111,3,0.5,0.2624788681666056,0.0,0.0007785855990981028
south_german_credit,tabpfn_distpfn,oracle,0.05,0.1,minority_to_majority,0.5,0.0,0.0,0.0,0.5568245503415614,0.0738674529864882,0.411764705882353,0.0,0.0,0.0,0.0,0.0,0.7371825396825397,0.0415244739279887,0.2662892496363954,0.0015895609638083,0.9679648768563356,0.0269184461766687,0.2609245941847919,0.0015539511427797,0.0833333333333333,3,0.5,0.2624786694844563,0.0,-0.0038105801519390803
south_german_credit,tabpfn_distpfn,oracle,0.05,0.2,majority_to_minority,0.5,0.0,0.0,0.0,0.47311533280658,0.0191236623226846,0.411764705882353,0.0,0.0,0.0,0.0,0.0,0.6948809523809524,0.0610174503867597,0.2543902621615365,0.0143218452705553,0.8255505152454056,0.0721791219183311,0.2310669352790086,0.0182180131251984,0.2,3,0.5,0.2601089576880136,0.0,0.0057186955264771355
south_german_credit,tabpfn_distpfn,oracle,0.05,0.2,minority_to_majority,0.5,0.0,0.0,0.0,0.4949467685828577,0.073885265915773,0.411764705882353,0.0,0.0,0.0,0.0,0.0,0.6973809523809523,0.0710142746980095,0.2752867356194678,0.0055362650490974,1.0589126828806756,0.0590495398839478,0.2687612873688934,0.0056448486671841,0.2083333333333333,3,0.5,0.2696198324362436,0.0,-0.0056669031832242145
south_german_credit,tabpfn_distpfn,oracle,0.05,0.3,majority_to_minority,0.5,0.0,0.0,0.0,0.4925344881293246,0.0641299184800936,0.411764705882353,0.0,0.0,0.0,0.0,0.0,0.7116269841269841,0.0566708348473692,0.2528052259902452,0.0110513006866322,0.7963324796101041,0.0483590655294281,0.2234478754372997,0.0105391224914864,0.2941176470588235,3,0.5,0.2606920599937438,0.0,0.0078868340034986
south_german_credit,tabpfn_distpfn,oracle,0.05,0.3,minority_to_majority,0.5,0.0,0.0,0.0,0.538853070181121,0.06258540974858,0.411764705882353,0.0,0.0,0.0,0.0,0.0,0.7392857142857143,0.0281345568293133,0.2802944803731019,0.0043455389563032,1.1044770242919466,0.0302815625693623,0.2766451343027385,0.004727502425104,0.2916666666666667,3,0.5,0.2720182339350382,0.0,-0.008276246438063684
south_german_credit,tabpfn_distpfn,oracle,0.1,0.0,clean,0.5055555555555555,0.0048112522432468,0.011111111111111,0.0096225044864937,0.5553538071669709,0.0718067466663203,0.4235034310643837,0.0101660342156828,0.6666666666666666,0.5773502691896258,0.011111111111111,0.0096225044864937,0.7405158730158731,0.0878343412576038,0.2275521225055504,0.0132279506560672,0.7342467493906125,0.1118189339459408,0.2026099024630094,0.0109293254279908,0.0,3,0.5055555555555555,0.2271002481381098,0.0,-0.0004518743674405967
south_german_credit,tabpfn_distpfn,oracle,0.1,0.05,majority_to_minority,0.5170634920634921,0.0261182264633402,0.0388888888888888,0.0535758375610719,0.5576438855675241,0.0614450137284292,0.4487906494679534,0.0513043700566661,0.6190476190476191,0.5408484138857403,0.0388888888888888,0.0535758375610719,0.7555952380952381,0.0316234488474423,0.2100999868300365,0.0126043408424326,0.6389269286461393,0.039048870161915,0.1727270272326093,0.0120338232434375,0.0588235294117647,3,0.5182539682539683,0.2167736738920211,-0.0011904761904761862,0.006673687061984596
south_german_credit,tabpfn_distpfn,oracle,0.1,0.05,minority_to_majority,0.5293650793650794,0.0208361676076588,0.061111111111111,0.041943524640393,0.5743613733177987,0.0447896999827463,0.4719691319613289,0.040536311034129,0.9333333333333332,0.1154700538379251,0.061111111111111,0.041943524640393,0.7586111111111111,0.0400722726712253,0.2188957586833827,0.0047682386379159,0.7157177320998521,0.0151551139422088,0.195003010831232,0.010926659706682,0.0416666666666666,3,0.5238095238095238,0.2206776042779286,0.005555555555555536,0.0017818455945458889
south_german_credit,tabpfn_distpfn,oracle,0.1,0.1,majority_to_minority,0.5075396825396825,0.0084459510530924,0.0222222222222222,0.0192450089729875,0.5561916959929603,0.0865748274123098,0.4326494694934208,0.0183975371588206,0.4666666666666666,0.5033222956847166,0.0222222222222222,0.0192450089729875,0.7432539682539683,0.0470481150767501,0.2199328629323946,0.0056151439398493,0.6592446009583882,0.0209105860740285,0.1817914490633703,0.0230223823225632,0.0943396226415094,3,0.5003968253968254,0.2244541098674137,0.0071428571428571175,0.0045212469350190965
south_german_credit,tabpfn_distpfn,oracle,0.1,0.1,minority_to_majority,0.4988095238095238,0.0020619652471058,0.0,0.0,0.5804125425135939,0.0809367974739581,0.4111863034299265,0.0010018224348249,0.0,0.0,0.0,0.0,0.7752777777777777,0.0420560602898685,0.228992131125617,0.0039625651317105,0.745060068620571,0.0437047034861976,0.2123218770580487,0.0104437507884147,0.1041666666666665,3,0.5015873015873016,0.2259345451990763,-0.002777777777777768,-0.003057585926540707
south_german_credit,tabpfn_distpfn,oracle,0.1,0.2,majority_to_minority,0.5115079365079366,0.0126175500758608,0.0277777777777777,0.0254587538608657,0.5584778112467327,0.0842966345954085,0.4389261020926669,0.0257769411433137,0.5,0.5,0.0277777777777777,0.0254587538608657,0.7661507936507936,0.0608619042651355,0.1993033560797895,0.0136457545242015,0.5873146289377449,0.0450680818547503,0.1435507790573674,0.0139643506343029,0.2,3,0.5043650793650793,0.2122215330600738,0.0071428571428572285,0.012918176980284302
south_german_credit,tabpfn_distpfn,oracle,0.1,0.2,minority_to_majority,0.5,0.0,0.0,0.0,0.5692974359719075,0.0434977062932134,0.411764705882353,0.0,0.0,0.0,0.0,0.0,0.7726190476190475,0.0313637950784555,0.2463157139485041,0.0077164966043183,0.8129006114392906,0.030636102308818,0.2381305978197919,0.0071158402848468,0.2083333333333333,3,0.4988095238095238,0.2360461900631586,0.0011904761904761862,-0.010269523885345494
south_german_credit,tabpfn_distpfn,oracle,0.1,0.3,majority_to_minority,0.5325396825396825,0.0301482855765438,0.0888888888888888,0.0917928424547683,0.5526838683429357,0.0828117227222703,0.4835216487701957,0.0679460312211505,0.4611111111111111,0.4237181103481854,0.0888888888888888,0.0917928424547683,0.7356746031746032,0.0683364788281072,0.1941906517626063,0.0060419055133452,0.5754846077252175,0.0285127900983001,0.1155335542337141,0.0229802542007275,0.3043478260869565,3,0.5075396825396825,0.2104665885368982,0.025000000000000022,0.0162759367742919
south_german_credit,tabpfn_distpfn,oracle,0.1,0.3,minority_to_majority,0.5,0.0,0.0,0.0,0.5674029719178765,0.0705091512306631,0.411764705882353,0.0,0.0,0.0,0.0,0.0,0.7631349206349206,0.0670852434905016,0.2581850197704889,0.0083469259110342,0.900765343604189,0.0589189222456906,0.2518807257282477,0.0049369334632132,0.2916666666666667,3,0.5,0.2439378350973129,0.0,-0.014247184673176011
south_german_credit,tabpfn_distpfn,oracle,0.2,0.0,clean,0.596031746031746,0.0048112522432468,0.2277777777777777,0.0096225044864937,0.5656974163614067,0.0454886777809395,0.5938244000418994,0.0068442637094742,0.7319688109161793,0.008440793409205,0.2277777777777777,0.0096225044864937,0.748095238095238,0.053216416277792,0.187549294856156,0.0130969851937579,0.5700405882707614,0.051300410684801,0.123531055814165,0.0249031424175033,0.0,3,0.596031746031746,0.1874823172887166,0.0,-6.697756743942462e-05
south_german_credit,tabpfn_distpfn,oracle,0.2,0.05,majority_to_minority,0.5944444444444444,0.0441654365977684,0.2388888888888888,0.083887049280786,0.5852696748582255,0.0706347384339086,0.5917656133940844,0.0606079418428118,0.6581555699202758,0.1117996069524703,0.2388888888888888,0.083887049280786,0.7611111111111111,0.0618981605149319,0.1790827196759314,0.0158463936459432,0.5394037340688846,0.0494430056807866,0.0896221774092523,0.0153891040929256,0.0495049504950495,3,0.5920634920634921,0.1808854987223942,0.0023809523809523725,0.0018027790464628102
south_german_credit,tabpfn_distpfn,oracle,0.2,0.05,minority_to_majority,0.5551587301587301,0.0450864207534459,0.1388888888888888,0.1182433147432931,0.57040637942776,0.0637547002164348,0.5222074556299198,0.0813542077300094,0.7676767676767676,0.2017675187417997,0.1388888888888888,0.1182433147432931,0.7615873015873017,0.0568815121528264,0.1895031107664726,0.0119861712784746,0.5736771833519474,0.043597878054556,0.1292278023302732,0.0046550314456927,0.0520833333333332,3,0.5623015873015873,0.1867447843154271,-0.0071428571428572285,-0.002758326451045512
south_german_credit,tabpfn_distpfn,oracle,0.2,0.1,majority_to_minority,0.6162698412698413,0.03278315801956,0.2944444444444444,0.0585314097380707,0.5917034709818164,0.0914508820211977,0.6226848154273945,0.0415168469004934,0.667184265010352,0.0737264289982351,0.2944444444444444,0.0585314097380707,0.7733730158730158,0.0706220672271824,0.1739151140241953,0.0192838644979937,0.5234655957771666,0.0619898208562527,0.0908796723398391,0.0087377749028581,0.102803738317757,3,0.5964285714285714,0.1770658691724141,0.019841269841269882,0.0031507551482188034
south_german_credit,tabpfn_distpfn,oracle,0.2,0.1,minority_to_majority,0.5107142857142857,0.0171692917879237,0.0333333333333333,0.0333333333333333,0.5672129834178428,0.0281388905563642,0.4420725959492304,0.0332793566722436,0.4000000000000001,0.4,0.0333333333333333,0.0333333333333333,0.7684920634920634,0.0414978439276364,0.1951552638260206,0.0073135897797332,0.5869444921635883,0.0350618774181399,0.1475436868071989,0.0058271063981685,0.1041666666666665,3,0.5305555555555556,0.1889722943305969,-0.019841269841269882,-0.0061829694954237124
south_german_credit,tabpfn_distpfn,oracle,0.2,0.2,majority_to_minority,0.6317460317460317,0.0361350871042292,0.3611111111111111,0.0976577546180385,0.5512236072447704,0.0619319860043239,0.6393781568739805,0.0437709817003846,0.6241830065359477,0.0821108915637401,0.3611111111111111,0.0976577546180385,0.7528571428571428,0.025894704367606,0.1773997468821823,0.0085647352722104,0.5286069737329053,0.020064666703564,0.0524059685576974,0.0095437963438506,0.2,3,0.5793650793650794,0.1802816142638524,0.052380952380952306,0.0028818673816700946
south_german_credit,tabpfn_distpfn,oracle,0.2,0.2,minority_to_majority,0.5142857142857143,0.0149166239120734,0.0333333333333333,0.0333333333333333,0.5943075935583587,0.0164573351902855,0.4441458267710146,0.0323496105694832,0.4888888888888889,0.4286067004885758,0.0333333333333333,0.0333333333333333,0.7742063492063492,0.0369148091801959,0.2078238623163172,0.0080247241959803,0.6353718193247676,0.034662717241383,0.1741343651539872,0.0070637952457897,0.1979166666666666,3,0.5257936507936508,0.1948771675427754,-0.011507936507936467,-0.012946694773541795
south_german_credit,tabpfn_distpfn,oracle,0.2,0.3,majority_to_minority,0.6781746031746031,0.0286787007383406,0.5277777777777778,0.0509175077217315,0.5897644910485615,0.0513144544430636,0.6816807377284606,0.0308292080538894,0.5730820105820106,0.0657636586690955,0.5277777777777778,0.0509175077217315,0.7774603174603175,0.0666719102246272,0.1742983337191735,0.0176352529986639,0.5235599245277515,0.0395772424524965,0.0874980862688215,0.008442433521337,0.2992700729927007,3,0.6087301587301587,0.1704056660334268,0.06944444444444442,-0.003892667685746698
south_german_credit,tabpfn_distpfn,oracle,0.2,0.3,minority_to_majority,0.5027777777777778,0.0048112522432468,0.0055555555555555,0.0096225044864937,0.5948486342856906,0.0701914093361704,0.4176340684733683,0.0101660342156828,0.3333333333333333,0.5773502691896258,0.0055555555555555,0.0096225044864937,0.7733333333333334,0.0440229982670107,0.2306423500240463,0.007420523691179,0.7255128952260607,0.0390372685549818,0.2138090486213486,0.0089535495176776,0.3020833333333333,3,0.513095238095238,0.2070168703794478,-0.01031746031746028,-0.02362547964459849
south_german_credit,tabpfn_distpfn,oracle,0.5,0.0,clean,0.7075396825396826,0.057159389142955,0.6357142857142857,0.0909449012132585,0.5992515569175358,0.0712098794349726,0.6929984082094416,0.0517217381263265,0.540577395955677,0.0696455169197225,0.6555555555555556,0.1170628194761415,0.7737698412698414,0.0600323907908598,0.1797338166651135,0.0221002825071076,0.5349128755605682,0.0501915510856917,0.1218873373978981,0.0229266364434303,0.0,3,0.7138888888888889,0.1912641574939091,-0.006349206349206327,0.011530340828795588
south_german_credit,tabpfn_distpfn,oracle,0.5,0.05,majority_to_minority,0.7091269841269842,0.0335522854348062,0.6857142857142856,0.0311349924538619,0.6166747422159959,0.063722237057454,0.6872494409888675,0.034629070927186,0.5202747941628859,0.0460351878170231,0.6944444444444443,0.041943524640393,0.7697222222222222,0.044356116168711,0.1922957780288558,0.0158932264420959,0.5639857214633902,0.0377561405702404,0.1521894079177451,0.0040928191415495,0.0513833992094861,3,0.7075396825396826,0.2005237489938735,0.0015873015873015817,0.008227970965017706
south_german_credit,tabpfn_distpfn,oracle,0.5,0.05,minority_to_majority,0.6746031746031745,0.0255975451156668,0.5444444444444444,0.1004618962223617,0.6059068743739381,0.0575746023542605,0.6729530653579093,0.0171669778541758,0.5474829931972789,0.025896128441856,0.5444444444444444,0.1004618962223617,0.7628174603174603,0.053529127920257,0.1766568416363657,0.0162569760480534,0.5285845436229081,0.0456369981884453,0.0849605225184827,0.0177621245190337,0.05,3,0.6952380952380953,0.1886700143416722,-0.020634920634920784,0.012013172705306496
south_german_credit,tabpfn_distpfn,oracle,0.5,0.1,majority_to_minority,0.684920634920635,0.0716398990247413,0.6182539682539683,0.0756803358047071,0.586275117206419,0.0804114354114369,0.652878673723582,0.0545143942510343,0.4703072979470495,0.0530622887012558,0.7055555555555556,0.149381440663875,0.7641269841269841,0.0688731718044598,0.21369382921594,0.0150551600126803,0.6210332819901193,0.0350703222139855,0.2013193620188832,0.0229367064375031,0.1011235955056179,3,0.6853174603174604,0.2134484350681304,-0.0003968253968253954,-0.00024539414780958
south_german_credit,tabpfn_distpfn,oracle,0.5,0.1,minority_to_majority,0.6797619047619049,0.0177776006227,0.4833333333333333,0.0440958551844098,0.6006097088638226,0.0137199609322882,0.6902399917960559,0.0207660132640827,0.6318181818181818,0.0611528365776077,0.4833333333333333,0.0440958551844098,0.7695238095238096,0.0501512734310642,0.1700139206042832,0.0121508270013841,0.5128254337010604,0.0365988265177655,0.0646154364043832,0.022048000696324,0.1,3,0.6904761904761904,0.1804271737734476,-0.010714285714285454,0.010413253169164416
south_german_credit,tabpfn_distpfn,oracle,0.5,0.2,majority_to_minority,0.6456349206349207,0.0270511539161178,0.3523809523809523,0.0536110964247509,0.5742750637367422,0.0471942512483474,0.5272415380678235,0.038789108761486,0.3838830655377417,0.0196506065112959,0.9388888888888888,0.0096225044864938,0.770436507936508,0.040582726275568,0.2943183268901128,0.0133999574106737,0.8203561091820446,0.025314971868377,0.3502460950880901,0.0058784857586318,0.2,3,0.6845238095238096,0.2512496411800384,-0.03888888888888897,-0.043068685710074384
south_german_credit,tabpfn_distpfn,oracle,0.5,0.2,minority_to_majority,0.5626984126984127,0.0320840143344399,0.1777777777777777,0.07698003589195,0.5601200959584841,0.0920344630024852,0.5462058466645604,0.0476590340591424,0.6044151926504867,0.1286933497967912,0.1777777777777777,0.07698003589195,0.7580555555555556,0.0679285686467599,0.1801931883676127,0.0163327379909673,0.5384800846279747,0.0549958088617712,0.08546085177474,0.0050715322655524,0.2,3,0.6738095238095237,0.1798859387636184,-0.11111111111111105,-0.0003072496039942807
south_german_credit,tabpfn_distpfn,oracle,0.5,0.3,majority_to_minority,0.5051587301587301,0.0045070701157144,0.0214285714285713,0.0257539376818856,0.5394387236403172,0.0990696737857726,0.2518224801097784,0.0240649602145188,0.3022317414987572,0.0019586188316458,0.9888888888888888,0.0192450089729874,0.746984126984127,0.0661881565769181,0.4647608885750166,0.0208972508536235,1.300536700780592,0.0976809226415355,0.5269637085053828,0.017193291362252,0.3002915451895043,3,0.5682539682539682,0.3376152813434601,-0.0630952380952381,-0.1271456072315565
south_german_credit,tabpfn_distpfn,oracle,0.5,0.3,minority_to_majority,0.5115079365079366,0.0126175500758608,0.0277777777777777,0.0254587538608657,0.5704479544347181,0.0357611578660197,0.4389261020926669,0.0257769411433136,0.5,0.5,0.0277777777777777,0.0254587538608657,0.755,0.0396199705135182,0.198452916178929,0.0049484335200205,0.5862843836487859,0.0236151253819255,0.1349649287575433,0.0127113429200489,0.3,3,0.6142857142857143,0.1750162243843078,-0.10277777777777775,-0.023436691794621184
spambase,tabpfn_distpfn,observed,0.05,0.0,clean,0.935826989346051,0.0122570119028528,0.8925619834710744,0.0317701448889003,0.9816361154983956,0.000622287702458,0.9415183017492162,0.0091645885162956,0.965579248337869,0.0110267997410391,0.8925619834710744,0.0317701448889003,0.9854853520542668,0.0008183291593475,0.0455685045531185,0.0065255759464986,0.1680984685920958,0.0226318595527889,0.0400820406220493,0.0194439782102287,0.0,3,0.8511458672748996,0.0881210168202717,0.08468112207115142,0.042552512267153196
spambase,tabpfn_distpfn,observed,0.05,0.05,majority_to_minority,0.9426424558389368,0.0038519379927717,0.9127640036730944,0.0183425017037999,0.9812661541956822,0.002159983285146,0.946121931839787,0.002060222646292,0.9561960625499192,0.0171378952195,0.9127640036730944,0.0183425017037999,0.984614802307862,0.0020725001878886,0.0421941020403202,0.0016663829181759,0.1535572043580339,0.0032782777109142,0.0272333151809265,0.0061712821165806,0.048780487804878,3,0.854818961857085,0.0832762892047564,0.08782349398185185,0.04108218716443619
spambase,tabpfn_distpfn,observed,0.05,0.05,minority_to_majority,0.9251286076799272,0.0111120838171553,0.8723599632690542,0.0294564094257951,0.9783168040032432,0.000494378866627,0.9320437740836808,0.0083131103237937,0.9628335474438906,0.0107513096760866,0.8723599632690542,0.0294564094257951,0.982712428948988,0.000715642817513,0.0496856459293599,0.0026745059515512,0.1802113150709903,0.0071154224083326,0.0446888798761594,0.0092596480857279,0.0512820512820511,3,0.8398056814479102,0.0966564913590748,0.08532292623201698,0.04697084542971489
spambase,tabpfn_distpfn,observed,0.05,0.1,majority_to_minority,0.9387422613229064,0.009038332794596,0.8989898989898991,0.017711020681346,0.9821558380795206,0.0026016660030648,0.9439521037087536,0.0078672594277877,0.9645235949894878,0.0030004781208978,0.8989898989898991,0.017711020681346,0.9874831732114234,0.0004518685069791,0.0420687438048532,0.003480686875943,0.1544350749541576,0.0119107243278763,0.0301019083493835,0.0018116515921186,0.1,3,0.8614073284161261,0.0808866098523139,0.07733493290678028,0.0388178660474607
spambase,tabpfn_distpfn,observed,0.05,0.1,minority_to_majority,0.9319934437236488,0.0027029558563174,0.8842975206611571,0.0110192837465564,0.9801379130854871,0.0016039478640066,0.9383888136359604,0.0018159333572734,0.9660583236455093,0.0107497633393034,0.8842975206611571,0.0110192837465564,0.9843728915087664,0.0010050230816467,0.0472256148008161,0.0027294796598701,0.1783528192819123,0.0063652437494655,0.0525800809148977,0.0085370242289996,0.1025641025641024,3,0.8258711257244982,0.1029496962825457,0.10612231799915062,0.0557240814817296
spambase,tabpfn_distpfn,observed,0.05,0.2,majority_to_minority,0.92696515497102,0.0093240729487126,0.8760330578512397,0.0207984419704428,0.9773317367757826,0.0054785680594834,0.9336685463007508,0.0077331681788448,0.962734398973833,0.0056500267556269,0.8760330578512397,0.0207984419704428,0.9813350184806684,0.0057805869414233,0.0497969565138845,0.006507472350329,0.1842883970145326,0.0198911655558918,0.0434946925381891,0.0067754706767696,0.1986301369863013,3,0.8577564501318168,0.0871802767117817,0.06920870483920316,0.0373833201978972
spambase,tabpfn_distpfn,observed,0.05,0.2,minority_to_majority,0.9220084520671032,0.0084469804654767,0.8613406795224977,0.0213979434301763,0.9786851411438277,0.0023066562940798,0.9302638952354144,0.0072272728117869,0.970346392866631,0.0157973051397863,0.8613406795224977,0.0213979434301763,0.9831073853556748,0.0024576385219295,0.0524458840765015,0.0058739488797667,0.1951374724641404,0.0204007436301247,0.0603545664674763,0.0112497278198605,0.1965811965811964,3,0.799517659488334,0.1188616007566451,0.12249079257876927,0.06641571668014361
spambase,tabpfn_distpfn,observed,0.05,0.3,majority_to_minority,0.925427293462484,0.0118927628191977,0.8723599632690542,0.0264711392202011,0.9761781876268556,0.001819164521942,0.9324341863994926,0.0101806037905216,0.9637050656256388,0.0129751866872361,0.8723599632690542,0.0264711392202011,0.979455684245518,0.0023353537070085,0.0516005875962098,0.003249929220249,0.1958397818528324,0.0068871416073599,0.0642877212593233,0.0103222726430398,0.2994011976047904,3,0.8526837287834356,0.0883962661027907,0.07274356467904841,0.036795678506580894
spambase,tabpfn_distpfn,observed,0.05,0.3,minority_to_majority,0.8992120619686602,0.0168415819947262,0.8163452708907254,0.0369940074903281,0.9759990308785742,0.0047573239929259,0.9099258137297642,0.0145737346249749,0.9675104026641534,0.0050414050710441,0.8163452708907254,0.0369940074903281,0.9807508121291112,0.0049563783524198,0.064554784962084,0.0048201772317779,0.2373002214242554,0.0219766569389794,0.0885348280558129,0.0055797836247136,0.2991452991452991,3,0.7260557678446241,0.1531673421462376,0.1731562941240361,0.08861255718415359
spambase,tabpfn_distpfn,observed,0.1,0.0,clean,0.9504255655282048,0.0047398027852094,0.92653810835629,0.0193492263596927,0.9838564105617784,0.004766671878101,0.9530924945177296,0.0022208170371253,0.959483053571436,0.0149648150528997,0.92653810835629,0.0193492263596927,0.9865089474082632,0.0054848445228718,0.0373648070044949,0.0042939870595962,0.1438685526053997,0.0318961835160776,0.0247187732528061,0.0105918431376558,0.0,3,0.9121172625571452,0.0535948202013969,0.03830830297105958,0.016230013196902003
spambase,tabpfn_distpfn,observed,0.1,0.05,majority_to_minority,0.9490703713577614,0.0025523759366747,0.9256198347107438,0.0072885711048611,0.9847551037019272,0.0012390657815982,0.951595685775358,0.001826225091083,0.9563844061223512,0.0038693028544288,0.9256198347107438,0.0072885711048611,0.9879949708884216,0.0011276845497769,0.0362205188024721,0.0007013540553392,0.131594612749683,0.0039273384864067,0.0176368748286077,0.0044105430427609,0.048582995951417,3,0.9187056291161864,0.0516767427325247,0.030364742241575038,0.015456223930052596
spambase,tabpfn_distpfn,observed,0.1,0.05,minority_to_majority,0.941563731153174,0.0024350364244017,0.9100091827364554,0.0084161169787986,0.9814250824373651,0.0035059038718858,0.945328962434953,0.002338743681811,0.9566781392877932,0.009763488215732,0.9100091827364554,0.0084161169787986,0.9858194193482562,0.0023037460379664,0.0410117107020061,0.0018923165299054,0.1526391733544477,0.0117154875978104,0.0308654677054417,0.0086588813689275,0.051063829787234,3,0.8922139281376817,0.0644889424244562,0.0493498030154923,0.0234772317224501
spambase,tabpfn_distpfn,observed,0.1,0.1,majority_to_minority,0.9480138629698748,0.0054631668829701,0.9247015610651976,0.0151723706536806,0.981498181568762,0.0021430843230898,0.9504511070947048,0.003865981818807,0.9545965016895248,0.0064670484504616,0.9247015610651976,0.0151723706536806,0.9849126652645714,0.0029947790909717,0.0389827129459996,0.0016729946069939,0.1476613191068598,0.0068638761731819,0.0245098559714996,0.0057992256252023,0.0996168582375478,3,0.9141142608884544,0.0532117374241352,0.0338996020814204,0.0142290244781356
spambase,tabpfn_distpfn,observed,0.1,0.1,minority_to_majority,0.945076374695143,0.0033588134074086,0.91643709825528,0.0069328139901476,0.9831320458759762,0.0036711041908482,0.9484425647451366,0.003408152487814,0.9578385387463958,0.0082889255863565,0.91643709825528,0.0069328139901476,0.9881694099680416,0.0007437344365728,0.038245131806786,0.0006098711719576,0.1437462381473957,0.0042258077951331,0.036235594558706,0.0013342437629753,0.102127659574468,3,0.8853046594982078,0.0684086233377456,0.05977171519693525,0.030163491530959596
spambase,tabpfn_distpfn,observed,0.1,0.2,majority_to_minority,0.941469929006586,0.0019138757637137,0.9146005509641874,0.0055096418732782,0.9821597628508426,0.0011920580305046,0.9443086278874996,0.0017471659872425,0.9495114862992152,0.0054175248147711,0.9146005509641874,0.0055096418732782,0.9855347216051028,0.0012415632269649,0.0409402951166557,0.0014300763031236,0.16253167412326,0.0039479866995038,0.0507778129051703,0.0020761548991314,0.2006802721088435,3,0.9070889738045164,0.0552162441114584,0.03438095520206963,0.014275948994802702
spambase,tabpfn_distpfn,observed,0.1,0.2,minority_to_majority,0.9318774252791848,0.008484321778951,0.8870523415977961,0.0215158393275665,0.9788740784488572,0.0035437388686929,0.9376868700277312,0.0064346261645527,0.9613272251079596,0.0066172829479544,0.8870523415977961,0.0215158393275665,0.9828967419387752,0.0033911395474895,0.0486011879747534,0.0067080599302022,0.1904115199034446,0.0227944629669293,0.0581509694611091,0.0087465827699021,0.2,3,0.8705900648715897,0.0880750839908917,0.06128736040759508,0.0394738960161383
spambase,tabpfn_distpfn,observed,0.1,0.3,majority_to_minority,0.9419068495314828,0.0080575202082391,0.9136822773186408,0.0183425017037999,0.9803596416195336,0.0026350755786269,0.9450152950794798,0.006568259333534,0.9522223392224426,0.0063776626553107,0.9136822773186408,0.0183425017037999,0.9833180287725742,0.0019084061536884,0.0459588437676837,0.0028699705414986,0.1873846511501586,0.0074721906934816,0.0720361929578061,0.0092786777878635,0.3005952380952381,3,0.9069285227643,0.0563803948462008,0.03497832676718282,0.010421551078517097
spambase,tabpfn_distpfn,observed,0.1,0.3,minority_to_majority,0.9295817411653188,0.0062431486462267,0.8824609733700642,0.0151723706536807,0.9793096790507988,0.006368453595039,0.9357190734302482,0.0049121465465342,0.9610566347285344,0.0043777456642788,0.8824609733700642,0.0151723706536807,0.9837080482241772,0.0056693121244579,0.0527747976394962,0.0053702406590159,0.2062652742611489,0.0263772407911339,0.0741083323861239,0.0063680086760954,0.2978723404255319,3,0.8430196392073226,0.1078489000598589,0.08656210195799618,0.055074102420362696
spambase,tabpfn_distpfn,observed,0.2,0.0,clean,0.9576779525459878,0.0011247484580504,0.9458218549127642,0.007952483046689,0.9888717889747276,0.0014255360022451,0.9582704654952368,0.0027076642396172,0.9530287057609462,0.0137833915404759,0.9458218549127642,0.007952483046689,0.9911332286698856,0.0012536075157282,0.0298103677682635,0.0016512496878376,0.1117225487615124,0.0074981475494034,0.0181037995216133,0.0027661715216754,0.0,3,0.949512228837742,0.034344566365083,0.008165723708245753,0.0045341985968195
spambase,tabpfn_distpfn,observed,0.2,0.05,majority_to_minority,0.9558414052548948,0.002757238585616,0.9421487603305784,0.0110192837465564,0.98705617231524,0.0019490238149486,0.9567205525948688,0.0029321619720174,0.9528569355748034,0.0131547096140434,0.9421487603305784,0.0110192837465564,0.990236348496368,0.0014876572991331,0.0339525809799536,0.0026987006120331,0.1253348888324851,0.0078861918615517,0.0239127216599717,0.0043726142694219,0.0506072874493927,3,0.9396383186705768,0.0378538419802983,0.016203086584318016,0.0039012610003446996
spambase,tabpfn_distpfn,observed,0.2,0.05,minority_to_majority,0.9503539796794928,0.0050403095752198,0.9329660238751148,0.0161417776228163,0.9867569036829876,0.0017062066251003,0.9517159856615156,0.003091986497527,0.9496798304905636,0.0085384189333599,0.9329660238751148,0.0161417776228163,0.990535857104772,0.0009735194735789,0.0344994795690611,0.000776853551267,0.125235286339203,0.00367692722355,0.023265222870653,0.0100614946259487,0.0490405117270788,3,0.939433435034608,0.0417966085175672,0.010920544644884789,0.0072971289485061
spambase,tabpfn_distpfn,observed,0.2,0.1,majority_to_minority,0.9509957838403584,0.0104849533053607,0.9366391184573004,0.0172038512352573,0.9869684842583264,0.0020258687349649,0.9517791940525694,0.0096523928482205,0.9461588687902,0.0074463007098198,0.9366391184573004,0.0172038512352573,0.9901441920014744,0.0013067769771086,0.0355160612758889,0.003270831046015,0.1365398415323448,0.0061766990997043,0.0379308266527022,0.0012677491450912,0.0998080614203454,3,0.9438149826712876,0.0377904760340849,0.007180801169070827,0.0022744147581960014
spambase,tabpfn_distpfn,observed,0.2,0.1,minority_to_majority,0.9444790031300294,0.010812594382046,0.91643709825528,0.0234294780939817,0.9854767960580936,0.0032116260776414,0.9476637774291649,0.0088570893522753,0.9559722274265444,0.0023159781721564,0.91643709825528,0.0234294780939817,0.9890399597144464,0.0028839298233528,0.0385086657975978,0.0042472142582056,0.1429207091282692,0.0163977014582938,0.0356136421176049,0.0070462059048317,0.1002132196162046,3,0.921665333688794,0.0500101223587989,0.022813669441235418,0.0115014565612011
spambase,tabpfn_distpfn,observed,0.2,0.2,majority_to_minority,0.9459452787898536,0.0052742556592246,0.92653810835629,0.0069328139901475,0.981272335340522,0.0051919205535707,0.9475210143436856,0.0052320308523986,0.945644873832222,0.0064490435401183,0.92653810835629,0.0069328139901475,0.9848056979044272,0.0041699427386534,0.0428776984626992,0.0031011706964982,0.1716587094538115,0.0078585902797689,0.059632017890426,0.0059960692928535,0.1996587030716723,3,0.9340126583528342,0.042591243982315,0.01193262043701937,-0.0002864544803841962
spambase,tabpfn_distpfn,observed,0.2,0.2,minority_to_majority,0.935528303563494,0.0091548760418998,0.8925619834710744,0.018064568937471,0.9833986216518434,0.0006760972876351,0.9411924015937716,0.0082165282172218,0.9643621248081322,0.0097887921907098,0.8925619834710744,0.018064568937471,0.9875210232003976,0.0002478987339363,0.0466658935295282,0.0023502737127588,0.1761647795765312,0.0066684120528084,0.0626322264520251,0.0041027001424579,0.2004264392324093,3,0.901120195108465,0.0670418341954548,0.03440810845502906,0.0203759406659266
spambase,tabpfn_distpfn,observed,0.2,0.3,majority_to_minority,0.9452096724823996,0.0043154381592319,0.9274563820018366,0.0141366430838757,0.9833539094317584,0.0006505009054147,0.9464175410506362,0.0031094544117071,0.9423286955886824,0.0104094588915928,0.9274563820018366,0.0141366430838757,0.9865188213184304,0.0009349677087843,0.0492023162349172,0.0013230524070043,0.2016685952088351,0.0038995977743284,0.0893309868565544,0.0034599775669076,0.3,3,0.937707969232896,0.0431266811986764,0.007501703249503611,-0.006075635036240798
spambase,tabpfn_distpfn,observed,0.2,0.3,minority_to_majority,0.9210901784215568,0.0085483726550756,0.8595041322314051,0.0190859593120537,0.9794010857007608,0.0057435798869736,0.9294620309418392,0.0073106905444113,0.9700513128409112,0.0082971231027162,0.8595041322314051,0.0190859593120537,0.9872807580529964,0.00108475288197,0.0581990816275416,0.0027569548836531,0.2087341405132355,0.0046665209036298,0.0919114193811057,0.0053403068561609,0.3006396588486141,3,0.8623700346574248,0.0895802502830823,0.05872014376413204,0.03138116865554069
spambase,tabpfn_distpfn,observed,0.5,0.0,clean,0.9604772060783792,0.0088313719561444,0.9549947174580606,0.0158964219360603,0.9877693609653324,0.0036964555507527,0.959874518628258,0.0078244763972742,0.948022954834944,0.0049550277930934,0.9550045913682278,0.015904966093378,0.9913488090418686,0.0023658748659726,0.03050419667007,0.0028626687123629,0.1108187691295464,0.0142296814098845,0.0161681789764011,0.0025718367979043,0.0,3,0.9625630696011928,0.0311799403280019,-0.0020858635228135913,0.0006757436579318994
spambase,tabpfn_distpfn,observed,0.5,0.05,majority_to_minority,0.9548293294627604,0.0068586074354245,0.9449035812672176,0.0110192837465564,0.9857884274617144,0.003748653819111,0.9548970338708884,0.0063157751814689,0.9457517264802444,0.004568565191469,0.9449035812672176,0.0110192837465564,0.9896192291109202,0.0022670911303204,0.0340906914395394,0.00294677680539,0.1315608085804127,0.0113827446906763,0.0303906874150879,0.0037264967638251,0.0501618122977346,3,0.9563178214204608,0.0361492373049259,-0.0014884919577003997,0.0020585458653865005
spambase,tabpfn_distpfn,observed,0.5,0.05,minority_to_majority,0.9481965303079672,0.0081378977168138,0.9274563820018368,0.0203061013659284,0.9847244732395822,0.0037260012131434,0.9501184233997548,0.006085572029604,0.9511272278837714,0.0051321904624138,0.9274563820018368,0.0203061013659284,0.9895961899871968,0.0014713810360615,0.0362189916181802,0.0014703569751844,0.1356550001192881,0.0042233136099492,0.0296563548948757,0.0022387706636158,0.0502555366269165,3,0.9548293294627608,0.0348903040091196,-0.006632799154793534,-0.0013286876090606026
spambase,tabpfn_distpfn,observed,0.5,0.1,majority_to_minority,0.9542541741955232,0.0081423744806993,0.945856413598349,0.0139137365241867,0.986302943655486,0.003688664657496,0.9538075200390512,0.007295717300888,0.9415787915824452,0.0075908871754983,0.9467401285583104,0.0151723706536807,0.9895928986838078,0.0026452267994153,0.037238762447657,0.0034036575662359,0.1524847829841745,0.011811260612615,0.0533227098827025,0.0046296012280088,0.0996932515337423,3,0.9509192610365632,0.0422010061641534,0.0033349131589599512,0.004962243716496395
spambase,tabpfn_distpfn,observed,0.5,0.1,minority_to_majority,0.9507464676086376,0.0064723481145768,0.928374655647383,0.0165289256198347,0.983810365930862,0.0054356925907142,0.9531233133995616,0.0047639951848267,0.9574578145799076,0.0047161682276988,0.928374655647383,0.0165289256198347,0.99014254634978,0.0014213144144686,0.0388043054106607,0.0006239226179767,0.1513079421241623,0.0022350867480219,0.0507964744741603,0.0040753252369861,0.0996592844974446,3,0.9548515457606368,0.0358253295222917,-0.004105078151999231,-0.002978975888368998
spambase,tabpfn_distpfn,observed,0.5,0.2,majority_to_minority,0.947749735872903,0.0084323958803677,0.937340166079169,0.0094471767026794,0.9804725055383466,0.00533958010979,0.9446632083954848,0.0081226475502283,0.9162924830976618,0.0150610053841965,0.9522497704315884,0.0168322339575972,0.9878320513706632,0.0023076308952445,0.0593435460001496,0.0011447275156396,0.2368981034503038,0.003845871554632,0.1207935261707395,0.008558394861041,0.2002724795640326,3,0.9453108800616132,0.0744578167796134,0.002438855811289775,0.015114270779463798
spambase,tabpfn_distpfn,observed,0.5,0.2,minority_to_majority,0.9348149135539164,0.0026188894810462,0.8953168044077134,0.0082644628099173,0.9777508269663292,0.0101440971216691,0.939781709942446,0.0023864044643052,0.9578541999527074,0.008702147291182,0.8953168044077134,0.0082644628099173,0.9878188861571072,0.0028961641783575,0.0566782720354255,0.0041400964890671,0.2057698527995182,0.0100681211946343,0.0936665356621882,0.0054332961886527,0.2001703577512776,3,0.9446838867659982,0.047775118301312,-0.0098689732120818,-0.008903153734113496
spambase,tabpfn_distpfn,observed,0.5,0.3,majority_to_minority,0.921206196866021,0.003899710945673,0.8745519713261648,0.0146690909890187,0.9774833013384576,0.0043844343392359,0.9093373235837704,0.0059915127278486,0.8341160574127339,0.0150919252469076,0.967860422405877,0.0069328139901476,0.9815045206052048,0.0018413871810516,0.1265504204535487,0.0016127105239792,0.4000900270667902,0.0052598466482593,0.2364047333783941,0.0067682529113257,0.2999403697078115,3,0.8887827443545918,0.1533376475175221,0.032423452511429196,0.026787227063973407
spambase,tabpfn_distpfn,observed,0.5,0.3,minority_to_majority,0.9081183289394432,0.0131340756645856,0.8365472910927457,0.027594084850903,0.9758155129065652,0.0085523399465213,0.917473478821212,0.011343534740283,0.9640538250899828,0.0029631714898795,0.8365472910927457,0.027594084850903,0.9859971497312652,0.0018384861017625,0.0837629462451407,0.0046482719821906,0.2732815554643357,0.0110205255284085,0.1395420901731059,0.0040649910125492,0.2998296422487223,3,0.9313244863098236,0.0678207750121752,-0.023206157370380343,-0.0159421712329655
spambase,tabpfn_distpfn,oracle,0.05,0.0,clean,0.935826989346051,0.0122570119028528,0.8925619834710744,0.0317701448889003,0.9816361154983956,0.000622287702458,0.9415183017492162,0.0091645885162956,0.965579248337869,0.0110267997410391,0.8925619834710744,0.0317701448889003,0.9854853520542668,0.0008183291593475,0.0455685045531185,0.0065255759464986,0.1680984685920958,0.0226318595527889,0.0400820406220493,0.0194439782102287,0.0,3,0.8511458672748996,0.0881210168202717,0.08468112207115142,0.042552512267153196
spambase,tabpfn_distpfn,oracle,0.05,0.05,majority_to_minority,0.9428029068791534,0.0035755000366752,0.9136822773186408,0.0168322339575972,0.9812661541956822,0.002159983285146,0.9461426624610886,0.0020370541642107,0.9552548228027092,0.0157794792234429,0.9136822773186408,0.0168322339575972,0.984614802307862,0.0020725001878886,0.0418708390529055,0.0016754777262108,0.1525353658426184,0.003369568152635,0.0243137917457282,0.0079950367275653,0.048780487804878,3,0.854818961857085,0.0832762892047564,0.08798394502206841,0.041405450151850896
spambase,tabpfn_distpfn,oracle,0.05,0.05,minority_to_majority,0.9226724725258448,0.008507907494122,0.866850321395776,0.0234294780939817,0.9783168040032432,0.000494378866627,0.9300421874038692,0.0062374490210206,0.963507704318178,0.0098414766210165,0.866850321395776,0.0234294780939817,0.982712428948988,0.000715642817513,0.0503471924467308,0.0028410386326208,0.1827038269285758,0.0076984578003549,0.0462576000915524,0.0104351618594401,0.0512820512820511,3,0.8398056814479102,0.0966564913590748,0.0828667910779346,0.046309298912344
spambase,tabpfn_distpfn,oracle,0.05,0.1,majority_to_minority,0.9407614759520916,0.0093568874475402,0.9054178145087236,0.0183425017037999,0.9821558380795206,0.0026016660030648,0.9452133946092064,0.0082491166915808,0.961041362877026,0.007000204950328,0.9054178145087236,0.0183425017037999,0.9874831732114234,0.0004518685069791,0.0413239380204709,0.003310124546917,0.15295873318667,0.0114390438130915,0.0309496931875515,0.0029319917919694,0.1,3,0.8614073284161261,0.0808866098523139,0.07935414753596548,0.039562671831843
spambase,tabpfn_distpfn,oracle,0.05,0.1,minority_to_majority,0.929675543311907,0.001908050110293,0.8778696051423324,0.0096746131798464,0.9801379130854871,0.0016039478640066,0.936730280453251,0.0012948889223202,0.9687495548768849,0.010950893916886,0.8778696051423324,0.0096746131798464,0.9843728915087664,0.0010050230816467,0.048702722653641,0.0031516478520896,0.1841839975805806,0.0073555179484594,0.0553293254001773,0.0073145777220779,0.1025641025641024,3,0.8258711257244982,0.1029496962825457,0.10380441758740888,0.0542469736289047
spambase,tabpfn_distpfn,oracle,0.05,0.2,majority_to_minority,0.933116601005164,0.0096900654207702,0.8907254361799817,0.0220958850606353,0.9773317367757826,0.0054785680594834,0.9385216745034336,0.0078263354986704,0.9595100109314378,0.00342378266477,0.8907254361799817,0.0220958850606353,0.9813350184806684,0.0057805869414233,0.0483501097614951,0.0058855998189149,0.1825527706262879,0.0166115224428798,0.0462475486455303,0.0073481176891047,0.1986301369863013,3,0.8577564501318168,0.0871802767117817,0.07536015087334724,0.038830166950286606
spambase,tabpfn_distpfn,oracle,0.05,0.2,minority_to_majority,0.9141809097820828,0.0098904101869953,0.8438934802571166,0.0237511793505556,0.9786851411438277,0.0023066562940798,0.9237147722988884,0.0082338799961879,0.9727033507579308,0.0109659564323882,0.8438934802571166,0.0237511793505556,0.9831073853556748,0.0024576385219295,0.0566004384106828,0.006568036893197,0.2103772823192909,0.0230293451998415,0.0733729402114587,0.0115055100502538,0.1965811965811964,3,0.799517659488334,0.1188616007566451,0.1146632502937488,0.0622611623459623
spambase,tabpfn_distpfn,oracle,0.05,0.3,majority_to_minority,0.9337584051660298,0.0055683338385864,0.894398530762167,0.0156645749396069,0.9761781876268556,0.001819164521942,0.9386381710049048,0.0051872870231726,0.9561521186509948,0.0162951692237583,0.894398530762167,0.0156645749396069,0.979455684245518,0.0023353537070085,0.0511573385318202,0.0016760532816803,0.2011759485054558,0.003699931272861,0.0714405350967752,0.0071778112225666,0.2994011976047904,3,0.8526837287834356,0.0883962661027907,0.08107467638259425,0.03723892757097049
spambase,tabpfn_distpfn,oracle,0.05,0.3,minority_to_majority,0.8822955853747643,0.0117964481758332,0.775941230486685,0.0249966163247312,0.9759990308785742,0.0047573239929259,0.8958072361183914,0.0106149815027615,0.978070172497349,0.0047517803111355,0.775941230486685,0.0249966163247312,0.9807508121291112,0.0049563783524198,0.0761257386849934,0.0044831817156137,0.2748533042847728,0.0206530010609534,0.1141732676419375,0.0075214869504471,0.2991452991452991,3,0.7260557678446241,0.1531673421462376,0.15623981753014016,0.0770416034612442
spambase,tabpfn_distpfn,oracle,0.1,0.0,clean,0.9504255655282048,0.0047398027852094,0.92653810835629,0.0193492263596927,0.9838564105617784,0.004766671878101,0.9530924945177296,0.0022208170371253,0.959483053571436,0.0149648150528997,0.92653810835629,0.0193492263596927,0.9865089474082632,0.0054848445228718,0.0373648070044949,0.0042939870595962,0.1438685526053997,0.0318961835160776,0.0247187732528061,0.0105918431376558,0.0,3,0.9121172625571452,0.0535948202013969,0.03830830297105958,0.016230013196902003
spambase,tabpfn_distpfn,oracle,0.1,0.05,majority_to_minority,0.9506082328662974,0.0030311868962674,0.9292929292929294,0.0096746131798463,0.9847551037019272,0.0012390657815982,0.952777329010485,0.0018717867510141,0.9556724009376252,0.0051722584190228,0.9292929292929294,0.0096746131798463,0.9879949708884216,0.0011276845497769,0.0360783511842648,0.0007705032945312,0.131204406428374,0.0041007298411066,0.0171218513248665,0.003452789864447,0.048582995951417,3,0.9187056291161864,0.0516767427325247,0.031902603750111,0.015598391548259899
spambase,tabpfn_distpfn,oracle,0.1,0.05,minority_to_majority,0.941242829072741,0.0028618172777079,0.9081726354453626,0.0114692341568381,0.9814250824373651,0.0035059038718858,0.9452863056122064,0.0018207037697847,0.9584844689374652,0.0102131466260045,0.9081726354453626,0.0114692341568381,0.9858194193482562,0.0023037460379664,0.0414176564928141,0.0019943035803034,0.1543777539191934,0.0121033284870004,0.0333258048802978,0.0090168613100309,0.051063829787234,3,0.8922139281376817,0.0644889424244562,0.049028900935059294,0.0230712859316421
spambase,tabpfn_distpfn,oracle,0.1,0.1,majority_to_minority,0.9483347650503076,0.0044078584031715,0.92653810835629,0.0124221756276113,0.981498181568762,0.0021430843230898,0.9504888259022491,0.0030356057735258,0.952846670353875,0.0049965549074138,0.92653810835629,0.0124221756276113,0.9849126652645714,0.0029947790909717,0.0390034177131905,0.0016352611611428,0.1481933863334346,0.0067769946675501,0.0269487725868778,0.0048961361546028,0.0996168582375478,3,0.9141142608884544,0.0532117374241352,0.03422050416185318,0.014208319710944703
spambase,tabpfn_distpfn,oracle,0.1,0.1,minority_to_majority,0.9430571600659576,0.0026644879683218,0.9100091827364554,0.0084161169787986,0.9831320458759762,0.0036711041908482,0.9471926590889516,0.0022977363917745,0.9612903593611484,0.0083392252971371,0.9100091827364554,0.0084161169787986,0.9881694099680416,0.0007437344365728,0.039434609192617,0.0008182075280005,0.1478764436639289,0.0046285149622144,0.0382006597990258,0.0029069676103755,0.102127659574468,3,0.8853046594982078,0.0684086233377456,0.05775250056774983,0.028974014145128596
spambase,tabpfn_distpfn,oracle,0.1,0.2,majority_to_minority,0.9464044156126268,0.0047966704575545,0.9274563820018366,0.0111334762653647,0.9821597628508426,0.0011920580305046,0.9479035058067984,0.0037848162488487,0.945712170462396,0.0026319939667947,0.9274563820018366,0.0111334762653647,0.9855347216051028,0.0012415632269649,0.0418852546534175,0.001526441555286,0.169409214410444,0.00341989384612,0.0580868008297844,0.0023707361370233,0.2006802721088435,3,0.9070889738045164,0.0552162441114584,0.03931544180811042,0.013330989458040905
spambase,tabpfn_distpfn,oracle,0.1,0.2,minority_to_majority,0.9244868035190617,0.0107633396811613,0.8686868686868686,0.0267562943697584,0.9788740784488572,0.0035437388686929,0.9319489751032692,0.0083607772539573,0.9664920289103296,0.0078991298464879,0.8686868686868686,0.0267562943697584,0.9828967419387752,0.0033911395474895,0.0525945882098524,0.0071965350337181,0.2061535179818194,0.0253066641289293,0.0720001729130686,0.0094675000487035,0.2,3,0.8705900648715897,0.0880750839908917,0.05389673864747191,0.0354804957810393
spambase,tabpfn_distpfn,oracle,0.1,0.3,majority_to_minority,0.9469302013290284,0.0099026510943903,0.933884297520661,0.019865296283548,0.9803596416195336,0.0026350755786269,0.9472677773985771,0.0083915654479011,0.9381917918119664,0.004050369544713,0.933884297520661,0.019865296283548,0.9833180287725742,0.0019084061536884,0.0516150778443429,0.001595891915688,0.2097099327701904,0.0045944064925618,0.0953982786177643,0.0104951364526783,0.3005952380952381,3,0.9069285227643,0.0563803948462008,0.04000167856472836,0.004765317001857894
spambase,tabpfn_distpfn,oracle,0.1,0.3,minority_to_majority,0.9137439892571856,0.0043619464976037,0.8448117539026629,0.0057346170784191,0.9793096790507988,0.006368453595039,0.9230410356143915,0.0046149101769088,0.9694839834705248,0.0088663923099474,0.8448117539026629,0.0057346170784191,0.9837080482241772,0.0056693121244579,0.0628389805078384,0.005515144114968,0.2400785604443179,0.0278584050990571,0.1014724896935603,0.0084905099860663,0.2978723404255319,3,0.8430196392073226,0.1078489000598589,0.070724350049863,0.045009919552020494
spambase,tabpfn_distpfn,oracle,0.2,0.0,clean,0.9576779525459878,0.0011247484580504,0.9458218549127642,0.007952483046689,0.9888717889747276,0.0014255360022451,0.9582704654952368,0.0027076642396172,0.9530287057609462,0.0137833915404759,0.9458218549127642,0.007952483046689,0.9911332286698856,0.0012536075157282,0.0298103677682635,0.0016512496878376,0.1117225487615124,0.0074981475494034,0.0181037995216133,0.0027661715216754,0.0,3,0.949512228837742,0.034344566365083,0.008165723708245753,0.0045341985968195
spambase,tabpfn_distpfn,oracle,0.2,0.05,majority_to_minority,0.956920129940658,0.003533201157815,0.9443407683876892,0.0129390689107329,0.98705617231524,0.0019490238149486,0.9575054282882642,0.0032390867204976,0.9521651524735016,0.0144490981785792,0.9449035812672176,0.0137741046831956,0.990236348496368,0.0014876572991331,0.0339554681776977,0.0027556251954245,0.1256946932119364,0.008163413094107,0.0237151499963046,0.0042416120889135,0.0506072874493927,3,0.9396383186705768,0.0378538419802983,0.017281811270081215,0.0038983738026006007
spambase,tabpfn_distpfn,oracle,0.2,0.05,minority_to_majority,0.9503317633816168,0.0034064265624521,0.931129476584022,0.0145771422097222,0.9867569036829876,0.0017062066251003,0.9520608732245311,0.0013650931907369,0.952314289732962,0.0111475666415352,0.931129476584022,0.0145771422097222,0.990535857104772,0.0009735194735789,0.0347712201783729,0.0008977568682254,0.1264295474404567,0.0039027497812583,0.0229021897315983,0.0081207654355529,0.0490405117270788,3,0.939433435034608,0.0417966085175672,0.010898328347008879,0.007025388339194305
spambase,tabpfn_distpfn,oracle,0.2,0.1,majority_to_minority,0.9539110558172142,0.0058610821933997,0.943067033976125,0.0084161169787986,0.9869684842583264,0.0020258687349649,0.9541276317684732,0.0056334620332963,0.9456662912341584,0.0058408059571789,0.943067033976125,0.0084161169787986,0.9901441920014744,0.0013067769771086,0.0359372646140084,0.003114519456166,0.139580477885971,0.0054397842844701,0.0365073268616129,0.0022295231412521,0.0998080614203454,3,0.9438149826712876,0.0377904760340849,0.010096073145926643,0.0018532114200764949
spambase,tabpfn_distpfn,oracle,0.2,0.1,minority_to_majority,0.9393840654837724,0.0127689208623996,0.9026629935720843,0.0282732861677514,0.9854767960580936,0.0032116260776414,0.9440028423471184,0.0103756434667325,0.9609706012491612,0.0030988240090926,0.9026629935720843,0.0282732861677514,0.9890399597144464,0.0028839298233528,0.0397523064071009,0.0045985281484496,0.147659184317147,0.0173666080371382,0.0403180262282788,0.0071419371659261,0.1002132196162046,3,0.921665333688794,0.0500101223587989,0.017718731794978404,0.010257815951697995
spambase,tabpfn_distpfn,oracle,0.2,0.2,majority_to_minority,0.9480089260147913,0.0063657321688013,0.9366391184573004,0.007288571104861,0.981272335340522,0.0051919205535707,0.9480816507451078,0.0064545153005346,0.937506658752264,0.0083498895949849,0.9366391184573004,0.007288571104861,0.9848056979044272,0.0041699427386534,0.0463683293741219,0.003038397108555,0.1866196439917169,0.0071516515062884,0.0712439674888815,0.0090847518652372,0.1996587030716723,3,0.9340126583528342,0.042591243982315,0.013996267661957051,-0.003777085391806899
spambase,tabpfn_distpfn,oracle,0.2,0.2,minority_to_majority,0.92154931524433,0.0092601443415356,0.8604224058769514,0.0168322339575971,0.9833986216518434,0.0006760972876351,0.9298715621613548,0.0085628160245282,0.9700049620029232,0.0087838376265526,0.8604224058769514,0.0168322339575971,0.9875210232003976,0.0002478987339363,0.0525995576820771,0.0023509769080547,0.1954471210750824,0.0075300622511678,0.0800877950868757,0.0030420247280321,0.2004264392324093,3,0.901120195108465,0.0670418341954548,0.020429120135865064,0.014442276513377698
spambase,tabpfn_distpfn,oracle,0.2,0.3,majority_to_minority,0.9458909722839342,0.0046626260670971,0.9379375376442826,0.0071878081756665,0.9833539094317584,0.0006505009054147,0.9434644746220936,0.0050697484148906,0.9182948152527498,0.0142088599132935,0.9467401285583104,0.0114692341568381,0.9865188213184304,0.0009349677087843,0.0651840890008787,0.0019717601462342,0.2500448777396262,0.0027012392434661,0.1328019473503524,0.0025686858133926,0.3,3,0.937707969232896,0.0431266811986764,0.00818300305103814,-0.0220574078022023
spambase,tabpfn_distpfn,oracle,0.2,0.3,minority_to_majority,0.8893430887565786,0.0193731118535634,0.790633608815427,0.0416880053730621,0.9794010857007608,0.0057435798869736,0.9020311007887406,0.017243876703893,0.9775389153083388,0.0095669295011752,0.790633608815427,0.0416880053730621,0.9872807580529964,0.00108475288197,0.0756955680214267,0.0037380624543072,0.255827758305622,0.0069589364369669,0.1277934021497144,0.0051173576252134,0.3006396588486141,3,0.8623700346574248,0.0895802502830823,0.026973054099153848,0.013884682261655595
spambase,tabpfn_distpfn,oracle,0.5,0.0,clean,0.9604772060783792,0.0088313719561444,0.9549947174580606,0.0158964219360603,0.9877693609653324,0.0036964555507527,0.959874518628258,0.0078244763972742,0.948022954834944,0.0049550277930934,0.9550045913682278,0.015904966093378,0.9913488090418686,0.0023658748659726,0.03050419667007,0.0028626687123629,0.1108187691295464,0.0142296814098845,0.0161681789764011,0.0025718367979043,0.0,3,0.9625630696011928,0.0311799403280019,-0.0020858635228135913,0.0006757436579318994
spambase,tabpfn_distpfn,oracle,0.5,0.05,majority_to_minority,0.9544146252357396,0.0082352017977749,0.9476584022038568,0.0137741046831956,0.9857884274617144,0.003748653819111,0.95382298345271,0.0074630665802731,0.9407180855916278,0.0047223610280939,0.9476584022038568,0.0137741046831956,0.9896192291109202,0.0022670911303204,0.0344807622706721,0.0028680287997812,0.134219032338312,0.01133983716543,0.0340286356440531,0.0025810531315112,0.0501618122977346,3,0.9563178214204608,0.0361492373049259,-0.0019031961847212342,0.0016684750342537968
spambase,tabpfn_distpfn,oracle,0.5,0.05,minority_to_majority,0.9439038478627922,0.0072535031240096,0.9182736455463728,0.0179239864976522,0.9847244732395822,0.0037260012131434,0.9465984073739726,0.005618282515319,0.951564588615961,0.0064157569750352,0.9182736455463728,0.0179239864976522,0.9895961899871968,0.0014713810360615,0.0369431506060619,0.0014081310320449,0.1385625887872706,0.0040617204514221,0.0356103372722311,0.0008519592053304,0.0502555366269165,3,0.9548293294627608,0.0348903040091196,-0.010925481599968534,-0.002052846596942305
spambase,tabpfn_distpfn,oracle,0.5,0.1,majority_to_minority,0.9529878452165842,0.0064874900742449,0.94837919764606,0.0083582285051922,0.986302943655486,0.003688664657496,0.9509496036570828,0.0056658563659255,0.9292887779181188,0.0052263922792584,0.953168044077135,0.0126241754681978,0.9895928986838078,0.0026452267994153,0.0400484549720198,0.00339091345234,0.1650231485535892,0.0121389636890318,0.0654319478695498,0.0059668539666583,0.0996932515337423,3,0.9509192610365632,0.0422010061641534,0.0020685841800209825,0.0021525511921335963
spambase,tabpfn_distpfn,oracle,0.5,0.1,minority_to_majority,0.9464093525677102,0.0056571511451046,0.9155188246097338,0.015904966093378,0.983810365930862,0.0054356925907142,0.9502786342164932,0.0041803801415267,0.9634302208744816,0.0093057661029515,0.9155188246097338,0.015904966093378,0.99014254634978,0.0014213144144686,0.0419324137111772,0.0010431060569447,0.1618368921588686,0.0014870881569745,0.0624491647522934,0.002334954602753,0.0996592844974446,3,0.9548515457606368,0.0358253295222917,-0.008442193192926606,-0.006107084188885503
spambase,tabpfn_distpfn,oracle,0.5,0.2,majority_to_minority,0.9425511221698906,0.0029238738758209,0.9181600955794504,0.009020112825891,0.9804725055383466,0.00533958010979,0.9354047644704454,0.0033117908700448,0.8850089821705582,0.0104181064287658,0.9669421487603306,0.0095429796560268,0.9878320513706632,0.0023076308952445,0.088222213463806,0.001593823304364,0.3141618876362747,0.0043894757726998,0.1839927262623107,0.009545088553097,0.2002724795640326,3,0.9453108800616132,0.0744578167796134,-0.0027597578917226695,-0.013764396684192604
spambase,tabpfn_distpfn,oracle,0.5,0.2,minority_to_majority,0.9112878541031034,0.0058302973097561,0.8393021120293848,0.0135892089870971,0.9777508269663292,0.0101440971216691,0.9209701133599424,0.0049679077413794,0.9703481808937836,0.0068047743882728,0.8393021120293848,0.0135892089870971,0.9878188861571072,0.0028961641783575,0.0748926429706404,0.0055384092084464,0.2507008605702787,0.012490156208149,0.1298082620295809,0.0075930959609059,0.2001703577512776,3,0.9446838867659982,0.047775118301312,-0.033396032662894815,-0.027117524669328395
spambase,tabpfn_distpfn,oracle,0.5,0.3,majority_to_minority,0.5128434886499402,0.0018652921142169,0.0256869772998805,0.0037305842284339,0.9774833013384576,0.0043844343392359,0.3109373923268573,0.0040200956031505,0.4003690526749063,0.000918321487532,1.0,0.0,0.9815045206052048,0.0018413871810516,0.2557008198238128,0.0047732858323678,0.68143330081802,0.0043743504054901,0.3758531684080444,0.005910576438722,0.2999403697078115,3,0.8887827443545918,0.1533376475175221,-0.3759392557046516,-0.10236317230629072
spambase,tabpfn_distpfn,oracle,0.5,0.3,minority_to_majority,0.6596413795827286,0.0313389004678186,0.3204775022956841,0.0628397139060628,0.9758155129065652,0.0085523399465213,0.6505098607183236,0.0424171163514609,0.994216156042786,0.0052685862430078,0.3204775022956841,0.0628397139060628,0.9859971497312652,0.0018384861017625,0.1318731729770781,0.0047442840985444,0.3791623254240091,0.0131787174653389,0.2038199526184869,0.004070772952607,0.2998296422487223,3,0.9313244863098236,0.0678207750121752,-0.27168310672709495,-0.06405239796490289
banknote_authentication,tabpfn_distpfn_t,observed,0.05,0.0,clean,1.0,0.0,1.0,0.0,1.0,0.0,1.0,0.0,1.0,0.0,1.0,0.0,1.0,0.0,4.625803001625076e-06,4.430108837846174e-06,0.0003181594407774,8.328462469802393e-05,0.0003157818649444,8.130231243234725e-05,0.0,3,1.0,1.1597756762663872e-05,0.0,6.9719537610387964e-06
banknote_authentication,tabpfn_distpfn_t,observed,0.05,0.05,majority_to_minority,0.9978213507625272,0.001886765585587,0.9956427015250544,0.003773531171174,1.0,0.0,0.9975465596074496,0.0021247417066194,0.994579945799458,0.0046939046275579,1.0,0.0,1.0,0.0,0.0034070481493146,0.0012564956323971,0.0183185209213687,0.0056652014256554,0.0152510846924353,0.0054569520828348,0.0588235294117647,3,0.9986338797814208,0.0009768022779704,-0.0008125290188936152,-0.0024302458713442
banknote_authentication,tabpfn_distpfn_t,observed,0.05,0.05,minority_to_majority,0.993169398907104,0.0118309481391315,0.9863387978142076,0.0236618962782634,0.9999553912496932,7.726462199357891e-05,0.993833721248324,0.0106803080915353,1.0,0.0,0.9863387978142076,0.0236618962782634,0.99996428443873,6.18611667406298e-05,0.0045656454776327,0.0076566127391208,0.0149554086584646,0.0202216265944149,0.0077457106656852,0.007886278610731,0.0625,3,0.9877049180327868,0.011600570132335,0.005464480874317168,0.0070349246547023
banknote_authentication,tabpfn_distpfn_t,observed,0.05,0.1,majority_to_minority,0.9989106753812635,0.001886765585587,0.9978213507625272,0.003773531171174,1.0,0.0,0.9987732798037248,0.0021247417066194,0.997289972899729,0.0046939046275579,1.0,0.0,1.0,0.0,0.003846825689216,0.0022792151800127,0.0374721847894273,0.0055356176701433,0.0349734844789911,0.0039805960034647,0.1111111111111111,3,1.0,0.0002288665067074,-0.0010893246187364536,-0.0036179591825086003
banknote_authentication,tabpfn_distpfn_t,observed,0.05,0.1,minority_to_majority,0.9972677595628416,0.0047323792556526,0.9945355191256832,0.0094647585113053,1.0,0.0,0.9975403384494294,0.0042602587750119,1.0,0.0,0.9945355191256832,0.0094647585113053,1.0,0.0,0.0027932749122983,0.0021709072637645,0.012051888066453,0.0041501224134686,0.0098057382551584,0.0021611154847053,0.09375,3,0.9795081967213114,0.0192360840737819,0.01775956284153024,0.0164428091614836
banknote_authentication,tabpfn_distpfn_t,observed,0.05,0.2,majority_to_minority,0.9978213507625272,0.0018867655855871,0.9956427015250544,0.0037735311711741,1.0,0.0,0.9975465596074496,0.0021247417066195,0.994579945799458,0.0046939046275579,1.0,0.0,1.0,0.0,0.0099777691933755,0.0019261584812124,0.067386985453032,0.003751641454547,0.0613263037140912,0.0039482939072923,0.2,3,0.9945355191256832,0.0022518870149117,0.003285831636844039,-0.007725882178463801
banknote_authentication,tabpfn_distpfn_t,observed,0.05,0.2,minority_to_majority,1.0,0.0,1.0,0.0,1.0,0.0,1.0,0.0,1.0,0.0,1.0,0.0,1.0,0.0,0.0006140760612471,0.0003169128127706,0.0111352593572689,0.002645309514229,0.0108049073083837,0.0024802755708961,0.1875,3,0.9562841530054644,0.03301036854585,0.04371584699453557,0.0323962924846029
banknote_authentication,tabpfn_distpfn_t,observed,0.05,0.3,majority_to_minority,0.9989106753812635,0.001886765585587,0.9978213507625272,0.003773531171174,1.0,0.0,0.9987732798037248,0.0021247417066195,0.997289972899729,0.0046939046275579,1.0,0.0,1.0,0.0,0.0192035144075131,0.0025443871435215,0.1066228529444929,0.0063486862246009,0.0951121088133624,0.0055047759677625,0.3043478260869565,3,1.0,0.0009465204687633,-0.0010893246187364536,-0.0182569939387498
banknote_authentication,tabpfn_distpfn_t,observed,0.05,0.3,minority_to_majority,0.9945355191256832,0.0094647585113053,0.989071038251366,0.0189295170226106,1.0,0.0,0.9950716845878136,0.0085360926896316,1.0,0.0,0.989071038251366,0.0189295170226106,1.0,0.0,0.00291403985708,0.0028509043057852,0.0221667351855739,0.0064768029362153,0.0200647889208726,0.0040828605463987,0.3125,3,0.9234972677595628,0.065862892816464,0.07103825136612041,0.062948852959384
banknote_authentication,tabpfn_distpfn_t,observed,0.1,0.0,clean,1.0,0.0,1.0,0.0,1.0,0.0,1.0,0.0,1.0,0.0,1.0,0.0,1.0,0.0,1.8878216386971349e-06,1.838553911836398e-06,0.0001937834515861,0.0001129512472103,0.0001928268941961,0.0001120536900166,0.0,3,1.0,6.042243469057406e-05,0.0,5.853461305187693e-05
banknote_authentication,tabpfn_distpfn_t,observed,0.1,0.05,majority_to_minority,1.0,0.0,1.0,0.0,1.0,0.0,1.0,0.0,1.0,0.0,1.0,0.0,1.0,0.0,0.0007111241701532,0.0005465343104164,0.0126074268242853,0.0022683272381591,0.0121739093030365,0.0018781366414912,0.044776119402985,3,1.0,2.5625219677749556e-05,0.0,-0.0006854989504754504
banknote_authentication,tabpfn_distpfn_t,observed,0.1,0.05,minority_to_majority,1.0,0.0,1.0,0.0,1.0,0.0,1.0,0.0,1.0,0.0,1.0,0.0,1.0,0.0,0.0003774535482531,0.0002718707178024,0.0044424707096408,0.0006042405777188,0.0042299109475703,0.0004811073785288,0.046875,3,0.9904371584699452,0.0064495750702916,0.009562841530054822,0.0060721215220385
banknote_authentication,tabpfn_distpfn_t,observed,0.1,0.1,majority_to_minority,0.9978213507625272,0.003773531171174,0.9956427015250544,0.007547062342348,1.0,0.0,0.9975484952217945,0.00424613083085,0.9946236559139784,0.0093121011159616,1.0,0.0,1.0,0.0,0.0044565903864449,0.0020439090221693,0.0318738908482294,0.0056298310836946,0.0289796673722056,0.0056509989214315,0.0985915492957745,3,1.0,0.0002138167862236,-0.002178649237472796,-0.004242773600221301
banknote_authentication,tabpfn_distpfn_t,observed,0.1,0.1,minority_to_majority,1.0,0.0,1.0,0.0,1.0,0.0,1.0,0.0,1.0,0.0,1.0,0.0,1.0,1.5700924586837752e-16,0.0004228745763318,0.0003878241021327,0.0076354126127128,0.0014526120567568,0.007380781117538,0.0011928679508962,0.09375,3,1.0,0.0078974443798263,0.0,0.0074745698034945005
banknote_authentication,tabpfn_distpfn_t,observed,0.1,0.2,majority_to_minority,0.994553376906318,0.0049919125217383,0.9891067538126362,0.0099838250434767,1.0,0.0,0.9938740387073168,0.0056134370892885,0.9866236559139784,0.0122344991368416,1.0,0.0,1.0,0.0,0.0115780974023508,0.004044827865134,0.0759296463335791,0.0083097157910044,0.0674282572552613,0.004774692391606,0.2,3,1.0,0.0009185771632473,-0.005446623093682046,-0.0106595202391035
banknote_authentication,tabpfn_distpfn_t,observed,0.1,0.2,minority_to_majority,1.0,0.0,1.0,0.0,1.0,0.0,1.0,0.0,1.0,0.0,1.0,0.0,1.0,1.5700924586837752e-16,0.0006070511339894,0.0001190809538048,0.0151385279012121,0.0012394630545311,0.0148223163374481,0.0011768300651228,0.203125,3,0.9986338797814208,0.0205672370890775,0.001366120218579181,0.0199601859550881
banknote_authentication,tabpfn_distpfn_t,observed,0.1,0.3,majority_to_minority,1.0,0.0,1.0,0.0,1.0,0.0,1.0,0.0,1.0,0.0,1.0,0.0,1.0,0.0,0.0170946773593514,0.0008907024717948,0.1038018401075607,0.0071590698197367,0.0939198037261644,0.0068627921342467,0.2967032967032967,3,1.0,0.0008015678031369,0.0,-0.016293109556214498
banknote_authentication,tabpfn_distpfn_t,observed,0.1,0.3,minority_to_majority,1.0,0.0,1.0,0.0,1.0,0.0,1.0,0.0,1.0,0.0,1.0,0.0,1.0,0.0,0.0014616125121409,0.0003603522817143,0.024202672377926,0.0014431090196494,0.0234285257110565,0.0012607722439833,0.296875,3,0.9781420765027322,0.0434965652724106,0.021857923497267784,0.0420349527602697
banknote_authentication,tabpfn_distpfn_t,observed,0.2,0.0,clean,1.0,0.0,1.0,0.0,1.0,0.0,1.0,0.0,1.0,0.0,1.0,0.0,1.0,0.0,1.4108147383188878e-08,1.9171329139229925e-08,3.698381225647379e-05,8.84911789433818e-06,3.697674997327801e-05,8.839526947582141e-06,0.0,3,1.0,7.050586869894462e-08,0.0,5.6397721315755745e-08
banknote_authentication,tabpfn_distpfn_t,observed,0.2,0.05,majority_to_minority,1.0,0.0,1.0,0.0,1.0,0.0,1.0,0.0,1.0,0.0,1.0,0.0,1.0,0.0,0.0009787896395727,0.0002978437205083,0.0189242033900332,0.0021093782550125,0.0183970945775603,0.0019455531747606,0.0518518518518517,3,1.0,0.0001042989291211,0.0,-0.0008744907104516
banknote_authentication,tabpfn_distpfn_t,observed,0.2,0.05,minority_to_majority,1.0,0.0,1.0,0.0,1.0,0.0,1.0,0.0,1.0,0.0,1.0,0.0,1.0,0.0,0.0003068731195278,0.0003273900761807,0.0056674645967896,0.0007773812955124,0.0054880007511074,0.0005866571467238,0.046875,3,0.9972677595628416,0.0019309675359787,0.002732240437158362,0.0016240944164509
banknote_authentication,tabpfn_distpfn_t,observed,0.2,0.1,majority_to_minority,0.9934640522875816,0.011320593513522,0.9869281045751634,0.022641187027044,1.0,0.0,0.9926666666666666,0.0127017059221717,0.984375,0.0270632938682637,1.0,0.0,1.0,0.0,0.008957322298425,0.0115660966064939,0.0670330597413691,0.0567640529270186,0.0395098731522043,0.0111864413673452,0.0985915492957745,3,0.9934640522875816,0.0063108004784831,0.0,-0.0026465218199419006
banknote_authentication,tabpfn_distpfn_t,observed,0.2,0.1,minority_to_majority,1.0,0.0,1.0,0.0,1.0,0.0,1.0,0.0,1.0,0.0,1.0,0.0,1.0,0.0,0.0006924501264157,0.0005665154668996,0.0135262622435955,0.0016876503225177,0.0131539194454449,0.0013677210611685,0.1015625,3,1.0,0.0058969350066035,0.0,0.0052044848801878
banknote_authentication,tabpfn_distpfn_t,observed,0.2,0.2,majority_to_minority,1.0,0.0,1.0,0.0,1.0,0.0,1.0,0.0,1.0,0.0,1.0,0.0,1.0,0.0,0.0098705438080479,0.0006540974416699,0.0771911657062182,0.0034628968430242,0.0716909333379206,0.0031224276240692,0.2,3,1.0,0.0015457892247164,0.0,-0.0083247545833315
banknote_authentication,tabpfn_distpfn_t,observed,0.2,0.2,minority_to_majority,1.0,0.0,1.0,0.0,1.0,0.0,1.0,0.0,1.0,0.0,1.0,0.0,1.0,0.0,0.0015733481140148,7.021925342181896e-06,0.0270018202322452,0.0001845977139932,0.0261808175801663,0.000182915639772,0.203125,3,1.0,0.0156241813674568,0.0,0.014050833253442
banknote_authentication,tabpfn_distpfn_t,observed,0.2,0.3,majority_to_minority,1.0,0.0,1.0,0.0,1.0,0.0,1.0,0.0,1.0,0.0,1.0,0.0,1.0,0.0,0.0221898348618921,0.0004993595438272,0.1223905194370843,0.0020765074568844,0.109447811157928,0.0017716018896011,0.3005464480874317,3,1.0,0.0047687583913405,0.0,-0.017421076470551602
banknote_authentication,tabpfn_distpfn_t,observed,0.2,0.3,minority_to_majority,1.0,0.0,1.0,0.0,1.0,0.0,1.0,0.0,1.0,0.0,1.0,0.0,1.0,0.0,0.0046071622979965,0.0002988586854033,0.0475341766487613,0.0014682387815898,0.0450556120053248,0.0012979535217382,0.296875,3,1.0,0.037866186350584,0.0,0.0332590240525875
banknote_authentication,tabpfn_distpfn_t,observed,0.5,0.0,clean,1.0,0.0,1.0,0.0,1.0,0.0,1.0,0.0,1.0,0.0,1.0,0.0,1.0,0.0,2.1013095035697687e-10,4.621717875428071e-11,1.3407403486121226e-05,3.638896440834449e-07,1.3407298418675712e-05,3.638666948888329e-07,0.0,3,1.0,1.9772181577189704e-10,0.0,-1.240913458507983e-11
banknote_authentication,tabpfn_distpfn_t,observed,0.5,0.05,majority_to_minority,1.0,0.0,1.0,0.0,1.0,0.0,1.0,0.0,1.0,0.0,1.0,0.0,1.0,0.0,0.0010028603228842,0.0003778699949995,0.0214475092202972,0.0013242683523385,0.0209009311027717,0.0010765230640972,0.0504451038575667,3,1.0,0.0014127486695845,0.0,0.00040988834670029994
banknote_authentication,tabpfn_distpfn_t,observed,0.5,0.05,minority_to_majority,1.0,0.0,1.0,0.0,1.0,0.0,1.0,0.0,1.0,0.0,1.0,0.0,1.0,0.0,0.0008750062098894,4.080889320240433e-05,0.0193803018620304,0.000153541893723,0.0189276424752005,0.0001755816365301,0.05,3,1.0,0.0007090088911354,0.0,-0.00016599731875400006
banknote_authentication,tabpfn_distpfn_t,observed,0.5,0.1,majority_to_minority,1.0,0.0,1.0,0.0,1.0,0.0,1.0,0.0,1.0,0.0,1.0,0.0,1.0,0.0,0.0034203887836213,4.1349710954226304e-05,0.044958738893553,6.124528963469387e-05,0.04315019915127,4.73387063479717e-05,0.1011235955056179,3,1.0,0.0052119443813959,0.0,0.0017915555977745996
banknote_authentication,tabpfn_distpfn_t,observed,0.5,0.1,minority_to_majority,1.0,0.0,1.0,0.0,1.0,0.0,1.0,0.0,1.0,0.0,1.0,0.0,1.0,0.0,0.0040218178802589,3.852073449580234e-05,0.0432915432144104,0.000230314048868,0.0411295937291448,0.0002088297111577,0.1,3,1.0,0.0035103120996305,0.0,-0.0005115057806284002
banknote_authentication,tabpfn_distpfn_t,observed,0.5,0.2,majority_to_minority,1.0,0.0,1.0,0.0,1.0,0.0,1.0,0.0,1.0,0.0,1.0,0.0,1.0,0.0,0.0195849853186533,0.0006233267723767,0.1142913202166151,0.0004832112914576,0.102968599371438,6.839627486204293e-05,0.2,3,1.0,0.0309583880007266,0.0,0.011373402682073298
banknote_authentication,tabpfn_distpfn_t,observed,0.5,0.2,minority_to_majority,1.0,0.0,1.0,0.0,1.0,0.0,1.0,0.0,1.0,0.0,1.0,0.0,1.0,0.0,0.0152015267637398,0.0018535194534977,0.0892426228979065,0.0041319397224874,0.0804060476047573,0.0027899376662559,0.2,3,1.0,0.0150427275026837,0.0,-0.00015879926105609975
banknote_authentication,tabpfn_distpfn_t,observed,0.5,0.3,majority_to_minority,0.9847494553376906,0.008224220517724,0.9694989106753812,0.0164484410354482,1.0,0.0,0.982883256151994,0.009209414416494,0.9634124410367684,0.0192189353526965,1.0,0.0,1.0,0.0,0.0716822727350946,0.000275317864622,0.2455852940264361,0.0006618807499632,0.1961480870470492,0.0008343630799663,0.299781181619256,3,0.954248366013072,0.1051767940322557,0.030501089324618702,0.0334945212971611
banknote_authentication,tabpfn_distpfn_t,observed,0.5,0.3,minority_to_majority,1.0,0.0,1.0,0.0,1.0,0.0,1.0,0.0,1.0,0.0,1.0,0.0,1.0,0.0,0.034486437305655,0.0003054323468153,0.1439964823111504,0.0015213142226052,0.1224785713629388,0.0015559150444431,0.3,3,1.0,0.0364994828899701,0.0,0.0020130455843150943
banknote_authentication,tabpfn_distpfn_t,oracle,0.05,0.0,clean,1.0,0.0,1.0,0.0,1.0,0.0,1.0,0.0,1.0,0.0,1.0,0.0,1.0,0.0,4.625803001625076e-06,4.430108837846174e-06,0.0003181594407774,8.328462469802393e-05,0.0003157818649444,8.130231243234725e-05,0.0,3,1.0,1.1597756762663872e-05,0.0,6.9719537610387964e-06
banknote_authentication,tabpfn_distpfn_t,oracle,0.05,0.05,majority_to_minority,0.9978213507625272,0.001886765585587,0.9956427015250544,0.003773531171174,1.0,0.0,0.9975465596074496,0.0021247417066194,0.994579945799458,0.0046939046275579,1.0,0.0,1.0,0.0,0.0036504861069002,0.0013755797651407,0.0193096280367863,0.005972648044459,0.0160122854602787,0.0057085356646559,0.0588235294117647,3,0.9986338797814208,0.0009768022779704,-0.0008125290188936152,-0.0026736838289298003
banknote_authentication,tabpfn_distpfn_t,oracle,0.05,0.05,minority_to_majority,0.993169398907104,0.0118309481391315,0.9863387978142076,0.0236618962782634,0.9999553912496932,7.726462199357891e-05,0.993833721248324,0.0106803080915353,1.0,0.0,0.9863387978142076,0.0236618962782634,0.99996428443873,6.18611667406298e-05,0.0046669506289073,0.0078443176532395,0.0153803328571564,0.020888605994373,0.007885165934749,0.0080509259658095,0.0625,3,0.9877049180327868,0.011600570132335,0.005464480874317168,0.0069336195034277
banknote_authentication,tabpfn_distpfn_t,oracle,0.05,0.1,majority_to_minority,0.9989106753812635,0.001886765585587,0.9978213507625272,0.003773531171174,1.0,0.0,0.9987732798037248,0.0021247417066194,0.997289972899729,0.0046939046275579,1.0,0.0,1.0,0.0,0.0046612828656612,0.0025630127499958,0.0421505724019182,0.0060311915158989,0.0391115925876531,0.0042786605919361,0.1111111111111111,3,1.0,0.0002288665067074,-0.0010893246187364536,-0.0044324163589538
banknote_authentication,tabpfn_distpfn_t,oracle,0.05,0.1,minority_to_majority,0.9972677595628416,0.0047323792556526,0.9945355191256832,0.0094647585113053,1.0,0.0,0.9975403384494294,0.0042602587750119,1.0,0.0,0.9945355191256832,0.0094647585113053,1.0,0.0,0.00307093853253,0.0023466777066537,0.012854582335172,0.0044101573151857,0.0103138420816203,0.0021811346197043,0.09375,3,0.9795081967213114,0.0192360840737819,0.01775956284153024,0.0161651455412519
banknote_authentication,tabpfn_distpfn_t,oracle,0.05,0.2,majority_to_minority,0.994553376906318,0.0049919125217383,0.9891067538126362,0.0099838250434767,1.0,0.0,0.9938740387073168,0.0056134370892884,0.9866236559139784,0.0122344991368416,1.0,0.0,1.0,0.0,0.0142812748548636,0.0024733270291066,0.0834884480418769,0.0046090190508716,0.0745489083139179,0.0048715169204872,0.2,3,0.9945355191256832,0.0022518870149117,1.7857780634789044e-05,-0.0120293878399519
banknote_authentication,tabpfn_distpfn_t,oracle,0.05,0.2,minority_to_majority,1.0,0.0,1.0,0.0,1.0,0.0,1.0,0.0,1.0,0.0,1.0,0.0,1.0,0.0,0.0007985802298348,0.0004665395082857,0.0129442439165284,0.0031674961964319,0.0125108569227993,0.0029286557011197,0.1875,3,0.9562841530054644,0.03301036854585,0.04371584699453557,0.032211788316015205
banknote_authentication,tabpfn_distpfn_t,oracle,0.05,0.3,majority_to_minority,0.9967320261437908,0.0032679738562092,0.9934640522875816,0.0065359477124182,1.0,0.0,0.9963217750255192,0.0036772575493801,0.9919136288137076,0.008064604970239,1.0,0.0,1.0,0.0,0.0342668485857838,0.0036042697807585,0.1502850630520458,0.0089699224323131,0.1284576713350285,0.0076538624190921,0.3043478260869565,3,1.0,0.0009465204687633,-0.0032679738562092497,-0.0333203281170205
banknote_authentication,tabpfn_distpfn_t,oracle,0.05,0.3,minority_to_majority,0.993169398907104,0.0118309481391316,0.9863387978142076,0.0236618962782634,1.0,0.0,0.993833721248324,0.0106803080915353,1.0,0.0,0.9863387978142076,0.0236618962782634,1.0,0.0,0.004468388175842,0.0040390471407552,0.0303023196814624,0.0088485555775185,0.0267989346459438,0.0049596192248746,0.3125,3,0.9234972677595628,0.065862892816464,0.06967213114754123,0.061394504640622
banknote_authentication,tabpfn_distpfn_t,oracle,0.1,0.0,clean,1.0,0.0,1.0,0.0,1.0,0.0,1.0,0.0,1.0,0.0,1.0,0.0,1.0,0.0,1.8878216386971349e-06,1.838553911836398e-06,0.0001937834515861,0.0001129512472103,0.0001928268941961,0.0001120536900166,0.0,3,1.0,6.042243469057406e-05,0.0,5.853461305187693e-05
banknote_authentication,tabpfn_distpfn_t,oracle,0.1,0.05,majority_to_minority,1.0,0.0,1.0,0.0,1.0,0.0,1.0,0.0,1.0,0.0,1.0,0.0,1.0,0.0,0.000771842387202,0.0005807735976919,0.0132589355902165,0.0023698315960766,0.01278638102365,0.0019500511865825,0.044776119402985,3,1.0,2.5625219677749556e-05,0.0,-0.0007462171675242504
banknote_authentication,tabpfn_distpfn_t,oracle,0.1,0.05,minority_to_majority,1.0,0.0,1.0,0.0,1.0,0.0,1.0,0.0,1.0,0.0,1.0,0.0,1.0,0.0,0.0004125252122417,0.0002974056541757,0.0046415848311343,0.0006448234217034,0.0044078968161165,0.0005065548008316,0.046875,3,0.9904371584699452,0.0064495750702916,0.009562841530054822,0.006037049858049899
banknote_authentication,tabpfn_distpfn_t,oracle,0.1,0.1,majority_to_minority,0.9956427015250544,0.0037735311711741,0.9912854030501088,0.007547062342348,1.0,0.0,0.9950969904435888,0.00424613083085,0.989247311827957,0.0093121011159615,1.0,0.0,1.0,0.0,0.0052568919781908,0.0022933758276678,0.0354824497028925,0.0063063676684328,0.0320083573474681,0.0063874632074561,0.0985915492957745,3,1.0,0.0002138167862236,-0.004357298474945592,-0.0050430751919672
banknote_authentication,tabpfn_distpfn_t,oracle,0.1,0.1,minority_to_majority,1.0,0.0,1.0,0.0,1.0,0.0,1.0,0.0,1.0,0.0,1.0,0.0,1.0,1.5700924586837752e-16,0.00044766841463,0.0003601589598749,0.0083129900774387,0.0014524326406878,0.0080526074457854,0.0012204875845465,0.09375,3,1.0,0.0078974443798263,0.0,0.007449775965196301
banknote_authentication,tabpfn_distpfn_t,oracle,0.1,0.2,majority_to_minority,0.9923747276688454,0.008224220517724,0.9847494553376906,0.0164484410354483,1.0,0.0,0.9914332257274272,0.0092327868405234,0.981500296333926,0.0197918123777262,1.0,0.0,1.0,0.0,0.016349442910621,0.0048510711211882,0.0952507120316616,0.0094866622278192,0.0831831987225143,0.0049197058908964,0.2,3,1.0,0.0009185771632473,-0.00762527233115462,-0.015430865747373701
banknote_authentication,tabpfn_distpfn_t,oracle,0.1,0.2,minority_to_majority,1.0,0.0,1.0,0.0,1.0,0.0,1.0,0.0,1.0,0.0,1.0,0.0,1.0,1.5700924586837752e-16,0.0009265324329021,0.0002029063082184,0.0189524920733532,0.0016344138535069,0.0184659310415432,0.0015284160979258,0.203125,3,0.9986338797814208,0.0205672370890775,0.001366120218579181,0.0196407046561754
banknote_authentication,tabpfn_distpfn_t,oracle,0.1,0.3,majority_to_minority,0.9989106753812635,0.001886765585587,0.9978213507625272,0.003773531171174,1.0,0.0,0.9987732798037248,0.0021247417066195,0.997289972899729,0.0046939046275579,1.0,0.0,1.0,0.0,0.0321570105056137,0.0022328303979867,0.1491086964778495,0.0104921245584762,0.129428756323166,0.009599130325519,0.2967032967032967,3,1.0,0.0008015678031369,-0.0010893246187364536,-0.0313554427024768
banknote_authentication,tabpfn_distpfn_t,oracle,0.1,0.3,minority_to_majority,1.0,0.0,1.0,0.0,1.0,0.0,1.0,0.0,1.0,0.0,1.0,0.0,1.0,0.0,0.0030317507089992,0.0006360266783628,0.0354845813049963,0.0013114116649558,0.0338394766555642,0.0009792620533579,0.296875,3,0.9781420765027322,0.0434965652724106,0.021857923497267784,0.0404648145634114
banknote_authentication,tabpfn_distpfn_t,oracle,0.2,0.0,clean,1.0,0.0,1.0,0.0,1.0,0.0,1.0,0.0,1.0,0.0,1.0,0.0,1.0,0.0,1.4108147383188878e-08,1.9171329139229925e-08,3.698381225647379e-05,8.84911789433818e-06,3.697674997327801e-05,8.839526947582141e-06,0.0,3,1.0,7.050586869894462e-08,0.0,5.6397721315755745e-08
banknote_authentication,tabpfn_distpfn_t,oracle,0.2,0.05,majority_to_minority,1.0,0.0,1.0,0.0,1.0,0.0,1.0,0.0,1.0,0.0,1.0,0.0,1.0,0.0,0.0011084478710832,0.000335697904642,0.0202398868379428,0.0022483059435751,0.019640509116541,0.002062601503884,0.0518518518518517,3,1.0,0.0001042989291211,0.0,-0.0010041489419621
banknote_authentication,tabpfn_distpfn_t,oracle,0.2,0.05,minority_to_majority,1.0,0.0,1.0,0.0,1.0,0.0,1.0,0.0,1.0,0.0,1.0,0.0,1.0,0.0,0.0003383518862031,0.0003572957063886,0.0059914198112571,0.0008102868462972,0.0057920716037539,0.000598720359092,0.046875,3,0.9972677595628416,0.0019309675359787,0.002732240437158362,0.0015926156497756
banknote_authentication,tabpfn_distpfn_t,oracle,0.2,0.1,majority_to_minority,0.9934640522875816,0.011320593513522,0.9869281045751634,0.022641187027044,1.0,0.0,0.9926666666666666,0.0127017059221717,0.984375,0.0270632938682637,1.0,0.0,1.0,0.0,0.0096213350104124,0.0116026620060393,0.0726443406040027,0.0582287778241709,0.0438774516611799,0.0111081347828182,0.0985915492957745,3,0.9934640522875816,0.0063108004784831,0.0,-0.0033105345319293005
banknote_authentication,tabpfn_distpfn_t,oracle,0.2,0.1,minority_to_majority,1.0,0.0,1.0,0.0,1.0,0.0,1.0,0.0,1.0,0.0,1.0,0.0,1.0,0.0,0.0008901641224055,0.0007121523614044,0.0154670884765591,0.001889217931905,0.0149840382530681,0.0014801810361702,0.1015625,3,1.0,0.0058969350066035,0.0,0.005006770884197999
banknote_authentication,tabpfn_distpfn_t,oracle,0.2,0.2,majority_to_minority,1.0,0.0,1.0,0.0,1.0,0.0,1.0,0.0,1.0,0.0,1.0,0.0,1.0,0.0,0.0160835878885172,0.0009778631159707,0.1010479864119788,0.0044750862066208,0.0918090847559378,0.0039390652268645,0.2,3,1.0,0.0015457892247164,0.0,-0.0145377986638008
banknote_authentication,tabpfn_distpfn_t,oracle,0.2,0.2,minority_to_majority,1.0,0.0,1.0,0.0,1.0,0.0,1.0,0.0,1.0,0.0,1.0,0.0,1.0,0.0,0.0027313596428113,4.1649725529714534e-05,0.0359507450039563,0.0004142177953561,0.0345061286387266,0.0003929221321908,0.203125,3,1.0,0.0156241813674568,0.0,0.0128928217246455
banknote_authentication,tabpfn_distpfn_t,oracle,0.2,0.3,majority_to_minority,0.9978213507625272,0.003773531171174,0.9956427015250544,0.007547062342348,1.0,0.0,0.9975484952217945,0.00424613083085,0.9946236559139784,0.0093121011159616,1.0,0.0,1.0,0.0,0.0451319213618407,0.0007604749871665,0.1847691880484436,0.003021410125606,0.1564435349924537,0.00248610622151,0.3005464480874317,3,1.0,0.0047687583913405,-0.002178649237472796,-0.0403631629705002
banknote_authentication,tabpfn_distpfn_t,oracle,0.2,0.3,minority_to_majority,1.0,0.0,1.0,0.0,1.0,0.0,1.0,0.0,1.0,0.0,1.0,0.0,1.0,0.0,0.0104673287515856,0.0006138055683149,0.0736584513826748,0.002104834590304,0.0677996807245393,0.0017325017405541,0.296875,3,1.0,0.037866186350584,0.0,0.0273988575989984
banknote_authentication,tabpfn_distpfn_t,oracle,0.5,0.0,clean,1.0,0.0,1.0,0.0,1.0,0.0,1.0,0.0,1.0,0.0,1.0,0.0,1.0,0.0,2.1013095035697687e-10,4.621717875428071e-11,1.3407403486121226e-05,3.638896440834449e-07,1.3407298418675712e-05,3.638666948888329e-07,0.0,3,1.0,1.9772181577189704e-10,0.0,-1.240913458507983e-11
banknote_authentication,tabpfn_distpfn_t,oracle,0.5,0.05,majority_to_minority,1.0,0.0,1.0,0.0,1.0,0.0,1.0,0.0,1.0,0.0,1.0,0.0,1.0,0.0,0.0012108445177463,0.0004339275386321,0.0237618900751141,0.0014394202714507,0.0230987894024201,0.0011488573918465,0.0504451038575667,3,1.0,0.0014127486695845,0.0,0.00020190415183819993
banknote_authentication,tabpfn_distpfn_t,oracle,0.5,0.05,minority_to_majority,1.0,0.0,1.0,0.0,1.0,0.0,1.0,0.0,1.0,0.0,1.0,0.0,1.0,0.0,0.0010537736384254,4.818094865841927e-05,0.0213198022359457,0.0001691409550668,0.0207728254874741,0.0001954570783031,0.05,3,1.0,0.0007090088911354,0.0,-0.00034476474729000007
banknote_authentication,tabpfn_distpfn_t,oracle,0.5,0.1,majority_to_minority,1.0,0.0,1.0,0.0,1.0,0.0,1.0,0.0,1.0,0.0,1.0,0.0,1.0,0.0,0.005156266766509,5.858592846226288e-05,0.0557482470968738,7.768454988011713e-05,0.0529855174769872,6.308918324657543e-05,0.1011235955056179,3,1.0,0.0052119443813959,0.0,5.5677614886899714e-05
banknote_authentication,tabpfn_distpfn_t,oracle,0.5,0.1,minority_to_majority,1.0,0.0,1.0,0.0,1.0,0.0,1.0,0.0,1.0,0.0,1.0,0.0,1.0,0.0,0.0056832712065373,5.290540892835405e-05,0.0520417808735627,0.000272140473815,0.0489431865609411,0.0002422019035549,0.1,3,1.0,0.0035103120996305,0.0,-0.0021729591069067997
banknote_authentication,tabpfn_distpfn_t,oracle,0.5,0.2,majority_to_minority,0.9978213507625272,0.003773531171174,0.9956427015250544,0.007547062342348,1.0,0.0,0.9975484952217945,0.00424613083085,0.9946236559139784,0.0093121011159616,1.0,0.0,1.0,0.0,0.0424225793895408,0.0007254687982803,0.1784539684199149,0.0003283456986441,0.1520064732488335,0.0005721458020424,0.2,3,1.0,0.0309583880007266,-0.002178649237472796,-0.011464191388814198
banknote_authentication,tabpfn_distpfn_t,oracle,0.5,0.2,minority_to_majority,0.9986338797814208,0.0023661896278263,0.9972677595628416,0.0047323792556526,1.0,0.0,0.9987712407787206,0.0021282734015247,1.0,0.0,0.9972677595628416,0.0047323792556526,1.0,0.0,0.0274284945206972,0.0026135737598355,0.1253305727581977,0.0051638954773488,0.1085018880553271,0.0029943236914367,0.2,3,1.0,0.0150427275026837,-0.001366120218579181,-0.012385767018013498
banknote_authentication,tabpfn_distpfn_t,oracle,0.5,0.3,majority_to_minority,0.5740740740740741,0.0688863257244548,0.1481481481481481,0.1377726514489095,1.0,0.0,0.4477673155855495,0.1176552646597798,0.4858620966366745,0.0426395555932025,1.0,0.0,1.0,0.0,0.1756359510875497,0.0010745949917722,0.4618732745379231,0.0010848862517759,0.3101981985907868,0.001495437125322,0.299781181619256,3,0.954248366013072,0.1051767940322557,-0.3801742919389979,-0.070459157055294
banknote_authentication,tabpfn_distpfn_t,oracle,0.5,0.3,minority_to_majority,0.9890710382513662,0.010313981468949,0.9781420765027322,0.0206279629378983,1.0,0.0,0.9901409094742972,0.0093095025107105,1.0,0.0,0.9781420765027322,0.0206279629378983,1.0,0.0,0.0719476581901472,0.0008956630692649,0.2280265034390733,0.0024195917911283,0.1774670711601886,0.0022443199175502,0.3,3,1.0,0.0364994828899701,-0.010928961748633781,-0.035448175300177104
blood_transfusion,tabpfn_distpfn_t,observed,0.05,0.0,clean,0.5,0.0,0.0,0.0,0.4556961366792397,0.0281819737459024,0.4318181818181818,0.0,0.0,0.0,0.0,0.0,0.7230344379467186,0.0132972266383445,0.2320432141107561,0.0053853654207954,1.122720622044694,0.0652090062177381,0.229488633556346,0.0059777776957563,0.0,3,0.5,0.2082477062940597,0.0,-0.0237955078166964
blood_transfusion,tabpfn_distpfn_t,observed,0.05,0.05,majority_to_minority,0.5,0.0,0.0,0.0,0.4425719902386282,0.0761789449643513,0.4318181818181818,0.0,0.0,0.0,0.0,0.0,0.6876218323586745,0.0395876435417644,0.2360327571021059,0.0019390783684494,1.189092348390104,0.0957897329364969,0.2331571056632855,0.0023093170959749,0.0666666666666666,3,0.5,0.2165270100037256,0.0,-0.019505747098380294
blood_transfusion,tabpfn_distpfn_t,observed,0.05,0.05,minority_to_majority,0.5,0.0,0.0,0.0,0.4526646091067485,0.0406785208556187,0.4318181818181818,0.0,0.0,0.0,0.0,0.0,0.7116634178037687,0.0071376850569595,0.2376315248589901,0.0008121388516555,1.3309729793569345,0.0674188756174239,0.2363538603282929,0.0009139245638884,0.0714285714285714,3,0.5,0.2169207682212194,0.0,-0.020710756637770722
blood_transfusion,tabpfn_distpfn_t,observed,0.05,0.1,majority_to_minority,0.5,0.0,0.0,0.0,0.4211416468510866,0.0101460957179869,0.4318181818181818,0.0,0.0,0.0,0.0,0.0,0.6875406107862249,0.0253195469324312,0.2325180892625339,0.0030120533304732,1.060408489835095,0.0988104921592674,0.2288083973343444,0.0047930408386559,0.125,3,0.5,0.210944245258967,0.0,-0.021573844003566905
blood_transfusion,tabpfn_distpfn_t,observed,0.05,0.1,minority_to_majority,0.5,0.0,0.0,0.0,0.4985942792292642,0.0208827357935243,0.4318181818181818,0.0,0.0,0.0,0.0,0.0,0.7067089018843404,0.0115067636805449,0.2368174732615035,0.0009950091454429,1.2597248998395632,0.0713022885135392,0.2352536811949781,0.0013746042959121,0.0714285714285714,3,0.5,0.2147911339998245,0.0,-0.022026339261679018
blood_transfusion,tabpfn_distpfn_t,observed,0.05,0.2,majority_to_minority,0.5,0.0,0.0,0.0,0.447651822757453,0.1172233803163589,0.4318181818181818,0.0,0.0,0.0,0.0,0.0,0.6884340480831709,0.0710378076526702,0.2322910735075814,0.001588969968457,1.0168565871384894,0.0389697302338009,0.2267619529037355,0.0020589943111207,0.2222222222222222,3,0.5,0.2110597838958104,0.0,-0.02123128961177101
blood_transfusion,tabpfn_distpfn_t,observed,0.05,0.2,minority_to_majority,0.5,0.0,0.0,0.0,0.3904907584833813,0.0804205592810861,0.4318181818181818,0.0,0.0,0.0,0.0,0.0,0.6691845354126057,0.0794296836356959,0.2382397441913181,0.0013060313602617,1.4562583282079198,0.1576144310496734,0.2375106891147371,0.001482116966044,0.2142857142857142,3,0.5,0.2187437663475672,0.0,-0.0194959778437509
blood_transfusion,tabpfn_distpfn_t,observed,0.05,0.3,majority_to_minority,0.5,0.0,0.0,0.0,0.4799809778642707,0.0407388863100955,0.4318181818181818,0.0,0.0,0.0,0.0,0.0,0.7315627030539312,0.0304250145301029,0.2207592721569861,0.0017300744314766,0.8386863944456606,0.0171861084358684,0.2118867357700714,0.0022734127993678,0.3,3,0.5,0.1992294043302535,0.0,-0.021529867826732607
blood_transfusion,tabpfn_distpfn_t,observed,0.05,0.3,minority_to_majority,0.5,0.0,0.0,0.0,0.4250035079217889,0.0930852283083981,0.4318181818181818,0.0,0.0,0.0,0.0,0.0,0.6935510071474984,0.0415368542961969,0.2395925029149822,0.000115486705281,1.7144679319283906,0.0619682665820736,0.2392690336716082,0.0001731818192899,0.2857142857142857,3,0.5,0.2246499905983606,0.0,-0.014942512316621609
blood_transfusion,tabpfn_distpfn_t,observed,0.1,0.0,clean,0.5,0.0,0.0,0.0,0.485857121797845,0.065358227650473,0.4318181818181818,0.0,0.0,0.0,0.0,0.0,0.7349740090968161,0.0371759087042016,0.1966451602436819,0.0054702731353585,0.6505744922408985,0.0120731108695736,0.1706279553523084,0.0223694418353035,0.0,3,0.5,0.185719405611356,0.0,-0.010925754632325896
blood_transfusion,tabpfn_distpfn_t,observed,0.1,0.05,majority_to_minority,0.5,0.0,0.0,0.0,0.486472680519509,0.071769705093687,0.4318181818181818,0.0,0.0,0.0,0.0,0.0,0.7119883040935672,0.0345473693235145,0.2043950842301338,0.0042473362623279,0.6885357934895316,0.0592581404545383,0.1806795545363313,0.0129304889618928,0.0344827586206896,3,0.4985380116959064,0.1909149487813313,0.0014619883040936088,-0.0134801354488025
blood_transfusion,tabpfn_distpfn_t,observed,0.1,0.05,minority_to_majority,0.5,0.0,0.0,0.0,0.4416434263551296,0.0746783116576125,0.4318181818181818,0.0,0.0,0.0,0.0,0.0,0.6921702404158544,0.0511516510679693,0.2085295185069465,0.0099177131300555,0.7138427330837301,0.0842310511568619,0.1866436235940223,0.017688016876426,0.0357142857142857,3,0.5,0.193799873193105,0.0,-0.014729645313841522
blood_transfusion,tabpfn_distpfn_t,observed,0.1,0.1,majority_to_minority,0.4970760233918128,0.005064476045523,0.0,0.0,0.437029778970996,0.0752699772741553,0.4303724265556326,0.0025041215700452,0.0,0.0,0.0,0.0,0.7176738141650422,0.033129068722671,0.2014352779405712,0.0134949423420461,0.6551219528906597,0.0616753705680246,0.1718655370426725,0.0175549624357848,0.096774193548387,3,0.5017056530214424,0.1916857510805129,-0.00462962962962965,-0.00974952686005831
blood_transfusion,tabpfn_distpfn_t,observed,0.1,0.1,minority_to_majority,0.5,0.0,0.0,0.0,0.5011158057899535,0.034752229876074,0.4318181818181818,0.0,0.0,0.0,0.0,0.0,0.711582196231319,0.0191638595360758,0.1997147163387937,0.0121759726616486,0.6852247372736299,0.062703860133707,0.1759927492990297,0.0188138381081168,0.1071428571428571,3,0.5,0.1882196714480717,0.0,-0.011495044890722006
blood_transfusion,tabpfn_distpfn_t,observed,0.1,0.2,majority_to_minority,0.5017056530214424,0.0029542776932217,0.0092592592592592,0.0160375074774895,0.4734804469681601,0.0600039646768189,0.4394653877412498,0.0132453491946954,0.1111111111111111,0.1924500897298752,0.0092592592592592,0.0160375074774895,0.7207602339181287,0.0176303673169408,0.1840172099522892,0.0085201011193989,0.5784135697865577,0.0392588821669288,0.1350913679217121,0.0313131638604173,0.2,3,0.503167641325536,0.1791448642810185,-0.0014619883040936088,-0.004872345671270706
blood_transfusion,tabpfn_distpfn_t,observed,0.1,0.2,minority_to_majority,0.5,0.0,0.0,0.0,0.5058938296276548,0.0367405604576692,0.4318181818181818,0.0,0.0,0.0,0.0,0.0,0.7205977907732294,0.012502121397123,0.2160769488116977,0.0163005785323914,0.8250540958165405,0.0844765626044656,0.2039668436803416,0.0223134432780191,0.2142857142857142,3,0.5,0.1975078036387761,0.0,-0.018569145172921603
blood_transfusion,tabpfn_distpfn_t,observed,0.1,0.3,majority_to_minority,0.5,0.0,0.0,0.0,0.4747575562754129,0.1028321958172102,0.4318181818181818,0.0,0.0,0.0,0.0,0.0,0.7121507472384665,0.050284501154989,0.1820732343375663,0.0070196996376205,0.5584040788083366,0.0167391252123866,0.1101446729701599,0.0213521407770385,0.3,3,0.5,0.1807545473178227,0.0,-0.0013186870197436085
blood_transfusion,tabpfn_distpfn_t,observed,0.1,0.3,minority_to_majority,0.5,0.0,0.0,0.0,0.4449045904973618,0.0504874441693989,0.4318181818181818,0.0,0.0,0.0,0.0,0.0,0.7118258609486681,0.0212800132310208,0.2173664860396854,0.0097229266435446,0.8364387072327976,0.0849417076983854,0.2065958698702796,0.0128990851388625,0.2857142857142857,3,0.5,0.1988189866145451,0.0,-0.01854749942514028
blood_transfusion,tabpfn_distpfn_t,observed,0.2,0.0,clean,0.5543372319688109,0.0161702339405819,0.1203703703703703,0.0320750149549792,0.5031138986048783,0.0428524661467755,0.5396503859727945,0.0270535847408322,0.7916666666666666,0.1909406539564933,0.1203703703703703,0.0320750149549792,0.7245776478232617,0.0170087456052833,0.1621840945441418,0.00982540176036,0.511310776901402,0.0283380562032257,0.0663954658102567,0.0267005226917285,0.0,3,0.5465399610136452,0.1621799667676289,0.007797270955165692,-4.127776512874437e-06
blood_transfusion,tabpfn_distpfn_t,observed,0.2,0.05,majority_to_minority,0.5862573099415205,0.0289366599603647,0.2222222222222222,0.1001542020962219,0.5308299666167146,0.018882456349087,0.589000451822143,0.0392047869429216,0.6342592592592592,0.1391201777899696,0.2222222222222222,0.1001542020962219,0.737248213125406,0.00983779008271,0.1566139507872321,0.0044588432705195,0.5004560265687031,0.0236539155312191,0.0650185480275139,0.0304026683307307,0.05,3,0.5640838206627681,0.1562318851550419,0.0221734892787524,-0.0003820656321901761
blood_transfusion,tabpfn_distpfn_t,observed,0.2,0.05,minority_to_majority,0.537280701754386,0.0335541444956973,0.0833333333333333,0.0734930919740164,0.5115518523374402,0.0612319192579081,0.50606563978657,0.0657733638260574,0.5,0.4409585518440984,0.0833333333333333,0.0734930919740164,0.7253086419753086,0.0212199421735722,0.1631608031836108,0.0098133975325171,0.5105714915625971,0.0262870265947909,0.0814725130903403,0.02805960058487,0.0526315789473684,3,0.5387426900584795,0.1636358499526977,-0.0014619883040934978,0.000475046769086912
blood_transfusion,tabpfn_distpfn_t,observed,0.2,0.1,majority_to_minority,0.5813840155945419,0.0584810550483971,0.2037037037037037,0.1529880707579473,0.5220918736994776,0.0259038511686392,0.5736909929140993,0.0981012095816023,0.7388888888888889,0.2335316617442633,0.2037037037037037,0.1529880707579473,0.7348115659519169,0.010428119262328,0.1570336623251925,0.0046729525468894,0.4856884216008399,0.0101347163389122,0.0503905178796559,0.0066199570051823,0.0952380952380951,3,0.5655458089668616,0.1570837944746017,0.015838206627680318,5.0132149409187754e-05
blood_transfusion,tabpfn_distpfn_t,observed,0.2,0.1,minority_to_majority,0.5494639376218323,0.0500735440568752,0.1018518518518518,0.1051649693666717,0.5295284344755485,0.0249360655843857,0.5230494061721851,0.0858430173761528,0.9629629629629628,0.0641500299099584,0.1018518518518518,0.1051649693666717,0.7366796621182585,0.0132972266383444,0.1629794687812825,0.0069902428146559,0.5167636484510454,0.0039612638310416,0.0991195154699127,0.0230574884861967,0.1052631578947368,3,0.540204678362573,0.1625090241432189,0.0092592592592593,-0.0004704446380635885
blood_transfusion,tabpfn_distpfn_t,observed,0.2,0.2,majority_to_minority,0.6003898635477584,0.0517373128522285,0.2592592592592592,0.1398117488013101,0.4815898204039009,0.102444528448219,0.6043790620576303,0.0695678816936417,0.5921855921855922,0.0665753644943373,0.2592592592592592,0.1398117488013101,0.692738791423002,0.0535343361937794,0.1654859625891525,0.0086521837165787,0.5098094366107578,0.0161392289929615,0.083272675170546,0.006471082896586,0.1971830985915491,3,0.563840155945419,0.1636083672444025,0.03654970760233933,-0.0018775953447499882
blood_transfusion,tabpfn_distpfn_t,observed,0.2,0.2,minority_to_majority,0.5109649122807017,0.0269478195777292,0.0277777777777777,0.0481125224324687,0.4939749143312676,0.0403452716625766,0.4576679279890651,0.048577686903238,0.3333333333333333,0.5773502691896258,0.0277777777777777,0.0481125224324687,0.7119883040935672,0.0481672515688821,0.1693281841870301,0.0036924760870582,0.5248896950929774,0.005655294345239,0.0871723769046807,0.0235407699295966,0.1929824561403508,3,0.5063352826510722,0.1698518196741739,0.004629629629629539,0.000523635487143792
blood_transfusion,tabpfn_distpfn_t,observed,0.2,0.3,majority_to_minority,0.5623781676413255,0.0137211581143285,0.1481481481481481,0.0160375074774895,0.4547268448796032,0.0395044259114032,0.5562417539923054,0.0180300599232537,0.6944444444444445,0.1734721666221777,0.1481481481481481,0.0160375074774895,0.6744639376218324,0.0261383652341422,0.1708612343469965,0.0028594375691815,0.5215464898068555,0.0101646131138203,0.0874490019815187,0.0084957129163815,0.2962962962962963,3,0.5543372319688109,0.168341706196467,0.008040935672514626,-0.0025195281505294986
blood_transfusion,tabpfn_distpfn_t,observed,0.2,0.3,minority_to_majority,0.5,0.0,0.0,0.0,0.5301375394009279,0.0406119521679526,0.4318181818181818,0.0,0.0,0.0,0.0,0.0,0.7478882391163092,0.028812859139362,0.1805543759564044,0.0026600916896085,0.5653582477317455,0.0184929887508702,0.1303817239141388,0.011345140682709,0.2982456140350877,3,0.5,0.1749254614114761,0.0,-0.005628914544928282
blood_transfusion,tabpfn_distpfn_t,observed,0.5,0.0,clean,0.6776315789473685,0.0239337800347147,0.5682261208576999,0.0894126675970449,0.5382189343969238,0.0184621469675232,0.6574288596264997,0.0374488934143553,0.4608415974269633,0.0673285623762225,0.5833333333333334,0.1111111111111111,0.7369233268356075,0.0061815166347932,0.193166803164024,0.0186201412064531,0.571539238495029,0.0452019897394136,0.1764937052442282,0.0416514400576209,0.0,3,0.6790935672514621,0.2061858226855595,-0.0014619883040936088,0.013019019521535502
blood_transfusion,tabpfn_distpfn_t,observed,0.5,0.05,majority_to_minority,0.6939571150097464,0.0042832348516683,0.6486354775828459,0.0234981743688912,0.5340916293522986,0.0454185504545725,0.6447971662347894,0.0179841185504098,0.4154368176107306,0.0256117050032827,0.7037037037037037,0.0578240555407259,0.748619233268356,0.0086409408930622,0.1984955898650749,0.0127712901216057,0.579657025638569,0.0292053718278107,0.1974833037933435,0.0263800479715732,0.0469798657718119,3,0.6749512670565302,0.2154968082904815,0.01900584795321625,0.01700121842540661
blood_transfusion,tabpfn_distpfn_t,observed,0.5,0.05,minority_to_majority,0.6866471734892787,0.0249003405571548,0.5925925925925926,0.080187537387448,0.5285006470140327,0.0274437801880535,0.6671003888043662,0.011922619773224,0.4605128205128205,0.0008882311833686,0.5925925925925926,0.080187537387448,0.7431773879142299,0.0086088161924607,0.1820933191605668,0.0065697052108797,0.5437153572845195,0.0174450599206618,0.164136337493571,0.0103497783483587,0.0492957746478872,3,0.6939571150097467,0.1925603002309799,-0.007309941520467933,0.010466981070413078
blood_transfusion,tabpfn_distpfn_t,observed,0.5,0.1,majority_to_minority,0.6864035087719298,0.0230813646255072,0.5921052631578947,0.0359006700520721,0.5607082866414598,0.0051073477213105,0.6379045540117575,0.0611331221693845,0.426596279537456,0.0975808210769884,0.6944444444444445,0.1001542020962219,0.7515432098765432,0.0073183972104207,0.2057725398013152,0.0153686873318828,0.5986509924419631,0.0308203006497805,0.2236593009020154,0.0229618707706233,0.1012658227848101,3,0.6639863547758286,0.2282759348551432,0.022417153996101225,0.02250339505382798
blood_transfusion,tabpfn_distpfn_t,observed,0.5,0.1,minority_to_majority,0.6642300194931773,0.0199567204965334,0.5185185185185185,0.0641500299099584,0.5210738836251403,0.0218723525021398,0.6572122640933964,0.0280456794615617,0.4737127371273713,0.0677745215494442,0.5185185185185185,0.0641500299099584,0.7294509421702404,0.0194605345186927,0.1788209681829803,0.0127879537691311,0.5374954404391487,0.0306741297578702,0.1501693030148333,0.0251598004754777,0.0985915492957745,3,0.6559454191033138,0.1858682483434677,0.00828460038986345,0.007047280160487418
blood_transfusion,tabpfn_distpfn_t,observed,0.5,0.2,majority_to_minority,0.6345029239766081,0.0201918528025338,0.4912280701754385,0.0803960648237867,0.5354595895670621,0.0247640673692448,0.5429151055023526,0.0350827268812274,0.3270207482175759,0.0193880072899068,0.7777777777777778,0.0734930919740164,0.7248213125406108,0.0215234485130471,0.2491136451351559,0.0101456186259398,0.6953472752878067,0.0181325235627341,0.2917358866635111,0.0159994590940838,0.2022471910112359,3,0.6142787524366472,0.2855369349320729,0.020224171539960922,0.036423289796916974
blood_transfusion,tabpfn_distpfn_t,observed,0.5,0.2,minority_to_majority,0.6683723196881092,0.0237357451984907,0.4537037037037037,0.080187537387448,0.5283135275372328,0.0399452215259584,0.67689767866952,0.0166390099585015,0.5552584670231729,0.0318993407632322,0.4537037037037037,0.080187537387448,0.7456140350877193,0.0125877060914789,0.1692147931484726,0.0087782442634421,0.5169797233411353,0.0224616563479068,0.1204688349366281,0.0245303034777578,0.1971830985915491,3,0.6720272904483431,0.1712711453437805,-0.003654970760233911,0.0020563521953078923
blood_transfusion,tabpfn_distpfn_t,observed,0.5,0.3,majority_to_minority,0.5399610136452241,0.0015216856721243,0.1169590643274853,0.0450140477144463,0.4536155004229878,0.0470107980678355,0.3047620948228521,0.0329127667026505,0.2562020338303049,0.0013968646198844,0.9629629629629628,0.0424312564347763,0.6948505523066926,0.0252220447192864,0.344384414540289,0.0299242930083726,0.92256198341151,0.0885694177396984,0.4217101097653105,0.0327008392786739,0.3004926108374384,3,0.5097465886939571,0.3855076730251312,0.030214424951267027,0.04112325848484222
blood_transfusion,tabpfn_distpfn_t,observed,0.5,0.3,minority_to_majority,0.6064814814814815,0.0281820130343586,0.2685185185185185,0.0975523495634513,0.517108646867348,0.0094155636400983,0.6158620228428116,0.0364978087604699,0.6455555555555555,0.1164442324001461,0.2685185185185185,0.0975523495634513,0.7269330734243015,0.0089547474282698,0.1631422025561399,0.0067536252864304,0.50297156223038,0.0224435048562515,0.0832296490202714,0.0421480689999734,0.3028169014084507,3,0.6033138401559454,0.1630256175994872,0.0031676413255361524,-0.00011658495665270441
blood_transfusion,tabpfn_distpfn_t,oracle,0.05,0.0,clean,0.5,0.0,0.0,0.0,0.4556961366792397,0.0281819737459024,0.4318181818181818,0.0,0.0,0.0,0.0,0.0,0.7230344379467186,0.0132972266383445,0.2320432141107561,0.0053853654207954,1.122720622044694,0.0652090062177381,0.229488633556346,0.0059777776957563,0.0,3,0.5,0.2082477062940597,0.0,-0.0237955078166964
blood_transfusion,tabpfn_distpfn_t,oracle,0.05,0.05,majority_to_minority,0.5,0.0,0.0,0.0,0.4425719902386282,0.0761789449643513,0.4318181818181818,0.0,0.0,0.0,0.0,0.0,0.6876218323586745,0.0395876435417644,0.2357766031624736,0.0020876430483952,1.1745559167773536,0.0971720415865675,0.2327100860444945,0.0025072376527656,0.0666666666666666,3,0.5,0.2165270100037256,0.0,-0.019249593158747996
blood_transfusion,tabpfn_distpfn_t,oracle,0.05,0.05,minority_to_majority,0.5,0.0,0.0,0.0,0.4526646091067485,0.0406785208556187,0.4318181818181818,0.0,0.0,0.0,0.0,0.0,0.7116634178037687,0.0071376850569595,0.2377647372730014,0.0007584878340293,1.344620102614126,0.0661102157302955,0.236560505403397,0.0008423496141371,0.0714285714285714,3,0.5,0.2169207682212194,0.0,-0.020843969051782013
blood_transfusion,tabpfn_distpfn_t,oracle,0.05,0.1,majority_to_minority,0.5,0.0,0.0,0.0,0.4211416468510866,0.0101460957179869,0.4318181818181818,0.0,0.0,0.0,0.0,0.0,0.6875406107862249,0.0253195469324312,0.2314656560619217,0.0035181970246738,1.029342835257444,0.1011772005840103,0.2271484811570523,0.0056506750446708,0.125,3,0.5,0.210944245258967,0.0,-0.02052141080295472
blood_transfusion,tabpfn_distpfn_t,oracle,0.05,0.1,minority_to_majority,0.5,0.0,0.0,0.0,0.4985942792292642,0.0208827357935243,0.4318181818181818,0.0,0.0,0.0,0.0,0.0,0.7067089018843404,0.0115067636805449,0.2370139864733752,0.0009176361080207,1.27469921042887,0.0697958694636338,0.2355499972725361,0.0012622210079365,0.0714285714285714,3,0.5,0.2147911339998245,0.0,-0.022222852473550714
blood_transfusion,tabpfn_distpfn_t,oracle,0.05,0.2,majority_to_minority,0.5,0.0,0.0,0.0,0.447651822757453,0.1172233803163589,0.4318181818181818,0.0,0.0,0.0,0.0,0.0,0.6884340480831709,0.0710378076526702,0.2301341179396147,0.0020842512742595,0.958442508046265,0.0404052032814461,0.2228972876269782,0.0028147590844136,0.2222222222222222,3,0.5,0.2110597838958104,0.0,-0.019074334043804292
blood_transfusion,tabpfn_distpfn_t,oracle,0.05,0.2,minority_to_majority,0.5,0.0,0.0,0.0,0.3904907584833813,0.0804205592810861,0.4318181818181818,0.0,0.0,0.0,0.0,0.0,0.6691845354126057,0.0794296836356959,0.2385397935921032,0.0010292232534696,1.4962184598646755,0.1469313498062703,0.2379305229662633,0.001147488917538,0.2142857142857142,3,0.5,0.2187437663475672,0.0,-0.019796027244535996
blood_transfusion,tabpfn_distpfn_t,oracle,0.05,0.3,majority_to_minority,0.5,0.0,0.0,0.0,0.4799809778642707,0.0407388863100955,0.4318181818181818,0.0,0.0,0.0,0.0,0.0,0.7315627030539312,0.0304250145301029,0.212586670015614,0.0023855573989557,0.7522921000703038,0.0171888291731876,0.1982522757524033,0.0034383689589265,0.3,3,0.5,0.1992294043302535,0.0,-0.013357265685360498
blood_transfusion,tabpfn_distpfn_t,oracle,0.05,0.3,minority_to_majority,0.5,0.0,0.0,0.0,0.4250035079217889,0.0930852283083981,0.4318181818181818,0.0,0.0,0.0,0.0,0.0,0.6935510071474984,0.0415368542961969,0.2396428094080347,9.047637337796158e-05,1.744915983348356,0.0552658154038013,0.2393590473695993,0.0001319894008548,0.2857142857142857,3,0.5,0.2246499905983606,0.0,-0.014992818809674097
blood_transfusion,tabpfn_distpfn_t,oracle,0.1,0.0,clean,0.5,0.0,0.0,0.0,0.485857121797845,0.065358227650473,0.4318181818181818,0.0,0.0,0.0,0.0,0.0,0.7349740090968161,0.0371759087042016,0.1966451602436819,0.0054702731353585,0.6505744922408985,0.0120731108695736,0.1706279553523084,0.0223694418353035,0.0,3,0.5,0.185719405611356,0.0,-0.010925754632325896
blood_transfusion,tabpfn_distpfn_t,oracle,0.1,0.05,majority_to_minority,0.5,0.0,0.0,0.0,0.486472680519509,0.071769705093687,0.4318181818181818,0.0,0.0,0.0,0.0,0.0,0.7119883040935672,0.0345473693235145,0.2034290822187446,0.0044309534923588,0.6821263591661189,0.0592857956833914,0.1786816644667276,0.0134771026139937,0.0344827586206896,3,0.4985380116959064,0.1909149487813313,0.0014619883040936088,-0.012514133437413283
blood_transfusion,tabpfn_distpfn_t,oracle,0.1,0.05,minority_to_majority,0.5,0.0,0.0,0.0,0.4416434263551296,0.0746783116576125,0.4318181818181818,0.0,0.0,0.0,0.0,0.0,0.6921702404158544,0.0511516510679693,0.209402143745528,0.0096138775436025,0.7204806935036498,0.0839494372390328,0.187537055997386,0.018059531001097,0.0357142857142857,3,0.5,0.193799873193105,0.0,-0.015602270552423025
blood_transfusion,tabpfn_distpfn_t,oracle,0.1,0.1,majority_to_minority,0.4970760233918128,0.005064476045523,0.0,0.0,0.437029778970996,0.0752699772741553,0.4303724265556326,0.0025041215700452,0.0,0.0,0.0,0.0,0.7176738141650422,0.033129068722671,0.1985108654382648,0.014287437997008,0.6372536103404275,0.0610547802401327,0.1665658145763453,0.0217854217801078,0.096774193548387,3,0.5017056530214424,0.1916857510805129,-0.00462962962962965,-0.006825114357751905
blood_transfusion,tabpfn_distpfn_t,oracle,0.1,0.1,minority_to_majority,0.5,0.0,0.0,0.0,0.5011158057899535,0.034752229876074,0.4318181818181818,0.0,0.0,0.0,0.0,0.0,0.711582196231319,0.0191638595360758,0.2029648161445138,0.0112867650733367,0.7064694385119207,0.0627104177774127,0.1824865526783994,0.0166569413497668,0.1071428571428571,3,0.5,0.1882196714480717,0.0,-0.014745144696442114
blood_transfusion,tabpfn_distpfn_t,oracle,0.1,0.2,majority_to_minority,0.5065789473684211,0.0113950711024268,0.0277777777777777,0.0481125224324687,0.4734804469681601,0.0600039646768189,0.452533143939394,0.0358793668708041,0.125,0.2165063509461096,0.0277777777777777,0.0481125224324687,0.7207602339181287,0.0176303673169408,0.1768447509865402,0.0072083998280448,0.5481014778527217,0.0308218948545373,0.1128989290425727,0.0344418048394398,0.2,3,0.503167641325536,0.1791448642810185,0.003411306042885087,0.0023001132944782954
blood_transfusion,tabpfn_distpfn_t,oracle,0.1,0.2,minority_to_majority,0.5,0.0,0.0,0.0,0.5058938296276548,0.0367405604576692,0.4318181818181818,0.0,0.0,0.0,0.0,0.0,0.7205977907732294,0.012502121397123,0.2198394560538696,0.0136349899814799,0.8671544948629863,0.0799253356984056,0.2105328621527616,0.0173943100418301,0.2142857142857142,3,0.5,0.1975078036387761,0.0,-0.022331652415093495
blood_transfusion,tabpfn_distpfn_t,oracle,0.1,0.3,majority_to_minority,0.5,0.0,0.0,0.0,0.4747575562754129,0.1028321958172102,0.4318181818181818,0.0,0.0,0.0,0.0,0.0,0.7121507472384665,0.050284501154989,0.1713002149677461,0.0062476135680619,0.5229208843365147,0.0166243128811677,0.0668471710898184,0.0241359416602223,0.3,3,0.5,0.1807545473178227,0.0,0.009454332350076589
blood_transfusion,tabpfn_distpfn_t,oracle,0.1,0.3,minority_to_majority,0.5,0.0,0.0,0.0,0.4449045904973618,0.0504874441693989,0.4318181818181818,0.0,0.0,0.0,0.0,0.0,0.7118258609486681,0.0212800132310208,0.2225032450174625,0.0071210092117942,0.898104276286062,0.0793626996997359,0.2149598707479268,0.0106998590605976,0.2857142857142857,3,0.5,0.1988189866145451,0.0,-0.02368425840291738
blood_transfusion,tabpfn_distpfn_t,oracle,0.2,0.0,clean,0.5543372319688109,0.0161702339405819,0.1203703703703703,0.0320750149549792,0.5031138986048783,0.0428524661467755,0.5396503859727945,0.0270535847408322,0.7916666666666666,0.1909406539564933,0.1203703703703703,0.0320750149549792,0.7245776478232617,0.0170087456052833,0.1621840945441418,0.00982540176036,0.511310776901402,0.0283380562032257,0.0663954658102567,0.0267005226917285,0.0,3,0.5465399610136452,0.1621799667676289,0.007797270955165692,-4.127776512874437e-06
blood_transfusion,tabpfn_distpfn_t,oracle,0.2,0.05,majority_to_minority,0.5865009746588694,0.0220311175926231,0.2314814814814814,0.0892930626017866,0.5308299666167146,0.018882456349087,0.5906676298481593,0.0279345552979485,0.5933333333333333,0.1101514109457219,0.2314814814814814,0.0892930626017866,0.737248213125406,0.00983779008271,0.1566004064521221,0.0054850958809363,0.4994427450308774,0.0253161777617674,0.0537007972305799,0.0172374319562819,0.05,3,0.5640838206627681,0.1562318851550419,0.022417153996101336,-0.00036852129708017656
blood_transfusion,tabpfn_distpfn_t,oracle,0.2,0.05,minority_to_majority,0.5355750487329435,0.0308868457650893,0.074074074074074,0.0641500299099584,0.5115518523374402,0.0612319192579081,0.5013780440609709,0.0602846351088566,0.6,0.5291502622129182,0.074074074074074,0.0641500299099584,0.7253086419753086,0.0212199421735722,0.1642658246713522,0.0100640307346603,0.5144702637297028,0.0277239909488598,0.0930756368621674,0.0267392374091141,0.0526315789473684,3,0.5387426900584795,0.1636358499526977,-0.0031676413255360414,-0.0006299747186545024
blood_transfusion,tabpfn_distpfn_t,oracle,0.2,0.1,majority_to_minority,0.5923489278752436,0.0679523188769563,0.2314814814814814,0.1785861252035732,0.5220918736994776,0.0259038511686392,0.5857916756589024,0.1085483409133988,0.7430555555555555,0.2341627125012134,0.2314814814814814,0.1785861252035732,0.7348115659519169,0.010428119262328,0.1572415436831413,0.0029526114316521,0.4858742660233133,0.0077895429113175,0.0545362518750967,0.0253648338941706,0.0952380952380951,3,0.5655458089668616,0.1570837944746017,0.02680311890838205,-0.00015774920853961483
blood_transfusion,tabpfn_distpfn_t,oracle,0.2,0.1,minority_to_majority,0.5355750487329435,0.0616177918871968,0.074074074074074,0.1283000598199168,0.5295284344755485,0.0249360655843857,0.4948504654387007,0.1091751177478303,0.2962962962962963,0.5132002392796673,0.074074074074074,0.1283000598199168,0.7366796621182585,0.0132972266383444,0.1656094616767996,0.0077858504079414,0.526818019071615,0.0070620747681349,0.1029756470208707,0.0214288616363409,0.1052631578947368,3,0.540204678362573,0.1625090241432189,-0.004629629629629539,-0.003100437533580691
blood_transfusion,tabpfn_distpfn_t,oracle,0.2,0.2,majority_to_minority,0.6293859649122807,0.0550773897393847,0.3611111111111111,0.1689656258416172,0.4815898204039009,0.102444528448219,0.6326754714760634,0.0606372151687163,0.5634920634920634,0.1047979735888512,0.3611111111111111,0.1689656258416172,0.692738791423002,0.0535343361937794,0.1725092628933753,0.0076054289578227,0.5236809002020439,0.0133573255945143,0.1046453614931392,0.022528023144592,0.1971830985915491,3,0.563840155945419,0.1636083672444025,0.06554580896686169,-0.008900895648972784
blood_transfusion,tabpfn_distpfn_t,oracle,0.2,0.2,minority_to_majority,0.5092592592592592,0.0160375074774896,0.0185185185185185,0.0320750149549791,0.4939749143312676,0.0403452716625766,0.4504608154668419,0.0322899886663725,0.3333333333333333,0.5773502691896258,0.0185185185185185,0.0320750149549791,0.7119883040935672,0.0481672515688821,0.1752539632424149,0.0031924789001261,0.5462177752803243,0.0021591601765578,0.1137302717848003,0.0110477272439049,0.1929824561403508,3,0.5063352826510722,0.1698518196741739,0.0029239766081869956,-0.005402143568241008
blood_transfusion,tabpfn_distpfn_t,oracle,0.2,0.3,majority_to_minority,0.641812865497076,0.0431472355654201,0.4444444444444445,0.1469861839480328,0.4547268448796032,0.0395044259114032,0.6392444207555948,0.0340362505849259,0.4775751062284184,0.0545793779982843,0.4444444444444445,0.1469861839480328,0.6744639376218324,0.0261383652341422,0.1927195971132363,0.0092968657516398,0.5702248143646053,0.0244980562099585,0.1665942383956375,0.0364551143151438,0.2962962962962963,3,0.5543372319688109,0.168341706196467,0.08747563352826504,-0.024377890916769313
blood_transfusion,tabpfn_distpfn_t,oracle,0.2,0.3,minority_to_majority,0.5,0.0,0.0,0.0,0.5301375394009279,0.0406119521679526,0.4318181818181818,0.0,0.0,0.0,0.0,0.0,0.7478882391163092,0.028812859139362,0.191481627983957,0.0024884882628999,0.6134476205320495,0.0186699259433358,0.1576289795962031,0.0080347363883112,0.2982456140350877,3,0.5,0.1749254614114761,0.0,-0.01655616657248088
blood_transfusion,tabpfn_distpfn_t,oracle,0.5,0.0,clean,0.6776315789473685,0.0239337800347147,0.5682261208576999,0.0894126675970449,0.5382189343969238,0.0184621469675232,0.6574288596264997,0.0374488934143553,0.4608415974269633,0.0673285623762225,0.5833333333333334,0.1111111111111111,0.7369233268356075,0.0061815166347932,0.193166803164024,0.0186201412064531,0.571539238495029,0.0452019897394136,0.1764937052442282,0.0416514400576209,0.0,3,0.6790935672514621,0.2061858226855595,-0.0014619883040936088,0.013019019521535502
blood_transfusion,tabpfn_distpfn_t,oracle,0.5,0.05,majority_to_minority,0.6900584795321638,0.0221841972302536,0.6345029239766081,0.0483120223446149,0.5340916293522986,0.0454185504545725,0.6342033400856931,0.0379707449080451,0.4045117845117845,0.0424080456495707,0.7222222222222222,0.0481125224324688,0.748619233268356,0.0086409408930622,0.2073106567634589,0.0138786169107932,0.5996027660555099,0.0312244681723271,0.2154444447044146,0.0237661942667469,0.0469798657718119,3,0.6749512670565302,0.2154968082904815,0.015107212475633625,0.008186151527022623
blood_transfusion,tabpfn_distpfn_t,oracle,0.5,0.05,minority_to_majority,0.6851851851851851,0.0088124470370492,0.5370370370370371,0.0320750149549792,0.5285006470140327,0.0274437801880535,0.6810863818406956,0.0139951983069552,0.5077971124482752,0.0404040242414383,0.5370370370370371,0.0320750149549792,0.7431773879142299,0.0086088161924607,0.1759688350010357,0.0058199699386519,0.5302905463682227,0.0161534170307236,0.1438719348657441,0.008134206580875,0.0492957746478872,3,0.6939571150097467,0.1925603002309799,-0.008771929824561542,0.016591465229944202
blood_transfusion,tabpfn_distpfn_t,oracle,0.5,0.1,majority_to_minority,0.6671539961013645,0.0246523194345842,0.5818713450292398,0.0833717978326505,0.5607082866414598,0.0051073477213105,0.5981910687180471,0.0469798962009726,0.3705419735952457,0.0422306323808942,0.7407407407407408,0.0641500299099584,0.7515432098765432,0.0073183972104207,0.2300769617687183,0.0179540528604214,0.6538416375777331,0.0357988569182309,0.2694845013282431,0.0224109773739704,0.1012658227848101,3,0.6639863547758286,0.2282759348551432,0.0031676413255359304,-0.0018010269135751156
blood_transfusion,tabpfn_distpfn_t,oracle,0.5,0.1,minority_to_majority,0.6615497076023392,0.029854645989272,0.4722222222222222,0.0962250448649376,0.5210738836251403,0.0218723525021398,0.6627510099314268,0.0217460936168023,0.5028378378378379,0.0243254504243839,0.4722222222222222,0.0962250448649376,0.7294509421702404,0.0194605345186927,0.1688540390562677,0.0104875207642641,0.5155634248171018,0.0268626838201072,0.1174392286054134,0.0208402014837512,0.0985915492957745,3,0.6559454191033138,0.1858682483434677,0.005604288499025389,0.017014209287200016
blood_transfusion,tabpfn_distpfn_t,oracle,0.5,0.2,majority_to_minority,0.5787037037037037,0.0177908619261908,0.2777777777777777,0.0365204561309848,0.5354595895670621,0.0247640673692448,0.4218894922789588,0.0271964438457427,0.2779938551997375,0.0097466830912794,0.8796296296296297,0.0160375074774895,0.7248213125406108,0.0215234485130471,0.3243372572207862,0.0117402266952486,0.8726473431728877,0.0236931788911967,0.3991744245061802,0.0138837299662905,0.2022471910112359,3,0.6142787524366472,0.2855369349320729,-0.03557504873294348,-0.03880032228871333
blood_transfusion,tabpfn_distpfn_t,oracle,0.5,0.2,minority_to_majority,0.5716374269005847,0.0306320567832704,0.1666666666666666,0.0555555555555555,0.5283135275372328,0.0399452215259584,0.5695893781354627,0.044956690924998,0.6948051948051948,0.1807715702217538,0.1666666666666666,0.0555555555555555,0.7456140350877193,0.0125877060914789,0.1583892304688826,0.0041717548488398,0.491906149866413,0.013033615562196,0.073018012863374,0.0228249891005133,0.1971830985915491,3,0.6720272904483431,0.1712711453437805,-0.10038986354775836,0.012881914874897898
blood_transfusion,tabpfn_distpfn_t,oracle,0.5,0.3,majority_to_minority,0.5043859649122807,0.0075967140682845,0.0087719298245614,0.015193428136569,0.4536155004229878,0.0470107980678355,0.2031530371033279,0.0166357418002678,0.2416326530612244,0.0028278380531736,1.0,0.0,0.6948505523066926,0.0252220447192864,0.4912863263565581,0.0185689761727217,1.3360041843458834,0.0970573959776124,0.5697537349863954,0.0163258914185507,0.3004926108374384,3,0.5097465886939571,0.3855076730251312,-0.005360623781676344,-0.10577865333142689
blood_transfusion,tabpfn_distpfn_t,oracle,0.5,0.3,minority_to_majority,0.5480019493177387,0.0298665759182155,0.1018518518518518,0.0641500299099584,0.517108646867348,0.0094155636400983,0.5248898326254604,0.0559993617123778,0.9047619047619048,0.1649572197684645,0.1018518518518518,0.0641500299099584,0.7269330734243015,0.0089547474282698,0.1601918855966805,0.0042356269056377,0.4974044069676723,0.0138432414410059,0.0499830885423298,0.0147553562825299,0.3028169014084507,3,0.6033138401559454,0.1630256175994872,-0.055311890838206645,0.002833732002806705
breast_cancer_wisconsin,tabpfn_distpfn_t,observed,0.05,0.0,clean,0.9176587301587302,0.0690821045974352,0.8492063492063492,0.1374643498070537,0.9864255241759476,0.0024292978834703,0.9272738405055851,0.0607929293950808,0.9726287262872628,0.0249307764381721,0.8492063492063492,0.1374643498070537,0.9908509700176366,0.0006883816135801,0.0516613638277373,0.0353901964249385,0.1776453936392881,0.1159024212917565,0.0636831230849483,0.0423747573788125,0.0,3,0.8650793650793651,0.0817788826922575,0.052579365079365115,0.0301175188645202
breast_cancer_wisconsin,tabpfn_distpfn_t,observed,0.05,0.05,majority_to_minority,0.9646164021164022,0.0143535280517265,0.9523809523809524,0.0238095238095237,0.9932527868036806,0.0034378475822664,0.9653892124743229,0.0143423981277319,0.9604743447766704,0.0261969187624145,0.9523809523809524,0.0238095238095237,0.9952601410934746,0.0026729179129148,0.024164465013837,0.0086049331334318,0.0909681190202566,0.0257397358403804,0.0379089209438507,0.0141819403110644,0.0625,3,0.9206349206349206,0.0453219227492809,0.04398148148148162,0.0211574577354439
breast_cancer_wisconsin,tabpfn_distpfn_t,observed,0.05,0.05,minority_to_majority,0.95271164021164,0.0086675545119583,0.9285714285714284,0.0238095238095238,0.9879285192029952,0.0088793447334846,0.9556895752705262,0.0057318263195981,0.9593198129783496,0.0130372357921713,0.9285714285714284,0.0238095238095238,0.9911816578483248,0.0078278310306795,0.0315015164083371,0.0090647429638109,0.1146683177791511,0.0455754541493089,0.0327725292976518,0.0105391829825759,0.0666666666666666,3,0.8888888888888888,0.0647906114657719,0.06382275132275117,0.033289095057434805
breast_cancer_wisconsin,tabpfn_distpfn_t,observed,0.05,0.1,majority_to_minority,0.9474206349206348,0.0084761941917832,0.9338624338624338,0.0255123036005104,0.9897772233799792,0.002142404678116,0.9466539750862832,0.0056155075196783,0.9297744890768148,0.0204583919260954,0.9365079365079366,0.0274928699614107,0.9931657848324515,0.001664425580968,0.0338162797433946,0.0025314527648669,0.1190499735841161,0.013702686238605,0.0579829505690956,0.0075576690731859,0.1176470588235294,3,0.8968253968253969,0.0559780783951282,0.050595238095237915,0.0221617986517336
breast_cancer_wisconsin,tabpfn_distpfn_t,observed,0.05,0.1,minority_to_majority,0.9176587301587302,0.0587247959799554,0.8492063492063492,0.1174495919599107,0.991840048968944,0.0045354798610671,0.927687848649081,0.0510397773197916,0.9723669699476152,0.0040182006310323,0.8492063492063492,0.1174495919599107,0.9952601410934744,0.0024819952048496,0.0454580464606055,0.0329260363908956,0.1486923588612402,0.0939834637980189,0.0728748933361736,0.0293818682852484,0.1333333333333333,3,0.7857142857142857,0.1077034100890159,0.13194444444444453,0.062245363628410405
breast_cancer_wisconsin,tabpfn_distpfn_t,observed,0.05,0.2,majority_to_minority,0.958994708994709,0.0320750149549791,0.9365079365079364,0.0363696483726653,0.9902702768467112,0.0104517869630452,0.962136067401464,0.0338995774301193,0.9682539682539684,0.0549857399228214,0.9365079365079364,0.0363696483726653,0.9937169312169312,0.006437805004607,0.0334711695117148,0.0146926560337381,0.1380197456271025,0.0232847766513942,0.0823076930655226,0.011639547909686,0.2105263157894736,3,0.9007936507936508,0.0549958869814872,0.05820105820105814,0.0215247174697724
breast_cancer_wisconsin,tabpfn_distpfn_t,observed,0.05,0.2,minority_to_majority,0.9328703703703706,0.0209119203092093,0.888888888888889,0.049563476177765,0.9817436377916424,0.0061803703349865,0.9391853699180294,0.0156221968100056,0.957813911472448,0.0124928526163985,0.888888888888889,0.049563476177765,0.9869929453262788,0.0055367585338951,0.045278896197878,0.0081543771209582,0.1594189358520935,0.0227916969510631,0.0604679949537063,0.0097732593461812,0.2,3,0.7857142857142857,0.1146653046210606,0.14715608465608487,0.06938640842318261
breast_cancer_wisconsin,tabpfn_distpfn_t,observed,0.05,0.3,majority_to_minority,0.9708994708994708,0.0240221436820952,0.9603174603174603,0.0274928699614107,0.9933316472718056,0.0086645616317279,0.9717102674518544,0.0249171099147765,0.9682539682539684,0.0363696483726654,0.9603174603174603,0.0274928699614107,0.9937169312169312,0.0089530333139424,0.0312464806044735,0.0046208007834252,0.1406779807984207,0.0062349870427761,0.0953796298062903,0.0235201192095412,0.2857142857142857,3,0.9166666666666666,0.0404864971836407,0.05423280423280419,0.009240016579167204
breast_cancer_wisconsin,tabpfn_distpfn_t,observed,0.05,0.3,minority_to_majority,0.8802910052910052,0.0626284687892069,0.7698412698412698,0.1311326320782405,0.9781245641882216,0.0052943795903949,0.8955760117055324,0.0566022635085515,0.981981981981982,0.0312081226588986,0.7698412698412698,0.1311326320782405,0.9828042328042328,0.0043243045074808,0.057081141350806,0.0226610013308722,0.2018773693522716,0.0465941679156762,0.0785876068258523,0.0249107222638689,0.2666666666666666,3,0.7857142857142857,0.1286982943614323,0.09457671957671954,0.0716171530106263
breast_cancer_wisconsin,tabpfn_distpfn_t,observed,0.1,0.0,clean,0.951058201058201,0.0059798747751406,0.9206349206349206,0.0137464349807053,0.990707493041944,0.0032968706228475,0.9555594214901888,0.0055066249094348,0.9668594955180322,0.0135484145649516,0.9206349206349206,0.0137464349807053,0.9937169312169312,0.002496638371452,0.0301928896447986,0.0052735930196941,0.1148694959317179,0.0206152340393328,0.0340660424217362,0.0055767265217987,0.0,3,0.9285714285714284,0.0401154880722363,0.022486772486772666,0.009922598427437698
breast_cancer_wisconsin,tabpfn_distpfn_t,observed,0.1,0.05,majority_to_minority,0.956679894179894,0.0212156282173881,0.9365079365079364,0.0363696483726653,0.9907999540288744,0.0074125798491677,0.9589107247837404,0.0197430095436277,0.9597069597069596,0.0269797067081615,0.9365079365079364,0.0363696483726653,0.9930555555555556,0.0059523809523809,0.0259245292029391,0.0110951530100734,0.0974476442629265,0.0352075063046402,0.03618393555476,0.0039512934227853,0.0625,3,0.9421296296296297,0.0367636252194642,0.014550264550264314,0.010839096016525097
breast_cancer_wisconsin,tabpfn_distpfn_t,observed,0.1,0.05,minority_to_majority,0.9543650793650794,0.0137464349807052,0.9365079365079366,0.0274928699614107,0.987155305543627,0.0097455854114058,0.9558232878480122,0.0112207438002377,0.9515873015873016,0.0013746434980705,0.9365079365079366,0.0274928699614107,0.9905202821869488,0.0079388040476326,0.0324422775210066,0.0090047035024542,0.1177314038713478,0.0411835446330702,0.0462918914723609,0.0091009768416904,0.0666666666666666,3,0.90244708994709,0.0505435417095819,0.05191798941798942,0.0181012641885753
breast_cancer_wisconsin,tabpfn_distpfn_t,observed,0.1,0.1,majority_to_minority,0.9636243386243386,0.021215628217388,0.9365079365079364,0.0363696483726653,0.9921996831747804,0.005898111659125,0.9682174176669398,0.0198212618141795,0.983739837398374,0.0281634277653475,0.9365079365079364,0.0363696483726653,0.9942680776014108,0.004633564717148,0.0239088657574707,0.0092543814712151,0.0983567697132548,0.0199265869336495,0.0456097685519657,0.0070031353788987,0.0909090909090909,3,0.9365079365079366,0.0382088938107092,0.027116402116401983,0.014300028053238503
breast_cancer_wisconsin,tabpfn_distpfn_t,observed,0.1,0.1,minority_to_majority,0.9619708994708996,0.0155071085816049,0.9285714285714284,0.0238095238095238,0.9907339234943964,0.0040605144326693,0.9681206541923876,0.0146702579834226,0.9914529914529916,0.0148038530561442,0.9285714285714284,0.0238095238095238,0.9934964726631392,0.0031255394353523,0.0286216529799239,0.0059121234012854,0.1096596730019187,0.0205517377361821,0.0409467176512077,0.0103010590881372,0.1,3,0.888888888888889,0.0572985596954822,0.07308201058201069,0.0286769067155583
breast_cancer_wisconsin,tabpfn_distpfn_t,observed,0.1,0.2,majority_to_minority,0.9669312169312168,0.0160375074774896,0.9497354497354498,0.0045821449935684,0.9947511240494292,0.0067318318323682,0.9686335481556538,0.0213423557278818,0.9696969696969696,0.0524863881081477,0.9523809523809524,0.0,0.996141975308642,0.0052529773180968,0.0286798919274748,0.0114377950558318,0.1270454165377681,0.0338447314890727,0.0886391692963343,0.0204847407306225,0.2105263157894736,3,0.9365079365079364,0.0359322894364595,0.030423280423280352,0.007252397508984699
breast_cancer_wisconsin,tabpfn_distpfn_t,observed,0.1,0.2,minority_to_majority,0.9216269841269842,0.0396453198466033,0.8571428571428571,0.0714285714285714,0.9871329027702525,0.0051704255227726,0.9318553874318286,0.0358166120192157,0.9726522187822496,0.0263764250136884,0.8571428571428571,0.0714285714285714,0.9910714285714284,0.0031545608512464,0.0440590854094249,0.0134498554037654,0.1598959753854744,0.0327329343791752,0.062468512133919,0.0142107533551891,0.2,3,0.8174603174603176,0.0937282666563987,0.10416666666666663,0.0496691812469738
breast_cancer_wisconsin,tabpfn_distpfn_t,observed,0.1,0.3,majority_to_minority,0.9748677248677248,0.0059798747751406,0.9669312169312168,0.0127561518002551,0.9877763382104916,0.0031143763703647,0.97486570253164,0.0054448557829512,0.9684295347936868,0.0129426838828874,0.9682539682539684,0.0137464349807053,0.98831569664903,0.0053458358258298,0.0359312218259582,0.0052329449703381,0.1579828260062073,0.0141225406481443,0.0994056125842505,0.0183006419135278,0.3023255813953488,3,0.9444444444444444,0.0317670808484156,0.030423280423280352,-0.004164140977542599
breast_cancer_wisconsin,tabpfn_distpfn_t,observed,0.1,0.3,minority_to_majority,0.9080687830687828,0.0301125725868576,0.8253968253968255,0.0599193209148472,0.981906305454722,0.0112211824144488,0.921459146418793,0.0268641921511248,0.981981981981982,0.0312081226588986,0.8253968253968255,0.0599193209148472,0.9871031746031744,0.0082671957671957,0.0551031877925773,0.0142418025466239,0.1863915952195879,0.0415027313390161,0.0704650309226493,0.0159373296600736,0.3,3,0.7976190476190476,0.1128943488001823,0.11044973544973524,0.057791161007605
breast_cancer_wisconsin,tabpfn_distpfn_t,observed,0.2,0.0,clean,0.9738756613756614,0.0125617856568932,0.9523809523809524,0.0238095238095237,0.9953855929655552,0.0030595732202804,0.977795970286128,0.0110269967083897,0.991869918699187,0.0140817138826738,0.9523809523809524,0.0238095238095237,0.9969135802469138,0.0021001497887188,0.019698628856949,0.006444097710767,0.0719520823797912,0.0246869923655614,0.0279247360749858,0.0066954513999611,0.0,3,0.9484126984126984,0.0259269749124844,0.02546296296296302,0.006228346055535398
breast_cancer_wisconsin,tabpfn_distpfn_t,observed,0.2,0.05,majority_to_minority,0.984126984126984,0.0068732174903526,0.9682539682539684,0.0137464349807053,0.9981363228871536,0.0017239539721847,0.9873369394950215,0.0055264341728733,1.0,0.0,0.9682539682539684,0.0137464349807053,0.9987874779541448,0.0011613374948029,0.0151438594645334,0.0031278207162251,0.0697571681388474,0.0038598448247114,0.0481962220678016,0.0151189467060133,0.0476190476190475,3,0.9603174603174603,0.0205714373538891,0.023809523809523614,0.0054275778893557
breast_cancer_wisconsin,tabpfn_distpfn_t,observed,0.2,0.05,minority_to_majority,0.9437830687830688,0.0213773761361032,0.8968253968253969,0.0363696483726654,0.9880277274449772,0.007261441429699,0.9518708897475384,0.0195368438959815,0.9824439824439825,0.0152197425826094,0.8968253968253969,0.0363696483726654,0.9916225749559082,0.0048186712950604,0.0321361479904038,0.0121754839542637,0.1199625836291194,0.0412278880741469,0.0404734726913418,0.0050095680049134,0.05,3,0.9246031746031744,0.0421381170550981,0.019179894179894408,0.010001969064694305
breast_cancer_wisconsin,tabpfn_distpfn_t,observed,0.2,0.1,majority_to_minority,0.9692460317460316,0.0188492063492063,0.9523809523809524,0.0238095238095238,0.9904661245395622,0.0066543910175345,0.9715828832571666,0.0189447444952222,0.975609756097561,0.024390243902439,0.9523809523809524,0.0238095238095238,0.9916225749559082,0.0061005705917203,0.0242246784366699,0.00900232077906,0.1043742564819238,0.0251995774763284,0.0509351289174989,0.0174146986117998,0.1044776119402985,3,0.9642857142857144,0.0241613816469907,0.004960317460317221,-6.329678967920138e-05
breast_cancer_wisconsin,tabpfn_distpfn_t,observed,0.2,0.1,minority_to_majority,0.9136904761904764,0.0129729135224424,0.8412698412698413,0.0274928699614107,0.9858916105699214,0.0101068408555884,0.9254744308879648,0.0143726639924172,0.9743589743589745,0.0444115591684326,0.8412698412698413,0.0274928699614107,0.990299823633157,0.0071869150408743,0.0444859154221905,0.0076152072075419,0.1536486130441062,0.0241910938630237,0.0556418709861009,0.0134085277035103,0.1,3,0.8865740740740741,0.0618885643780231,0.027116402116402316,0.0174026489558326
breast_cancer_wisconsin,tabpfn_distpfn_t,observed,0.2,0.2,majority_to_minority,0.9623015873015872,0.001984126984127,0.941798941798942,0.0121232161242217,0.9923531696871416,0.0054559955986742,0.9623709528375356,0.0088719676212331,0.9544973544973544,0.0444822212846215,0.9523809523809524,0.0238095238095237,0.9943783068783068,0.0049382223951945,0.034935749145306,0.0064134027107832,0.1476423663734094,0.0108788994235878,0.0892877593222631,0.006418386712861,0.2,3,0.9391534391534392,0.0312522016465663,0.02314814814814803,-0.0036835474987396977
breast_cancer_wisconsin,tabpfn_distpfn_t,observed,0.2,0.2,minority_to_majority,0.9143518518518516,0.0275703232104427,0.8333333333333334,0.0629940788348712,0.9828351128687772,0.0091250126264332,0.927923288873704,0.0216058609317173,0.9914529914529916,0.0148038530561442,0.8333333333333334,0.0629940788348712,0.9867724867724867,0.0072525503305096,0.05163555502818,0.0188815675330174,0.1909645322228415,0.0512660679603385,0.0822914832229682,0.0137853846449649,0.2,3,0.8650793650793651,0.0759756378829478,0.04927248677248652,0.024340082854767797
breast_cancer_wisconsin,tabpfn_distpfn_t,observed,0.2,0.3,majority_to_minority,0.9606481481481484,0.0252213160921538,0.9444444444444444,0.0363696483726653,0.9869250115022128,0.006423100750299,0.9621666781682836,0.0250891814142683,0.960077519379845,0.0359588832359503,0.9444444444444444,0.0363696483726653,0.987985008818342,0.0076654932322372,0.0479723016351119,0.0121313376910063,0.1960348853247177,0.0286419492184964,0.1318573440887615,0.0123912328329523,0.3023255813953488,3,0.9437830687830688,0.0366801054527361,0.016865079365079527,-0.0112921961823758
breast_cancer_wisconsin,tabpfn_distpfn_t,observed,0.2,0.3,minority_to_majority,0.873015873015873,0.0363696483726653,0.746031746031746,0.0727392967453308,0.9870675134403488,0.0051211051707177,0.8922379113584976,0.033356340763734,1.0,0.0,0.746031746031746,0.0727392967453308,0.9915123456790124,0.0036275314532415,0.0712954712251308,0.0163004318005463,0.2405954188218731,0.0466463262072188,0.1193807506306731,0.0261777436891927,0.3,3,0.8214285714285715,0.1029050971070925,0.051587301587301515,0.0316096258819617
breast_cancer_wisconsin,tabpfn_distpfn_t,observed,0.5,0.0,clean,0.9675925925925926,0.0144560138851813,0.9444444444444444,0.0363696483726653,0.9967321786498776,0.0018869438280808,0.9714067211314822,0.0098333371183922,0.983933410762679,0.0139171037305603,0.9444444444444444,0.0363696483726653,0.997905643738977,0.0013767632271601,0.0197661843116978,0.000389228987841,0.0702699345729907,0.0082806146428218,0.0335000014506082,0.0087161341181448,0.0,3,0.9732142857142856,0.0196800356109936,-0.005621693121693028,-8.614870070419722e-05
breast_cancer_wisconsin,tabpfn_distpfn_t,observed,0.5,0.05,majority_to_minority,0.955026455026455,0.0080187537387448,0.9285714285714284,0.0,0.9939838263568036,0.002157009481031,0.9588512257909058,0.0107613824060082,0.967479674796748,0.0281634277653475,0.9285714285714284,0.0,0.9959215167548502,0.0019092270806536,0.0246391304404717,0.0042194244648642,0.0959690715788536,0.0193321283744773,0.0429005280617464,0.0033224566791358,0.050632911392405,3,0.9623015873015872,0.025820406153798,-0.007275132275132212,0.0011812757133262998
breast_cancer_wisconsin,tabpfn_distpfn_t,observed,0.5,0.05,minority_to_majority,0.9470899470899472,0.0156963548760659,0.9126984126984128,0.0274928699614107,0.9927810175375033,0.0033735934162344,0.9523198368436464,0.0164291087805958,0.967418546365915,0.0361241486350866,0.9126984126984128,0.0274928699614107,0.9950396825396824,0.0027067965515451,0.0293173591863151,0.0033216294704562,0.1104168941258666,0.0132928953238116,0.0496330271846413,0.0057082296208974,0.0533333333333333,3,0.9527116402116405,0.0271708319584528,-0.00562169312169325,-0.0021465272278623007
breast_cancer_wisconsin,tabpfn_distpfn_t,observed,0.5,0.1,majority_to_minority,0.9623015873015872,0.0069444444444444,0.9523809523809524,0.0,0.9926825900783768,0.0044416567458692,0.962330062790118,0.0092386156357862,0.9527410888726828,0.0226907425473469,0.9523809523809524,0.0,0.9951499118165786,0.0030547633290455,0.0319619608879759,0.0111715792038122,0.1278633366334873,0.0326453943247152,0.0770125112451565,0.0075280913563504,0.1017964071856287,3,0.9517195767195769,0.0386068355292081,0.01058201058201036,0.006644874641232201
breast_cancer_wisconsin,tabpfn_distpfn_t,observed,0.5,0.1,minority_to_majority,0.9540343915343916,0.0028638406209803,0.9126984126984128,0.0137464349807054,0.9954504812518752,0.0014789142299595,0.961628032977849,0.0002451657146733,0.9916666666666668,0.0144337567297406,0.9126984126984128,0.0137464349807054,0.9969135802469136,0.0013767632271601,0.031113623537041,0.0026013295620437,0.1230945214697954,0.0089954332644229,0.0698546868387355,0.0172212062762174,0.1,3,0.9659391534391536,0.0272025869538386,-0.011904761904761973,-0.003911036583202399
breast_cancer_wisconsin,tabpfn_distpfn_t,observed,0.5,0.2,majority_to_minority,0.9593253968253967,0.0068732174903527,0.9543650793650794,0.0034366087451763,0.9918721794866098,0.0027196047756671,0.956290371542486,0.0055159820664083,0.9307610993657504,0.0009154602577002,0.9603174603174603,0.0137464349807053,0.9949294532627868,0.0016312443327765,0.0498543966970053,0.0035746545554783,0.1982446739779721,0.0072718654833,0.1295844711033704,0.0033259235170009,0.202127659574468,3,0.9487433862433862,0.0717173342903454,0.010582010582010581,0.02186293759334009
breast_cancer_wisconsin,tabpfn_distpfn_t,observed,0.5,0.2,minority_to_majority,0.9325396825396824,0.0068732174903526,0.865079365079365,0.0137464349807054,0.9911673978208438,0.0027804973281617,0.9448842766555792,0.0057951217755795,1.0,0.0,0.865079365079365,0.0137464349807054,0.9939373897707232,0.0019932915917135,0.0529176981919472,0.0086505283191943,0.1958515855113519,0.0258892314815695,0.1074285655115265,0.0126714513203059,0.2,3,0.9484126984126984,0.0436183921992778,-0.015873015873015928,-0.009299305992669399
breast_cancer_wisconsin,tabpfn_distpfn_t,observed,0.5,0.3,majority_to_minority,0.9355158730158728,0.0331859696104717,0.9027777777777776,0.0721687836487032,0.9869854874007524,0.009542790430151,0.9238588067238696,0.0433962578054951,0.8598204264870932,0.087094383112339,0.9682539682539684,0.0137464349807053,0.9891975308641976,0.0091184333587448,0.1006529887754872,0.0095007328294011,0.334805625844728,0.021644295368531,0.2318079176089982,0.0095247054176164,0.2990654205607476,3,0.8948412698412698,0.1528175870577494,0.04067460317460303,0.05216459828226219
breast_cancer_wisconsin,tabpfn_distpfn_t,observed,0.5,0.3,minority_to_majority,0.906415343915344,0.0122443839825223,0.8174603174603176,0.0274928699614107,0.9933474035601528,0.002371666558016,0.921335387981278,0.0104076881353374,0.9907407407407408,0.0160375074774895,0.8174603174603176,0.0274928699614107,0.9957010582010584,0.0011923119297169,0.066359837774603,0.0030546245489712,0.2216542510740408,0.0088561835277178,0.1385870837191471,0.0092400430632711,0.3,3,0.9262566137566138,0.0578731807569662,-0.019841269841269882,-0.008486657017636796
breast_cancer_wisconsin,tabpfn_distpfn_t,oracle,0.05,0.0,clean,0.9176587301587302,0.0690821045974352,0.8492063492063492,0.1374643498070537,0.9864255241759476,0.0024292978834703,0.9272738405055851,0.0607929293950808,0.9726287262872628,0.0249307764381721,0.8492063492063492,0.1374643498070537,0.9908509700176366,0.0006883816135801,0.0516613638277373,0.0353901964249385,0.1776453936392881,0.1159024212917565,0.0636831230849483,0.0423747573788125,0.0,3,0.8650793650793651,0.0817788826922575,0.052579365079365115,0.0301175188645202
breast_cancer_wisconsin,tabpfn_distpfn_t,oracle,0.05,0.05,majority_to_minority,0.9646164021164022,0.0143535280517265,0.9523809523809524,0.0238095238095237,0.9932527868036806,0.0034378475822664,0.9653892124743229,0.0143423981277319,0.9604743447766704,0.0261969187624145,0.9523809523809524,0.0238095238095237,0.9952601410934746,0.0026729179129148,0.0245015278547739,0.008793176789589,0.0921089081841673,0.0261304291613374,0.0404899594012791,0.0125733698034454,0.0625,3,0.9206349206349206,0.0453219227492809,0.04398148148148162,0.020820394894507002
breast_cancer_wisconsin,tabpfn_distpfn_t,oracle,0.05,0.05,minority_to_majority,0.9447751322751324,0.0059798747751404,0.9126984126984128,0.0137464349807054,0.9879285192029952,0.0088793447334846,0.9492112758169512,0.0055004674896821,0.9585261621846988,0.0137251687970651,0.9126984126984128,0.0137464349807054,0.9911816578483248,0.0078278310306795,0.0318872247626026,0.0090543381854927,0.1160697665851828,0.0458853967440519,0.0373571120054025,0.008842068899958,0.0666666666666666,3,0.8888888888888888,0.0647906114657719,0.055886243386243595,0.03290338670316931
breast_cancer_wisconsin,tabpfn_distpfn_t,oracle,0.05,0.1,majority_to_minority,0.953042328042328,0.0063780759001275,0.9391534391534392,0.0091642899871368,0.9897772233799792,0.002142404678116,0.9500538428768408,0.0052709208659726,0.9238071774657142,0.0237612578694486,0.9523809523809524,0.0238095238095238,0.9931657848324515,0.001664425580968,0.0353259311393064,0.0029372568511663,0.1237312807538741,0.0151089253799317,0.052703888878976,0.008603276893033,0.1176470588235294,3,0.8968253968253969,0.0559780783951282,0.056216931216931165,0.020652147255821804
breast_cancer_wisconsin,tabpfn_distpfn_t,oracle,0.05,0.1,minority_to_majority,0.9160052910052912,0.050976363053449,0.8412698412698413,0.109971479845643,0.991840048968944,0.0045354798610671,0.9274877092337408,0.0426799671348436,0.982905982905983,0.0148038530561441,0.8412698412698413,0.109971479845643,0.9952601410934744,0.0024819952048496,0.0480645251525632,0.0350597867439331,0.1581649576109902,0.1038098645817576,0.0759776651605109,0.0323262986981118,0.1333333333333333,3,0.7857142857142857,0.1077034100890159,0.13029100529100546,0.0596388849364527
breast_cancer_wisconsin,tabpfn_distpfn_t,oracle,0.05,0.2,majority_to_minority,0.9576719576719576,0.0375720172945382,0.9437830687830688,0.0374539553829835,0.9902702768467112,0.0104517869630452,0.9565260144923626,0.0435290343326468,0.9411452810180276,0.0817317256921806,0.9523809523809524,0.0238095238095237,0.9937169312169312,0.006437805004607,0.0373937843603546,0.0134449059230356,0.1537999868256292,0.0195015392469506,0.0916220483396754,0.0177333065000547,0.2105263157894736,3,0.9007936507936508,0.0549958869814872,0.05687830687830675,0.017602102621132598
breast_cancer_wisconsin,tabpfn_distpfn_t,oracle,0.05,0.2,minority_to_majority,0.9034391534391536,0.0303729166751456,0.8253968253968255,0.0765369108015314,0.9817436377916424,0.0061803703349865,0.9150424119663576,0.0229550052691502,0.96536212325686,0.0300048693578988,0.8253968253968255,0.0765369108015314,0.9869929453262788,0.0055367585338951,0.0498373329669611,0.0099883988284734,0.1739035795931704,0.0281805413664189,0.0700674398621399,0.0172703606985468,0.2,3,0.7857142857142857,0.1146653046210606,0.1177248677248679,0.06482797165409951
breast_cancer_wisconsin,tabpfn_distpfn_t,oracle,0.05,0.3,majority_to_minority,0.9603174603174603,0.0169233354258253,0.9444444444444444,0.0240562612162343,0.9933316472718056,0.0086645616317279,0.9535784504809288,0.0184604381345104,0.9119980940861692,0.0360093208181359,0.9761904761904764,0.0238095238095237,0.9937169312169312,0.0089530333139424,0.04281087316302,0.0047537055063317,0.1750223581790799,0.0079610099182075,0.1221699201300761,0.0245270877667744,0.2857142857142857,3,0.9166666666666666,0.0404864971836407,0.04365079365079372,-0.0023243759793792965
breast_cancer_wisconsin,tabpfn_distpfn_t,oracle,0.05,0.3,minority_to_majority,0.8627645502645502,0.0720891886276299,0.7301587301587301,0.1454785934906616,0.9781245641882216,0.0052943795903949,0.8801127412892118,0.0673580368746519,0.98989898989899,0.0174954627027159,0.7301587301587301,0.1454785934906616,0.9828042328042328,0.0043243045074808,0.066162228112291,0.0279969844729818,0.2325049568400927,0.0607121729770869,0.0881784785155835,0.0342399219931917,0.2666666666666666,3,0.7857142857142857,0.1286982943614323,0.07705026455026454,0.06253606624914129
breast_cancer_wisconsin,tabpfn_distpfn_t,oracle,0.1,0.0,clean,0.951058201058201,0.0059798747751406,0.9206349206349206,0.0137464349807053,0.990707493041944,0.0032968706228475,0.9555594214901888,0.0055066249094348,0.9668594955180322,0.0135484145649516,0.9206349206349206,0.0137464349807053,0.9937169312169312,0.002496638371452,0.0301928896447986,0.0052735930196941,0.1148694959317179,0.0206152340393328,0.0340660424217362,0.0055767265217987,0.0,3,0.9285714285714284,0.0401154880722363,0.022486772486772666,0.009922598427437698
breast_cancer_wisconsin,tabpfn_distpfn_t,oracle,0.1,0.05,majority_to_minority,0.9606481481481484,0.0190655228907402,0.9444444444444444,0.0274928699614106,0.9907999540288744,0.0074125798491677,0.9621714335212496,0.0188505543688924,0.959920634920635,0.0271557335094057,0.9444444444444444,0.0274928699614106,0.9930555555555556,0.0059523809523809,0.0260915984697218,0.0112313980846603,0.0983529113912413,0.0354538687099536,0.038289009931497,0.0057499709708579,0.0625,3,0.9421296296296297,0.0367636252194642,0.018518518518518712,0.010672026749742398
breast_cancer_wisconsin,tabpfn_distpfn_t,oracle,0.1,0.05,minority_to_majority,0.956679894179894,0.0097370581113328,0.9365079365079366,0.0274928699614107,0.987155305543627,0.0097455854114058,0.9589107247837404,0.0058731461623913,0.95970695970696,0.0126890169052665,0.9365079365079366,0.0274928699614107,0.9905202821869488,0.0079388040476326,0.0324206857853766,0.0095307171647963,0.1181063065418567,0.0428805996234769,0.0436753849324636,0.0060653779671548,0.0666666666666666,3,0.90244708994709,0.0505435417095819,0.054232804232803966,0.018122855924205296
breast_cancer_wisconsin,tabpfn_distpfn_t,oracle,0.1,0.1,majority_to_minority,0.9715608465608464,0.0192709024925045,0.9523809523809524,0.0238095238095237,0.9921996831747804,0.005898111659125,0.9747071098315402,0.0197024292678166,0.983739837398374,0.0281634277653475,0.9523809523809524,0.0238095238095237,0.9942680776014108,0.004633564717148,0.0240985498996683,0.0092359646355792,0.10014351632124,0.0191191409249935,0.0471625421682924,0.0071752430123642,0.0909090909090909,3,0.9365079365079366,0.0382088938107092,0.03505291005290978,0.014110343911040903
breast_cancer_wisconsin,tabpfn_distpfn_t,oracle,0.1,0.1,minority_to_majority,0.9642857142857144,0.0119047619047618,0.9285714285714284,0.0238095238095238,0.9907339234943964,0.0040605144326693,0.971239816438534,0.0097345926604513,1.0,0.0,0.9285714285714284,0.0238095238095238,0.9934964726631392,0.0031255394353523,0.0295326588929871,0.005877438684495,0.1132655578479821,0.0216954118473232,0.0486161942927076,0.0032641575257491,0.1,3,0.888888888888889,0.0572985596954822,0.07539682539682546,0.027765900802495098
breast_cancer_wisconsin,tabpfn_distpfn_t,oracle,0.1,0.2,majority_to_minority,0.9599867724867724,0.0223232656504465,0.9404761904761906,0.0206196524710581,0.9947511240494292,0.0067318318323682,0.9595041574038268,0.0294136714228745,0.9483916578296218,0.0693464258886989,0.9523809523809524,0.0,0.996141975308642,0.0052529773180968,0.0328832027152572,0.0128863108506059,0.1440132403522711,0.0364626260561207,0.0928545467316279,0.0216583278549803,0.2105263157894736,3,0.9365079365079364,0.0359322894364595,0.023478835978836043,0.0030490867212022987
breast_cancer_wisconsin,tabpfn_distpfn_t,oracle,0.1,0.2,minority_to_majority,0.916005291005291,0.0394877826602592,0.8412698412698413,0.0727392967453308,0.9871329027702525,0.0051704255227726,0.9281372367935308,0.035558805885921,0.9808899808899808,0.0166306245269102,0.8412698412698413,0.0727392967453308,0.9910714285714284,0.0031545608512464,0.0501333321602629,0.0150151011522276,0.1796587474816739,0.036280703594355,0.0748799255103909,0.01444081497364,0.2,3,0.8174603174603176,0.0937282666563987,0.09854497354497349,0.0435949344961358
breast_cancer_wisconsin,tabpfn_distpfn_t,oracle,0.1,0.3,majority_to_minority,0.9563492063492064,0.0104520374532269,0.9424603174603176,0.0225353505785725,0.9877763382104916,0.0031143763703647,0.9504198993347068,0.0137804083262998,0.9114637218298772,0.0338910428509684,0.9682539682539684,0.0137464349807053,0.98831569664903,0.0053458358258298,0.050835753285229,0.0082769538586022,0.2016678689119066,0.0236697706774262,0.1343961584552928,0.0250985001986707,0.3023255813953488,3,0.9444444444444444,0.0317670808484156,0.011904761904761973,-0.0190686724368134
breast_cancer_wisconsin,tabpfn_distpfn_t,oracle,0.1,0.3,minority_to_majority,0.8723544973544973,0.0301125725868576,0.753968253968254,0.0599193209148472,0.981906305454722,0.0112211824144488,0.8898936697624568,0.0279452570641409,0.9803921568627452,0.0339617805405663,0.753968253968254,0.0599193209148472,0.9871031746031744,0.0082671957671957,0.067657042949707,0.0150461616469707,0.2247151034329665,0.0461484007160604,0.1004732028062456,0.0115915244969057,0.3,3,0.7976190476190476,0.1128943488001823,0.07473544973544977,0.04523730585047531
breast_cancer_wisconsin,tabpfn_distpfn_t,oracle,0.2,0.0,clean,0.9738756613756614,0.0125617856568932,0.9523809523809524,0.0238095238095237,0.9953855929655552,0.0030595732202804,0.977795970286128,0.0110269967083897,0.991869918699187,0.0140817138826738,0.9523809523809524,0.0238095238095237,0.9969135802469138,0.0021001497887188,0.019698628856949,0.006444097710767,0.0719520823797912,0.0246869923655614,0.0279247360749858,0.0066954513999611,0.0,3,0.9484126984126984,0.0259269749124844,0.02546296296296302,0.006228346055535398
breast_cancer_wisconsin,tabpfn_distpfn_t,oracle,0.2,0.05,majority_to_minority,0.984126984126984,0.0068732174903526,0.9682539682539684,0.0137464349807053,0.9981363228871536,0.0017239539721847,0.9873369394950215,0.0055264341728733,1.0,0.0,0.9682539682539684,0.0137464349807053,0.9987874779541448,0.0011613374948029,0.0150695098697659,0.0030599874163227,0.0702742211559409,0.0040944049287085,0.0480288951723849,0.0097949848252983,0.0476190476190475,3,0.9603174603174603,0.0205714373538891,0.023809523809523614,0.0055019274841232
breast_cancer_wisconsin,tabpfn_distpfn_t,oracle,0.2,0.05,minority_to_majority,0.9437830687830688,0.0213773761361032,0.8968253968253969,0.0363696483726654,0.9880277274449772,0.007261441429699,0.9518708897475384,0.0195368438959815,0.9824439824439825,0.0152197425826094,0.8968253968253969,0.0363696483726654,0.9916225749559082,0.0048186712950604,0.0326788619891801,0.0122417950839233,0.1220976955010696,0.0416891587272984,0.0404843893476834,0.0055153251625318,0.05,3,0.9246031746031744,0.0421381170550981,0.019179894179894408,0.009459255065918
breast_cancer_wisconsin,tabpfn_distpfn_t,oracle,0.2,0.1,majority_to_minority,0.9669312169312168,0.0155071085816049,0.9523809523809524,0.0238095238095238,0.9904661245395622,0.0066543910175345,0.9684572718899682,0.0145110288062812,0.967673248161053,0.0142523113698798,0.9523809523809524,0.0238095238095238,0.9916225749559082,0.0061005705917203,0.0253410004460091,0.0095728065607797,0.1090790977677626,0.0253309991817601,0.0563683986976295,0.0184473520361737,0.1044776119402985,3,0.9642857142857144,0.0241613816469907,0.00264550264550234,-0.0011796187990184004
breast_cancer_wisconsin,tabpfn_distpfn_t,oracle,0.2,0.1,minority_to_majority,0.9120370370370372,0.018003515329122,0.8333333333333334,0.041239304942116,0.9858916105699214,0.0101068408555884,0.9250332232685174,0.0155776313861972,0.9824561403508772,0.0303868562731381,0.8333333333333334,0.041239304942116,0.990299823633157,0.0071869150408743,0.0468277199130292,0.0076790116109574,0.1609502411772708,0.0235495263057105,0.0568479096982528,0.0177145260474581,0.1,3,0.8865740740740741,0.0618885643780231,0.02546296296296313,0.015060844464993901
breast_cancer_wisconsin,tabpfn_distpfn_t,oracle,0.2,0.2,majority_to_minority,0.9656084656084656,0.0166398751658851,0.9470899470899472,0.0281531701769745,0.9923531696871416,0.0054559955986742,0.96277109828517,0.0240558612880358,0.941942932541646,0.0646081621714239,0.9682539682539684,0.0137464349807053,0.9943783068783068,0.0049382223951945,0.0408541543279622,0.008050468089004,0.170129789715937,0.0141910022459122,0.1054377356867588,0.0107809113109667,0.2,3,0.9391534391534392,0.0312522016465663,0.026455026455026398,-0.009601952681395902
breast_cancer_wisconsin,tabpfn_distpfn_t,oracle,0.2,0.2,minority_to_majority,0.9007936507936508,0.045070701157145,0.8015873015873015,0.09014140231429,0.9828351128687772,0.0091250126264332,0.91687501657674,0.0390096159034517,1.0,0.0,0.8015873015873015,0.09014140231429,0.9867724867724867,0.0072525503305096,0.0592503369353503,0.021633792202745,0.2150002558198638,0.0589123486853353,0.0961163883760228,0.0202550729794112,0.2,3,0.8650793650793651,0.0759756378829478,0.0357142857142857,0.0167253009475975
breast_cancer_wisconsin,tabpfn_distpfn_t,oracle,0.2,0.3,majority_to_minority,0.9510582010582008,0.0289120277703629,0.925925925925926,0.0578240555407259,0.9869250115022128,0.006423100750299,0.941838925454058,0.0372743563176076,0.8895070172771952,0.0770883248456973,0.9761904761904762,0.0,0.987985008818342,0.0076654932322372,0.0718810677606804,0.0159740999402246,0.2601514731702267,0.0356816514966542,0.1817087605385882,0.0154836228034474,0.3023255813953488,3,0.9437830687830688,0.0366801054527361,0.00727513227513199,-0.0352009623079443
breast_cancer_wisconsin,tabpfn_distpfn_t,oracle,0.2,0.3,minority_to_majority,0.8373015873015873,0.049563476177765,0.6746031746031745,0.0991269523555301,0.9870675134403488,0.0051211051707177,0.8583540230339194,0.0467745983415663,1.0,0.0,0.6746031746031745,0.0991269523555301,0.9915123456790124,0.0036275314532415,0.0922891456019201,0.0196482043713074,0.3015116833212101,0.0579116529898222,0.1514306995841851,0.0266658001272368,0.3,3,0.8214285714285715,0.1029050971070925,0.015873015873015817,0.010615951505172402
breast_cancer_wisconsin,tabpfn_distpfn_t,oracle,0.5,0.0,clean,0.9675925925925926,0.0144560138851813,0.9444444444444444,0.0363696483726653,0.9967321786498776,0.0018869438280808,0.9714067211314822,0.0098333371183922,0.983933410762679,0.0139171037305603,0.9444444444444444,0.0363696483726653,0.997905643738977,0.0013767632271601,0.0197661843116978,0.000389228987841,0.0702699345729907,0.0082806146428218,0.0335000014506082,0.0087161341181448,0.0,3,0.9732142857142856,0.0196800356109936,-0.005621693121693028,-8.614870070419722e-05
breast_cancer_wisconsin,tabpfn_distpfn_t,oracle,0.5,0.05,majority_to_minority,0.955026455026455,0.0080187537387448,0.9285714285714284,0.0,0.9939838263568036,0.002157009481031,0.9588512257909058,0.0107613824060082,0.967479674796748,0.0281634277653475,0.9285714285714284,0.0,0.9959215167548502,0.0019092270806536,0.0247074491207813,0.0043558220353202,0.0972809832050886,0.0198152125222454,0.0508360075993002,0.0152012592521227,0.050632911392405,3,0.9623015873015872,0.025820406153798,-0.007275132275132212,0.0011129570330166982
breast_cancer_wisconsin,tabpfn_distpfn_t,oracle,0.5,0.05,minority_to_majority,0.9517195767195769,0.0119597495502813,0.9126984126984128,0.0274928699614107,0.9927810175375033,0.0033735934162344,0.9584971485001956,0.0110807582113416,0.983739837398374,0.0281634277653475,0.9126984126984128,0.0274928699614107,0.9950396825396824,0.0027067965515451,0.0302127174788709,0.0029587053142351,0.1138397168942078,0.0126774404309366,0.0523113126075939,0.0054801742455672,0.0533333333333333,3,0.9527116402116405,0.0271708319584528,-0.0009920634920635996,-0.003041885520418102
breast_cancer_wisconsin,tabpfn_distpfn_t,oracle,0.5,0.1,majority_to_minority,0.960978835978836,0.0079571490843359,0.9424603174603176,0.0110471515135516,0.9926825900783768,0.0044416567458692,0.9565324246999592,0.0137977542433544,0.9260084050115864,0.044082848026447,0.9682539682539684,0.0137464349807053,0.9951499118165786,0.0030547633290455,0.035311101408743,0.0127463814071961,0.1396314706174364,0.0347619867603056,0.0811890827501402,0.0153787080655478,0.1017964071856287,3,0.9517195767195769,0.0386068355292081,0.00925925925925919,0.0032957341204650978
breast_cancer_wisconsin,tabpfn_distpfn_t,oracle,0.5,0.1,minority_to_majority,0.9484126984126984,0.0068732174903527,0.8968253968253969,0.0137464349807054,0.9954504812518752,0.0014789142299595,0.9581829599542624,0.005721875797964,1.0,0.0,0.8968253968253969,0.0137464349807054,0.9969135802469136,0.0013767632271601,0.0346502413365593,0.0031310483203871,0.1327032535830847,0.0090653019145908,0.081013223002405,0.0173753880250157,0.1,3,0.9659391534391536,0.0272025869538386,-0.017526455026455223,-0.0074476543827207
breast_cancer_wisconsin,tabpfn_distpfn_t,oracle,0.5,0.2,majority_to_minority,0.9441137566137566,0.0114123240256199,0.91005291005291,0.0366571599485477,0.9918721794866098,0.0027196047756671,0.9326394758190454,0.0183377843081341,0.8689890840056953,0.0530635270124877,0.9761904761904764,0.0238095238095237,0.9949294532627868,0.0016312443327765,0.077304996986528,0.0025812965725616,0.2705207247204865,0.0057300216955822,0.1789975922368497,0.0083497221059001,0.202127659574468,3,0.9487433862433862,0.0717173342903454,-0.004629629629629539,-0.005587662696182605
breast_cancer_wisconsin,tabpfn_distpfn_t,oracle,0.5,0.2,minority_to_majority,0.9087301587301588,0.0247817380888825,0.8174603174603176,0.049563476177765,0.9911673978208438,0.0027804973281617,0.9242900027005988,0.0216713964044836,1.0,0.0,0.8174603174603176,0.049563476177765,0.9939373897707232,0.0019932915917135,0.0686181198857507,0.0099915278323089,0.2357426347972077,0.0290990637772631,0.1335633041073463,0.0136727141444653,0.2,3,0.9484126984126984,0.0436183921992778,-0.03968253968253954,-0.0249997276864729
breast_cancer_wisconsin,tabpfn_distpfn_t,oracle,0.5,0.3,majority_to_minority,0.5654761904761905,0.1016175240262054,0.1388888888888888,0.2169513798862959,0.9869854874007524,0.009542790430151,0.3896824791422125,0.1828324228497566,0.4085913312693498,0.0639640677192031,0.992063492063492,0.0137464349807053,0.9891975308641976,0.0091184333587448,0.2158145614452686,0.002016537170481,0.5799158316177256,0.0208803206092959,0.3516177653621166,0.0132079586848157,0.2990654205607476,3,0.8948412698412698,0.1528175870577494,-0.3293650793650793,-0.0629969743875192
breast_cancer_wisconsin,tabpfn_distpfn_t,oracle,0.5,0.3,minority_to_majority,0.7976190476190478,0.0,0.5952380952380952,0.0,0.9933474035601528,0.002371666558016,0.8203392973023084,0.0,1.0,0.0,0.5952380952380952,0.0,0.9957010582010584,0.0011923119297169,0.1006813837070841,0.0035212936072603,0.2944364688863579,0.0082071903570462,0.178082543441297,0.0066152551643611,0.3,3,0.9262566137566138,0.0578731807569662,-0.12863756613756605,-0.0428082029501179
south_german_credit,tabpfn_distpfn_t,observed,0.05,0.0,clean,0.5,0.0,0.0,0.0,0.5296256810085398,0.0698629630957161,0.411764705882353,0.0,0.0,0.0,0.0,0.0,0.7253571428571428,0.0394881149776713,0.2928965006187993,4.1894450408542205e-05,1.485052156981865,0.0640524740115148,0.2924990179454435,0.0004661989526174,0.0,3,0.5,0.2613521814346313,0.0,-0.031544319184168
south_german_credit,tabpfn_distpfn_t,observed,0.05,0.05,majority_to_minority,0.5027777777777778,0.0048112522432468,0.0055555555555555,0.0096225044864937,0.5599718030228492,0.1043055795888065,0.4176340684733683,0.0101660342156828,0.3333333333333333,0.5773502691896258,0.0055555555555555,0.0096225044864937,0.7402777777777777,0.0865125144412696,0.2797362138869785,0.0197895389694773,1.239073112535123,0.2465812907176958,0.2803074378762762,0.0154900353345333,0.04,3,0.5083333333333333,0.2531550923983256,-0.005555555555555536,-0.02658112148865288
south_german_credit,tabpfn_distpfn_t,observed,0.05,0.05,minority_to_majority,0.5,0.0,0.0,0.0,0.5625550607706941,0.0210848076289731,0.411764705882353,0.0,0.0,0.0,0.0,0.0,0.7590079365079365,0.0229441959982815,0.2865982803773463,0.0086608570495373,1.2847812344814595,0.1450770571980211,0.2861719188348683,0.0079585015729045,0.0416666666666666,3,0.5,0.2565385748942693,0.0,-0.030059705483077015
south_german_credit,tabpfn_distpfn_t,observed,0.05,0.1,majority_to_minority,0.5,0.0,0.0,0.0,0.5149398574542194,0.0680709689436831,0.411764705882353,0.0,0.0,0.0,0.0,0.0,0.7148412698412699,0.0522013063001363,0.2912197513633879,0.002308602270605,1.3274160760743137,0.0546710362939042,0.2890373584061598,0.0024271314452552,0.1111111111111111,3,0.5,0.2624788681666056,0.0,-0.028740883196782308
south_german_credit,tabpfn_distpfn_t,observed,0.05,0.1,minority_to_majority,0.5,0.0,0.0,0.0,0.5568245503415614,0.0738674529864882,0.411764705882353,0.0,0.0,0.0,0.0,0.0,0.7371825396825397,0.0415244739279887,0.2938720630773774,0.0002219817207604,1.4970202663435328,0.0146698079642073,0.2935297269769774,0.0007073422011054,0.0833333333333333,3,0.5,0.2624786694844563,0.0,-0.03139339359292109
south_german_credit,tabpfn_distpfn_t,observed,0.05,0.2,majority_to_minority,0.5,0.0,0.0,0.0,0.47311533280658,0.0191236623226846,0.411764705882353,0.0,0.0,0.0,0.0,0.0,0.6948809523809524,0.0610174503867597,0.2850568493015494,0.0106180496199293,1.201939147416306,0.1665325102259602,0.2803242204495975,0.0124018056946242,0.2,3,0.5,0.2601089576880136,0.0,-0.024947891613535778
south_german_credit,tabpfn_distpfn_t,observed,0.05,0.2,minority_to_majority,0.5,0.0,0.0,0.0,0.4949467685828577,0.073885265915773,0.411764705882353,0.0,0.0,0.0,0.0,0.0,0.6973809523809523,0.0710142746980095,0.2963123059367318,0.001808386179713,1.671553588041536,0.1353817212493993,0.295754824395501,0.0020313608026968,0.2083333333333333,3,0.5,0.2696198324362436,0.0,-0.0266924735004882
south_german_credit,tabpfn_distpfn_t,observed,0.05,0.3,majority_to_minority,0.5,0.0,0.0,0.0,0.4925344881293246,0.0641299184800936,0.411764705882353,0.0,0.0,0.0,0.0,0.0,0.7116269841269841,0.0566708348473692,0.2857017705814869,0.0063357951570548,1.1619336009174015,0.0970982088927195,0.2795622271177991,0.0065273083079086,0.2941176470588235,3,0.5,0.2606920599937438,0.0,-0.025009710587743095
south_german_credit,tabpfn_distpfn_t,observed,0.05,0.3,minority_to_majority,0.5,0.0,0.0,0.0,0.538853070181121,0.06258540974858,0.411764705882353,0.0,0.0,0.0,0.0,0.0,0.7392857142857143,0.0281345568293133,0.2981712649110964,0.0012439282991737,1.8604638316668665,0.1489061105793609,0.2979585337119848,0.0013249913632934,0.2916666666666667,3,0.5,0.2720182339350382,0.0,-0.0261530309760582
south_german_credit,tabpfn_distpfn_t,observed,0.1,0.0,clean,0.5055555555555555,0.0048112522432468,0.011111111111111,0.0096225044864937,0.5553538071669709,0.0718067466663203,0.4235034310643837,0.0101660342156828,0.6666666666666666,0.5773502691896258,0.011111111111111,0.0096225044864937,0.7405158730158731,0.0878343412576038,0.2388233662151319,0.0131946102278717,0.79520812494513,0.1276757751903973,0.2252607811384122,0.0091727330115962,0.0,3,0.5055555555555555,0.2271002481381098,0.0,-0.011723118077022088
south_german_credit,tabpfn_distpfn_t,observed,0.1,0.05,majority_to_minority,0.5154761904761905,0.0268055482123755,0.0333333333333333,0.0577350269189625,0.5576438855675241,0.0614450137284292,0.4434996893293645,0.0549666037075812,0.2857142857142857,0.4948716593053934,0.0333333333333333,0.0577350269189625,0.7555952380952381,0.0316234488474423,0.218296843377834,0.0150013050366687,0.673210508411933,0.0520895343992785,0.1924771163686572,0.0161130863123332,0.0588235294117647,3,0.5182539682539683,0.2167736738920211,-0.002777777777777768,-0.0015231694858129086
south_german_credit,tabpfn_distpfn_t,observed,0.1,0.05,minority_to_majority,0.5210317460317461,0.0208361676076588,0.0444444444444444,0.041943524640393,0.5743613733177987,0.0447896999827463,0.4557212355856999,0.0417457442688975,0.5833333333333334,0.5204164998665332,0.0444444444444444,0.041943524640393,0.7586111111111111,0.0400722726712253,0.2255040964324504,0.009592345457482,0.7482710151823883,0.0083546988353339,0.2048166734843337,0.0185298377070205,0.0416666666666666,3,0.5238095238095238,0.2206776042779286,-0.002777777777777768,-0.0048264921545218
south_german_credit,tabpfn_distpfn_t,observed,0.1,0.1,majority_to_minority,0.4976190476190476,0.0041239304942115,0.0,0.0,0.5561916959929603,0.0865748274123098,0.4106044784777816,0.0020095728130512,0.0,0.0,0.0,0.0,0.7432539682539683,0.0470481150767501,0.2320573565346003,0.0116803522847951,0.7138458897771588,0.0545323199749604,0.2043989226943404,0.0285845942417378,0.0943396226415094,3,0.5003968253968254,0.2244541098674137,-0.002777777777777768,-0.007603246667186592
south_german_credit,tabpfn_distpfn_t,observed,0.1,0.1,minority_to_majority,0.5,0.0,0.0,0.0,0.5804125425135939,0.0809367974739581,0.411764705882353,0.0,0.0,0.0,0.0,0.0,0.7752777777777777,0.0420560602898685,0.2379568351462463,0.0079393146439014,0.7940274410053823,0.0510939358529313,0.2256019280795825,0.0164213921598633,0.1041666666666665,3,0.5015873015873016,0.2259345451990763,-0.0015873015873015817,-0.01202228994717
south_german_credit,tabpfn_distpfn_t,observed,0.1,0.2,majority_to_minority,0.5031746031746032,0.0054985739922821,0.0111111111111111,0.0192450089729875,0.5584778112467327,0.0842966345954085,0.4218312324929972,0.0174357355453799,0.1666666666666666,0.2886751345948129,0.0111111111111111,0.0192450089729875,0.7661507936507936,0.0608619042651355,0.2118472585941679,0.014534933708111,0.6307431251888844,0.0537471542147159,0.1744832389062497,0.016903509695661,0.2,3,0.5043650793650793,0.2122215330600738,-0.0011904761904761862,0.00037427446590590496
south_german_credit,tabpfn_distpfn_t,observed,0.1,0.2,minority_to_majority,0.5,0.0,0.0,0.0,0.5692974359719075,0.0434977062932134,0.411764705882353,0.0,0.0,0.0,0.0,0.0,0.7726190476190475,0.0313637950784555,0.2578180031117829,0.0099676276499755,0.8937529352103599,0.0518301527871538,0.2546117509741745,0.0099448736544951,0.2083333333333333,3,0.4988095238095238,0.2360461900631586,0.0011904761904761862,-0.021771813048624272
south_german_credit,tabpfn_distpfn_t,observed,0.1,0.3,majority_to_minority,0.5055555555555555,0.0067693341703302,0.0277777777777777,0.0254587538608657,0.5526838683429357,0.0828117227222703,0.4347619144559417,0.0200215553332871,0.3333333333333333,0.3333333333333333,0.0277777777777777,0.0254587538608657,0.7356746031746032,0.0683364788281072,0.207457427061861,0.0046162207233065,0.6181741293235765,0.0247272559360064,0.1505845629455625,0.0115855511973536,0.3043478260869565,3,0.5075396825396825,0.2104665885368982,-0.001984126984126977,0.003009161475037214
south_german_credit,tabpfn_distpfn_t,observed,0.1,0.3,minority_to_majority,0.5,0.0,0.0,0.0,0.5674029719178765,0.0705091512306631,0.411764705882353,0.0,0.0,0.0,0.0,0.0,0.7631349206349206,0.0670852434905016,0.2708213415714751,0.0081902259279408,1.0221584548262304,0.0794123663988319,0.2682000266871109,0.0060845724016447,0.2916666666666667,3,0.5,0.2439378350973129,0.0,-0.026883506474162183
south_german_credit,tabpfn_distpfn_t,observed,0.2,0.0,clean,0.5968253968253968,0.0089351827374585,0.2555555555555555,0.0254587538608657,0.5656974163614067,0.0454886777809395,0.5978968287014331,0.0124737018700148,0.6393890596789148,0.0115726431007983,0.2555555555555555,0.0254587538608657,0.748095238095238,0.053216416277792,0.1832051717589521,0.0145874836491541,0.553500524219545,0.0513531743219756,0.1011410630871617,0.0295888535558963,0.0,3,0.596031746031746,0.1874823172887166,0.0007936507936507908,0.004277145529764492
south_german_credit,tabpfn_distpfn_t,observed,0.2,0.05,majority_to_minority,0.6119047619047618,0.0526508199702285,0.3,0.1040832999733066,0.5852696748582255,0.0706347384339086,0.615877752756205,0.0670245007457826,0.6143790849673203,0.0991764111470164,0.3,0.1040832999733066,0.7611111111111111,0.0618981605149319,0.1762440823127315,0.0162881961000032,0.5300592485872112,0.0487551799792242,0.083784233862779,0.0238372289046896,0.0495049504950495,3,0.5920634920634921,0.1808854987223942,0.01984126984126977,0.004641416409662702
south_german_credit,tabpfn_distpfn_t,observed,0.2,0.05,minority_to_majority,0.582936507936508,0.0548179492372615,0.211111111111111,0.1436946350708617,0.57040637942776,0.0637547002164348,0.5675829797463683,0.083241492508921,0.7037037037037037,0.1156481110814518,0.211111111111111,0.1436946350708617,0.7615873015873017,0.0568815121528264,0.1819504871241579,0.0129228638666844,0.5486845298721229,0.0431559300780564,0.0996076591375891,0.0145147257741986,0.0520833333333332,3,0.5623015873015873,0.1867447843154271,0.020634920634920673,0.004794297191269198
south_german_credit,tabpfn_distpfn_t,observed,0.2,0.1,majority_to_minority,0.6134920634920634,0.0254587538608658,0.3055555555555555,0.0509175077217315,0.5917034709818164,0.0914508820211977,0.6198596039648105,0.03157638203418,0.6221688034188034,0.0408249338930554,0.3055555555555555,0.0509175077217315,0.7733730158730158,0.0706220672271824,0.172723633600866,0.0196638976000734,0.5199894272177219,0.0614026577272295,0.0824692095079195,0.006971554409837,0.102803738317757,3,0.5964285714285714,0.1770658691724141,0.017063492063492003,0.0043422355715480865
south_german_credit,tabpfn_distpfn_t,observed,0.2,0.1,minority_to_majority,0.5587301587301587,0.0095485789012031,0.1388888888888888,0.0096225044864937,0.5672129834178428,0.0281388905563642,0.5337046870596488,0.0119383604446459,0.7445221445221445,0.1122052614715941,0.1388888888888888,0.0096225044864937,0.7684920634920634,0.0414978439276364,0.184315445404807,0.0086989106373557,0.5511506580436419,0.0347249692033365,0.1230828627412176,0.0243889428418754,0.1041666666666665,3,0.5305555555555556,0.1889722943305969,0.028174603174603186,0.004656848925789908
south_german_credit,tabpfn_distpfn_t,observed,0.2,0.2,majority_to_minority,0.601984126984127,0.0232777926604166,0.2944444444444444,0.0693888666488711,0.5512236072447704,0.0619319860043239,0.6050930094637449,0.030747147990627,0.5992063492063492,0.0909241209316635,0.2944444444444444,0.0693888666488711,0.7528571428571428,0.025894704367606,0.177915619715659,0.0079701782790724,0.5297057152904245,0.0184217521065242,0.0674430486114937,0.0230962911384396,0.2,3,0.5793650793650794,0.1802816142638524,0.02261904761904754,0.0023659945481933897
south_german_credit,tabpfn_distpfn_t,observed,0.2,0.2,minority_to_majority,0.5424603174603174,0.0469345646998845,0.0944444444444444,0.1004618962223618,0.5943075935583587,0.0164573351902855,0.4954270105220513,0.0870310501827372,0.5238095238095238,0.4592214648091883,0.0944444444444444,0.1004618962223618,0.7742063492063492,0.0369148091801959,0.1917617294235618,0.008428098335822,0.578054618949306,0.0340359976817048,0.1344024628865037,0.0088796594201588,0.1979166666666666,3,0.5257936507936508,0.1948771675427754,0.016666666666666607,0.0031154381192136094
south_german_credit,tabpfn_distpfn_t,observed,0.2,0.3,majority_to_minority,0.6265873015873016,0.0266287286822342,0.3555555555555555,0.041943524640393,0.5897644910485615,0.0513144544430636,0.6357825473713764,0.0307359871018365,0.5983519404572036,0.0602816663250266,0.3555555555555555,0.041943524640393,0.7774603174603175,0.0666719102246272,0.1699495152701854,0.0155775122843927,0.5108654283474848,0.0379960746747126,0.0656198653837631,0.0181612886197344,0.2992700729927007,3,0.6087301587301587,0.1704056660334268,0.017857142857142905,0.000456150763241403
south_german_credit,tabpfn_distpfn_t,observed,0.2,0.3,minority_to_majority,0.5075396825396825,0.0130591132316701,0.0222222222222222,0.038490017945975,0.5948486342856906,0.0701914093361704,0.4315474385711435,0.034264698129539,0.1904761904761904,0.329914439536929,0.0222222222222222,0.038490017945975,0.7733333333333334,0.0440229982670107,0.211777899540083,0.0094940949518634,0.6432790865906237,0.040129471858628,0.1803820994838864,0.0128208820810479,0.3020833333333333,3,0.513095238095238,0.2070168703794478,-0.005555555555555536,-0.0047610291606351995
south_german_credit,tabpfn_distpfn_t,observed,0.5,0.0,clean,0.7142857142857143,0.0640648764146366,0.6611111111111111,0.0976577546180385,0.5992515569175358,0.0712098794349726,0.6954237053739541,0.0580762542522173,0.5350889850889851,0.0706570019348851,0.6833333333333332,0.1166666666666666,0.7737698412698414,0.0600323907908598,0.182568812053841,0.0223263979551762,0.5417771487573231,0.0499917696186648,0.1247344243985206,0.0255986268398322,0.0,3,0.7138888888888889,0.1912641574939091,0.0003968253968253954,0.008695345440068086
south_german_credit,tabpfn_distpfn_t,observed,0.5,0.05,majority_to_minority,0.7075396825396826,0.0299359987500671,0.6706349206349206,0.0508618094286099,0.6166747422159959,0.063722237057454,0.690159780242792,0.0287208567732337,0.5296607481124979,0.0394770992880193,0.6722222222222222,0.0535758375610719,0.7697222222222222,0.044356116168711,0.1882998491478529,0.0158126239037665,0.5542300543798302,0.0378797411010241,0.1401229159124145,0.0064031671801223,0.0513833992094861,3,0.7075396825396826,0.2005237489938735,0.0,0.012223899846020625
south_german_credit,tabpfn_distpfn_t,observed,0.5,0.05,minority_to_majority,0.6781746031746031,0.0523584006287636,0.5912698412698413,0.130439109549535,0.6059068743739381,0.0575746023542605,0.6678506513625102,0.0424405939214425,0.5153983443457127,0.0435661088924085,0.5944444444444444,0.1347150628109127,0.7628174603174603,0.053529127920257,0.1825880480400158,0.017122215881906,0.5418907176169676,0.0454658261825646,0.1113723341679967,0.0181932141910543,0.05,3,0.6952380952380953,0.1886700143416722,-0.017063492063492225,0.0060819663016563885
south_german_credit,tabpfn_distpfn_t,observed,0.5,0.1,majority_to_minority,0.6944444444444445,0.0695113056814206,0.6373015873015873,0.1220184861401727,0.586275117206419,0.0804114354114369,0.6719785855768453,0.0553220038866084,0.5006820119352089,0.0551224076017755,0.6722222222222222,0.1512295287646244,0.7641269841269841,0.0688731718044598,0.1972142060966098,0.0165772626451291,0.5806645534966791,0.0374581581525184,0.1552457626235727,0.0186944580607556,0.1011235955056179,3,0.6853174603174604,0.2134484350681304,0.009126984126984095,0.016234228971520603
south_german_credit,tabpfn_distpfn_t,observed,0.5,0.1,minority_to_majority,0.6865079365079364,0.0410728663194405,0.5777777777777778,0.0822147143719374,0.6006097088638226,0.0137199609322882,0.6828292203164903,0.0385019221423323,0.5473861688650421,0.0483418519713549,0.5777777777777778,0.0822147143719374,0.7695238095238096,0.0501512734310642,0.1764468418346843,0.0125276214386369,0.526660089194093,0.0315607534140483,0.0998071174234855,0.0042478693858967,0.1,3,0.6904761904761904,0.1804271737734476,-0.003968253968253954,0.003980331938763321
south_german_credit,tabpfn_distpfn_t,observed,0.5,0.2,majority_to_minority,0.6948412698412699,0.04089997569796,0.5952380952380952,0.0352348775879732,0.5742750637367422,0.0471942512483474,0.6433841352863258,0.0337938573624541,0.4569009421950598,0.0322798115264836,0.7944444444444444,0.0751541625470482,0.770436507936508,0.040582726275568,0.223163505450013,0.0118342932481049,0.6449516367607037,0.0234673173017515,0.2301910024007886,0.002771614892326,0.2,3,0.6845238095238096,0.2512496411800384,0.01031746031746028,0.028086135730025386
south_german_credit,tabpfn_distpfn_t,observed,0.5,0.2,minority_to_majority,0.6678571428571428,0.0530664025905301,0.4833333333333333,0.0927960727138337,0.5601200959584841,0.0920344630024852,0.6746031746031745,0.0541288605781893,0.5806267806267806,0.0714395630724827,0.4833333333333333,0.0927960727138337,0.7580555555555556,0.0679285686467599,0.1788739148587121,0.0190425569832701,0.5340999329889181,0.0481144165418196,0.094197847514865,0.0019415407307506,0.2,3,0.6738095238095237,0.1798859387636184,-0.005952380952380931,0.0010120239049063173
south_german_credit,tabpfn_distpfn_t,observed,0.5,0.3,majority_to_minority,0.6246031746031746,0.0354420843832167,0.288095238095238,0.0719031850978166,0.5394387236403172,0.0990696737857726,0.4848752331898924,0.0540365496373965,0.3674787324696332,0.0236117190203708,0.9611111111111112,0.0254587538608657,0.746984126984127,0.0661881565769181,0.2962529877740347,0.0277483932188399,0.811991889347456,0.0741268793320567,0.3446088962447238,0.0232583833027141,0.3002915451895043,3,0.5682539682539682,0.3376152813434601,0.05634920634920637,0.04136229356942539
south_german_credit,tabpfn_distpfn_t,observed,0.5,0.3,minority_to_majority,0.6051587301587301,0.0214395915226033,0.2888888888888888,0.069388866648871,0.5704479544347181,0.0357611578660197,0.6083899899704482,0.0268212374135523,0.622007722007722,0.0685292837198139,0.2888888888888888,0.069388866648871,0.755,0.0396199705135182,0.1753080649801414,0.0075583951366488,0.5241713825112442,0.0206362781244924,0.070637978711983,0.040671038880977,0.3,3,0.6142857142857143,0.1750162243843078,-0.009126984126984206,-0.00029184059583359234
south_german_credit,tabpfn_distpfn_t,oracle,0.05,0.0,clean,0.5,0.0,0.0,0.0,0.5296256810085398,0.0698629630957161,0.411764705882353,0.0,0.0,0.0,0.0,0.0,0.7253571428571428,0.0394881149776713,0.2928965006187993,4.1894450408542205e-05,1.485052156981865,0.0640524740115148,0.2924990179454435,0.0004661989526174,0.0,3,0.5,0.2613521814346313,0.0,-0.031544319184168
south_german_credit,tabpfn_distpfn_t,oracle,0.05,0.05,majority_to_minority,0.5027777777777778,0.0048112522432468,0.0055555555555555,0.0096225044864937,0.5599718030228492,0.1043055795888065,0.4176340684733683,0.0101660342156828,0.3333333333333333,0.5773502691896258,0.0055555555555555,0.0096225044864937,0.7402777777777777,0.0865125144412696,0.2789830272940577,0.0204615499548683,1.2266066190094125,0.247950847433008,0.2794649402613658,0.0161573826466453,0.04,3,0.5083333333333333,0.2531550923983256,-0.005555555555555536,-0.025827934895732096
south_german_credit,tabpfn_distpfn_t,oracle,0.05,0.05,minority_to_majority,0.5,0.0,0.0,0.0,0.5625550607706941,0.0210848076289731,0.411764705882353,0.0,0.0,0.0,0.0,0.0,0.7590079365079365,0.0229441959982815,0.2871611903831078,0.008282151673754,1.2979649928069996,0.1440148393651372,0.2867884569948141,0.0075614453270119,0.0416666666666666,3,0.5,0.2565385748942693,0.0,-0.03062261548883849
south_german_credit,tabpfn_distpfn_t,oracle,0.05,0.1,majority_to_minority,0.5,0.0,0.0,0.0,0.5149398574542194,0.0680709689436831,0.411764705882353,0.0,0.0,0.0,0.0,0.0,0.7148412698412699,0.0522013063001363,0.2901543897584266,0.002630333485466,1.2931253566780558,0.0562743513104637,0.2876678932201875,0.0028005525284956,0.1111111111111111,3,0.5,0.2624788681666056,0.0,-0.027675521591821017
south_german_credit,tabpfn_distpfn_t,oracle,0.05,0.1,minority_to_majority,0.5,0.0,0.0,0.0,0.5568245503415614,0.0738674529864882,0.411764705882353,0.0,0.0,0.0,0.0,0.0,0.7371825396825397,0.0415244739279887,0.2943372559781536,0.0001949328534711,1.5210015008677171,0.0148168724198868,0.2940308579587002,0.0006391231027963,0.0833333333333333,3,0.5,0.2624786694844563,0.0,-0.03185858649369727
south_german_credit,tabpfn_distpfn_t,oracle,0.05,0.2,majority_to_minority,0.5,0.0,0.0,0.0,0.47311533280658,0.0191236623226846,0.411764705882353,0.0,0.0,0.0,0.0,0.0,0.6948809523809524,0.0610174503867597,0.2813284864563403,0.0133735456032008,1.1346412735819984,0.1705612990150131,0.2749571450672455,0.0162796556788286,0.2,3,0.5,0.2601089576880136,0.0,-0.021219528768326668
south_german_credit,tabpfn_distpfn_t,oracle,0.05,0.2,minority_to_majority,0.5,0.0,0.0,0.0,0.4949467685828577,0.073885265915773,0.411764705882353,0.0,0.0,0.0,0.0,0.0,0.6973809523809523,0.0710142746980095,0.2969933457701498,0.0014127672302655,1.7302218505019784,0.1256916162801246,0.2965491270698959,0.0015626250896818,0.2083333333333333,3,0.5,0.2696198324362436,0.0,-0.027373513333906196
south_german_credit,tabpfn_distpfn_t,oracle,0.05,0.3,majority_to_minority,0.5,0.0,0.0,0.0,0.4925344881293246,0.0641299184800936,0.411764705882353,0.0,0.0,0.0,0.0,0.0,0.7116269841269841,0.0566708348473692,0.2796427107727068,0.0091649016004158,1.0570860914247266,0.1004645403375624,0.2703303760865505,0.0099976204960324,0.2941176470588235,3,0.5,0.2606920599937438,0.0,-0.01895065077896302
south_german_credit,tabpfn_distpfn_t,oracle,0.05,0.3,minority_to_majority,0.5,0.0,0.0,0.0,0.538853070181121,0.06258540974858,0.411764705882353,0.0,0.0,0.0,0.0,0.0,0.7392857142857143,0.0281345568293133,0.2985815385504721,0.000871933131787,1.929133462826732,0.1305203635806529,0.2984176450780647,0.0009208979518061,0.2916666666666667,3,0.5,0.2720182339350382,0.0,-0.02656330461543388
south_german_credit,tabpfn_distpfn_t,oracle,0.1,0.0,clean,0.5055555555555555,0.0048112522432468,0.011111111111111,0.0096225044864937,0.5553538071669709,0.0718067466663203,0.4235034310643837,0.0101660342156828,0.6666666666666666,0.5773502691896258,0.011111111111111,0.0096225044864937,0.7405158730158731,0.0878343412576038,0.2388233662151319,0.0131946102278717,0.79520812494513,0.1276757751903973,0.2252607811384122,0.0091727330115962,0.0,3,0.5055555555555555,0.2271002481381098,0.0,-0.011723118077022088
south_german_credit,tabpfn_distpfn_t,oracle,0.1,0.05,majority_to_minority,0.5182539682539683,0.0247531272599217,0.0388888888888888,0.0535758375610719,0.5576438855675241,0.0614450137284292,0.4493690519203799,0.0506545496555795,0.6190476190476191,0.5408484138857403,0.0388888888888888,0.0535758375610719,0.7555952380952381,0.0316234488474423,0.2151480568506133,0.0151253554226212,0.6598938385801518,0.051316599590911,0.1820419601249794,0.0176444087220335,0.0588235294117647,3,0.5182539682539683,0.2167736738920211,0.0,0.0016256170414077897
south_german_credit,tabpfn_distpfn_t,oracle,0.1,0.05,minority_to_majority,0.5154761904761905,0.0135212103471435,0.0333333333333333,0.0288675134594812,0.5743613733177987,0.0447896999827463,0.4451264989180637,0.0289188396954373,0.5833333333333334,0.5204164998665332,0.0333333333333333,0.0288675134594812,0.7586111111111111,0.0400722726712253,0.227404244075856,0.009695971892774,0.7583079975686876,0.0087823914392682,0.208368762607624,0.0179471701010842,0.0416666666666666,3,0.5238095238095238,0.2206776042779286,-0.008333333333333304,-0.006726639797927397
south_german_credit,tabpfn_distpfn_t,oracle,0.1,0.1,majority_to_minority,0.5047619047619047,0.0042923229469809,0.0166666666666666,0.0166666666666666,0.5561916959929603,0.0865748274123098,0.4269539847291932,0.0141359423191805,0.4666666666666666,0.5033222956847166,0.0166666666666666,0.0166666666666666,0.7432539682539683,0.0470481150767501,0.2272265465110396,0.0120522053791581,0.6918916806745012,0.0524376725973972,0.1947222227379143,0.0318685106219402,0.0943396226415094,3,0.5003968253968254,0.2244541098674137,0.00436507936507935,-0.002772436643625892
south_german_credit,tabpfn_distpfn_t,oracle,0.1,0.1,minority_to_majority,0.5,0.0,0.0,0.0,0.5804125425135939,0.0809367974739581,0.411764705882353,0.0,0.0,0.0,0.0,0.0,0.7752777777777777,0.0420560602898685,0.24257885140456,0.007609995236896,0.8213834784816174,0.051436599986001,0.2322056253057443,0.0155351003137969,0.1041666666666665,3,0.5015873015873016,0.2259345451990763,-0.0015873015873015817,-0.01664430620548371
south_german_credit,tabpfn_distpfn_t,oracle,0.1,0.2,majority_to_minority,0.5115079365079366,0.0126175500758608,0.0277777777777777,0.0254587538608657,0.5584778112467327,0.0842966345954085,0.4389261020926669,0.0257769411433137,0.5,0.5,0.0277777777777777,0.0254587538608657,0.7661507936507936,0.0608619042651355,0.1995015702663318,0.0153252917731337,0.5883732099836269,0.0507040721624596,0.1429140641379989,0.0173648414307891,0.2,3,0.5043650793650793,0.2122215330600738,0.0071428571428572285,0.01271996279374199
south_german_credit,tabpfn_distpfn_t,oracle,0.1,0.2,minority_to_majority,0.5,0.0,0.0,0.0,0.5692974359719075,0.0434977062932134,0.411764705882353,0.0,0.0,0.0,0.0,0.0,0.7726190476190475,0.0313637950784555,0.2648583859094141,0.0083672130900547,0.9522101022145972,0.0503918980822704,0.2614088315346061,0.0092817472498554,0.2083333333333333,3,0.4988095238095238,0.2360461900631586,0.0011904761904761862,-0.028812195846255467
south_german_credit,tabpfn_distpfn_t,oracle,0.1,0.3,majority_to_minority,0.5357142857142857,0.0363241578628389,0.0999999999999999,0.1092906420716999,0.5526838683429357,0.0828117227222703,0.4891757097388267,0.0774783061493189,0.4265010351966873,0.3768059062660824,0.0999999999999999,0.1092906420716999,0.7356746031746032,0.0683364788281072,0.1913629301839405,0.0060942969605702,0.5665281529638766,0.0271147978329933,0.1044767396658079,0.0282394299666551,0.3043478260869565,3,0.5075396825396825,0.2104665885368982,0.028174603174603186,0.019103658352957714
south_german_credit,tabpfn_distpfn_t,oracle,0.1,0.3,minority_to_majority,0.5,0.0,0.0,0.0,0.5674029719178765,0.0705091512306631,0.411764705882353,0.0,0.0,0.0,0.0,0.0,0.7631349206349206,0.0670852434905016,0.2773280563944238,0.0062283956812582,1.1024089417456846,0.0755450959450995,0.2758905671219676,0.0042960422868726,0.2916666666666667,3,0.5,0.2439378350973129,0.0,-0.03339022129711092
south_german_credit,tabpfn_distpfn_t,oracle,0.2,0.0,clean,0.5968253968253968,0.0089351827374585,0.2555555555555555,0.0254587538608657,0.5656974163614067,0.0454886777809395,0.5978968287014331,0.0124737018700148,0.6393890596789148,0.0115726431007983,0.2555555555555555,0.0254587538608657,0.748095238095238,0.053216416277792,0.1832051717589521,0.0145874836491541,0.553500524219545,0.0513531743219756,0.1011410630871617,0.0295888535558963,0.0,3,0.596031746031746,0.1874823172887166,0.0007936507936507908,0.004277145529764492
south_german_credit,tabpfn_distpfn_t,oracle,0.2,0.05,majority_to_minority,0.6178571428571429,0.0495014830625995,0.3166666666666666,0.1013793755049702,0.5852696748582255,0.0706347384339086,0.6233577414776986,0.0622446727728335,0.6160426731078905,0.0852093225614909,0.3166666666666666,0.1013793755049702,0.7611111111111111,0.0618981605149319,0.175161818008096,0.0164567074991557,0.5264378330570647,0.0483449200818385,0.0724103674632636,0.0137298508771327,0.0495049504950495,3,0.5920634920634921,0.1808854987223942,0.025793650793650813,0.005723680714298213
south_german_credit,tabpfn_distpfn_t,oracle,0.2,0.05,minority_to_majority,0.5702380952380952,0.0494871659305393,0.1833333333333333,0.1322875655532295,0.57040637942776,0.0637547002164348,0.5493289695057554,0.0768718884947251,0.7261648745519714,0.2436506308999638,0.1833333333333333,0.1322875655532295,0.7615873015873017,0.0568815121528264,0.1838411697447149,0.0126712196481107,0.554812328842021,0.0432715653926673,0.1079543884347944,0.0147577991209908,0.0520833333333332,3,0.5623015873015873,0.1867447843154271,0.007936507936507908,0.0029036145707121985
south_german_credit,tabpfn_distpfn_t,oracle,0.2,0.1,majority_to_minority,0.6285714285714286,0.0288675134594813,0.3499999999999999,0.0577350269189625,0.5917034709818164,0.0914508820211977,0.637753096899956,0.0339367544690256,0.6148148148148148,0.0416975194414729,0.3499999999999999,0.0577350269189625,0.7733730158730158,0.0706220672271824,0.1709198424215109,0.020271537283262,0.5147159413532167,0.0597044222212699,0.0933285870539843,0.0106757174130659,0.102803738317757,3,0.5964285714285714,0.1770658691724141,0.03214285714285714,0.0061460267509032
south_german_credit,tabpfn_distpfn_t,oracle,0.2,0.1,minority_to_majority,0.5361111111111111,0.0233992428377865,0.0888888888888888,0.041943524640393,0.5672129834178428,0.0281388905563642,0.4923221875782462,0.0390206070396245,0.7129629629629629,0.1970721912388218,0.0888888888888888,0.041943524640393,0.7684920634920634,0.0414978439276364,0.1889575446630953,0.0080840464225048,0.5661703768748532,0.034928258614655,0.1275308344232847,0.0090671426321989,0.1041666666666665,3,0.5305555555555556,0.1889722943305969,0.005555555555555536,1.4749667501590125e-05
south_german_credit,tabpfn_distpfn_t,oracle,0.2,0.2,majority_to_minority,0.6392857142857143,0.056956541494789,0.4166666666666667,0.1258305739211791,0.5512236072447704,0.0619319860043239,0.6449914488851164,0.0605194516680715,0.5612085769980507,0.0888890491944794,0.4166666666666667,0.1258305739211791,0.7528571428571428,0.025894704367606,0.1782238956435447,0.0107831830666489,0.5313248668130873,0.026081650458048,0.0531176722646032,0.0206753405561451,0.2,3,0.5793650793650794,0.1802816142638524,0.05992063492063493,0.0020577186203076803
south_german_credit,tabpfn_distpfn_t,oracle,0.2,0.2,minority_to_majority,0.511904761904762,0.0132565818162619,0.0333333333333333,0.0333333333333333,0.5943075935583587,0.0164573351902855,0.4425029016324366,0.0310110120216026,0.3888888888888888,0.3469443332443555,0.0333333333333333,0.0333333333333333,0.7742063492063492,0.0369148091801959,0.202254350311258,0.0083259091841593,0.6145893230373394,0.0349716520833817,0.1636580408099659,0.0065066358997619,0.1979166666666666,3,0.5257936507936508,0.1948771675427754,-0.01388888888888884,-0.007377182768482593
south_german_credit,tabpfn_distpfn_t,oracle,0.2,0.3,majority_to_minority,0.6972222222222223,0.0464489169910854,0.6277777777777778,0.069388866648871,0.5897644910485615,0.0513144544430636,0.6870859600697076,0.0491479679994248,0.5401664050725826,0.0776648899284967,0.6277777777777778,0.069388866648871,0.7774603174603175,0.0666719102246272,0.182872843794464,0.0193943740690854,0.5450241371835629,0.0413906831414069,0.126295726398312,0.0127962227738119,0.2992700729927007,3,0.6087301587301587,0.1704056660334268,0.08849206349206362,-0.012467177761037201
south_german_credit,tabpfn_distpfn_t,oracle,0.2,0.3,minority_to_majority,0.5015873015873016,0.002749286996141,0.0055555555555555,0.0096225044864937,0.5948486342856906,0.0701914093361704,0.4169670158576887,0.0090106651940039,0.1666666666666666,0.2886751345948129,0.0055555555555555,0.0096225044864937,0.7733333333333334,0.0440229982670107,0.2277695361757173,0.0079042606591328,0.7117773434197082,0.040340111247173,0.2091414471227419,0.0101647403400626,0.3020833333333333,3,0.513095238095238,0.2070168703794478,-0.011507936507936467,-0.020752665796269498
south_german_credit,tabpfn_distpfn_t,oracle,0.5,0.0,clean,0.7142857142857143,0.0640648764146366,0.6611111111111111,0.0976577546180385,0.5992515569175358,0.0712098794349726,0.6954237053739541,0.0580762542522173,0.5350889850889851,0.0706570019348851,0.6833333333333332,0.1166666666666666,0.7737698412698414,0.0600323907908598,0.182568812053841,0.0223263979551762,0.5417771487573231,0.0499917696186648,0.1247344243985206,0.0255986268398322,0.0,3,0.7138888888888889,0.1912641574939091,0.0003968253968253954,0.008695345440068086
south_german_credit,tabpfn_distpfn_t,oracle,0.5,0.05,majority_to_minority,0.709920634920635,0.0352013429105477,0.684126984126984,0.0333616659634661,0.6166747422159959,0.063722237057454,0.6855266409346585,0.0354428246062124,0.5156724024366205,0.0459229132479955,0.7055555555555556,0.0509175077217315,0.7697222222222222,0.044356116168711,0.1944743722729055,0.0159789893133536,0.5693168638771621,0.0377788506221726,0.1609571985330744,0.0069186146339927,0.0513833992094861,3,0.7075396825396826,0.2005237489938735,0.0023809523809523725,0.006049376720968003
south_german_credit,tabpfn_distpfn_t,oracle,0.5,0.05,minority_to_majority,0.6761904761904761,0.0385206897318177,0.5666666666666667,0.1040832999733066,0.6059068743739381,0.0575746023542605,0.6712306609272122,0.0326111436373997,0.5313401428098549,0.0347674920019224,0.5666666666666667,0.1040832999733066,0.7628174603174603,0.053529127920257,0.1792422569462045,0.0166469734848461,0.534163875710007,0.0452768259501501,0.1003470692889088,0.0182570873280257,0.05,3,0.6952380952380953,0.1886700143416722,-0.019047619047619202,0.009427757395467695
south_german_credit,tabpfn_distpfn_t,oracle,0.5,0.1,majority_to_minority,0.684920634920635,0.0746337745417124,0.6206349206349207,0.0769432062737547,0.586275117206419,0.0804114354114369,0.6530102632158877,0.0578817516567464,0.4702594057271247,0.0570271321356926,0.7055555555555556,0.149381440663875,0.7641269841269841,0.0688731718044598,0.2136126564108616,0.0155800475412443,0.6208093134356162,0.0357629525512851,0.2009306618676038,0.0199848245473465,0.1011235955056179,3,0.6853174603174604,0.2134484350681304,-0.0003968253968253954,-0.0001642213427311967
south_german_credit,tabpfn_distpfn_t,oracle,0.5,0.1,minority_to_majority,0.6912698412698411,0.0127293769304328,0.5277777777777778,0.041943524640393,0.6006097088638226,0.0137199609322882,0.6981180252319081,0.0174005559924986,0.6152975885694779,0.0581061327124995,0.5277777777777778,0.041943524640393,0.7695238095238096,0.0501512734310642,0.171633493750189,0.0124247478127984,0.5159124353197065,0.0345957039314289,0.0873895261895401,0.0296511161961295,0.1,3,0.6904761904761904,0.1804271737734476,0.0007936507936507908,0.008793680023258615
south_german_credit,tabpfn_distpfn_t,oracle,0.5,0.2,majority_to_minority,0.655952380952381,0.0229610732404593,0.3952380952380951,0.0459221464809188,0.5742750637367422,0.0471942512483474,0.551347152719314,0.0323682167430177,0.3943389737619838,0.0177355474850712,0.9166666666666666,0.0,0.770436507936508,0.040582726275568,0.2812973013601504,0.0129670027520824,0.7874657923946483,0.0243347925396394,0.3315989591179201,0.0049191141822198,0.2,3,0.6845238095238096,0.2512496411800384,-0.028571428571428692,-0.030047660180112012
south_german_credit,tabpfn_distpfn_t,oracle,0.5,0.2,minority_to_majority,0.5972222222222222,0.0170172870177711,0.2777777777777777,0.0346944333244355,0.5601200959584841,0.0920344630024852,0.6001896011910874,0.0202646729936498,0.6019480519480519,0.1085930973219168,0.2777777777777777,0.0346944333244355,0.7580555555555556,0.0679285686467599,0.1775093305951185,0.0175390010128431,0.5309900616278672,0.0525382374712504,0.0675393893401439,0.0156947082689237,0.2,3,0.6738095238095237,0.1798859387636184,-0.07658730158730154,0.0023766081684999107
south_german_credit,tabpfn_distpfn_t,oracle,0.5,0.3,majority_to_minority,0.5134920634920636,0.0119245866677117,0.038095238095238,0.0393397896234721,0.5394387236403172,0.0990696737857726,0.2690864485462542,0.0379767112747623,0.3059509118332648,0.0052993318410159,0.9888888888888888,0.0192450089729874,0.746984126984127,0.0661881565769181,0.4254049866735856,0.0203120231211106,1.1664514046675374,0.082366634897309,0.4922711329671263,0.0143935362260545,0.3002915451895043,3,0.5682539682539682,0.3376152813434601,-0.05476190476190468,-0.08778970533012553
south_german_credit,tabpfn_distpfn_t,oracle,0.5,0.3,minority_to_majority,0.5285714285714286,0.0177776006227001,0.0666666666666666,0.0440958551844098,0.5704479544347181,0.0357611578660197,0.474013938725056,0.0386894925728908,0.8666666666666667,0.2309401076758503,0.0666666666666666,0.0440958551844098,0.755,0.0396199705135182,0.1874257286051847,0.0051316849598636,0.55410023454728,0.0215119985117331,0.1027807682434482,0.017471514863124,0.3,3,0.6142857142857143,0.1750162243843078,-0.08571428571428574,-0.012409504220876888
spambase,tabpfn_distpfn_t,observed,0.05,0.0,clean,0.9412872616684934,0.0098529561694427,0.9118457300275482,0.0306763876739946,0.9816361154983956,0.000622287702458,0.9445762696702932,0.0066884406955185,0.9536038240825174,0.0190939838644598,0.9118457300275482,0.0306763876739946,0.9854853520542668,0.0008183291593475,0.0422305406702415,0.0037239176333627,0.1544647206177221,0.0128742100908279,0.0276809783164984,0.016452153070613,0.0,3,0.8511458672748996,0.0881210168202717,0.09014139439359381,0.045890476150030196
spambase,tabpfn_distpfn_t,observed,0.05,0.05,majority_to_minority,0.942913988368534,0.0023777589900552,0.9228650137741048,0.0145771422097222,0.9812661541956822,0.002159983285146,0.9444771281975176,0.0021944752359219,0.9422513212630048,0.016495940814297,0.9228650137741048,0.0145771422097222,0.984614802307862,0.0020725001878886,0.0407952504323841,0.0020637453900568,0.1493681143120149,0.0052406815078633,0.0225085043655387,0.0090143160170364,0.048780487804878,3,0.854818961857085,0.0832762892047564,0.08809502651144907,0.0424810387723723
spambase,tabpfn_distpfn_t,observed,0.05,0.05,minority_to_majority,0.9319440741728132,0.0086005898745407,0.8925619834710744,0.026566531022019,0.9783168040032432,0.000494378866627,0.936700053025002,0.0061481081952815,0.953445572613311,0.0171807895889587,0.8925619834710744,0.026566531022019,0.982712428948988,0.000715642817513,0.0455837082641915,0.0013602890390937,0.1644127405858578,0.0016985439777724,0.0256198548563579,0.0087879929634523,0.0512820512820511,3,0.8398056814479102,0.0966564913590748,0.09213839272490298,0.05107278309488329
spambase,tabpfn_distpfn_t,observed,0.05,0.1,majority_to_minority,0.9433064762976788,0.0063522915878618,0.9182736455463728,0.015664574939607,0.9821558380795206,0.0026016660030648,0.9458611500597702,0.0052870525442752,0.9497948385703489,0.0096330677660989,0.9182736455463728,0.015664574939607,0.9874831732114234,0.0004518685069791,0.0402596152796008,0.0027225232916325,0.1526509709614547,0.0102773685853802,0.0355415382403321,0.0088614196159475,0.1,3,0.8614073284161261,0.0808866098523139,0.08189914788155273,0.0406269945727131
spambase,tabpfn_distpfn_t,observed,0.05,0.1,minority_to_majority,0.9414254964108336,0.0012036125379883,0.910927456382002,0.0111334762653647,0.9801379130854871,0.0016039478640066,0.9449771218808424,0.0017601496393344,0.9550316236280436,0.014699078814536,0.910927456382002,0.0111334762653647,0.9843728915087664,0.0010050230816467,0.0431005890715266,0.0012832080327629,0.1601939998681366,0.0026171159366739,0.0340873805548595,0.0065118670774783,0.1025641025641024,3,0.8258711257244982,0.1029496962825457,0.11555437068633545,0.059849107211019104
spambase,tabpfn_distpfn_t,observed,0.05,0.2,majority_to_minority,0.9365132261026688,0.0108979514993012,0.8999081726354454,0.0277312559605904,0.9773317367757826,0.0054785680594834,0.940960865339001,0.008260785975904,0.956319278290386,0.0087952527357754,0.8999081726354454,0.0277312559605904,0.9813350184806684,0.0057805869414233,0.047971166366631,0.0052797485655815,0.1838864824003049,0.0140777823377279,0.0521588359948928,0.004396035062012,0.1986301369863013,3,0.8577564501318168,0.0871802767117817,0.07875677597085207,0.039209110345150705
spambase,tabpfn_distpfn_t,observed,0.05,0.2,minority_to_majority,0.935434501416906,0.0096039420426211,0.8971533516988063,0.0229384683136764,0.9786851411438277,0.0023066562940798,0.940166059350339,0.0074996400982581,0.95700163074743,0.0047400486209487,0.8971533516988063,0.0229384683136764,0.9831073853556748,0.0024576385219295,0.0464647879114389,0.0045643955079031,0.1712392563236172,0.015154508240274,0.0385185931296094,0.0092909280132254,0.1965811965811964,3,0.799517659488334,0.1188616007566451,0.135916841928572,0.07239681284520622
spambase,tabpfn_distpfn_t,observed,0.05,0.3,majority_to_minority,0.9339188562062464,0.0058453324066438,0.8953168044077136,0.0172038512352573,0.9761781876268556,0.001819164521942,0.9386550291499464,0.0048800070642169,0.9552345885270496,0.0147300303969339,0.8953168044077136,0.0172038512352573,0.979455684245518,0.0023353537070085,0.0512152508120542,0.0016407130401629,0.2015659817646738,0.0036798147509395,0.0712148541365143,0.0072246578408592,0.2994011976047904,3,0.8526837287834356,0.0883962661027907,0.0812351274228108,0.037181015290736495
spambase,tabpfn_distpfn_t,observed,0.05,0.3,minority_to_majority,0.919088243135164,0.0109932019812542,0.866850321395776,0.0237511793505557,0.9759990308785742,0.0047573239929259,0.9255771906658928,0.0092228198997037,0.9516435192631068,0.0016521096639621,0.866850321395776,0.0237511793505557,0.9807508121291112,0.0049563783524198,0.0542628699349582,0.0052307432248339,0.2017172492667431,0.0212250918347107,0.0572290849642124,0.0044189620354668,0.2991452991452991,3,0.7260557678446241,0.1531673421462376,0.1930324752905399,0.09890447221127939
spambase,tabpfn_distpfn_t,observed,0.1,0.0,clean,0.952765682237823,0.0066619690626731,0.9348025711662076,0.0220958850606353,0.9838564105617784,0.004766671878101,0.9543455234326546,0.0041714829614458,0.9544179276368762,0.0141004926445438,0.9348025711662076,0.0220958850606353,0.9865089474082632,0.0054848445228718,0.0368822719296998,0.0037252454257488,0.1394471646966219,0.0280680562130121,0.0213439744360519,0.0081307054889215,0.0,3,0.9121172625571452,0.0535948202013969,0.04064841968067778,0.016712548271697103
spambase,tabpfn_distpfn_t,observed,0.1,0.05,majority_to_minority,0.9532470353584722,0.0019565530458503,0.9375573921028468,0.0084161169787986,0.9847551037019272,0.0012390657815982,0.9544100877435964,0.0011674153231021,0.9516166648302928,0.0073603176918904,0.9375573921028468,0.0084161169787986,0.9879949708884216,0.0011276845497769,0.0358750502687982,0.0011119844054113,0.1310749499488631,0.0050175293317094,0.0185767104510675,0.0040914963792314,0.048582995951417,3,0.9187056291161864,0.0516767427325247,0.034541406242285855,0.0158016924637265
spambase,tabpfn_distpfn_t,observed,0.1,0.05,minority_to_majority,0.9459008461941012,0.0048542672053429,0.9228650137741048,0.0047714898280134,0.9814250824373651,0.0035059038718858,0.9482019659528113,0.0057488720282356,0.9509386469713476,0.0136322847511115,0.9228650137741048,0.0047714898280134,0.9858194193482562,0.0023037460379664,0.0395081022127995,0.0014039092596993,0.1453877832730044,0.0094583105285964,0.0213929436245649,0.0098349977290814,0.051063829787234,3,0.8922139281376817,0.0644889424244562,0.05368691805641945,0.024980840211656703
spambase,tabpfn_distpfn_t,observed,0.1,0.1,majority_to_minority,0.9487000997264926,0.0043596073913963,0.9320477502295684,0.0114692341568381,0.981498181568762,0.0021430843230898,0.949847786327824,0.0034895399670046,0.946021476282184,0.007285888839402,0.9320477502295684,0.0114692341568381,0.9849126652645714,0.0029947790909717,0.0394237359348211,0.0016793560877529,0.150314581915583,0.0070716069807222,0.0322015463661485,0.0074292006450759,0.0996168582375478,3,0.9141142608884544,0.0532117374241352,0.03458583883803823,0.013788001489314104
spambase,tabpfn_distpfn_t,observed,0.1,0.1,minority_to_majority,0.9511118022848228,0.0002608072397032,0.9338842975206612,0.0027548209366392,0.9831320458759762,0.0036711041908482,0.9524891027118972,0.0006043630637799,0.9504857669111426,0.0039423809842514,0.9338842975206612,0.0027548209366392,0.9881694099680416,0.0007437344365728,0.0360538646485204,0.0001844955981874,0.1356252429319943,0.0031275215925679,0.0247689238752259,0.0013781216365411,0.102127659574468,3,0.8853046594982078,0.0684086233377456,0.06580714278661504,0.032354758689225195
spambase,tabpfn_distpfn_t,observed,0.1,0.2,majority_to_minority,0.9465648666528432,0.0037676868498917,0.928374655647383,0.009932648141774,0.9821597628508426,0.0011920580305046,0.9479225051663844,0.0027495922570992,0.9448909371196602,0.0035602171259042,0.928374655647383,0.009932648141774,0.9855347216051028,0.0012415632269649,0.0420105295322849,0.001567580676184,0.1700445634215032,0.0035467485416497,0.0599804531246133,0.0021728265428823,0.2006802721088435,3,0.9070889738045164,0.0552162441114584,0.039475892848326866,0.013205714579173501
spambase,tabpfn_distpfn_t,observed,0.1,0.2,minority_to_majority,0.9389471449588752,0.0095251550116344,0.9035812672176308,0.026279316843442,0.9788740784488572,0.0035437388686929,0.9432867512191582,0.0067070750314483,0.958392778355571,0.009929475974737,0.9035812672176308,0.026279316843442,0.9828967419387752,0.0033911395474895,0.0446019555433937,0.0059737895432782,0.1726449902780264,0.0192432888922429,0.0416617781669828,0.0060985860174306,0.2,3,0.8705900648715897,0.0880750839908917,0.06835708008728547,0.043473128447498004
spambase,tabpfn_distpfn_t,observed,0.1,0.3,majority_to_minority,0.9458070440475131,0.007705020800732,0.9274563820018368,0.0183425017037999,0.9803596416195336,0.0026350755786269,0.9471485069369352,0.005947473848099,0.943977559904206,0.0035525791343924,0.9274563820018368,0.0183425017037999,0.9833180287725742,0.0019084061536884,0.0485302948977087,0.0021992215025639,0.1987561502522794,0.0059485293646606,0.0833008656113542,0.0098139169930578,0.3005952380952381,3,0.9069285227643,0.0563803948462008,0.03887852128321312,0.007850099948492097
spambase,tabpfn_distpfn_t,observed,0.1,0.3,minority_to_majority,0.9371772465614108,0.0090037920518287,0.9054178145087236,0.0183425017037999,0.9793096790507988,0.006368453595039,0.9407427471968268,0.0076581120023758,0.949906462766172,0.0031380226633263,0.9054178145087236,0.0183425017037999,0.9837080482241772,0.0056693121244579,0.0467119869699462,0.0057058575063015,0.1823482730525291,0.0253004709056427,0.0514500431326873,0.0055598876041715,0.2978723404255319,3,0.8430196392073226,0.1078489000598589,0.09415760735408818,0.061136913089912696
spambase,tabpfn_distpfn_t,observed,0.2,0.0,clean,0.960018069255606,0.0026596021296886,0.9540863177226812,0.005734617078419,0.9888717889747276,0.0014255360022451,0.9595109971416752,0.0044418617234548,0.9482256431536928,0.0156910030125189,0.9540863177226812,0.005734617078419,0.9911332286698856,0.0012536075157282,0.0297950933375657,0.0016745443596366,0.1111983378881738,0.0075688427207668,0.0128413841850623,0.003614927800958,0.0,3,0.949512228837742,0.034344566365083,0.010505840417863954,0.004549473027517299
spambase,tabpfn_distpfn_t,observed,0.2,0.05,majority_to_minority,0.957700168843864,0.0049953087645806,0.946177315678782,0.0134402053385291,0.98705617231524,0.0019490238149486,0.95791464126314,0.0041395544336642,0.950499083982478,0.0128604007078733,0.9476584022038568,0.0153381938369974,0.990236348496368,0.0014876572991331,0.0340794578227716,0.0028424722075674,0.1267245448230394,0.0086591100134976,0.0256817874134492,0.0058963191508053,0.0506072874493927,3,0.9396383186705768,0.0378538419802983,0.01806185017328721,0.0037743841575266987
spambase,tabpfn_distpfn_t,observed,0.2,0.05,minority_to_majority,0.9525114290510184,0.0060283420802363,0.9384756657483928,0.0168322339575971,0.9867569036829876,0.0017062066251003,0.9532967669310924,0.0042802234780048,0.948174669631333,0.0078262993915004,0.9384756657483928,0.0168322339575971,0.990535857104772,0.0009735194735789,0.0339291600482287,0.0004662440002138,0.1223936808761775,0.003380718098468,0.0188532112328488,0.0082305110007995,0.0490405117270788,3,0.939433435034608,0.0417966085175672,0.01307799401641041,0.007867448469338505
spambase,tabpfn_distpfn_t,observed,0.2,0.1,majority_to_minority,0.9545306436802038,0.0061242659174036,0.9449035812672176,0.0082644628099173,0.9869684842583264,0.0020258687349649,0.9545297496941992,0.0060220558173364,0.944907609363959,0.007244211218297,0.9449035812672176,0.0082644628099173,0.9901441920014744,0.0013067769771086,0.0360760570116004,0.0030879797877703,0.1404379999008806,0.0053357842475994,0.0375308935610073,0.0029046174127591,0.0998080614203454,3,0.9438149826712876,0.0377904760340849,0.010715661008916189,0.0017144190224844952
spambase,tabpfn_distpfn_t,observed,0.2,0.1,minority_to_majority,0.9474609240005134,0.0081235885724711,0.928374655647383,0.0172038512352572,0.9854767960580936,0.0032116260776414,0.9490262704210952,0.0067363336160871,0.9475365907718816,0.0038151719595006,0.928374655647383,0.0172038512352572,0.9890399597144464,0.0028839298233528,0.0369669996989471,0.0036143350203667,0.1366404729727564,0.0146637531162225,0.025701936416432,0.0060100390435101,0.1002132196162046,3,0.921665333688794,0.0500101223587989,0.025795590311719407,0.013043122659851795
spambase,tabpfn_distpfn_t,observed,0.2,0.2,majority_to_minority,0.9470462197734923,0.0043074310675624,0.931129476584022,0.0047714898280134,0.981272335340522,0.0051919205535707,0.94798109969719,0.0045671762853434,0.9424074759789872,0.0077017362648308,0.931129476584022,0.0047714898280134,0.9848056979044272,0.0041699427386534,0.0442837779408558,0.0031039630855474,0.1781732308763275,0.0075413448035621,0.0625716802749835,0.0089418867312384,0.1996587030716723,3,0.9340126583528342,0.042591243982315,0.013033561420658146,-0.0016925339585407984
spambase,tabpfn_distpfn_t,observed,0.2,0.2,minority_to_majority,0.9412428290727411,0.0041188742873762,0.9081726354453626,0.0096746131798463,0.9833986216518434,0.0006760972876351,0.9452869353472746,0.0035724382838508,0.9583881271806968,0.0067523910778363,0.9081726354453626,0.0096746131798463,0.9875210232003976,0.0002478987339363,0.0427650950901995,0.0022547893002056,0.1625124941369115,0.0057247077077448,0.047720791801378,0.0023797235949498,0.2004264392324093,3,0.901120195108465,0.0670418341954548,0.04012263396427618,0.024276739105255303
spambase,tabpfn_distpfn_t,observed,0.2,0.3,majority_to_minority,0.9484458465396882,0.0050256887263059,0.935720844811754,0.0111334762653647,0.9833539094317584,0.0006505009054147,0.9488022045346772,0.0045696628540343,0.9401206446913588,0.0089191536798575,0.935720844811754,0.0111334762653647,0.9865188213184304,0.0009349677087843,0.0517221673571344,0.0014224742338563,0.2102586211421025,0.0038166597086595,0.0979382569408734,0.0027710776403725,0.3,3,0.937707969232896,0.0431266811986764,0.01073787730679221,-0.008595486158457996
spambase,tabpfn_distpfn_t,observed,0.2,0.3,minority_to_majority,0.9361478914264838,0.00463318176242,0.8943985307621672,0.0124221756276113,0.9794010857007608,0.0057435798869736,0.9416172254976916,0.0035020107657848,0.9634748750667742,0.0061360336935254,0.8943985307621672,0.0124221756276113,0.9872807580529964,0.00108475288197,0.0506216020994461,0.0021452720092609,0.1868568143251672,0.0034009079800062,0.0717779471571352,0.004997634035235,0.3006396588486141,3,0.8623700346574248,0.0895802502830823,0.07377785676905901,0.038958648183636195
spambase,tabpfn_distpfn_t,observed,0.5,0.0,clean,0.9611190102392448,0.0078263978740248,0.9574730689100188,0.0113416934646869,0.9877693609653324,0.0036964555507527,0.9599325656832056,0.0074152188026861,0.9447968634257036,0.0078212963648874,0.9586776859504132,0.0120079860703599,0.9913488090418686,0.0023658748659726,0.0305568148044265,0.0028940046317398,0.1113307141858104,0.0142262701054914,0.0158245431878923,0.0033122701132488,0.0,3,0.9625630696011928,0.0311799403280019,-0.0014440593619479136,0.0006231255235754005
spambase,tabpfn_distpfn_t,observed,0.5,0.05,majority_to_minority,0.9540937231553068,0.0071055386522895,0.945821854912764,0.0124221756276112,0.9857884274617144,0.003748653819111,0.9537948284175894,0.0063330026243542,0.9423393459886296,0.003297115044122,0.945821854912764,0.0124221756276112,0.9896192291109202,0.0022670911303204,0.0343493380705442,0.0028927273693633,0.1333798370136613,0.0113579937125922,0.0332428923355128,0.0040545208526024,0.0501618122977346,3,0.9563178214204608,0.0361492373049259,-0.0022240982651540175,0.0017998992343816952
spambase,tabpfn_distpfn_t,observed,0.5,0.05,minority_to_majority,0.9512722533250394,0.0059132692516354,0.9348025711662076,0.0161417776228162,0.9847244732395822,0.0037260012131434,0.9524911783484336,0.0041795964319265,0.9497193526569506,0.0061909675536357,0.9348025711662076,0.0161417776228162,0.9895961899871968,0.0014713810360615,0.0355148468387102,0.0015541157173432,0.132639388167216,0.0044367821778493,0.0273739589584951,0.0003008717472989,0.0502555366269165,3,0.9548293294627608,0.0348903040091196,-0.003557076137721382,-0.0006245428295906033
spambase,tabpfn_distpfn_t,observed,0.5,0.1,majority_to_minority,0.9539554884129664,0.0086543699612573,0.945856413598349,0.0139137365241867,0.986302943655486,0.003688664657496,0.9534372606694544,0.0079369713067158,0.940716647854413,0.0085752832375233,0.9467401285583104,0.0151723706536807,0.9895928986838078,0.0026452267994153,0.0376089571483231,0.0033834983307501,0.154281770187375,0.0117929755929112,0.0552820056942888,0.0038000764890226,0.0996932515337423,3,0.9509192610365632,0.0422010061641534,0.003036227376403189,0.004592049015830296
spambase,tabpfn_distpfn_t,observed,0.5,0.1,minority_to_majority,0.952787898535699,0.0035160159138551,0.9366391184573004,0.0110192837465564,0.983810365930862,0.0054356925907142,0.9540196080389536,0.0024555397835984,0.951577870372502,0.0072996047290398,0.9366391184573004,0.0110192837465564,0.99014254634978,0.0014213144144686,0.0371826208943219,0.0005596505713549,0.1453086357576443,0.0030756580464427,0.0439606775366632,0.0040683199296326,0.0996592844974446,3,0.9548515457606368,0.0358253295222917,-0.0020636472249377924,-0.0013572913720302018
spambase,tabpfn_distpfn_t,observed,0.5,0.2,majority_to_minority,0.9481866563978002,0.0076372572893027,0.938534909209396,0.0098241039714028,0.9804725055383466,0.00533958010979,0.9453855350428574,0.007485059102154,0.9186639168374328,0.0151056656140023,0.9513314967860422,0.0156645749396069,0.9878320513706632,0.0023076308952445,0.0570703456905372,0.0015351587317715,0.229991594691107,0.0046887276580852,0.1148017172757226,0.0073666364430553,0.2002724795640326,3,0.9453108800616132,0.0744578167796134,0.0028757763361869637,0.0173874710890762
spambase,tabpfn_distpfn_t,observed,0.5,0.2,minority_to_majority,0.939290263337184,0.002133265946682,0.9072543617998164,0.0069328139901476,0.9777508269663292,0.0101440971216691,0.9430335022734828,0.0014153885564182,0.953702376095277,0.0044453596996493,0.9072543617998164,0.0069328139901476,0.9878188861571072,0.0028961641783575,0.0509606537332689,0.0034966364457937,0.1904498126318141,0.0088446705066921,0.0803032417019507,0.0057692037227037,0.2001703577512776,3,0.9446838867659982,0.047775118301312,-0.00539362342881422,-0.003185535431956897
spambase,tabpfn_distpfn_t,observed,0.5,0.3,majority_to_minority,0.9309739624988892,0.0036842529686405,0.9014336917562724,0.0017921146953404,0.9774833013384576,0.0043844343392359,0.9225412321037126,0.0029070280880357,0.8637532108661135,0.0016621293158319,0.960514233241506,0.0084161169787985,0.9815045206052048,0.0018413871810516,0.1091323644200647,0.0006634789572078,0.3613861333901975,0.0063842515550768,0.2103349168553863,0.0066680901124247,0.2999403697078115,3,0.8887827443545918,0.1533376475175221,0.04219121814429738,0.0442052830974574
spambase,tabpfn_distpfn_t,observed,0.5,0.3,minority_to_majority,0.92455345241269,0.0125030877875662,0.8741965105601469,0.0267562943697583,0.9758155129065652,0.0085523399465213,0.9309895606363215,0.0104933254028503,0.9577807864258427,0.0017042760731612,0.8741965105601469,0.0267562943697583,0.9859971497312652,0.0018384861017625,0.0719811922268673,0.0043118475195755,0.2462802219970949,0.0099557060110651,0.1179838011539439,0.0029501492007009,0.2998296422487223,3,0.9313244863098236,0.0678207750121752,-0.006771033897133516,-0.004160417214692097
spambase,tabpfn_distpfn_t,oracle,0.05,0.0,clean,0.9412872616684934,0.0098529561694427,0.9118457300275482,0.0306763876739946,0.9816361154983956,0.000622287702458,0.9445762696702932,0.0066884406955185,0.9536038240825174,0.0190939838644598,0.9118457300275482,0.0306763876739946,0.9854853520542668,0.0008183291593475,0.0422305406702415,0.0037239176333627,0.1544647206177221,0.0128742100908279,0.0276809783164984,0.016452153070613,0.0,3,0.8511458672748996,0.0881210168202717,0.09014139439359381,0.045890476150030196
spambase,tabpfn_distpfn_t,oracle,0.05,0.05,majority_to_minority,0.9446123009172864,0.0030649396898391,0.9274563820018368,0.0135892089870971,0.9812661541956822,0.002159983285146,0.9456832479070252,0.0033251491035744,0.9407423696629528,0.0163867400362243,0.9274563820018368,0.0135892089870971,0.984614802307862,0.0020725001878886,0.0408408922298217,0.0021611056314669,0.1495832909349274,0.00562136932295,0.0232848587324315,0.0078605579872698,0.048780487804878,3,0.854818961857085,0.0832762892047564,0.08979333906020148,0.042435396974934696
spambase,tabpfn_distpfn_t,oracle,0.05,0.05,minority_to_majority,0.9302457616240608,0.0083271886433367,0.8879706152433425,0.0249966163247313,0.9783168040032432,0.000494378866627,0.93547120571751,0.0061275621984354,0.9550298553708614,0.0161488159112482,0.8879706152433425,0.0249966163247313,0.982712428948988,0.000715642817513,0.0459828541369349,0.0014762610013515,0.1659993208028448,0.0024597134324397,0.028591104212863,0.0085666897966395,0.0512820512820511,3,0.8398056814479102,0.0966564913590748,0.09044008017615057,0.0506736372221399
spambase,tabpfn_distpfn_t,oracle,0.05,0.1,majority_to_minority,0.9428917720706576,0.0063761004263179,0.921028466483012,0.0166052721028698,0.9821558380795206,0.0026016660030648,0.9447984095303626,0.004820508752303,0.9445414985511956,0.0068630728032243,0.921028466483012,0.0166052721028698,0.9874831732114234,0.0004518685069791,0.0403111529659156,0.0024699595354851,0.1542282399435028,0.0099284023866239,0.0361341937217493,0.0068503544608091,0.1,3,0.8614073284161261,0.0808866098523139,0.08148444365453145,0.0405754568863983
spambase,tabpfn_distpfn_t,oracle,0.05,0.1,minority_to_majority,0.9395667328218648,0.0012036125379883,0.9054178145087236,0.0111334762653646,0.9801379130854871,0.0016039478640066,0.9437411874054448,0.0017547775761653,0.957554963331293,0.0148972944498501,0.9054178145087236,0.0111334762653646,0.9843728915087664,0.0010050230816467,0.0438894648624151,0.0015832982033926,0.1640898895806223,0.0035274256255732,0.0367231911409211,0.007423198746497,0.1025641025641024,3,0.8258711257244982,0.1029496962825457,0.11369560709736659,0.0590602314201306
spambase,tabpfn_distpfn_t,oracle,0.05,0.2,majority_to_minority,0.9347877603009568,0.0131412756144366,0.9054178145087236,0.029456409425795,0.9773317367757826,0.0054785680594834,0.9377462611020894,0.0111630758335006,0.9428904027892469,0.0140464191621027,0.9054178145087236,0.029456409425795,0.9813350184806684,0.0057805869414233,0.0488504594491912,0.0042181483727073,0.1906284199023469,0.0103901549361856,0.0572190814850264,0.0122204175686978,0.1986301369863013,3,0.8577564501318168,0.0871802767117817,0.07703131016914,0.03832981726259051
spambase,tabpfn_distpfn_t,oracle,0.05,0.2,minority_to_majority,0.9321538947638656,0.0069701697968315,0.8852157943067035,0.019544349544346,0.9786851411438277,0.0023066562940798,0.9383937715701416,0.0051134885380336,0.9651661115120876,0.0101411283744776,0.8852157943067035,0.019544349544346,0.9831073853556748,0.0024576385219295,0.0491810792858901,0.0053178932457886,0.1825451760938246,0.0181843761866209,0.0489697661433307,0.0111525125587327,0.1965811965811964,3,0.799517659488334,0.1188616007566451,0.1326362352755316,0.06968052147075501
spambase,tabpfn_distpfn_t,oracle,0.05,0.3,majority_to_minority,0.9378634833180288,0.0011520228919049,0.9127640036730944,0.0183425017038,0.9761781876268556,0.001819164521942,0.940184442007084,0.0021640873172557,0.941948313062144,0.0223240644582047,0.9127640036730944,0.0183425017038,0.979455684245518,0.0023353537070085,0.0574289769348014,0.0003071989560513,0.2253522908771493,0.0017419977060972,0.0986125550912133,0.0034031667082247,0.2994011976047904,3,0.8526837287834356,0.0883962661027907,0.08517975453459325,0.03096728916798929
spambase,tabpfn_distpfn_t,oracle,0.05,0.3,minority_to_majority,0.8998316498316498,0.0168989641395436,0.8181818181818182,0.0360239582110799,0.9759990308785742,0.0047573239929259,0.9103816722861904,0.0147980884405284,0.9664624780342376,0.0036715251437726,0.8181818181818182,0.0360239582110799,0.9807508121291112,0.0049563783524198,0.0639617417655202,0.0044517219908829,0.2350838333241466,0.0199345602379647,0.0869329272069668,0.0065529459576456,0.2991452991452991,3,0.7260557678446241,0.1531673421462376,0.17377588198702565,0.08920560038071738
spambase,tabpfn_distpfn_t,oracle,0.1,0.0,clean,0.952765682237823,0.0066619690626731,0.9348025711662076,0.0220958850606353,0.9838564105617784,0.004766671878101,0.9543455234326546,0.0041714829614458,0.9544179276368762,0.0141004926445438,0.9348025711662076,0.0220958850606353,0.9865089474082632,0.0054848445228718,0.0368822719296998,0.0037252454257488,0.1394471646966219,0.0280680562130121,0.0213439744360519,0.0081307054889215,0.0,3,0.9121172625571452,0.0535948202013969,0.04064841968067778,0.016712548271697103
spambase,tabpfn_distpfn_t,oracle,0.1,0.05,majority_to_minority,0.951454920663132,0.0034779552107184,0.9375573921028468,0.0084161169787986,0.9847551037019272,0.0012390657815982,0.9521775056112954,0.0030387329552099,0.9462950508928596,0.0063796482328874,0.9375573921028468,0.0084161169787986,0.9879949708884216,0.0011276845497769,0.0359361274004108,0.001205876404879,0.1314652185784637,0.0052829543020725,0.0182387048397154,0.001959452754417,0.048582995951417,3,0.9187056291161864,0.0516767427325247,0.032749291546945614,0.0157406153321139
spambase,tabpfn_distpfn_t,oracle,0.1,0.05,minority_to_majority,0.9460390809364416,0.0036270697209592,0.9219467401285584,0.0031809932186755,0.9814250824373651,0.0035059038718858,0.9485545984699972,0.0044705560609905,0.952657762102261,0.0113220805478007,0.9219467401285584,0.0031809932186755,0.9858194193482562,0.0023037460379664,0.0396981973503863,0.0014822329614246,0.1464654000566364,0.0098899638270903,0.0227244612496319,0.0112472867652039,0.051063829787234,3,0.8922139281376817,0.0644889424244562,0.05382515279875988,0.0247907450740699
spambase,tabpfn_distpfn_t,oracle,0.1,0.1,majority_to_minority,0.9487445323222448,0.0042931480097123,0.935720844811754,0.0138656279802952,0.981498181568762,0.0021430843230898,0.949169076135146,0.0029685791059689,0.9410426611486103,0.0092640645740486,0.935720844811754,0.0138656279802952,0.9849126652645714,0.0029947790909717,0.0400895939082953,0.0017972988334351,0.1531262610068709,0.0076052111331984,0.0357314863859594,0.0059337932644047,0.0996168582375478,3,0.9141142608884544,0.0532117374241352,0.03463027143379038,0.013122143515839901
spambase,tabpfn_distpfn_t,oracle,0.1,0.1,minority_to_majority,0.948932136615421,0.0027362547449334,0.92653810835629,0.0015904966093378,0.9831320458759762,0.0036711041908482,0.9512444374134008,0.003239455120393,0.9546217456252668,0.0071719977537131,0.92653810835629,0.0015904966093378,0.9881694099680416,0.0007437344365728,0.0366834971111595,0.0002866066001553,0.1380964763311885,0.0035190077635939,0.0290683556748613,0.0026050218712546,0.102127659574468,3,0.8853046594982078,0.0684086233377456,0.06362747711721317,0.031725126226586096
spambase,tabpfn_distpfn_t,oracle,0.1,0.2,majority_to_minority,0.9509686305873988,0.0064459558754485,0.9467401285583102,0.007952483046689,0.9821597628508426,0.0011920580305046,0.9497400125533408,0.0064421084611097,0.9321946123700626,0.0080321590170947,0.9467401285583102,0.007952483046689,0.9855347216051028,0.0012415632269649,0.0453634771091332,0.001891327541884,0.1843218249830474,0.0033497045579029,0.072981784955054,0.0007129787479525,0.2006802721088435,3,0.9070889738045164,0.0552162441114584,0.043879656782882415,0.009852767002325201
spambase,tabpfn_distpfn_t,oracle,0.1,0.2,minority_to_majority,0.9332548357475045,0.0097726994703995,0.8898071625344354,0.0240159721407199,0.9788740784488572,0.0035437388686929,0.9388671153160996,0.0075467468783251,0.9614490767755416,0.006509366315618,0.8898071625344354,0.0240159721407199,0.9828967419387752,0.0033911395474895,0.0474439783716434,0.0065539180809971,0.1855689684369338,0.0220161611549525,0.0539236884105144,0.0075904970643214,0.2,3,0.8705900648715897,0.0880750839908917,0.06266477087591471,0.0406311056192483
spambase,tabpfn_distpfn_t,oracle,0.1,0.3,majority_to_minority,0.9494529853767392,0.0076662157833561,0.9416303800468024,0.0140058091894627,0.9803596416195336,0.0026350755786269,0.9482106342602232,0.005907310316237,0.9304181841415884,0.002639150803773,0.9449035812672176,0.0180645689374711,0.9833180287725742,0.0019084061536884,0.0602839800320461,0.001087843635854,0.2362798792225289,0.0038417162054614,0.1171887411667744,0.010620729620647,0.3005952380952381,3,0.9069285227643,0.0563803948462008,0.04252446261243914,-0.0039035851858453055
spambase,tabpfn_distpfn_t,oracle,0.1,0.3,minority_to_majority,0.9274242917937934,0.0039606420231856,0.8769513314967861,0.0124221756276113,0.9793096790507988,0.006368453595039,0.9340858328171652,0.0025750895551001,0.9627978226268824,0.0067961603512855,0.8769513314967861,0.0124221756276113,0.9837080482241772,0.0056693121244579,0.0544210285603759,0.0054595028000994,0.2121258076970103,0.0268433937440444,0.079286690809227,0.0074362097736416,0.2978723404255319,3,0.8430196392073226,0.1078489000598589,0.08440465258647079,0.05342787149948299
spambase,tabpfn_distpfn_t,oracle,0.2,0.0,clean,0.960018069255606,0.0026596021296886,0.9540863177226812,0.005734617078419,0.9888717889747276,0.0014255360022451,0.9595109971416752,0.0044418617234548,0.9482256431536928,0.0156910030125189,0.9540863177226812,0.005734617078419,0.9911332286698856,0.0012536075157282,0.0297950933375657,0.0016745443596366,0.1111983378881738,0.0075688427207668,0.0128413841850623,0.003614927800958,0.0,3,0.949512228837742,0.034344566365083,0.010505840417863954,0.004549473027517299
spambase,tabpfn_distpfn_t,oracle,0.2,0.05,majority_to_minority,0.9571027972787504,0.0051550393282878,0.946177315678782,0.0134402053385291,0.98705617231524,0.0019490238149486,0.9571685988425752,0.0040660401026634,0.9487125889027476,0.0113151017534983,0.9476584022038568,0.0153381938369974,0.990236348496368,0.0014876572991331,0.0342543101785151,0.0029115486701515,0.1277062211182002,0.0090842070031782,0.0253026466229155,0.0057441174741062,0.0506072874493927,3,0.9396383186705768,0.0378538419802983,0.017464478608173573,0.0035995318017831984
spambase,tabpfn_distpfn_t,oracle,0.2,0.05,minority_to_majority,0.9525114290510184,0.0060283420802363,0.9384756657483928,0.0168322339575971,0.9867569036829876,0.0017062066251003,0.9532967669310924,0.0042802234780048,0.948174669631333,0.0078262993915004,0.9384756657483928,0.0168322339575971,0.990535857104772,0.0009735194735789,0.0340583900651194,0.0005353570442758,0.1231278270431197,0.0033802744575673,0.0197181371859939,0.0065456436864016,0.0490405117270788,3,0.939433435034608,0.0417966085175672,0.01307799401641041,0.0077382184524478065
spambase,tabpfn_distpfn_t,oracle,0.2,0.1,majority_to_minority,0.9544368415336156,0.0071129260678929,0.9492086061001016,0.0099381825529284,0.9869684842583264,0.0020258687349649,0.953489605966764,0.0070709882873351,0.9383479630242384,0.0105410863060616,0.9494949494949496,0.0104295837388435,0.9901441920014744,0.0013067769771086,0.0369472346851907,0.0028930419668583,0.1451849608025231,0.0045918818779457,0.0428254555804023,0.0064304806546848,0.0998080614203454,3,0.9438149826712876,0.0377904760340849,0.010621858862328026,0.0008432413488941998
spambase,tabpfn_distpfn_t,oracle,0.2,0.1,minority_to_majority,0.9458786298962252,0.0077947106386303,0.921028466483012,0.0179239864976521,0.9854767960580936,0.0032116260776414,0.9485134631002244,0.006236606967114,0.9534806434431544,0.005168594886715,0.921028466483012,0.0179239864976521,0.9890399597144464,0.0028839298233528,0.037847490377655,0.0040002264173809,0.1403117613497039,0.0157028525536591,0.0320021994107233,0.0054894791855107,0.1002132196162046,3,0.921665333688794,0.0500101223587989,0.02421329620743118,0.012162631981143895
spambase,tabpfn_distpfn_t,oracle,0.2,0.2,majority_to_minority,0.945962558132646,0.0085272391033037,0.9403122130394858,0.0111334762653647,0.981272335340522,0.0051919205535707,0.9448170315937778,0.0083722036393975,0.9266911369964916,0.0094699168362316,0.9403122130394858,0.0111334762653647,0.9848056979044272,0.0041699427386534,0.0495478945451384,0.0028544311427006,0.1982184431524453,0.0065954781559885,0.0839386477113014,0.0073335961307306,0.1996587030716723,3,0.9340126583528342,0.042591243982315,0.011949899779811757,-0.006956650562823401
spambase,tabpfn_distpfn_t,oracle,0.2,0.2,minority_to_majority,0.9332326194496284,0.0117610487487457,0.8879706152433426,0.0237511793505557,0.9833986216518434,0.0006760972876351,0.9391983970338116,0.0103340226629697,0.964189886480908,0.0097723678853747,0.8879706152433426,0.0237511793505557,0.9875210232003976,0.0002478987339363,0.0475673097478071,0.0023575324254771,0.1791853631022044,0.0068241931696001,0.0647769778202775,0.0034674200547305,0.2004264392324093,3,0.901120195108465,0.0670418341954548,0.03211242434116346,0.019474524447647697
spambase,tabpfn_distpfn_t,oracle,0.2,0.3,majority_to_minority,0.9436841533615726,0.0055346101530168,0.934076838768921,0.0083642320805042,0.9833539094317584,0.0006505009054147,0.9402070302587324,0.006146475347654,0.9088492060611272,0.0153399713744247,0.9494949494949496,0.011469234156838,0.9865188213184304,0.0009349677087843,0.0719237241749142,0.0020526070172784,0.2679229900344632,0.0029353392841486,0.1490801689314567,0.003242982779094,0.3,3,0.937707969232896,0.0431266811986764,0.00597618412867662,-0.0287970429762378
spambase,tabpfn_distpfn_t,oracle,0.2,0.3,minority_to_majority,0.9065138185372787,0.011761358826593,0.827364554637282,0.0271784179741941,0.9794010857007608,0.0057435798869736,0.9171288002493168,0.0100054430785076,0.974281771352811,0.0108378899104816,0.827364554637282,0.0271784179741941,0.9872807580529964,0.00108475288197,0.0659157855963629,0.0033220275678516,0.2299408336896232,0.0059513414909194,0.1090796665108538,0.0054633829098206,0.3006396588486141,3,0.8623700346574248,0.0895802502830823,0.04414378387985396,0.0236644646867194
spambase,tabpfn_distpfn_t,oracle,0.5,0.0,clean,0.9611190102392448,0.0078263978740248,0.9574730689100188,0.0113416934646869,0.9877693609653324,0.0036964555507527,0.9599325656832056,0.0074152188026861,0.9447968634257036,0.0078212963648874,0.9586776859504132,0.0120079860703599,0.9913488090418686,0.0023658748659726,0.0305568148044265,0.0028940046317398,0.1113307141858104,0.0142262701054914,0.0158245431878923,0.0033122701132488,0.0,3,0.9625630696011928,0.0311799403280019,-0.0014440593619479136,0.0006231255235754005
spambase,tabpfn_distpfn_t,oracle,0.5,0.05,majority_to_minority,0.9550342130987292,0.0093763071544253,0.9494850755847823,0.0151580312067133,0.9857884274617144,0.003748653819111,0.9542217999991096,0.008594185519711,0.939961579793138,0.0060313610186893,0.9494949494949496,0.0151723706536807,0.9896192291109202,0.0022670911303204,0.0348438622057977,0.0028135157687881,0.1363804879809232,0.0113201881535275,0.0373344739646822,0.0005983544230995,0.0501618122977346,3,0.9563178214204608,0.0361492373049259,-0.0012836083217316885,0.0013053750991281962
spambase,tabpfn_distpfn_t,oracle,0.5,0.05,minority_to_majority,0.9488161181709568,0.0074222325410159,0.9292929292929294,0.0183425017038,0.9847244732395822,0.0037260012131434,0.9505284311049534,0.0055890538897865,0.9503065883887802,0.0046429301755233,0.9292929292929294,0.0183425017038,0.9895961899871968,0.0014713810360615,0.0360036414279822,0.0014981107463319,0.1347614512652849,0.0043064652654533,0.0288295788036859,0.0038769351846788,0.0502555366269165,3,0.9548293294627608,0.0348903040091196,-0.006013211291803988,-0.0011133374188626033
spambase,tabpfn_distpfn_t,oracle,0.5,0.1,majority_to_minority,0.9522522389091304,0.0058644356137478,0.9463451721516236,0.0062810351630828,0.986302943655486,0.003688664657496,0.9498540811128968,0.004695794359098,0.9260377614622768,0.0023161623805328,0.9540863177226814,0.0130187758298969,0.9895928986838078,0.0026452267994153,0.040599494121198,0.0033673739701243,0.1673110084036105,0.0120871342906964,0.0680833034271134,0.0055282618679017,0.0996932515337423,3,0.9509192610365632,0.0422010061641534,0.0013329778725671426,0.0016015120429553956
spambase,tabpfn_distpfn_t,oracle,0.5,0.1,minority_to_majority,0.9496677429228748,0.0064929908136675,0.9256198347107438,0.0165289256198345,0.983810365930862,0.0054356925907142,0.9523287091509716,0.0048175504268889,0.9582484549729164,0.0049638891024265,0.9256198347107438,0.0165289256198345,0.99014254634978,0.0014213144144686,0.0393648730524438,0.000650732018042,0.1532923211239963,0.0023024534430566,0.0520636138443366,0.0046732269787206,0.0996592844974446,3,0.9548515457606368,0.0358253295222917,-0.005183802837761986,-0.003539543530152102
spambase,tabpfn_distpfn_t,oracle,0.5,0.2,majority_to_minority,0.9443210205673548,0.0039019837518372,0.9235364396654718,0.010802354432512,0.9804725055383466,0.00533958010979,0.9379298577845002,0.0045345784843936,0.8916235427449708,0.0129166556555333,0.9651056014692376,0.0104295837388434,0.9878320513706632,0.0023076308952445,0.0840151863653099,0.00096750623053,0.3037179426572147,0.0034751488139512,0.1762104736845035,0.0086113962578452,0.2002724795640326,3,0.9453108800616132,0.0744578167796134,-0.0009898594942584493,-0.009557369585696501
spambase,tabpfn_distpfn_t,oracle,0.5,0.2,minority_to_majority,0.9251063913820512,0.0059753734831777,0.8705234159779615,0.0120079860703599,0.9777508269663292,0.0101440971216691,0.9324176450923108,0.0055574696430777,0.9654544275298776,0.0092804602954877,0.8705234159779615,0.0120079860703599,0.9878188861571072,0.0028961641783575,0.0640252192659138,0.0044435755725385,0.2244308346368222,0.0104359472442041,0.1093916097519587,0.0062733534821245,0.2001703577512776,3,0.9446838867659982,0.047775118301312,-0.01957749538394704,-0.016250100964601798
spambase,tabpfn_distpfn_t,oracle,0.5,0.3,majority_to_minority,0.5307646356033452,0.013920167500276,0.0615292712066904,0.027840335000552,0.9774833013384576,0.0043844343392359,0.348033172494999,0.0285835963069624,0.4094817020656773,0.0071237372706349,1.0,0.0,0.9815045206052048,0.0018413871810516,0.2218185855424757,0.0033605602115203,0.6054125405604277,0.0039381293729321,0.3450345629022833,0.0052667408170746,0.2999403697078115,3,0.8887827443545918,0.1533376475175221,-0.3580181087512466,-0.06848093802495359
spambase,tabpfn_distpfn_t,oracle,0.5,0.3,minority_to_majority,0.8666849334004759,0.0166002255264549,0.7447199265381084,0.0326342619722991,0.9758155129065652,0.0085523399465213,0.8813463764053374,0.0154838060362323,0.9770540655598126,0.0026921092811855,0.7447199265381084,0.0326342619722991,0.9859971497312652,0.0018384861017625,0.1063154635060205,0.0043867621867332,0.3231472893722066,0.0112759267707584,0.1726502708137361,0.002706700950427,0.2998296422487223,3,0.9313244863098236,0.0678207750121752,-0.06463955290934764,-0.0384946884938453
banknote_authentication,tabpfn_downsample,,0.05,0.0,clean,0.9912854030501088,0.0123723493372554,0.982570806100218,0.0247446986745109,1.0,0.0,0.990223310228292,0.0138692179114458,0.9792021176025716,0.0292658253647853,1.0,0.0,1.0,0.0,0.0062566867563873,0.0090271681349659,0.025043734970192,0.0332537098435552,0.010723598851032,0.0102108534644508,0.0,3,1.0,1.1597756762663872e-05,-0.008714596949891185,-0.006245088999624636
banknote_authentication,tabpfn_downsample,,0.05,0.05,majority_to_minority,0.9814814814814816,0.0099838250434768,0.9629629629629628,0.0199676500869536,0.9999109556929522,0.0001542292639314,0.9792309151857096,0.0111565135891242,0.9559758770611688,0.0227116441516158,1.0,0.0,0.99992856887746,0.0001237223334811,0.0159770896037419,0.0068039810472092,0.0584246950844923,0.0166920879452375,0.0410727212149084,0.0069973824011412,0.0588235294117647,3,0.9986338797814208,0.0009768022779704,-0.017152398299939198,-0.0150002873257715
banknote_authentication,tabpfn_downsample,,0.05,0.05,minority_to_majority,0.9833833351191116,0.0113230123478666,0.9667666702382228,0.0226460246957332,0.9999328107502126,0.0001163751943542,0.9816726292237332,0.0131938814042614,0.9638621794871794,0.0321435970239037,0.9972677595628416,0.0047323792556526,0.999946426658095,9.279175011083254e-05,0.0116770852667589,0.0091380996422764,0.0373426405712961,0.0259794401809684,0.0177512731746713,0.0095801442727524,0.0625,3,0.9877049180327868,0.011600570132335,-0.004321582913675237,-7.651513442390005e-05
banknote_authentication,tabpfn_downsample,,0.05,0.1,majority_to_minority,0.9858387799564272,0.0099838250434767,0.971677559912854,0.0199676500869535,1.0,0.0,0.9841080407339244,0.0111885428135628,0.9660787580225187,0.0235444678569909,1.0,0.0,1.0,0.0,0.0152952090526619,0.0026898104292612,0.0826238319277763,0.0029932277899793,0.0708456076771923,0.0068846048077698,0.1111111111111111,3,1.0,0.0002288665067074,-0.014161220043572786,-0.0150663425459545
banknote_authentication,tabpfn_downsample,,0.05,0.1,minority_to_majority,0.9967320261437908,0.0032679738562092,0.9934640522875816,0.0065359477124182,0.9999559316058524,7.63286976718587e-05,0.9963217750255192,0.0036772575493801,0.9919136288137076,0.008064604970239,1.0,0.0,0.99996428443873,6.18611667406298e-05,0.0035447360714896,0.0023388770173911,0.0119270930687586,0.0069434441393604,0.0084682410896868,0.004528963101546,0.09375,3,0.9795081967213114,0.0192360840737819,0.017223829422479353,0.015691348002292303
banknote_authentication,tabpfn_downsample,,0.05,0.2,majority_to_minority,0.9978213507625272,0.003773531171174,0.9956427015250544,0.007547062342348,1.0,0.0,0.9975484952217945,0.00424613083085,0.9946236559139784,0.0093121011159616,1.0,0.0,1.0,0.0,0.0188560088475544,0.0014565174637091,0.1067505925893783,0.0016752995584097,0.0951549933715299,0.001290357914748,0.2,3,0.9945355191256832,0.0022518870149117,0.003285831636844039,-0.016604121832642697
banknote_authentication,tabpfn_downsample,,0.05,0.2,minority_to_majority,0.9931872566877388,0.0085013961756255,0.9863745133754775,0.0170027923512513,1.0,0.0,0.9926559712843532,0.0097044592478106,0.9868766404199476,0.0227303255586467,0.9972677595628416,0.0047323792556526,1.0,0.0,0.008028354961425,0.0058258010257921,0.0330948494374751,0.0163583982746061,0.0256152705656308,0.0140974024579674,0.1875,3,0.9562841530054644,0.03301036854585,0.03690310368227434,0.024982013584425002
banknote_authentication,tabpfn_downsample,,0.05,0.3,majority_to_minority,0.9607843137254902,0.0510473835026577,0.9215686274509804,0.1020947670053157,0.999729953605606,0.0004677340754914,0.9562887004485526,0.0567402232542872,0.9182521716477576,0.1004343753928092,1.0,0.0,0.9997857066323798,0.0003711670004433,0.0512109336753686,0.0253612939849535,0.1964227010806401,0.0590192724680216,0.1439790660142898,0.0107594711295867,0.3043478260869565,3,1.0,0.0009465204687633,-0.039215686274509776,-0.0502644132066053
banknote_authentication,tabpfn_downsample,,0.05,0.3,minority_to_majority,0.9863745133754778,0.0131070149022183,0.9771063252259008,0.0267429909229609,0.999690341347936,0.0005363445183783,0.9853238321037148,0.0146479990600171,0.9740226986128624,0.0318690025532505,0.9945355191256832,0.0094647585113053,0.9997499910711096,0.0004330281671839,0.0101296694289582,0.0086947769378864,0.0323412123446662,0.0213382434247852,0.0176410567293394,0.0080349065996888,0.3125,3,0.9234972677595628,0.065862892816464,0.06287724561591501,0.055733223387505804
banknote_authentication,tabpfn_downsample,,0.1,0.0,clean,0.9912854030501088,0.0150941246846961,0.982570806100218,0.0301882493693922,1.0,0.0,0.990234721778346,0.0169139580299505,0.9794871794871794,0.0355292473347462,1.0,0.0,1.0,0.0,0.0071069861442083,0.0120271653851468,0.026614928850904,0.0424787933989188,0.0098273785641614,0.0135775284182482,0.0,3,1.0,6.042243469057406e-05,-0.008714596949891185,-0.0070465637095177254
banknote_authentication,tabpfn_downsample,,0.1,0.05,majority_to_minority,0.9967320261437908,0.005660296756761,0.9934640522875816,0.011320593513522,1.0,0.0,0.9963255434855226,0.0063643453732771,0.992,0.013856406460551,1.0,0.0,1.0,0.0,0.0042936826357617,0.0050377107655265,0.0329132433980703,0.0141463260740699,0.0267614353380419,0.0049065098369803,0.044776119402985,3,1.0,2.5625219677749556e-05,-0.0032679738562092497,-0.004268057416083951
banknote_authentication,tabpfn_downsample,,0.1,0.05,minority_to_majority,0.9989106753812635,0.001886765585587,0.9978213507625272,0.003773531171174,1.0,0.0,0.9987732798037248,0.0021247417066195,0.997289972899729,0.0046939046275579,1.0,0.0,1.0,0.0,0.0012584361284097,0.0011473186687183,0.0049314538870627,0.0038739207714939,0.0040019428715899,0.0029987519608657,0.046875,3,0.9904371584699452,0.0064495750702916,0.008473516911318368,0.0051911389418819
banknote_authentication,tabpfn_downsample,,0.1,0.1,majority_to_minority,0.9923747276688454,0.0018867655855869,0.9847494553376906,0.0037735311711739,1.0,0.0,0.9914225339291112,0.0021182145424271,0.981247311827957,0.0045443053445894,1.0,0.0,1.0,0.0,0.0110059939324855,0.0027325232116179,0.0601706095039843,0.0050624075704034,0.0523946901072154,0.0054895779437982,0.0985915492957745,3,1.0,0.0002138167862236,-0.00762527233115462,-0.0107921771462619
banknote_authentication,tabpfn_downsample,,0.1,0.1,minority_to_majority,1.0,0.0,1.0,0.0,1.0,0.0,1.0,0.0,1.0,0.0,1.0,0.0,1.0,0.0,0.0008155386894941,0.0003236397783519,0.005830479087308,0.0029846189876304,0.0052929413105558,0.0029486342546042,0.09375,3,1.0,0.0078974443798263,0.0,0.007081905690332201
banknote_authentication,tabpfn_downsample,,0.1,0.2,majority_to_minority,0.9847494553376904,0.0150941246846961,0.9694989106753814,0.0301882493693922,1.0,0.0,0.9829046800229316,0.016871570279379,0.9639947865754318,0.0344265556408282,1.0,0.0,1.0,0.0,0.0219419741382201,0.0099824609010141,0.111420601606369,0.0226307032875942,0.0913624720049626,0.0075474040526606,0.2,3,1.0,0.0009185771632473,-0.015250544662309573,-0.0210233969749728
banknote_authentication,tabpfn_downsample,,0.1,0.2,minority_to_majority,1.0,0.0,1.0,0.0,1.0,0.0,1.0,0.0,1.0,0.0,1.0,0.0,1.0,0.0,0.001062198484457,0.0012495776615249,0.0104086167023827,0.0109288972097835,0.0097913836109254,0.0101953959060266,0.203125,3,0.9986338797814208,0.0205672370890775,0.001366120218579181,0.019505038604620502
banknote_authentication,tabpfn_downsample,,0.1,0.3,majority_to_minority,0.9869281045751632,0.0172924922291803,0.9738562091503268,0.0345849844583606,1.0,0.0,0.9853561848011374,0.0193473100314449,0.9693711306614532,0.0399059710781057,1.0,0.0,1.0,0.0,0.0310512551416953,0.00265128169406,0.1440989871819813,0.0039944926045687,0.1241193817917144,0.0067025664849358,0.2967032967032967,3,1.0,0.0008015678031369,-0.013071895424836777,-0.0302496873385584
banknote_authentication,tabpfn_downsample,,0.1,0.3,minority_to_majority,0.9879995714132648,0.0115021852783197,0.980356441301475,0.0173330529493824,0.9994461645343,0.0009592711656257,0.9877253377865136,0.0112639172170693,0.983862433862434,0.0158796282523374,0.989071038251366,0.0189295170226106,0.9995714132647594,0.0007423340008867,0.0086940815672278,0.0069053220376598,0.0455117095261812,0.0179211786265613,0.0365086502245993,0.0117716558816618,0.296875,3,0.9781420765027322,0.0434965652724106,0.00985749491053256,0.0348024837051828
banknote_authentication,tabpfn_downsample,,0.2,0.0,clean,1.0,0.0,1.0,0.0,1.0,0.0,1.0,0.0,1.0,0.0,1.0,0.0,1.0,0.0,3.9108029124435006e-05,5.032825753011898e-05,0.000472119936603,0.0004985779772438,0.0004510449297164,0.0004713827891642,0.0,3,1.0,7.050586869894462e-08,0.0,-3.903752325573606e-05
banknote_authentication,tabpfn_downsample,,0.2,0.05,majority_to_minority,0.9978213507625272,0.003773531171174,0.9956427015250544,0.007547062342348,1.0,0.0,0.9975484952217945,0.00424613083085,0.9946236559139784,0.0093121011159616,1.0,0.0,1.0,0.0,0.0024167587398551,0.0022735109419251,0.027391456067562,0.0059824965256511,0.0258406109882123,0.0043012481229137,0.0518518518518517,3,1.0,0.0001042989291211,-0.002178649237472796,-0.002312459810734
banknote_authentication,tabpfn_downsample,,0.2,0.05,minority_to_majority,0.9972677595628416,0.0047323792556526,0.9945355191256832,0.0094647585113053,1.0,0.0,0.9975403384494294,0.0042602587750119,1.0,0.0,0.9945355191256832,0.0094647585113053,1.0,0.0,0.0010319146365418,0.0013997062107974,0.0058274444963899,0.0051700119109447,0.0049958824482117,0.0042638256837738,0.046875,3,0.9972677595628416,0.0019309675359787,0.0,0.0008990528994369
banknote_authentication,tabpfn_downsample,,0.2,0.1,majority_to_minority,0.9934640522875816,0.011320593513522,0.9869281045751634,0.022641187027044,1.0,0.0,0.9926666666666666,0.0127017059221717,0.984375,0.0270632938682637,1.0,0.0,1.0,0.0,0.0074734189547597,0.0070383094599479,0.0534609655539194,0.0164374548574403,0.0463874906211187,0.0073368526007743,0.0985915492957745,3,0.9934640522875816,0.0063108004784831,0.0,-0.0011626184762766004
banknote_authentication,tabpfn_downsample,,0.2,0.1,minority_to_majority,0.9972677595628416,0.0047323792556526,0.9945355191256832,0.0094647585113053,1.0,0.0,0.9975403384494294,0.0042602587750119,1.0,0.0,0.9945355191256832,0.0094647585113053,1.0,0.0,0.0019487389023803,0.0019021096632351,0.011786488816142,0.0083883229183375,0.010432759626331,0.0070259392987819,0.1015625,3,1.0,0.0058969350066035,-0.002732240437158362,0.0039481961042232
banknote_authentication,tabpfn_downsample,,0.2,0.2,majority_to_minority,1.0,0.0,1.0,0.0,1.0,0.0,1.0,0.0,1.0,0.0,1.0,0.0,1.0,0.0,0.0136861009523272,0.0015108985744292,0.093043898542722,0.0048735475512069,0.0852332922816276,0.0038657052126337,0.2,3,1.0,0.0015457892247164,0.0,-0.012140311727610799
banknote_authentication,tabpfn_downsample,,0.2,0.2,minority_to_majority,1.0,0.0,1.0,0.0,1.0,0.0,1.0,0.0,1.0,0.0,1.0,0.0,1.0,0.0,0.0017644636488208,0.0009539903832944,0.0199159566933909,0.0086077247503304,0.0188962516915335,0.0080784798549068,0.203125,3,1.0,0.0156241813674568,0.0,0.013859717718636
banknote_authentication,tabpfn_downsample,,0.2,0.3,majority_to_minority,0.9978213507625272,0.003773531171174,0.9956427015250544,0.007547062342348,1.0,0.0,0.9975484952217945,0.00424613083085,0.9946236559139784,0.0093121011159616,1.0,0.0,1.0,0.0,0.0271587533255417,0.0018680557902293,0.1401346971591313,0.0080274064124091,0.1201663767614147,0.0012635461735127,0.3005464480874317,3,1.0,0.0047687583913405,-0.002178649237472796,-0.0223899949342012
banknote_authentication,tabpfn_downsample,,0.2,0.3,minority_to_majority,1.0,0.0,1.0,0.0,1.0,0.0,1.0,0.0,1.0,0.0,1.0,0.0,1.0,0.0,0.0011658754665404,0.0002666398567004,0.0187128040318687,0.0063585223573788,0.0180814294877574,0.0062596234824118,0.296875,3,1.0,0.037866186350584,0.0,0.0367003108840436
banknote_authentication,tabpfn_downsample,,0.5,0.0,clean,1.0,0.0,1.0,0.0,1.0,0.0,1.0,0.0,1.0,0.0,1.0,0.0,1.0,0.0,2.7246189563771373e-10,1.6269653377232626e-10,1.3622436199511869e-05,6.912134533059367e-07,1.3680923623200436e-05,7.048201556463685e-07,0.0,3,1.0,1.9772181577189704e-10,0.0,-7.474007986581669e-11
banknote_authentication,tabpfn_downsample,,0.5,0.05,minority_to_majority,1.0,0.0,1.0,0.0,1.0,0.0,1.0,0.0,1.0,0.0,1.0,0.0,1.0,0.0,0.0005135668131211,5.730184761204304e-06,0.0148926929881174,0.0003240934441134,0.0146291699237895,0.0003259929417877,0.05,3,1.0,0.0007090088911354,0.0,0.00019544207801429998
banknote_authentication,tabpfn_downsample,,0.5,0.1,minority_to_majority,1.0,0.0,1.0,0.0,1.0,0.0,1.0,0.0,1.0,0.0,1.0,0.0,1.0,0.0,0.0025454285399367,0.0004170386694893,0.0340809375047683,0.0027022744713564,0.0327334043012722,0.0024758116086463,0.1,3,1.0,0.0035103120996305,0.0,0.0009648835596937997
banknote_authentication,tabpfn_downsample,,0.5,0.2,minority_to_majority,1.0,0.0,1.0,0.0,1.0,0.0,1.0,0.0,1.0,0.0,1.0,0.0,1.0,0.0,0.0062187383882701,0.0010290432061891,0.0550340252617994,0.0042660037006393,0.0516208322731946,0.0036622614032793,0.2,3,1.0,0.0150427275026837,0.0,0.008823989114413601
banknote_authentication,tabpfn_downsample,,0.5,0.3,minority_to_majority,1.0,0.0,1.0,0.0,1.0,0.0,1.0,0.0,1.0,0.0,1.0,0.0,1.0,0.0,0.0135124810039996,0.0010067725272964,0.0842865904172261,0.0035273618916047,0.0765677489787886,0.0029667111584697,0.3,3,1.0,0.0364994828899701,0.0,0.0229870018859705
blood_transfusion,tabpfn_downsample,,0.05,0.0,clean,0.6240253411306044,0.0616481365834053,0.5350877192982456,0.1324532357065044,0.373671633109085,0.0336227481403359,0.5506097013595831,0.0737905215672659,0.3315656565656565,0.0595376148230552,0.7129629629629629,0.1252569375784137,0.6682910981156596,0.0411707455924508,0.2691102921962738,0.0168067726234799,0.925925354162852,0.3349039654893116,0.2832375213234788,0.0075493679086249,0.0,3,0.5,0.2082477062940597,0.12402534113060437,-0.060862585902214106
blood_transfusion,tabpfn_downsample,,0.05,0.05,majority_to_minority,0.5969785575048733,0.0567796305932311,0.5048732943469786,0.0585769169641977,0.3426094295121332,0.1420202984183854,0.5417806650155815,0.0233999132150846,0.3096146994452078,0.0335833122955832,0.6296296296296297,0.1697250257391051,0.6146848602988954,0.083600999959624,0.2676021854082743,0.0092880893613896,0.7408131758371989,0.0224303588881952,0.2823001354601648,0.0209966204595132,0.0666666666666666,3,0.5,0.2165270100037256,0.09697855750487328,-0.0510751754045487
blood_transfusion,tabpfn_downsample,,0.05,0.05,minority_to_majority,0.5855263157894738,0.0562295602737783,0.4605263157894736,0.0389833088478753,0.413935081420261,0.1289756997541858,0.5232389628155755,0.0184507665790342,0.2970216238270093,0.0315479370415721,0.638888888888889,0.1944444444444444,0.6591942820012996,0.0674956031843149,0.2557554145654042,0.0283717845147952,0.7222785353660583,0.0872215462981945,0.2544670887788137,0.0616824096946987,0.0714285714285714,3,0.5,0.2169207682212194,0.08552631578947378,-0.03883464634418479
blood_transfusion,tabpfn_downsample,,0.05,0.1,majority_to_minority,0.5601851851851852,0.1386507910919843,0.5448343079922027,0.1375926999520847,0.3174129071082003,0.1035293001437481,0.5198068354653768,0.1235383027234548,0.2943815987933635,0.1078046780878416,0.5648148148148148,0.1579511306410368,0.5824398960363872,0.1349776260916003,0.2485856860876083,0.017274213277814,0.695158839225769,0.0376123841422023,0.2550953703456455,0.008695211291154,0.125,3,0.5,0.210944245258967,0.06018518518518523,-0.03764144082864132
blood_transfusion,tabpfn_downsample,,0.05,0.1,minority_to_majority,0.6059941520467836,0.0337447043496602,0.5628654970760234,0.0785538165614601,0.3645164672854848,0.0600539977086515,0.5673629203040967,0.0160648642330798,0.3300834431269213,0.0195710204341894,0.5833333333333334,0.1001542020962218,0.6614684860298895,0.0149820780632155,0.2465072522560755,0.0224295790896343,0.7406864166259766,0.1403591089603657,0.247496595473753,0.0021370969086233,0.0714285714285714,3,0.5,0.2147911339998245,0.10599415204678364,-0.03171611825625101
blood_transfusion,tabpfn_downsample,,0.05,0.2,majority_to_minority,0.6418128654970761,0.0459015436738,0.5614035087719299,0.1063539969559837,0.3021729159857375,0.0603264268526011,0.5722022878771398,0.0635037319541818,0.3474885844748858,0.0501888595588638,0.7222222222222222,0.0277777777777777,0.622482131254061,0.0740035393654295,0.2490729888280232,0.0170930620619866,0.6934424638748169,0.0370164669008609,0.2593786771761046,0.014424600383868,0.2222222222222222,3,0.5,0.2110597838958104,0.14181286549707606,-0.0380132049322128
blood_transfusion,tabpfn_downsample,,0.05,0.2,minority_to_majority,0.547514619883041,0.1102396379610246,0.4332358674463938,0.1944737552839687,0.3420283022188901,0.11223391127164,0.518904688607621,0.0775415994022614,0.269983832139374,0.096142149083476,0.4722222222222221,0.25,0.5983593242365172,0.1063859754236398,0.2535472363233566,0.0303934839565157,0.7236567536989847,0.0909414912427221,0.2434190839529036,0.035791411024636,0.2142857142857142,3,0.5,0.2187437663475672,0.047514619883040954,-0.03480346997578937
blood_transfusion,tabpfn_downsample,,0.05,0.3,majority_to_minority,0.6532651072124757,0.0238031870729453,0.6003898635477584,0.0523329191370713,0.3743442962421922,0.0822968017700588,0.6058306845268274,0.0179889455637746,0.3723865846440047,0.0173185554052808,0.6574074074074074,0.0892930626017866,0.6829109811565952,0.0549303632198619,0.2339442024628321,0.0149713788192065,0.6696519653002421,0.0413656490855734,0.2419241909351613,0.0143723382133037,0.3,3,0.5,0.1992294043302535,0.15326510721247566,-0.034714798132578606
blood_transfusion,tabpfn_downsample,,0.05,0.3,minority_to_majority,0.5789473684210527,0.0695482449840133,0.4912280701754385,0.083678877317276,0.3382151294825197,0.043957497433994,0.509278537877823,0.0533790282436982,0.2929844571006814,0.0450514263948444,0.6666666666666666,0.1469861839480327,0.6109486679662118,0.0643275238372893,0.2493182967106501,0.0059777514212898,0.6965114076932272,0.0155236509145325,0.2624700539476342,0.0064582233240197,0.2857142857142857,3,0.5,0.2246499905983606,0.07894736842105265,-0.024668306112289484
blood_transfusion,tabpfn_downsample,,0.1,0.0,clean,0.6362085769980507,0.0110699967754391,0.5930799220272904,0.0433777949541396,0.424591159231845,0.0368332757982803,0.5797476399370519,0.0210894047225797,0.3470829852408799,0.0180664007436955,0.6759259259259259,0.0320750149549792,0.6931448992852501,0.0259111774201019,0.2382000684738159,0.025876760557583,0.6845177809397379,0.0749175998209241,0.2452572440935505,0.0260986429571868,0.0,3,0.5,0.185719405611356,0.13620857699805067,-0.05248066286245989
blood_transfusion,tabpfn_downsample,,0.1,0.05,majority_to_minority,0.598196881091618,0.019564622968953,0.4985380116959064,0.0983452050224686,0.3603627906834838,0.0176787031077081,0.5742685290528226,0.025232319234991,0.3432234432234431,0.0262147995355341,0.5092592592592592,0.1122625523424272,0.6371832358674463,0.0130098477562556,0.2287628998359043,0.0196877672995081,0.6486306587855021,0.0433385825017706,0.2232516804668638,0.0427192638665775,0.0344827586206896,3,0.4985380116959064,0.1909149487813313,0.09965886939571156,-0.037847951054573004
blood_transfusion,tabpfn_downsample,,0.1,0.05,minority_to_majority,0.6347465886939571,0.0645651731390943,0.5633528265107213,0.0844205943327174,0.3631410542440583,0.0849216352276822,0.592608321478182,0.0524042446551828,0.3588091440723019,0.0599769694938144,0.6203703703703703,0.1398117488013101,0.6752761533463287,0.0803883409735161,0.2449788004159927,0.0221180513673222,0.7044785221417745,0.0669800274138584,0.2469385395447413,0.0112738572761956,0.0357142857142857,3,0.5,0.193799873193105,0.13474658869395706,-0.05117892722288772
blood_transfusion,tabpfn_downsample,,0.1,0.1,majority_to_minority,0.6028265107212475,0.0518559509364824,0.5287524366471735,0.0536438818738182,0.3428104557183442,0.0410582157495167,0.5502698469340538,0.0278288424558598,0.3167560673551514,0.0336366050015661,0.6296296296296297,0.1370245239532291,0.6563515269655621,0.0559148589224863,0.2451521356900533,0.0046721289444354,0.6812955737113953,0.0111321568936572,0.2520394680897395,0.0161691948019133,0.096774193548387,3,0.5017056530214424,0.1916857510805129,0.10112085769980506,-0.053466384609540424
blood_transfusion,tabpfn_downsample,,0.1,0.1,minority_to_majority,0.652046783625731,0.0166049951631587,0.5857699805068226,0.0265314962744955,0.507685575885393,0.0293860699705481,0.6013387906762189,0.0068870606356247,0.3682222615919134,0.0083108388244616,0.6666666666666666,0.0962250448649376,0.7294509421702404,0.0307665504601052,0.2291886558135349,0.0269147107006897,0.6555072863896688,0.0686771384662502,0.2383412466529342,0.0222951785444563,0.1071428571428571,3,0.5,0.1882196714480717,0.15204678362573099,-0.0409689843654632
blood_transfusion,tabpfn_downsample,,0.1,0.2,majority_to_minority,0.6230506822612085,0.0497093939592269,0.5399610136452242,0.0898538217855422,0.4584983539279555,0.0503534365315348,0.5766401892478208,0.0303913835822281,0.3419196542079837,0.0305466767074924,0.6203703703703703,0.1529880707579473,0.6734080571799869,0.049068704042241,0.2279012153546015,0.0136395575527016,0.6463809212048849,0.0314443826387132,0.2388415776689847,0.018709532588807,0.2,3,0.503167641325536,0.1791448642810185,0.11988304093567248,-0.048756351073583004
blood_transfusion,tabpfn_downsample,,0.1,0.2,minority_to_majority,0.6252436647173489,0.0430252833275363,0.5852826510721247,0.0465163539935776,0.3918167574677332,0.0801259642128695,0.5737264178374607,0.0311614670524123,0.3395863395863395,0.0324702045824678,0.6481481481481481,0.0975523495634512,0.6634178037686809,0.0466877643240605,0.2476234982411066,0.0124977780063377,0.7067880431811014,0.0436315401857876,0.2546695981091923,0.0285561394827869,0.2142857142857142,3,0.5,0.1975078036387761,0.12524366471734893,-0.05011569460233051
blood_transfusion,tabpfn_downsample,,0.1,0.3,majority_to_minority,0.6362085769980507,0.0213035994097411,0.5409356725146198,0.0622333235491016,0.4206814245420713,0.1135557025441178,0.5620417298659589,0.0328443704783303,0.3362037832654637,0.0225918371335319,0.7314814814814815,0.0320750149549792,0.6720272904483431,0.0159321140163116,0.2490262389183044,0.007029660729509,0.692237138748169,0.014513304338411,0.2736441982123587,0.0106073276423936,0.3,3,0.5,0.1807545473178227,0.13620857699805067,-0.06827169160048169
blood_transfusion,tabpfn_downsample,,0.1,0.3,minority_to_majority,0.662524366471735,0.0180443553426643,0.6096491228070176,0.0287606952820263,0.3737698308528632,0.0716757480967597,0.6122347527630035,0.0024795375332444,0.3785353535353535,0.003416098297593,0.6759259259259259,0.0848625128695525,0.6850227420402858,0.0289608441000938,0.2285950183868408,0.0082641198480241,0.652925948301951,0.020624436849085,0.2214557592736349,0.018321357051166,0.2857142857142857,3,0.5,0.1988189866145451,0.16252436647173496,-0.02977603177229568
blood_transfusion,tabpfn_downsample,,0.2,0.0,clean,0.669103313840156,0.0147713884661087,0.5999025341130605,0.0146442292410494,0.463473567853167,0.0595100997595928,0.6287062179906876,0.0262127441576991,0.4025911409729998,0.0386838359062164,0.6481481481481483,0.0892930626017865,0.7186484730344379,0.020406950384507,0.2300611237684885,0.0387206320434955,0.6956351200739542,0.1558792341017217,0.2370099452137947,0.0426983101148631,0.0,3,0.5465399610136452,0.1621799667676289,0.12256335282651076,-0.06788115700085959
blood_transfusion,tabpfn_downsample,,0.2,0.05,majority_to_minority,0.6647173489278752,0.0346689598671197,0.6257309941520468,0.0513988182200203,0.5031451933059277,0.0456893226434704,0.6077265897112758,0.0380178813337699,0.374448436409281,0.0391129201574433,0.7037037037037037,0.0320750149549792,0.7299382716049383,0.027400726754303,0.2128967990477879,0.0191885885805951,0.6165762543678284,0.0466752380303439,0.2205778358379999,0.034899244917078,0.05,3,0.5640838206627681,0.1562318851550419,0.10063352826510708,-0.056664913892746
blood_transfusion,tabpfn_downsample,,0.2,0.05,minority_to_majority,0.6130604288499025,0.0401470435732004,0.51364522417154,0.0600899128335218,0.4158915632747477,0.0129500096045563,0.5610128257600503,0.0079102362420222,0.3281483368386217,0.0140403933979107,0.6296296296296297,0.1627629243633976,0.6766569200779727,0.0297547944804372,0.2313164869944254,0.0214491261720708,0.6561859051386515,0.051445168180362,0.2284892828928099,0.0428746842099694,0.0526315789473684,3,0.5387426900584795,0.1636358499526977,0.074317738791423,-0.06768063704172769
blood_transfusion,tabpfn_downsample,,0.2,0.1,majority_to_minority,0.634990253411306,0.0381263266309748,0.6062378167641326,0.0290319122974784,0.4891118185132687,0.0195906173596145,0.5920110737430941,0.0419561979293297,0.3588827838827839,0.0459640371401401,0.6296296296296297,0.0424312564347762,0.7025666016894087,0.0372676270353831,0.219962532321612,0.0113195058636655,0.6295075615247091,0.0235334021442433,0.2328228178785906,0.0291748054082193,0.0952380952380951,3,0.5655458089668616,0.1570837944746017,0.06944444444444442,-0.06287873784701031
blood_transfusion,tabpfn_downsample,,0.2,0.1,minority_to_majority,0.6571637426900585,0.0283207172921205,0.6125730994152047,0.0256161044852853,0.4997820931953868,0.0491298563284926,0.6171870085507504,0.0410396413356078,0.3879846983133368,0.04516391838071,0.6388888888888888,0.0277777777777777,0.7150747238466536,0.0268463714160682,0.2077875485022862,0.0171778379766486,0.5985023776690165,0.0419316600517172,0.204088859922356,0.0265628994217968,0.1052631578947368,3,0.540204678362573,0.1625090241432189,0.11695906432748548,-0.04527852435906729
blood_transfusion,tabpfn_downsample,,0.2,0.2,majority_to_minority,0.6418128654970761,0.0402046783625731,0.567738791423002,0.0434762318317562,0.4001576733834585,0.0889249811642282,0.5881043949989196,0.0234108528062444,0.353890889194818,0.0228985424184655,0.6666666666666666,0.1210805262094631,0.6727582846003899,0.0560822018624978,0.2422987620035806,0.0275461626892757,0.6969747344652811,0.0938316273619115,0.2579471066262986,0.0420230868951303,0.1971830985915491,3,0.563840155945419,0.1636083672444025,0.07797270955165703,-0.0786903947591781
blood_transfusion,tabpfn_downsample,,0.2,0.2,minority_to_majority,0.6491228070175438,0.0261630558014228,0.5760233918128655,0.0133993441372978,0.4802726164704236,0.0677363391327598,0.5817844028172042,0.0186435333290671,0.3496588693957115,0.0176703126309121,0.7222222222222222,0.0481125224324688,0.6949317738791422,0.0214497623029911,0.2340984394152959,0.0101824638953774,0.6601153413454691,0.02506852367251,0.248565286596616,0.0112888722646907,0.1929824561403508,3,0.5063352826510722,0.1698518196741739,0.14278752436647157,-0.064246619741122
blood_transfusion,tabpfn_downsample,,0.2,0.3,majority_to_minority,0.5808966861598441,0.0604136189382335,0.5073099415204679,0.0945105050227718,0.4519232935339179,0.1074376505796045,0.538247046480092,0.0477204648462193,0.3044672158596209,0.0456197985887093,0.5740740740740741,0.14254448442908,0.6535899935022742,0.0688015638460909,0.2314993788798649,0.0107738259887176,0.6533702810605367,0.023377496648072,0.2510070026914279,0.0184503753171337,0.2962962962962963,3,0.5543372319688109,0.168341706196467,0.026559454191033227,-0.06315767268339792
blood_transfusion,tabpfn_downsample,,0.2,0.3,minority_to_majority,0.6829922027290448,0.0214660180206989,0.6345029239766081,0.0513988182200203,0.456404118484332,0.1037732653959149,0.6223463080841494,0.0302109261793369,0.3891736977746409,0.0321008186387717,0.7314814814814815,0.0160375074774896,0.7191358024691358,0.034077434869082,0.217302178343137,0.0028167573671544,0.6231847008069357,0.0086667261248746,0.2302896772821744,0.0135185364064006,0.2982456140350877,3,0.5,0.1749254614114761,0.18299220272904482,-0.042376716931660896
blood_transfusion,tabpfn_downsample,,0.5,0.0,clean,0.685672514619883,0.0081400063784064,0.6364522417153996,0.0280965600495118,0.5433045354588146,0.0205222989711701,0.645307321808711,0.0245737610363521,0.4199679871948779,0.0341363742537345,0.6666666666666666,0.0555555555555555,0.7375730994152047,0.0027915300286037,0.2071019659439722,0.0154051503242607,0.6033616264661154,0.0376023834786071,0.2109920553200774,0.0270463785560006,0.0,3,0.6790935672514621,0.2061858226855595,0.0065789473684209065,-0.000916143258412716
blood_transfusion,tabpfn_downsample,,0.5,0.05,minority_to_majority,0.7029727095516569,0.0131849407977276,0.6788499025341131,0.0188553042126248,0.5338338422351271,0.0210701100737304,0.6540337744763459,0.019591680260145,0.4244908097367113,0.0260307523994365,0.7129629629629629,0.0320750149549792,0.7396848602988954,0.0051722583531222,0.2019641598065694,0.0067639165227145,0.587505022684733,0.0160030776284111,0.2034386707014507,0.0140079037349452,0.0492957746478872,3,0.6939571150097467,0.1925603002309799,0.009015594541910255,-0.009403859575589507
blood_transfusion,tabpfn_downsample,,0.5,0.1,minority_to_majority,0.6678849902534113,0.0269213677239159,0.5969785575048733,0.0742645928912576,0.5207197519803516,0.0306538786244057,0.6238075584664675,0.030230361337228,0.3970283394940929,0.0357081630414994,0.6574074074074074,0.1122625523424272,0.7271767381416504,0.0192095028802316,0.2043784608443577,0.0153650288742248,0.5938907464345297,0.0347254107906321,0.2105081284211741,0.0262113616596651,0.0985915492957745,3,0.6559454191033138,0.1858682483434677,0.011939571150097472,-0.018510212500889994
blood_transfusion,tabpfn_downsample,,0.5,0.2,minority_to_majority,0.672270955165692,0.0314440797382853,0.6315789473684211,0.0263157894736842,0.5157096985267974,0.0517105419704432,0.6143671244920063,0.0279522286976416,0.3797101449275362,0.0279526109014289,0.7129629629629629,0.0424312564347763,0.734974009096816,0.0254790855872067,0.2083036849896112,0.0142982489384456,0.6030215620994568,0.0327958372578214,0.2134321298201878,0.0179077956599633,0.1971830985915491,3,0.6720272904483431,0.1712711453437805,0.0002436647173489348,-0.0370325396458307
blood_transfusion,tabpfn_downsample,,0.5,0.3,minority_to_majority,0.6659356725146198,0.006578947368421,0.6193957115009746,0.0214036951812843,0.4912834987362185,0.0092347078609047,0.6116016719413057,0.0166346189453832,0.3781581431506469,0.0177586361661223,0.6944444444444443,0.0481125224324688,0.7223034437946718,0.0109515928777029,0.2082946350177128,0.0068308518452267,0.6022428870201111,0.0167001130325181,0.2153958129054969,0.0149860615295336,0.3028169014084507,3,0.6033138401559454,0.1630256175994872,0.06262183235867447,-0.045269017418225616
breast_cancer_wisconsin,tabpfn_downsample,,0.05,0.0,clean,0.8690476190476191,0.053855434714841,0.7936507936507936,0.1311326320782405,0.953956272278608,0.0108989018527566,0.8759842664371899,0.0450590483278626,0.8983401655815451,0.0498956605582759,0.7936507936507936,0.1311326320782405,0.9673721340388006,0.0132536668251725,0.0795419240991274,0.0152636235271856,0.2581113030513127,0.0416991668760388,0.0799865527677605,0.020782540658748,0.0,3,0.8650793650793651,0.0817788826922575,0.003968253968253954,0.002236958593130098
breast_cancer_wisconsin,tabpfn_downsample,,0.05,0.05,majority_to_minority,0.9212962962962964,0.0296680619277206,0.8981481481481483,0.0349529372003275,0.9715069433404072,0.0170746032666745,0.911024741681676,0.0318266178609414,0.8450162673765158,0.0477550273012825,0.9444444444444444,0.0274928699614106,0.9799382716049384,0.0128939986953346,0.0650904104113578,0.0157205444898096,0.2268398404121398,0.0388183009877758,0.1144337806502106,0.0056144621094717,0.0625,3,0.9206349206349206,0.0453219227492809,0.0006613756613758071,-0.019768487662076895
breast_cancer_wisconsin,tabpfn_downsample,,0.05,0.05,minority_to_majority,0.9120370370370368,0.0334567192326501,0.8835978835978836,0.0478389982011246,0.9681339523406504,0.0162091946219118,0.9120943257228958,0.0352283703667967,0.8915807887175862,0.0627714174279623,0.888888888888889,0.049563476177765,0.9768518518518516,0.0112676752892862,0.0560359793404737,0.0171434534470816,0.1877952168385187,0.0489440137936579,0.0468964562778584,0.0139352616742293,0.0666666666666666,3,0.8888888888888888,0.0647906114657719,0.023148148148147918,0.008754632125298208
breast_cancer_wisconsin,tabpfn_downsample,,0.05,0.1,majority_to_minority,0.8723544973544973,0.0264777514829179,0.8240740740740741,0.0789755653205183,0.9460318141114924,0.0071046165070421,0.8550537898673589,0.0383957195377901,0.7598544207660957,0.0752912649121698,0.9206349206349206,0.0274928699614107,0.9624118165784832,0.0090823840631017,0.0969427426656086,0.029287760650921,0.3038586676120758,0.0855473641162908,0.1077299117333968,0.0448494855595938,0.1176470588235294,3,0.8968253968253969,0.0559780783951282,-0.024470899470899532,-0.04096466427048039
breast_cancer_wisconsin,tabpfn_downsample,,0.05,0.1,minority_to_majority,0.8991402116402117,0.051024607201021,0.8472222222222223,0.0982293158292584,0.965036054133177,0.0209620202246838,0.9041078504576668,0.0502841161383927,0.9160326086956522,0.096772328817507,0.8492063492063492,0.0991269523555301,0.9760802469135802,0.0143471777757659,0.0661272431413332,0.0250297535220984,0.2130272090435028,0.0687601479356865,0.0849043857687484,0.0177983519390847,0.1333333333333333,3,0.7857142857142857,0.1077034100890159,0.11342592592592604,0.04157616694768271
breast_cancer_wisconsin,tabpfn_downsample,,0.05,0.2,majority_to_minority,0.8921957671957671,0.0323043253132829,0.8611111111111112,0.0240562612162343,0.9525612393404912,0.0259303581028285,0.8828027745574216,0.0248871534149006,0.8141547088899884,0.0057473233207464,0.9047619047619048,0.0714285714285714,0.9670414462081128,0.0192406142183937,0.0917280440529187,0.0061565491808679,0.3121857245763142,0.0248830872167495,0.1331995241017195,0.0511406871697611,0.2105263157894736,3,0.9007936507936508,0.0549958869814872,-0.008597883597883715,-0.03673215707143151
breast_cancer_wisconsin,tabpfn_downsample,,0.05,0.2,minority_to_majority,0.9080687830687832,0.046067793995057,0.8809523809523809,0.0412393049421161,0.9605796663962192,0.029322838208833,0.9090968516495284,0.0507926653943322,0.8916666666666666,0.087797114607106,0.8809523809523809,0.0412393049421161,0.9696869488536156,0.0249977544879576,0.068044992784659,0.0332234962576083,0.2284851024548212,0.0975096954191888,0.075550526464957,0.021491770954613,0.2,3,0.7857142857142857,0.1146653046210606,0.12235449735449755,0.0466203118364016
breast_cancer_wisconsin,tabpfn_downsample,,0.05,0.3,majority_to_minority,0.8316798941798943,0.0562713710883751,0.7268518518518517,0.069905874400655,0.9263615846742588,0.0507766899672027,0.8015455536477303,0.0578878561926821,0.6691736686448478,0.0649241526495819,0.9365079365079364,0.0599193209148472,0.9436728395061728,0.0402738317745716,0.1372228314479191,0.0361790340389019,0.4320363501707713,0.1015443856899712,0.1803044482455615,0.0147237106346364,0.2857142857142857,3,0.9166666666666666,0.0404864971836407,-0.08498677248677233,-0.09673633426427841
breast_cancer_wisconsin,tabpfn_downsample,,0.05,0.3,minority_to_majority,0.896494708994709,0.0462809403860455,0.8253968253968255,0.0765369108015314,0.9737040931047748,0.0187739214544199,0.9060652756848028,0.0448807526122784,0.9372549019607842,0.0546563131951621,0.8253968253968255,0.0765369108015314,0.9818121693121692,0.0119093539056674,0.0545058399438857,0.0192800911422625,0.1834068049987157,0.0458510738453242,0.0577739935125937,0.0014453793475536,0.2666666666666666,3,0.7857142857142857,0.1286982943614323,0.11078042328042326,0.0741924544175466
breast_cancer_wisconsin,tabpfn_downsample,,0.1,0.0,clean,0.9404761904761904,0.0165707272703274,0.9325396825396824,0.0181848241863327,0.9796103245729562,0.0127589596500021,0.937639689071975,0.0190495325808372,0.9084902177925432,0.0362297793181882,0.9365079365079366,0.0137464349807053,0.984678130511464,0.01109325011059,0.0457712896168231,0.0161382130724369,0.1503424371282259,0.0580301291348233,0.051942811971149,0.018884412467229,0.0,3,0.9285714285714284,0.0401154880722363,0.011904761904761973,-0.005655801544586801
breast_cancer_wisconsin,tabpfn_downsample,,0.1,0.05,majority_to_minority,0.9365079365079364,0.0311830032648843,0.9060846560846562,0.0446024214288025,0.9751204165462454,0.0183711328894588,0.9341069848039768,0.0252283901951007,0.909026188660056,0.0405005833543883,0.9285714285714284,0.0714285714285714,0.9815917107583774,0.0141282803968361,0.0529518915961185,0.0206880843922852,0.1825475345055261,0.0643085148392917,0.0784938772268897,0.0097603425363753,0.0625,3,0.9421296296296297,0.0367636252194642,-0.00562169312169325,-0.016188266376654305
breast_cancer_wisconsin,tabpfn_downsample,,0.1,0.05,minority_to_majority,0.9375,0.0249598127488275,0.916005291005291,0.0235044386824297,0.979780880739123,0.0181788576394435,0.931917520036578,0.0291116148111948,0.8907703646879207,0.0607179001434058,0.9444444444444444,0.0274928699614107,0.9865520282186948,0.0123126645049875,0.0488305451969304,0.0154395794528869,0.1625697712103525,0.0443996700841907,0.0589639805829184,0.0131820443489907,0.0666666666666666,3,0.90244708994709,0.0505435417095819,0.03505291005291,0.001712996512651499
breast_cancer_wisconsin,tabpfn_downsample,,0.1,0.1,majority_to_minority,0.9169973544973544,0.0625891696143928,0.8941798941798943,0.0563063403539491,0.970023055245159,0.0326281382042687,0.9134818266019636,0.0681591416492451,0.8784900284900287,0.1156820583209918,0.9126984126984128,0.0599193209148472,0.9745370370370372,0.031268803306885,0.0638741366565227,0.0384289252205927,0.2214965720971425,0.0919238181003685,0.1121783466105572,0.0271555421738279,0.0909090909090909,3,0.9365079365079366,0.0382088938107092,-0.0195105820105822,-0.025665242845813493
breast_cancer_wisconsin,tabpfn_downsample,,0.1,0.1,minority_to_majority,0.9153439153439152,0.0208175803380121,0.9007936507936508,0.0181848241863327,0.9706640961291788,0.0214999157570006,0.91267779991048,0.0230786679135519,0.8781350086228136,0.044093212298769,0.9047619047619048,0.0238095238095238,0.9811507936507936,0.013115431226886,0.0540252278248468,0.0166416188622502,0.1794920762379964,0.0523425334762042,0.0613770307809636,0.0035235943938507,0.1,3,0.888888888888889,0.0572985596954822,0.026455026455026287,0.0032733318706354014
breast_cancer_wisconsin,tabpfn_downsample,,0.1,0.2,majority_to_minority,0.9011243386243386,0.0536479220686695,0.8591269841269842,0.081058326253236,0.967405555644353,0.023583077404187,0.8880004603122883,0.0645572969905393,0.8127399107791264,0.1209523124509494,0.9365079365079366,0.0274928699614107,0.9746472663139328,0.0193285080433896,0.0847567779322465,0.0333881672291365,0.2887213428815205,0.0777187088774764,0.1419998009346033,0.0084553239492799,0.2105263157894736,3,0.9365079365079364,0.0359322894364595,-0.035383597883597795,-0.048824488495786994
breast_cancer_wisconsin,tabpfn_downsample,,0.1,0.2,minority_to_majority,0.933531746031746,0.0188492063492063,0.8809523809523809,0.0238095238095238,0.9837500742225566,0.0073379405463693,0.9422297297297296,0.0192567567567567,0.9736842105263158,0.0263157894736841,0.8809523809523809,0.0238095238095238,0.9891975308641976,0.0039452227002146,0.0425087052086988,0.0118465153278549,0.1511125018199284,0.0329921737871779,0.0461652446088887,0.0194420627959412,0.2,3,0.8174603174603176,0.0937282666563987,0.11607142857142849,0.0512195614476999
breast_cancer_wisconsin,tabpfn_downsample,,0.1,0.3,majority_to_minority,0.8935185185185185,0.024649001525905,0.8425925925925926,0.0578240555407258,0.9604416423689828,0.0093149929001842,0.8760771198598173,0.0324140140859802,0.7813576494427559,0.0599650164033934,0.9444444444444444,0.0137464349807054,0.9672619047619048,0.0097706922636866,0.0951012646158535,0.0128266583965888,0.3115230997403462,0.029766776695013,0.1569845040944235,0.0213548118845805,0.3023255813953488,3,0.9444444444444444,0.0317670808484156,-0.05092592592592593,-0.06333418376743791
breast_cancer_wisconsin,tabpfn_downsample,,0.1,0.3,minority_to_majority,0.8968253968253969,0.0365720408554896,0.8492063492063492,0.049563476177765,0.9583423048338948,0.0208263429073055,0.901378488722503,0.0362898437524639,0.8989316239316238,0.0442555362344491,0.8492063492063492,0.049563476177765,0.9684744268077602,0.0165090193337488,0.064575619995594,0.0182281710297442,0.2123742351929346,0.0533169749084388,0.0575282058422589,0.0096340380846819,0.3,3,0.7976190476190476,0.1128943488001823,0.0992063492063493,0.048318728804588304
breast_cancer_wisconsin,tabpfn_downsample,,0.2,0.0,clean,0.9669312169312168,0.0155071085816049,0.9523809523809524,0.0238095238095237,0.9928424965640014,0.0035408683590904,0.9684572718899682,0.0145110288062812,0.967673248161053,0.0142523113698799,0.9523809523809524,0.0238095238095237,0.9947089947089948,0.0029392177305937,0.022975930944085,0.0072041561346816,0.082715148727099,0.0246472800683655,0.0342201001381185,0.0097777703582073,0.0,3,0.9484126984126984,0.0259269749124844,0.01851851851851838,0.0029510439683993993
breast_cancer_wisconsin,tabpfn_downsample,,0.2,0.05,majority_to_minority,0.9517195767195769,0.0122443839825222,0.9351851851851852,0.0080187537387447,0.9884146397892918,0.0079087191184198,0.9442871464207382,0.0094920407209634,0.8971989397521313,0.0105665987921727,0.9682539682539684,0.0274928699614107,0.992173721340388,0.0054371086662867,0.0416100819905598,0.0057086661066864,0.1530191252628961,0.0095674114711113,0.070076221883384,0.0263685799476051,0.0476190476190475,3,0.9603174603174603,0.0205714373538891,-0.008597883597883493,-0.0210386446366707
breast_cancer_wisconsin,tabpfn_downsample,,0.2,0.05,minority_to_majority,0.9206349206349206,0.0324815586185414,0.8941798941798941,0.0451288944688676,0.9747983229504382,0.0107842937732972,0.9215720151955152,0.0367260304315351,0.9104377104377104,0.0888965408399114,0.8968253968253969,0.0495634761777651,0.982363315696649,0.0066822947822873,0.05374135201176,0.0163529153288484,0.1812593589226404,0.0488591511224423,0.0555191075712528,0.0177507303014695,0.05,3,0.9246031746031744,0.0421381170550981,-0.003968253968253843,-0.0116032349566619
breast_cancer_wisconsin,tabpfn_downsample,,0.2,0.1,majority_to_minority,0.9513888888888888,0.0353124439098366,0.9417989417989416,0.0357876964509753,0.9816980477278946,0.0169697179949858,0.9500358127732188,0.0378327811019266,0.930937279774489,0.0611404403854657,0.9444444444444444,0.0363696483726653,0.9834656084656084,0.0159142981686719,0.0465877751509348,0.0121132773425866,0.1829607387383778,0.0282175669172068,0.0990888282264533,0.040602452617618,0.1044776119402985,3,0.9642857142857144,0.0241613816469907,-0.012896825396825573,-0.022426393503944098
breast_cancer_wisconsin,tabpfn_downsample,,0.2,0.1,minority_to_majority,0.9464285714285716,0.0309294787065872,0.9206349206349206,0.0137464349807053,0.9790989257504612,0.0265684442618829,0.9497346657361008,0.0373131100171916,0.9545454545454546,0.0787295821622217,0.9206349206349206,0.0137464349807053,0.9861111111111112,0.0175077268412023,0.0419370339562495,0.0252577429773573,0.1417640869816143,0.0780037306339485,0.047051345627232,0.017429639073061,0.1,3,0.8865740740740741,0.0618885643780231,0.05985449735449755,0.019951530421773597
breast_cancer_wisconsin,tabpfn_downsample,,0.2,0.2,majority_to_minority,0.923941798941799,0.0414337468133102,0.8776455026455027,0.0899738327813701,0.9776705301122822,0.008416056546102,0.9093085691313252,0.0545174510218835,0.8345658234734121,0.1068244627441027,0.9682539682539684,0.0137464349807053,0.9831349206349206,0.0070382925442438,0.0742332364122072,0.0294470165688622,0.2514629413684209,0.0661039050461632,0.1342901308960907,0.0289290073887442,0.2,3,0.9391534391534392,0.0312522016465663,-0.015211640211640232,-0.042981034765640906
breast_cancer_wisconsin,tabpfn_downsample,,0.2,0.2,minority_to_majority,0.9388227513227512,0.0085532520875512,0.9087301587301588,0.0247817380888825,0.9788666748077984,0.0165004232661264,0.937463188695531,0.0132385413962869,0.9195680206318504,0.070008143021484,0.9285714285714284,0.0476190476190475,0.9855599647266312,0.0106967844302982,0.0489614369968572,0.0123252116656862,0.1673207134008406,0.0543009917864696,0.051460675376451,0.0072860818382696,0.2,3,0.8650793650793651,0.0759756378829478,0.07374338624338606,0.0270142008860906
breast_cancer_wisconsin,tabpfn_downsample,,0.2,0.3,majority_to_minority,0.9474206349206348,0.0302701315523657,0.9325396825396824,0.0382684554007656,0.980250689296952,0.0090541920653143,0.9467928170145332,0.0325728602299907,0.9309523809523808,0.0571924388069729,0.9365079365079364,0.0363696483726653,0.9836860670194004,0.0060011717763739,0.0755031704902648,0.0107286183403936,0.2745161354541778,0.0276056542500783,0.1645857239501517,0.0165425890279811,0.3023255813953488,3,0.9437830687830688,0.0366801054527361,0.0036375661375659396,-0.03882306503752869
breast_cancer_wisconsin,tabpfn_downsample,,0.2,0.3,minority_to_majority,0.8991402116402117,0.0234834930920384,0.8492063492063492,0.0549857399228215,0.9620224807573448,0.0157856279631075,0.9041914075399742,0.0182856799328141,0.9071815718157182,0.0082143330982262,0.8492063492063492,0.0549857399228215,0.9760802469135804,0.0088753393886245,0.0610116645693778,0.0146736633595098,0.2001696576674778,0.0459163809704293,0.0526211650698984,0.0117423967116264,0.3,3,0.8214285714285715,0.1029050971070925,0.07771164021164023,0.0418934325377147
breast_cancer_wisconsin,tabpfn_downsample,,0.5,0.0,clean,0.9692460317460316,0.021207895165111,0.9477513227513228,0.0408717316282549,0.996862897604126,0.0016766984711886,0.971469739116798,0.016590609286933,0.976375046142488,0.0238116698750389,0.9523809523809524,0.0476190476190476,0.9980158730158728,0.0011923119297169,0.0198189765214919,0.0024669308177691,0.069621027757724,0.0127133391384622,0.0394233011923817,0.0130512523414499,0.0,3,0.9732142857142856,0.0196800356109936,-0.003968253968253954,-0.00013894091049829888
breast_cancer_wisconsin,tabpfn_downsample,,0.5,0.05,minority_to_majority,0.95271164021164,0.0143535280517266,0.9285714285714284,0.0238095238095238,0.9930061054682064,0.0036416675262252,0.9557214213191982,0.014405221606714,0.9595133863426548,0.0268038183245717,0.9285714285714284,0.0238095238095238,0.9951499118165786,0.0028510840291838,0.0263456801573435,0.0044205343009173,0.0990770409504572,0.0158772711666359,0.0490195692778286,0.0057869108287933,0.0533333333333333,3,0.9527116402116405,0.0271708319584528,-4.440892098500626e-16,0.0008251518011093001
breast_cancer_wisconsin,tabpfn_downsample,,0.5,0.1,minority_to_majority,0.974867724867725,0.0050908744438958,0.9543650793650794,0.0034366087451763,0.9946739885595464,0.0004619808529158,0.9748862563515894,0.0052630383368419,0.9696476964769648,0.0337308571978355,0.9682539682539684,0.0274928699614107,0.99647266313933,0.00068838161358,0.0259361031154791,0.0041975623351584,0.1076210339864094,0.0170309124556991,0.0644644137079778,0.0192229029847082,0.1,3,0.9659391534391536,0.0272025869538386,0.008928571428571397,0.0012664838383594987
breast_cancer_wisconsin,tabpfn_downsample,,0.5,0.2,minority_to_majority,0.955026455026455,0.0155071085816048,0.9285714285714284,0.0238095238095238,0.9888209190095676,0.0052654741135677,0.958786899386201,0.0146108024341224,0.9668699186991868,0.0146129589170884,0.9285714285714284,0.0238095238095238,0.9925044091710756,0.0036425731132845,0.039608368029197,0.0063647496968162,0.1559428622325261,0.019300349943618,0.0838849094413133,0.0157142143946709,0.2,3,0.9484126984126984,0.0436183921992778,0.006613756613756627,0.0040100241700808045
breast_cancer_wisconsin,tabpfn_downsample,,0.5,0.3,minority_to_majority,0.955026455026455,0.0080187537387448,0.9285714285714284,0.0,0.9918202650343848,0.0042099303465325,0.9588512257909058,0.0107613824060082,0.967479674796748,0.0281634277653475,0.9285714285714284,0.0,0.9949294532627868,0.0022018280815077,0.0417693778872489,0.0107967059571338,0.1643054137627283,0.0392908703084372,0.0978896353306651,0.0230578325006336,0.3,3,0.9262566137566138,0.0578731807569662,0.028769841269841168,0.0161038028697173
south_german_credit,tabpfn_downsample,,0.05,0.0,clean,0.6496031746031746,0.0308683229795149,0.5611111111111111,0.0976577546180385,0.5390580050667729,0.0689205447688768,0.6400487589511815,0.0229831935232097,0.4782176812828154,0.0189506082386017,0.5611111111111111,0.0976577546180385,0.734920634920635,0.0131623460863689,0.2061443676551182,0.0056784451269507,0.6033284862836202,0.0106382707128067,0.1532096438482403,0.0139533067383474,0.0,3,0.5,0.2613521814346313,0.14960317460317463,0.05520781377951309
south_german_credit,tabpfn_downsample,,0.05,0.05,majority_to_minority,0.621031746031746,0.1022308793041296,0.5277777777777778,0.1843406669226339,0.5032843316317084,0.1354110857967457,0.6034495005351738,0.097912541574214,0.4290601757944557,0.1149389674506965,0.5611111111111111,0.1988392240908142,0.6749206349206349,0.104010926660142,0.2250392188628514,0.0378715788850939,0.6385749777158102,0.0894275740317492,0.1787689781126876,0.0313244865296144,0.04,3,0.5083333333333333,0.2531550923983256,0.11269841269841274,0.028115873535474234
south_german_credit,tabpfn_downsample,,0.05,0.05,minority_to_majority,0.6503968253968254,0.0248103159243501,0.6119047619047618,0.0572914734072188,0.4897535207778922,0.1076216195256718,0.6160800902374112,0.0322041987743395,0.4340646183318596,0.0342470093423801,0.6888888888888888,0.0096225044864937,0.6857539682539683,0.0334831525420952,0.2275074323018391,0.007514476586749,0.646919846534729,0.0154671752416214,0.1846689517299333,0.0028439098133718,0.0416666666666666,3,0.5,0.2565385748942693,0.15039682539682542,0.029031142592430198
south_german_credit,tabpfn_downsample,,0.05,0.1,majority_to_minority,0.6297619047619047,0.0551872713642822,0.5539682539682539,0.1047168012575272,0.4642837474853294,0.0413078278182086,0.6043092275290904,0.0361858500034856,0.4210864328549289,0.0343644610887423,0.6166666666666667,0.1589898669028243,0.6974603174603174,0.0287904141002958,0.2576982925335565,0.0490961324868062,0.7882039348284403,0.2380778309896934,0.2254830188552538,0.0568864218897848,0.1111111111111111,3,0.5,0.2624788681666056,0.12976190476190474,0.004780575633049122
south_german_credit,tabpfn_downsample,,0.05,0.1,minority_to_majority,0.6591269841269841,0.0296983448286788,0.623015873015873,0.0109971479845642,0.4814991011780927,0.0678081839846869,0.6326509329620146,0.0189286066343795,0.4517545432807269,0.0167343571642409,0.6611111111111111,0.07698003589195,0.692420634920635,0.0331511461081544,0.22688589990139,0.0130721171679598,0.649813711643219,0.0388538502192479,0.1719422509893774,0.0193979907015376,0.0833333333333333,3,0.5,0.2624786694844563,0.15912698412698412,0.035592769583066314
south_german_credit,tabpfn_downsample,,0.05,0.2,majority_to_minority,0.6662698412698412,0.0522364529266803,0.5880952380952381,0.0082478609884231,0.4682077635479264,0.0358654560374382,0.6211909034784764,0.0396807241892741,0.4353460972017672,0.0377530956583495,0.7444444444444445,0.0962250448649376,0.707936507936508,0.0578964854151924,0.2402308384577433,0.0245934318397171,0.679082969824473,0.059934637518095,0.2188287115345398,0.0412602029163366,0.2,3,0.5,0.2601089576880136,0.16626984126984123,0.01987811923027033
south_german_credit,tabpfn_downsample,,0.05,0.2,minority_to_majority,0.6638888888888889,0.0647068802191438,0.6031746031746031,0.09014140231429,0.5306156070062832,0.0868116161404037,0.6412016972370504,0.0529510036556493,0.4639957264957264,0.0579200750821643,0.6444444444444445,0.1347150628109127,0.7083333333333334,0.0847131514418563,0.2237926423549651,0.0166179043441648,0.6389985879262289,0.0345999519888098,0.1862001559883355,0.0183858156183031,0.2083333333333333,3,0.5,0.2696198324362436,0.16388888888888886,0.0458271900812785
south_german_credit,tabpfn_downsample,,0.05,0.3,majority_to_minority,0.6432539682539682,0.0101248816048993,0.611904761904762,0.0540848413885739,0.4010054948814593,0.0194347673497747,0.6110128199078285,0.0208749459575024,0.4290898575869298,0.0216223310280116,0.6722222222222222,0.038490017945975,0.6476190476190476,0.0211372391721007,0.2431882719198862,0.0026316420066503,0.6796063780784607,0.0051713106093076,0.199798935651779,0.0013065118399355,0.2941176470588235,3,0.5,0.2606920599937438,0.1432539682539682,0.01750378807385758
south_german_credit,tabpfn_downsample,,0.05,0.3,minority_to_majority,0.6626984126984127,0.0321722381884274,0.6174603174603175,0.0712829202832759,0.5516421185136523,0.0472140951336361,0.6295877037589789,0.0450177702670657,0.4511712567268122,0.0486747116331074,0.6944444444444443,0.0254587538608657,0.7322619047619048,0.0263426316142258,0.2168724338213602,0.0093328121120648,0.6230540076891581,0.0197755610146474,0.1897744224717219,0.018486854682064,0.2916666666666667,3,0.5,0.2720182339350382,0.16269841269841268,0.055145800113678006
south_german_credit,tabpfn_downsample,,0.1,0.0,clean,0.6547619047619048,0.0452224283648156,0.6166666666666667,0.0229610732404594,0.549025882671369,0.0637248180353673,0.6219628708604121,0.0303730824086542,0.4377708579192161,0.0284667058027086,0.6833333333333332,0.1040832999733066,0.7340476190476192,0.0713220435785933,0.2137445857127507,0.0260114364955652,0.6176278789838155,0.0668409729852404,0.1710358429451783,0.0174301501430264,0.0,3,0.5055555555555555,0.2271002481381098,0.14920634920634923,0.0133556624253591
south_german_credit,tabpfn_downsample,,0.1,0.05,majority_to_minority,0.6718253968253968,0.0136947888307439,0.6571428571428571,0.0123717914826347,0.5221835881579594,0.0839553650101957,0.6461409043358005,0.0134666874352213,0.4674402285391597,0.0156123694948879,0.6722222222222222,0.0254587538608657,0.725,0.0176319129348319,0.2125245779752731,0.0091903875524904,0.6140117843945821,0.0202838440887883,0.1753009486198425,0.0183485578129795,0.0588235294117647,3,0.5182539682539683,0.2167736738920211,0.15357142857142847,0.004249095916747991
south_german_credit,tabpfn_downsample,,0.1,0.05,minority_to_majority,0.7119047619047619,0.0071428571428571,0.6722222222222222,0.0391471823972651,0.5393913055778575,0.0093914636882502,0.6768996873507968,0.01571257892674,0.4976395375655884,0.0237209802527855,0.75,0.0288675134594812,0.7605952380952381,0.0275327057628071,0.1984430601199467,0.0071573998904016,0.5765319665273031,0.0145012419303009,0.1428557422632972,0.0181183000013542,0.0416666666666666,3,0.5238095238095238,0.2206776042779286,0.1880952380952381,0.0222345441579819
south_german_credit,tabpfn_downsample,,0.1,0.1,majority_to_minority,0.6630952380952381,0.0452380952380952,0.6063492063492064,0.0690202463531647,0.5900853523829053,0.0307866274879575,0.6290297813382978,0.0585727183196312,0.4527367022416527,0.0702383371011217,0.7000000000000001,0.0166666666666666,0.7521428571428571,0.0411775716091674,0.2129187484582265,0.0214803411271572,0.6150453289349874,0.046135365737405,0.1918369474510351,0.0337839188569764,0.0943396226415094,3,0.5003968253968254,0.2244541098674137,0.16269841269841268,0.011535361409187206
south_german_credit,tabpfn_downsample,,0.1,0.1,minority_to_majority,0.6738095238095237,0.0424751494640744,0.6373015873015874,0.0488723946613989,0.5231160144222357,0.0955090759476391,0.6491524310896295,0.0320964407008566,0.4714322277843149,0.0301280181258938,0.6666666666666666,0.0927960727138337,0.7398015873015873,0.0472654030931086,0.2116778989632924,0.0144782427353138,0.6182336211204529,0.0424762294439225,0.155604542667667,0.0198605911074124,0.1041666666666665,3,0.5015873015873016,0.2259345451990763,0.17222222222222217,0.014256646235783904
south_german_credit,tabpfn_downsample,,0.1,0.2,majority_to_minority,0.6555555555555556,0.0592892202698908,0.5833333333333334,0.0288675134594813,0.4936879771614713,0.0779348286386239,0.6117110818539321,0.042358677982278,0.4264181312953686,0.0411276438198413,0.7277777777777777,0.1250925583244189,0.7125793650793649,0.071337872309869,0.2274572898944219,0.0052216180176303,0.6545649170875549,0.0200261677286719,0.1929975226024786,0.0237221610822358,0.2,3,0.5043650793650793,0.2122215330600738,0.1511904761904762,-0.015235756834348108
south_german_credit,tabpfn_downsample,,0.1,0.2,minority_to_majority,0.6583333333333333,0.0314970394174356,0.6166666666666667,0.07154752000627,0.4555378999896578,0.0499772188609677,0.6228112179381958,0.0390911476932816,0.4416726797924612,0.0398516647944695,0.7000000000000001,0.0440958551844098,0.6935714285714285,0.0469686234341776,0.2278651495774586,0.0235107267905982,0.6562865575154623,0.0595502806044647,0.168879718457659,0.0346437549834895,0.2083333333333333,3,0.4988095238095238,0.2360461900631586,0.1595238095238095,0.008181040485700009
south_german_credit,tabpfn_downsample,,0.1,0.3,majority_to_minority,0.5992063492063492,0.064619211378768,0.565873015873016,0.042746771458715,0.4759314814936446,0.1054334002054824,0.572956073059462,0.0528198028332019,0.3877896211039689,0.0530444132431354,0.6055555555555555,0.1109721353079898,0.6726587301587301,0.0690641742605291,0.2355880588293074,0.0190509559623521,0.6666559378306071,0.0458513599714979,0.1921063012257218,0.016867295792577,0.3043478260869565,3,0.5075396825396825,0.2104665885368982,0.09166666666666667,-0.025121470292409187
south_german_credit,tabpfn_downsample,,0.1,0.3,minority_to_majority,0.6781746031746031,0.0353620193312924,0.65,0.0499999999999999,0.518434680832943,0.0649772633382292,0.649019281622318,0.043136022383315,0.4719241845824123,0.0534510865221876,0.6944444444444443,0.0096225044864937,0.7165873015873016,0.0467922770953412,0.2199652940034866,0.017214941389444,0.6354594429334005,0.0411013869124071,0.1774221359938382,0.0178228811414491,0.2916666666666667,3,0.5,0.2439378350973129,0.1781746031746031,0.023972541093826294
south_german_credit,tabpfn_downsample,,0.2,0.0,clean,0.6944444444444443,0.04268041161825,0.6777777777777777,0.038490017945975,0.5801005910483393,0.0484066754944185,0.670323240883961,0.0420298937297461,0.4973166368515205,0.0498653304642803,0.6888888888888888,0.0509175077217315,0.75234126984127,0.0487799465165938,0.2040158162514368,0.0263712473630229,0.598284125328064,0.0671914752160688,0.1687764623761176,0.0236044740590055,0.0,3,0.596031746031746,0.1874823172887166,0.09841269841269829,-0.016533498962720217
south_german_credit,tabpfn_downsample,,0.2,0.05,majority_to_minority,0.7067460317460318,0.0641680286688798,0.6642857142857143,0.0415133232718159,0.5543867684229856,0.0858629681218605,0.6797234558168332,0.0557862525632504,0.5065317309719587,0.0618586581296989,0.7111111111111111,0.1109721353079899,0.7471825396825397,0.0634452704554049,0.2028458962837855,0.0237540952669178,0.5908516844113668,0.0562810432969033,0.1635699275508522,0.0165276787293848,0.0495049504950495,3,0.5920634920634921,0.1808854987223942,0.11468253968253972,-0.021960397561391287
south_german_credit,tabpfn_downsample,,0.2,0.05,minority_to_majority,0.6984126984126985,0.0578617151501832,0.6579365079365079,0.0810340391137386,0.5719985907942283,0.0831848639369698,0.6730051580785732,0.04711445207007,0.4980542897229856,0.0473592078621294,0.6944444444444445,0.1109721353079899,0.750079365079365,0.063677494597512,0.1975938379764556,0.0176657994236006,0.5791916449864706,0.0409758155707884,0.1493674684440095,0.0116081492482206,0.0520833333333332,3,0.5623015873015873,0.1867447843154271,0.13611111111111118,-0.010849053661028507
south_german_credit,tabpfn_downsample,,0.2,0.1,majority_to_minority,0.7119047619047619,0.0361285497749845,0.6904761904761904,0.0359515925489083,0.6169016392416169,0.0481116870025429,0.6812366962453353,0.0344954580927194,0.5045810132135152,0.0393303964378775,0.7333333333333334,0.05,0.7839682539682539,0.0406901441468057,0.1925748288631439,0.0137228234239592,0.5675629576047262,0.0303532196689145,0.1629109066103895,0.0076018992934553,0.102803738317757,3,0.5964285714285714,0.1770658691724141,0.11547619047619051,-0.015508959690729796
south_german_credit,tabpfn_downsample,,0.2,0.1,minority_to_majority,0.6912698412698411,0.0102639025050615,0.6452380952380953,0.0288675134594813,0.5735875415839,0.0439524268805481,0.6605676355844649,0.0179986778005029,0.4833092833092833,0.0264196711583878,0.7111111111111111,0.0535758375610719,0.771468253968254,0.0363604898616352,0.1963061491648355,0.0085800005135619,0.5727691054344177,0.0231229783508309,0.140222089625895,0.0048728223389956,0.1041666666666665,3,0.5305555555555556,0.1889722943305969,0.1607142857142856,-0.007333854834238596
south_german_credit,tabpfn_downsample,,0.2,0.2,majority_to_minority,0.6797619047619047,0.0137292411841319,0.6261904761904762,0.0109108945117995,0.5519970679220132,0.0962553057797112,0.6411401523869209,0.0092801025446205,0.4566554684583799,0.0086726586768477,0.7333333333333334,0.0333333333333333,0.7573412698412699,0.0469048122632878,0.2096713731686273,0.0134941019339851,0.6068857510884603,0.0320139710117782,0.1853924346839388,0.0134452331836024,0.2,3,0.5793650793650794,0.1802816142638524,0.10039682539682526,-0.02938975890477491
south_german_credit,tabpfn_downsample,,0.2,0.2,minority_to_majority,0.6805555555555555,0.0227855193967549,0.6666666666666666,0.0109108945117996,0.5737468127887588,0.0224135910005619,0.6517374502079974,0.0198350400100729,0.4716121893088185,0.02052150176175,0.6944444444444443,0.0346944333244355,0.7637698412698413,0.0297638888227557,0.2007042467594146,0.0088961818354114,0.5822534958521525,0.0182523061850626,0.1565133942539493,0.0176434468594729,0.1979166666666666,3,0.5257936507936508,0.1948771675427754,0.15476190476190466,-0.005827079216639192
south_german_credit,tabpfn_downsample,,0.2,0.3,majority_to_minority,0.6849206349206348,0.0725344289716503,0.6285714285714286,0.0494871659305393,0.5496653211742573,0.053671444463434,0.6456929370773246,0.0620169751355168,0.4613367309019482,0.0632360577054344,0.7388888888888889,0.1205696356345039,0.7511904761904762,0.0772620881940738,0.2102382630109786,0.0185269693098109,0.608396053314209,0.0388815762121891,0.1849044203261534,0.0069405076337701,0.2992700729927007,3,0.6087301587301587,0.1704056660334268,0.07619047619047614,-0.03983259697755179
south_german_credit,tabpfn_downsample,,0.2,0.3,minority_to_majority,0.6892857142857144,0.0452380952380953,0.6595238095238095,0.0641974702986322,0.5491742480652978,0.0530712669661709,0.6610014234647505,0.0439179149626692,0.4843035116155088,0.0518139356382068,0.7000000000000001,0.0726483157256778,0.7515873015873016,0.0398225110774164,0.1986223757266997,0.0150995804524651,0.5773528814315796,0.0306930867329867,0.1445881606390078,0.0132573434129003,0.3020833333333333,3,0.513095238095238,0.2070168703794478,0.17619047619047634,0.008394494652748108
south_german_credit,tabpfn_downsample,,0.5,0.0,clean,0.7138888888888889,0.054428765848366,0.6746031746031745,0.0733987545745256,0.6024204823217413,0.0696709057267096,0.6846148181368753,0.0495969284882865,0.5107817869415808,0.0579183887727644,0.7277777777777779,0.0976577546180386,0.7742063492063492,0.0597900395418856,0.1911874711513519,0.0226350271414723,0.5629765788714091,0.0492881633925869,0.1446866735319296,0.0131812521793769,0.0,3,0.7138888888888889,0.1912641574939091,0.0,7.66863425571973e-05
south_german_credit,tabpfn_downsample,,0.5,0.05,minority_to_majority,0.6964285714285715,0.0568569235059978,0.6444444444444444,0.0962250448649376,0.6064576502946065,0.0588410840117112,0.6764800701410842,0.0456106888898137,0.5084415584415584,0.0458562950706333,0.6666666666666666,0.1201850425154663,0.7673809523809524,0.0525466804671609,0.1917978922526041,0.0166208884244257,0.5634948213895162,0.0403037557062627,0.1402142145733038,0.012130930745513,0.05,3,0.6952380952380953,0.1886700143416722,0.0011904761904761862,-0.0031278779109319144
south_german_credit,tabpfn_downsample,,0.5,0.1,minority_to_majority,0.692857142857143,0.0623495922627309,0.6428571428571428,0.0842466952997815,0.6048061855210477,0.0167849063199679,0.6647004235691906,0.0551546033758669,0.4891139240506328,0.0637813923888596,0.7000000000000001,0.1201850425154663,0.7775396825396825,0.045384526999907,0.1903029531240463,0.0131810223523611,0.5585565368334452,0.026165354381605,0.1571494528278708,0.0143235662605268,0.1,3,0.6904761904761904,0.1804271737734476,0.0023809523809525945,-0.00987577935059869
south_german_credit,tabpfn_downsample,,0.5,0.2,minority_to_majority,0.690873015873016,0.0517046893958156,0.6595238095238095,0.064812655184839,0.5701766434674219,0.1166105919107171,0.6692876397063477,0.0444632688436226,0.4969384167168977,0.0466826000221923,0.6722222222222222,0.0855266906574481,0.7575396825396825,0.0791422566496806,0.1966597239176432,0.0244603980309855,0.5782759785652161,0.0571933006371639,0.1496824016546209,0.0011962714604968,0.2,3,0.6738095238095237,0.1798859387636184,0.017063492063492225,-0.01677378515402478
south_german_credit,tabpfn_downsample,,0.5,0.3,minority_to_majority,0.7031746031746032,0.0178306682052864,0.6444444444444445,0.0254587538608657,0.5579226621167362,0.0419279100920717,0.6909488089685749,0.0181191238071637,0.5374798711755233,0.0259142648383275,0.6444444444444445,0.0254587538608657,0.7613095238095239,0.0404455416175219,0.1915349115928013,0.0095085630629953,0.5677406787872314,0.0180681458716037,0.1468491056437293,0.0104553779999094,0.3,3,0.6142857142857143,0.1750162243843078,0.0888888888888889,-0.016518687208493504
spambase,tabpfn_downsample,,0.05,0.0,clean,0.9258444661670469,0.008313060192742,0.9036948171845532,0.0168418642008546,0.9704982367875844,0.0031062433414522,0.924080401044816,0.0043476902543167,0.8998274027310171,0.0276731245947285,0.9191919191919192,0.0374020419732163,0.9784222149813548,0.0010687605079786,0.0534919189910093,0.0022360359952418,0.1902734090884525,0.0128774190289622,0.0338070403286998,0.0186448837861565,0.0,3,0.8511458672748996,0.0881210168202717,0.07469859889214725,0.03462909782926239
spambase,tabpfn_downsample,,0.05,0.05,majority_to_minority,0.9330524205890774,0.0087500892613055,0.916165565725683,0.0140192513445521,0.9716557461014936,0.0051497331383655,0.929956951872707,0.0055940694092123,0.8989849427216083,0.0158378594177328,0.9348025711662076,0.0294564094257952,0.9780289042263628,0.0033488001125816,0.0562976126869519,0.0023436026396101,0.2006150633096694,0.0151764881940975,0.055928103765321,0.0120052408081093,0.048780487804878,3,0.854818961857085,0.0832762892047564,0.0782334587319925,0.026978676517804494
spambase,tabpfn_downsample,,0.05,0.05,minority_to_majority,0.9262147377983156,0.003923742695706,0.9127640036730944,0.0069328139901476,0.9634260542506462,0.0119074176295902,0.9258041470986372,0.0039564493151977,0.9078090514990764,0.007479782974345,0.9127640036730944,0.0069328139901476,0.974064529294246,0.0036955024280749,0.0551935657858848,0.0027348917980852,0.1965146114428837,0.0175793472741813,0.0223184213179782,0.0056251186181585,0.0512820512820511,3,0.8398056814479102,0.0966564913590748,0.08640905635040541,0.04146292557318999
spambase,tabpfn_downsample,,0.05,0.1,majority_to_minority,0.9299051117232936,0.0025478275882062,0.9247706784363676,0.0068231219837768,0.9710575222635192,0.0050456876530334,0.9263183010960286,0.0022971687015168,0.8914337544895986,0.0087995835479337,0.933884297520661,0.009932648141774,0.977995991192472,0.0010138443259555,0.0601993016898631,0.0013911747245883,0.2234136015176773,0.0113873644319901,0.0839533976404251,0.0066893007782291,0.1,3,0.8614073284161261,0.0808866098523139,0.06849778330716749,0.020687308162450797
spambase,tabpfn_downsample,,0.05,0.1,minority_to_majority,0.9317465959694698,0.0076171429475822,0.9255556542946572,0.007179441213801,0.9665916031190728,0.0122500709960399,0.9301682311455188,0.0088775324706405,0.906746750227566,0.0191815157138746,0.9256198347107438,0.007288571104861,0.9767090915673516,0.0039287627641975,0.0522023836771646,0.0050277456549036,0.186272049943606,0.0186133357620561,0.0285934224701848,0.0116277735898025,0.1025641025641024,3,0.8258711257244982,0.1029496962825457,0.10587547024497168,0.0507473126053811
spambase,tabpfn_downsample,,0.05,0.2,majority_to_minority,0.931010989662016,0.0038830108981418,0.9253236174057288,0.0028021906552403,0.9667755985658212,0.0076056920005394,0.9290829773073211,0.0051412189535082,0.9034655276634016,0.0132302699400909,0.9265381083562904,0.0031809932186756,0.9753020593685306,0.0041009735981727,0.0670147960384686,0.0013423364002755,0.2574037810166676,0.0087548802300378,0.1017094019340661,0.0065251929692848,0.1986301369863013,3,0.8577564501318168,0.0871802767117817,0.07325453953019923,0.0201654806733131
spambase,tabpfn_downsample,,0.05,0.2,minority_to_majority,0.9245608578453152,0.0038955743203756,0.910310336996554,0.0170326388534011,0.9682209629933048,0.0061042016135202,0.9239322147100384,0.0014093255225202,0.9047274942925694,0.0145238035167827,0.9118457300275482,0.0192837465564738,0.9752296506939712,0.0045407973711685,0.055889098594586,0.0051880953855846,0.19378924369812,0.0211638509793319,0.0246394792473239,0.0105691912121964,0.1965811965811964,3,0.799517659488334,0.1188616007566451,0.1250431983569812,0.0629725021620591
spambase,tabpfn_downsample,,0.05,0.3,majority_to_minority,0.9276094276094276,0.004987163479618,0.9134996099805482,0.0106359372937892,0.9673982568358426,0.0064491342922425,0.9243668692255456,0.0030664098614386,0.8913088944017319,0.0168146029065894,0.9292929292929294,0.0224367157444824,0.9717737821354634,0.0064485900542007,0.0815077498555183,0.0018276575558923,0.293185035387675,0.008838044963505,0.1375331062091419,0.0061289446235646,0.2994011976047904,3,0.8526837287834356,0.0883962661027907,0.07492569882599198,0.006888516247272394
spambase,tabpfn_downsample,,0.05,0.3,minority_to_majority,0.9267183072168408,0.0014619369379104,0.9173553719008266,0.0047714898280134,0.9656043359543616,0.0068444150134181,0.9255545951007972,0.00166150312106,0.9032954261787172,0.0058145514565126,0.9173553719008266,0.0047714898280134,0.973572479437582,0.0057963889573794,0.0577830461164315,0.0041358567263289,0.2048914382855097,0.019466934781084,0.0307771647952353,0.0104712582392136,0.2991452991452991,3,0.7260557678446241,0.1531673421462376,0.20066253937221668,0.09538429602980608
spambase,tabpfn_downsample,,0.1,0.0,clean,0.9450220681892236,0.0115728242863718,0.9340077213977508,0.0239650524731642,0.9771712448638824,0.0066961458123507,0.944340798693062,0.0091913811461056,0.9290443314545054,0.0053464254302368,0.9366391184573004,0.0265665310220191,0.982175946496572,0.0067174786578423,0.0441038273274898,0.004842274989366,0.1647524734338124,0.0301023876943537,0.022831838691241,0.0036117519682365,0.0,3,0.9121172625571452,0.0535948202013969,0.03290480563207843,0.009490992873907103
spambase,tabpfn_downsample,,0.1,0.05,majority_to_minority,0.9396679404010784,0.0066656833424863,0.9359775664761002,0.0077397411822076,0.9763844641275298,0.0052618588801896,0.9374183287980654,0.0071930816729179,0.9117718875273512,0.0124117789012481,0.9384756657483933,0.0069328139901476,0.9823701333965266,0.002572210453447,0.0475410073995589,0.0026155374585743,0.1720764438311258,0.0087292968527593,0.0417610930533047,0.0018476142745704,0.048582995951417,3,0.9187056291161864,0.0516767427325247,0.02096231128489201,0.004135735332965795
spambase,tabpfn_downsample,,0.1,0.05,minority_to_majority,0.9387546037106156,0.0065832185721239,0.9247015610651972,0.0151723706536806,0.9755830161732404,0.0063732671261452,0.9389535027435406,0.0052904316149459,0.9272961733063324,0.0047489037833886,0.9247015610651972,0.0151723706536806,0.9812181772103572,0.0040231317353965,0.0456356940170128,0.0037647023895702,0.1669306457042693,0.0190590994001209,0.0251000381431801,0.0057875167334412,0.051063829787234,3,0.8922139281376817,0.0644889424244562,0.04654067557293384,0.0188532484074434
spambase,tabpfn_downsample,,0.1,0.1,majority_to_minority,0.9353036721071912,0.0050280506243408,0.9319193893973952,0.0047191687132246,0.9750646034512398,0.0021736529833752,0.9325805597758824,0.0047308552409353,0.9033822609091424,0.0057272971320616,0.935720844811754,0.0084161169787985,0.980104071013162,0.0018087119631867,0.0541815310716628,0.0022485358952895,0.2013193468252817,0.0078030587775459,0.0659471029119779,0.0104548991233615,0.0996168582375478,3,0.9141142608884544,0.0532117374241352,0.021189411218736853,-0.0009697936475275976
spambase,tabpfn_downsample,,0.1,0.1,minority_to_majority,0.9435952881700684,0.0061359018303593,0.937661068159602,0.0045668649151657,0.9755459067549702,0.0078815452268607,0.9415451803722328,0.0073611098120733,0.9179582946563092,0.0174355709375231,0.9421487603305786,0.0072885711048611,0.9835895613021712,0.0028811141001432,0.0458382740616798,0.0052315111953994,0.1645652751127878,0.0213246895993318,0.0257963810218521,0.0088656856286921,0.102127659574468,3,0.8853046594982078,0.0684086233377456,0.058290628671860634,0.0225703492760658
spambase,tabpfn_downsample,,0.1,0.2,majority_to_minority,0.9350049863246344,0.0131631649976051,0.9329018434590282,0.0124155547256934,0.9710919518748152,0.0027803311044682,0.9322260480970938,0.01362197055293,0.9026718548450892,0.0192242864504524,0.935720844811754,0.013589208987097,0.9783284128347668,0.0018240852055749,0.0630756840109824,0.0036331320858276,0.2438137928644815,0.0042876971641555,0.1032593099105802,0.0029114840843279,0.2006802721088435,3,0.9070889738045164,0.0552162441114584,0.027916012520117994,-0.007859439899524
spambase,tabpfn_downsample,,0.1,0.2,minority_to_majority,0.934666804901409,0.0114414876712999,0.9201101928374656,0.0244853840697399,0.967693176284658,0.0081472914860914,0.934775987888146,0.0096769152208552,0.9219072241251136,0.0098936076810131,0.9201101928374656,0.0244853840697399,0.9748067182084776,0.0072032661714942,0.0515808624525864,0.0068490303121109,0.1882598350445429,0.0248767494866325,0.0254128627341551,0.0020901260230711,0.2,3,0.8705900648715897,0.0880750839908917,0.06407674002981922,0.0364942215383053
spambase,tabpfn_downsample,,0.1,0.3,majority_to_minority,0.9330302042912012,0.0053431329690082,0.9183871955132952,0.0110364534952481,0.969262974151308,0.0066747606075455,0.930314568530434,0.0053771538503188,0.9013658387272576,0.0218385086439733,0.9329660238751148,0.0220958850606353,0.9745417682856587,0.0061084247841592,0.0774724930524825,0.0010027359684605,0.2847063839435577,0.0070198627995013,0.1392644128418037,0.0086086237023296,0.3005952380952381,3,0.9069285227643,0.0563803948462008,0.026101681526901177,-0.021092098206281697
spambase,tabpfn_downsample,,0.1,0.3,minority_to_majority,0.9294064792598516,0.0123375959575797,0.9173553719008264,0.0145771422097223,0.9731209982241076,0.0093945988792413,0.9288581205773228,0.0124862799025376,0.9107080483990244,0.0164284512347157,0.9173553719008264,0.0145771422097223,0.9795198646616048,0.0084469156623364,0.0503752542038758,0.0094177840632869,0.175492246945699,0.0323073474122195,0.0224404638600099,0.0065185266970397,0.2978723404255319,3,0.8430196392073226,0.1078489000598589,0.08638684005252906,0.057473645855983094
spambase,tabpfn_downsample,,0.2,0.0,clean,0.954409688280656,0.0084788236656665,0.9492234169653524,0.0045100564129454,0.9844105580561884,0.002801670190684,0.9514234324093616,0.0079586162792795,0.924756051418508,0.0070607982690447,0.9595959595959596,0.0127239728747025,0.988352077306134,0.0012959891074111,0.0372982807457446,0.0031152406065822,0.1339952101310094,0.0075109924468533,0.0199721796930893,0.0031947578258716,0.0,3,0.949512228837742,0.034344566365083,0.004897459442913976,-0.0029537143806616026
spambase,tabpfn_downsample,,0.2,0.05,majority_to_minority,0.9459131885818104,0.0043195345333766,0.938534909209396,0.0044082668806236,0.9816639138540229,0.0055815839519074,0.943120145337646,0.002792690063433,0.9158447773052446,0.0051188548409683,0.9485766758494032,0.013018775829897,0.9864200822167586,0.0034766202216631,0.0439770246545473,0.0038603586470448,0.1609508395195007,0.0154109242005523,0.0436178299554913,0.006157355818077,0.0506072874493927,3,0.9396383186705768,0.0378538419802983,0.006274869911233605,-0.006123182674249002
spambase,tabpfn_downsample,,0.2,0.05,minority_to_majority,0.9441260108415532,0.0119477699481087,0.932171174106658,0.0248088418277019,0.9796826970771808,0.0059473555008298,0.9432222551436787,0.0089638214332916,0.9265987895020152,0.0068472196334161,0.9366391184573004,0.0297979444253222,0.9865040104531796,0.0026241963578242,0.0416664257645606,0.0027706171552264,0.145648161570231,0.0105338892468363,0.0225729390556127,0.0041075661741264,0.0490405117270788,3,0.939433435034608,0.0417966085175672,0.004692575806945265,0.00013018275300660104
spambase,tabpfn_downsample,,0.2,0.1,majority_to_minority,0.9461674417686148,0.0148082181891567,0.9426276449736862,0.0176916410546292,0.982403573078597,0.0060863730679081,0.94415823989541,0.014381662277216,0.9211740449715532,0.0151666517131098,0.944903581267218,0.0198652962835481,0.98655502565571,0.0038994893217727,0.0451088026165961,0.0064017706516016,0.1776208629210789,0.0146235676422347,0.0627055341405493,0.0079775156131596,0.0998080614203454,3,0.9438149826712876,0.0377904760340849,0.0023524590973271753,-0.007318326582511199
spambase,tabpfn_downsample,,0.2,0.1,minority_to_majority,0.9464216949554194,0.0069727447393205,0.9361651707692764,0.0091467855651675,0.9797412058308038,0.0053155431542196,0.9451897304656566,0.0052885241054661,0.926850933507206,0.0065803404279007,0.9412304866850322,0.0177110206813461,0.985625232448302,0.0038807146806115,0.0412311938901742,0.0041156315094602,0.1471287955840428,0.0152819387503335,0.021602220893974,0.0033806452140721,0.1002132196162046,3,0.921665333688794,0.0500101223587989,0.024756361266625393,0.0087789284686247
spambase,tabpfn_downsample,,0.2,0.2,majority_to_minority,0.9397839588455424,0.0149341714156759,0.935720844811754,0.0168322339575973,0.9758142310077764,0.0074129754036285,0.9380982324363336,0.0151584909865486,0.9156037279077316,0.0197859737942641,0.935720844811754,0.0168322339575973,0.9811293120188528,0.005971245302761,0.0582956460614998,0.0070671271672178,0.2278909484545389,0.0191047453625272,0.1009978511853738,0.0008970530154956,0.1996587030716723,3,0.9340126583528342,0.042591243982315,0.005771300492708242,-0.015704402079184797
spambase,tabpfn_downsample,,0.2,0.2,minority_to_majority,0.9383176831857184,0.0106213766865284,0.9256198347107438,0.019865296283548,0.9762453198204216,0.0053697306521207,0.9382274784817808,0.0093437828806058,0.9247594798156596,0.0063672453667261,0.9256198347107438,0.019865296283548,0.9815621184145136,0.0038936313843713,0.046697566906611,0.005280082375454,0.1689982165892918,0.0153722800774214,0.0267520948430139,0.0059234919564919,0.2004264392324093,3,0.901120195108465,0.0670418341954548,0.03719748807725343,0.020344267288843802
spambase,tabpfn_downsample,,0.2,0.3,majority_to_minority,0.9402430956683157,0.0030566620262701,0.9327487978514372,0.0110910967719899,0.9796293247022246,0.0028263693921263,0.9384710141919674,0.0009390256529326,0.9158098309391186,0.0105901231897456,0.9366391184573004,0.0145771422097221,0.9836850091004538,0.0011753824582752,0.0675363540649413,0.0033764544082071,0.2578108509381612,0.0109123400771409,0.1298022762890143,0.001104910728147,0.3,3,0.937707969232896,0.0431266811986764,0.0025351264354196434,-0.024409672866264893
spambase,tabpfn_downsample,,0.2,0.3,minority_to_majority,0.9398777609921304,0.0064929908136676,0.9300581573308846,0.0149507621284615,0.974916067016745,0.0080740808758733,0.939086660597018,0.0048137321898875,0.9218738958146236,0.0039851000453875,0.931129476584022,0.0165289256198347,0.9834809482903326,0.0034882478791501,0.0454639121890067,0.0027209064143028,0.1674463997284571,0.0076157164680556,0.0343917265636869,0.0090592077246377,0.3006396588486141,3,0.8623700346574248,0.0895802502830823,0.0775077263347056,0.04411633809407559
spambase,tabpfn_downsample,,0.5,0.05,minority_to_majority,0.9528767637272036,0.003087402337228,0.9437433968225758,0.0100144049911008,0.9848915754089596,0.0039532351168077,0.9526558714610496,0.0023942912279083,0.9414948926687866,0.0085373953848976,0.9439853076216712,0.0104295837388433,0.9896208747626148,0.001746624192508,0.0348028553028901,0.0024926822267714,0.1286008581519126,0.0065942402134455,0.0226358060124712,0.0049501044473989,0.0502555366269165,3,0.9548293294627608,0.0348903040091196,-0.0019525657355571324,8.744870622949541e-05
spambase,tabpfn_downsample,,0.5,0.1,minority_to_majority,0.9545972925738324,0.0078758055460455,0.9489321366154212,0.008890665225527,0.984321942772406,0.004260997013694,0.9535051337726916,0.0079255013071988,0.9375668314614104,0.0120058867308853,0.950413223140496,0.0110192837465564,0.989999374652356,0.0016124456072556,0.0353144581119219,0.0019407764250878,0.1360368231932322,0.0060260264847838,0.037090478081039,0.0040637129233096,0.0996592844974446,3,0.9548515457606368,0.0358253295222917,-0.00025425318680438735,0.0005108714103697967
spambase,tabpfn_downsample,,0.5,0.2,minority_to_majority,0.9465377133998836,0.0095292534215098,0.9384756657483928,0.0168322339575971,0.977192081022328,0.0077671330712603,0.9458793301207172,0.0084961004313054,0.9307495136656496,0.0048840400779791,0.9384756657483928,0.0168322339575971,0.986610977813324,0.0027352869832537,0.0443280301988124,0.0028589726817686,0.1674265712499618,0.0062108940506641,0.0500773425752292,0.0082478332798211,0.2001703577512776,3,0.9446838867659982,0.047775118301312,0.001853826633885336,0.0034470881024996
spambase,tabpfn_downsample,,0.5,0.3,minority_to_majority,0.942864618817698,0.0097674549628238,0.931129476584022,0.0167569215710694,0.9750105340246332,0.0051579688296986,0.9427813388075632,0.0089448789304226,0.9302680710910716,0.0079827799362043,0.931129476584022,0.0167569215710694,0.9853290151432867,0.0015335531377225,0.0498805120587348,0.0022871483537838,0.1887545883655547,0.0046923805461628,0.0669747760133103,0.0070486119521402,0.2998296422487223,3,0.9313244863098236,0.0678207750121752,0.011540132507874445,0.01794026295344041
