dataset,r,c,direction,method,balanced_accuracy_observed,balanced_accuracy_oracle
banknote_authentication,0.05,0.0,clean,tabpfn_threshold,1.0,1.0
banknote_authentication,0.05,0.05,majority_to_minority,tabpfn_threshold,0.9978213507625272,0.9967320261437908
banknote_authentication,0.05,0.05,minority_to_majority,tabpfn_threshold,0.993169398907104,0.993169398907104
banknote_authentication,0.05,0.1,majority_to_minority,tabpfn_threshold,0.9989106753812635,0.9989106753812635
banknote_authentication,0.05,0.1,minority_to_majority,tabpfn_threshold,0.9972677595628416,0.9972677595628416
banknote_authentication,0.05,0.2,majority_to_minority,tabpfn_threshold,0.9967320261437908,0.994553376906318
banknote_authentication,0.05,0.2,minority_to_majority,tabpfn_threshold,1.0,1.0
banknote_authentication,0.05,0.3,majority_to_minority,tabpfn_threshold,0.9978213507625272,0.9923747276688454
banknote_authentication,0.05,0.3,minority_to_majority,tabpfn_threshold,0.9986338797814208,0.9959016393442622
banknote_authentication,0.1,0.0,clean,tabpfn_threshold,1.0,1.0
banknote_authentication,0.1,0.05,majority_to_minority,tabpfn_threshold,1.0,0.9989106753812635
banknote_authentication,0.1,0.05,minority_to_majority,tabpfn_threshold,1.0,1.0
banknote_authentication,0.1,0.1,majority_to_minority,tabpfn_threshold,0.9967320261437908,0.9956427015250544
banknote_authentication,0.1,0.1,minority_to_majority,tabpfn_threshold,1.0,1.0
banknote_authentication,0.1,0.2,majority_to_minority,tabpfn_threshold,0.994553376906318,0.9923747276688454
banknote_authentication,0.1,0.2,minority_to_majority,tabpfn_threshold,1.0,1.0
banknote_authentication,0.1,0.3,majority_to_minority,tabpfn_threshold,1.0,0.9989106753812635
banknote_authentication,0.1,0.3,minority_to_majority,tabpfn_threshold,1.0,1.0
banknote_authentication,0.2,0.0,clean,tabpfn_threshold,1.0,1.0
banknote_authentication,0.2,0.05,majority_to_minority,tabpfn_threshold,1.0,1.0
banknote_authentication,0.2,0.05,minority_to_majority,tabpfn_threshold,1.0,1.0
banknote_authentication,0.2,0.1,majority_to_minority,tabpfn_threshold,0.9934640522875816,0.9934640522875816
banknote_authentication,0.2,0.1,minority_to_majority,tabpfn_threshold,1.0,1.0
banknote_authentication,0.2,0.2,majority_to_minority,tabpfn_threshold,1.0,1.0
banknote_authentication,0.2,0.2,minority_to_majority,tabpfn_threshold,1.0,1.0
banknote_authentication,0.2,0.3,majority_to_minority,tabpfn_threshold,1.0,0.9978213507625272
banknote_authentication,0.2,0.3,minority_to_majority,tabpfn_threshold,1.0,1.0
banknote_authentication,0.5,0.0,clean,tabpfn_threshold,1.0,1.0
banknote_authentication,0.5,0.05,majority_to_minority,tabpfn_threshold,1.0,1.0
banknote_authentication,0.5,0.05,minority_to_majority,tabpfn_threshold,1.0,1.0
banknote_authentication,0.5,0.1,majority_to_minority,tabpfn_threshold,1.0,1.0
banknote_authentication,0.5,0.1,minority_to_majority,tabpfn_threshold,1.0,1.0
banknote_authentication,0.5,0.2,majority_to_minority,tabpfn_threshold,1.0,1.0
banknote_authentication,0.5,0.2,minority_to_majority,tabpfn_threshold,1.0,1.0
banknote_authentication,0.5,0.3,majority_to_minority,tabpfn_threshold,0.994553376906318,0.954248366013072
banknote_authentication,0.5,0.3,minority_to_majority,tabpfn_threshold,1.0,1.0
blood_transfusion,0.05,0.0,clean,tabpfn_threshold,0.6537524366471735,0.6537524366471735
blood_transfusion,0.05,0.05,majority_to_minority,tabpfn_threshold,0.6189083820662767,0.60453216374269
blood_transfusion,0.05,0.05,minority_to_majority,tabpfn_threshold,0.6067251461988304,0.5906432748538012
blood_transfusion,0.05,0.1,majority_to_minority,tabpfn_threshold,0.628411306042885,0.6466861598440545
blood_transfusion,0.05,0.1,minority_to_majority,tabpfn_threshold,0.6503411306042886,0.6617933723196882
blood_transfusion,0.05,0.2,majority_to_minority,tabpfn_threshold,0.6369395711500975,0.6425438596491228
blood_transfusion,0.05,0.2,minority_to_majority,tabpfn_threshold,0.6103801169590644,0.5933235867446394
blood_transfusion,0.05,0.3,majority_to_minority,tabpfn_threshold,0.6839668615984404,0.6515594541910331
blood_transfusion,0.05,0.3,minority_to_majority,tabpfn_threshold,0.5847953216374269,0.5377680311890839
blood_transfusion,0.1,0.0,clean,tabpfn_threshold,0.682504873294347,0.682504873294347
blood_transfusion,0.1,0.05,majority_to_minority,tabpfn_threshold,0.6479044834307993,0.6483918128654972
blood_transfusion,0.1,0.05,minority_to_majority,tabpfn_threshold,0.6447368421052632,0.6427875243664718
blood_transfusion,0.1,0.1,majority_to_minority,tabpfn_threshold,0.6366959064327485,0.6510721247563352
blood_transfusion,0.1,0.1,minority_to_majority,tabpfn_threshold,0.6759259259259259,0.6656920077972709
blood_transfusion,0.1,0.2,majority_to_minority,tabpfn_threshold,0.682504873294347,0.6693469785575048
blood_transfusion,0.1,0.2,minority_to_majority,tabpfn_threshold,0.6761695906432749,0.6459551656920078
blood_transfusion,0.1,0.3,majority_to_minority,tabpfn_threshold,0.6461988304093568,0.6298732943469786
blood_transfusion,0.1,0.3,minority_to_majority,tabpfn_threshold,0.652046783625731,0.6413255360623782
blood_transfusion,0.2,0.0,clean,tabpfn_threshold,0.6693469785575049,0.6693469785575049
blood_transfusion,0.2,0.05,majority_to_minority,tabpfn_threshold,0.6661793372319688,0.6773879142300195
blood_transfusion,0.2,0.05,minority_to_majority,tabpfn_threshold,0.6673976608187134,0.6798245614035089
blood_transfusion,0.2,0.1,majority_to_minority,tabpfn_threshold,0.6759259259259259,0.6715399610136452
blood_transfusion,0.2,0.1,minority_to_majority,tabpfn_threshold,0.6817738791423001,0.6695906432748538
blood_transfusion,0.2,0.2,majority_to_minority,tabpfn_threshold,0.6259746588693957,0.6198830409356725
blood_transfusion,0.2,0.2,minority_to_majority,tabpfn_threshold,0.6559454191033138,0.6483918128654971
blood_transfusion,0.2,0.3,majority_to_minority,tabpfn_threshold,0.607943469785575,0.5830896686159844
blood_transfusion,0.2,0.3,minority_to_majority,tabpfn_threshold,0.6861598440545809,0.672514619883041
blood_transfusion,0.5,0.0,clean,tabpfn_threshold,0.6790935672514621,0.6790935672514621
blood_transfusion,0.5,0.05,majority_to_minority,tabpfn_threshold,0.6944444444444443,0.6749512670565302
blood_transfusion,0.5,0.05,minority_to_majority,tabpfn_threshold,0.6849415204678362,0.6939571150097467
blood_transfusion,0.5,0.1,majority_to_minority,tabpfn_threshold,0.6817738791423001,0.6639863547758286
blood_transfusion,0.5,0.1,minority_to_majority,tabpfn_threshold,0.6669103313840156,0.6559454191033138
blood_transfusion,0.5,0.2,majority_to_minority,tabpfn_threshold,0.63864522417154,0.6142787524366472
blood_transfusion,0.5,0.2,minority_to_majority,tabpfn_threshold,0.6866471734892787,0.6720272904483431
blood_transfusion,0.5,0.3,majority_to_minority,tabpfn_threshold,0.6306042884990254,0.5097465886939571
blood_transfusion,0.5,0.3,minority_to_majority,tabpfn_threshold,0.6600877192982456,0.6033138401559454
breast_cancer_wisconsin,0.05,0.0,clean,tabpfn_threshold,0.9265873015873016,0.9265873015873016
breast_cancer_wisconsin,0.05,0.05,majority_to_minority,tabpfn_threshold,0.960978835978836,0.960978835978836
breast_cancer_wisconsin,0.05,0.05,minority_to_majority,tabpfn_threshold,0.9583333333333334,0.9583333333333334
breast_cancer_wisconsin,0.05,0.1,majority_to_minority,tabpfn_threshold,0.949404761904762,0.9470899470899472
breast_cancer_wisconsin,0.05,0.1,minority_to_majority,tabpfn_threshold,0.9384920634920634,0.9345238095238094
breast_cancer_wisconsin,0.05,0.2,majority_to_minority,tabpfn_threshold,0.9632936507936508,0.9689153439153438
breast_cancer_wisconsin,0.05,0.2,minority_to_majority,tabpfn_threshold,0.9520502645502644,0.9480820105820106
breast_cancer_wisconsin,0.05,0.3,majority_to_minority,tabpfn_threshold,0.9603174603174603,0.9480820105820106
breast_cancer_wisconsin,0.05,0.3,minority_to_majority,tabpfn_threshold,0.92989417989418,0.9289021164021164
breast_cancer_wisconsin,0.1,0.0,clean,tabpfn_threshold,0.9566798941798944,0.9566798941798944
breast_cancer_wisconsin,0.1,0.05,majority_to_minority,tabpfn_threshold,0.9662698412698412,0.9662698412698412
breast_cancer_wisconsin,0.1,0.05,minority_to_majority,tabpfn_threshold,0.9513888888888888,0.9537037037037036
breast_cancer_wisconsin,0.1,0.1,majority_to_minority,tabpfn_threshold,0.9692460317460316,0.9662698412698412
breast_cancer_wisconsin,0.1,0.1,minority_to_majority,tabpfn_threshold,0.9613095238095236,0.95734126984127
breast_cancer_wisconsin,0.1,0.2,majority_to_minority,tabpfn_threshold,0.9639550264550264,0.9672619047619048
breast_cancer_wisconsin,0.1,0.2,minority_to_majority,tabpfn_threshold,0.9447751322751324,0.9431216931216932
breast_cancer_wisconsin,0.1,0.3,majority_to_minority,tabpfn_threshold,0.960978835978836,0.9401455026455028
breast_cancer_wisconsin,0.1,0.3,minority_to_majority,tabpfn_threshold,0.9447751322751322,0.9193121693121692
breast_cancer_wisconsin,0.2,0.0,clean,tabpfn_threshold,0.9748677248677248,0.9748677248677248
breast_cancer_wisconsin,0.2,0.05,majority_to_minority,tabpfn_threshold,0.9834656084656084,0.9834656084656084
breast_cancer_wisconsin,0.2,0.05,minority_to_majority,tabpfn_threshold,0.958994708994709,0.958994708994709
breast_cancer_wisconsin,0.2,0.1,majority_to_minority,tabpfn_threshold,0.9616402116402116,0.957010582010582
breast_cancer_wisconsin,0.2,0.1,minority_to_majority,tabpfn_threshold,0.9457671957671958,0.9441137566137566
breast_cancer_wisconsin,0.2,0.2,majority_to_minority,tabpfn_threshold,0.9632936507936508,0.9556878306878308
breast_cancer_wisconsin,0.2,0.2,minority_to_majority,tabpfn_threshold,0.9384920634920634,0.9391534391534392
breast_cancer_wisconsin,0.2,0.3,majority_to_minority,tabpfn_threshold,0.9632936507936508,0.9348544973544972
breast_cancer_wisconsin,0.2,0.3,minority_to_majority,tabpfn_threshold,0.9249338624338628,0.9285714285714284
breast_cancer_wisconsin,0.5,0.0,clean,tabpfn_threshold,0.9732142857142856,0.9732142857142856
breast_cancer_wisconsin,0.5,0.05,majority_to_minority,tabpfn_threshold,0.9606481481481484,0.9623015873015872
breast_cancer_wisconsin,0.5,0.05,minority_to_majority,tabpfn_threshold,0.956679894179894,0.9527116402116405
breast_cancer_wisconsin,0.5,0.1,majority_to_minority,tabpfn_threshold,0.9632936507936508,0.9517195767195769
breast_cancer_wisconsin,0.5,0.1,minority_to_majority,tabpfn_threshold,0.9669312169312168,0.9659391534391536
breast_cancer_wisconsin,0.5,0.2,majority_to_minority,tabpfn_threshold,0.9593253968253967,0.9487433862433862
breast_cancer_wisconsin,0.5,0.2,minority_to_majority,tabpfn_threshold,0.95734126984127,0.9484126984126984
breast_cancer_wisconsin,0.5,0.3,majority_to_minority,tabpfn_threshold,0.960978835978836,0.8948412698412698
breast_cancer_wisconsin,0.5,0.3,minority_to_majority,tabpfn_threshold,0.964616402116402,0.9262566137566138
haberman_survival,0.05,0.0,clean,tabpfn_threshold,0.551177536231884,0.551177536231884
haberman_survival,0.05,0.05,majority_to_minority,tabpfn_threshold,0.6281702898550724,0.6281702898550724
haberman_survival,0.05,0.05,minority_to_majority,tabpfn_threshold,0.6168478260869565,0.6168478260869565
haberman_survival,0.05,0.1,majority_to_minority,tabpfn_threshold,0.5443840579710145,0.5778985507246377
haberman_survival,0.05,0.1,minority_to_majority,tabpfn_threshold,0.6458333333333334,0.6471920289855072
haberman_survival,0.05,0.2,majority_to_minority,tabpfn_threshold,0.5756340579710145,0.5561594202898551
haberman_survival,0.05,0.2,minority_to_majority,tabpfn_threshold,0.5851449275362318,0.5833333333333334
haberman_survival,0.05,0.3,majority_to_minority,tabpfn_threshold,0.5729166666666666,0.5887681159420289
haberman_survival,0.05,0.3,minority_to_majority,tabpfn_threshold,0.6200181159420289,0.5063405797101449
haberman_survival,0.1,0.0,clean,tabpfn_threshold,0.6698369565217391,0.6698369565217391
haberman_survival,0.1,0.05,majority_to_minority,tabpfn_threshold,0.6480978260869565,0.6825181159420289
haberman_survival,0.1,0.05,minority_to_majority,tabpfn_threshold,0.6585144927536232,0.65625
haberman_survival,0.1,0.1,majority_to_minority,tabpfn_threshold,0.621376811594203,0.6512681159420289
haberman_survival,0.1,0.1,minority_to_majority,tabpfn_threshold,0.6544384057971014,0.6625905797101449
haberman_survival,0.1,0.2,majority_to_minority,tabpfn_threshold,0.6245471014492754,0.6127717391304347
haberman_survival,0.1,0.2,minority_to_majority,tabpfn_threshold,0.6259057971014493,0.6345108695652174
haberman_survival,0.1,0.3,majority_to_minority,tabpfn_threshold,0.6467391304347826,0.5615942028985508
haberman_survival,0.1,0.3,minority_to_majority,tabpfn_threshold,0.5516304347826088,0.5810688405797101
haberman_survival,0.2,0.0,clean,tabpfn_threshold,0.6625905797101449,0.6625905797101449
haberman_survival,0.2,0.05,majority_to_minority,tabpfn_threshold,0.5842391304347826,0.6114130434782609
haberman_survival,0.2,0.05,minority_to_majority,tabpfn_threshold,0.6336050724637682,0.6304347826086957
haberman_survival,0.2,0.1,majority_to_minority,tabpfn_threshold,0.6340579710144927,0.636322463768116
haberman_survival,0.2,0.1,minority_to_majority,tabpfn_threshold,0.6711956521739131,0.6752717391304349
haberman_survival,0.2,0.2,majority_to_minority,tabpfn_threshold,0.6413043478260869,0.6182065217391305
haberman_survival,0.2,0.2,minority_to_majority,tabpfn_threshold,0.6721014492753623,0.6657608695652174
haberman_survival,0.2,0.3,majority_to_minority,tabpfn_threshold,0.6648550724637681,0.5448369565217391
haberman_survival,0.2,0.3,minority_to_majority,tabpfn_threshold,0.6512681159420289,0.5516304347826088
haberman_survival,0.5,0.0,clean,tabpfn_threshold,0.6929347826086957,0.6929347826086957
haberman_survival,0.5,0.05,majority_to_minority,tabpfn_threshold,0.6458333333333334,0.6381340579710145
haberman_survival,0.5,0.05,minority_to_majority,tabpfn_threshold,0.6653079710144928,0.6621376811594203
haberman_survival,0.5,0.1,majority_to_minority,tabpfn_threshold,0.6621376811594203,0.6571557971014492
haberman_survival,0.5,0.1,minority_to_majority,tabpfn_threshold,0.6295289855072463,0.6417572463768115
haberman_survival,0.5,0.2,majority_to_minority,tabpfn_threshold,0.6494565217391304,0.5480072463768116
haberman_survival,0.5,0.2,minority_to_majority,tabpfn_threshold,0.6612318840579711,0.6295289855072465
haberman_survival,0.5,0.3,majority_to_minority,tabpfn_threshold,0.5126811594202899,0.4968297101449275
haberman_survival,0.5,0.3,minority_to_majority,tabpfn_threshold,0.6123188405797101,0.5104166666666666
htru2,0.05,0.0,clean,tabpfn_threshold,0.9391975169751698,0.9391975169751698
htru2,0.05,0.05,majority_to_minority,tabpfn_threshold,0.9400381503815036,0.9407469074690747
htru2,0.05,0.05,minority_to_majority,tabpfn_threshold,0.9377875028750288,0.9389662646626468
htru2,0.05,0.1,majority_to_minority,tabpfn_threshold,0.940960659606596,0.94070003200032
htru2,0.05,0.1,minority_to_majority,tabpfn_threshold,0.9391931419314192,0.9391462664626644
htru2,0.05,0.2,majority_to_minority,tabpfn_threshold,0.9366612416124164,0.9364943649436492
htru2,0.05,0.2,minority_to_majority,tabpfn_threshold,0.9399531495314952,0.9393556435564356
htru2,0.05,0.3,majority_to_minority,tabpfn_threshold,0.933650586505865,0.9362674876748768
htru2,0.05,0.3,minority_to_majority,tabpfn_threshold,0.9387362623626236,0.9359099840998408
htru2,0.1,0.0,clean,tabpfn_threshold,0.9383087580875809,0.9383087580875809
htru2,0.1,0.05,majority_to_minority,tabpfn_threshold,0.9383131331313314,0.93800125501255
htru2,0.1,0.05,minority_to_majority,tabpfn_threshold,0.941259412594126,0.9407556575565756
htru2,0.1,0.1,majority_to_minority,tabpfn_threshold,0.9385781357813578,0.9382662576625768
htru2,0.1,0.1,minority_to_majority,tabpfn_threshold,0.9388943889438894,0.9377287522875228
htru2,0.1,0.2,majority_to_minority,tabpfn_threshold,0.9371562465624658,0.9389150141501416
htru2,0.1,0.2,minority_to_majority,tabpfn_threshold,0.9399312743127431,0.9385225102251024
htru2,0.1,0.3,majority_to_minority,tabpfn_threshold,0.9394275192751927,0.940438154381544
htru2,0.1,0.3,minority_to_majority,tabpfn_threshold,0.9372543725437256,0.9381343813438136
htru2,0.2,0.0,clean,tabpfn_threshold,0.9433900589005888,0.9433900589005888
htru2,0.2,0.05,majority_to_minority,tabpfn_threshold,0.9410250352503526,0.9411231612316122
htru2,0.2,0.05,minority_to_majority,tabpfn_threshold,0.9437531875318752,0.9436038110381104
htru2,0.2,0.1,majority_to_minority,tabpfn_threshold,0.9431850568505684,0.9432744327443277
htru2,0.2,0.1,minority_to_majority,tabpfn_threshold,0.9423912989129892,0.940060025600256
htru2,0.2,0.2,majority_to_minority,tabpfn_threshold,0.9445219452194524,0.944239442394424
htru2,0.2,0.2,minority_to_majority,tabpfn_threshold,0.9410162851628516,0.9371137461374612
htru2,0.2,0.3,majority_to_minority,tabpfn_threshold,0.9434544345443454,0.9445163201632018
htru2,0.2,0.3,minority_to_majority,tabpfn_threshold,0.939940024400244,0.9356449814498148
htru2,0.5,0.0,clean,tabpfn_threshold,0.9446581965819658,0.9446581965819658
htru2,0.5,0.05,majority_to_minority,tabpfn_threshold,0.9426681766817668,0.9429156791567916
htru2,0.5,0.05,minority_to_majority,tabpfn_threshold,0.9436463114631146,0.9430956809568096
htru2,0.5,0.1,majority_to_minority,tabpfn_threshold,0.9439963149631496,0.9434663096630967
htru2,0.5,0.1,minority_to_majority,tabpfn_threshold,0.9446625716257162,0.9429463044630448
htru2,0.5,0.2,majority_to_minority,tabpfn_threshold,0.9409944099440994,0.942620051200512
htru2,0.5,0.2,minority_to_majority,tabpfn_threshold,0.9438894388943888,0.9424512995129952
htru2,0.5,0.3,majority_to_minority,tabpfn_threshold,0.9417162921629216,0.8737781127811278
htru2,0.5,0.3,minority_to_majority,tabpfn_threshold,0.9414644146441464,0.9373831238312385
ionosphere,0.05,0.0,clean,tabpfn_threshold,0.9285507246376812,0.9285507246376812
ionosphere,0.05,0.05,majority_to_minority,tabpfn_threshold,0.9298550724637682,0.9298550724637682
ionosphere,0.05,0.05,minority_to_majority,tabpfn_threshold,0.8910144927536233,0.8910144927536233
ionosphere,0.05,0.1,majority_to_minority,tabpfn_threshold,0.9110144927536232,0.9134782608695652
ionosphere,0.05,0.1,minority_to_majority,tabpfn_threshold,0.9171014492753624,0.9104347826086956
ionosphere,0.05,0.2,majority_to_minority,tabpfn_threshold,0.9189855072463768,0.9044927536231884
ionosphere,0.05,0.2,minority_to_majority,tabpfn_threshold,0.942463768115942,0.9260869565217392
ionosphere,0.05,0.3,majority_to_minority,tabpfn_threshold,0.8863768115942028,0.8568115942028985
ionosphere,0.05,0.3,minority_to_majority,tabpfn_threshold,0.8460869565217392,0.8127536231884059
ionosphere,0.1,0.0,clean,tabpfn_threshold,0.904927536231884,0.904927536231884
ionosphere,0.1,0.05,majority_to_minority,tabpfn_threshold,0.9382608695652174,0.944927536231884
ionosphere,0.1,0.05,minority_to_majority,tabpfn_threshold,0.9134782608695652,0.9171014492753624
ionosphere,0.1,0.1,majority_to_minority,tabpfn_threshold,0.9292753623188408,0.9256521739130436
ionosphere,0.1,0.1,minority_to_majority,tabpfn_threshold,0.9382608695652174,0.9352173913043478
ionosphere,0.1,0.2,majority_to_minority,tabpfn_threshold,0.905072463768116,0.8930434782608695
ionosphere,0.1,0.2,minority_to_majority,tabpfn_threshold,0.9334782608695652,0.9310144927536234
ionosphere,0.1,0.3,majority_to_minority,tabpfn_threshold,0.9031884057971016,0.9105797101449276
ionosphere,0.1,0.3,minority_to_majority,tabpfn_threshold,0.9043478260869564,0.8921739130434784
ionosphere,0.2,0.0,clean,tabpfn_threshold,0.9443478260869566,0.9443478260869566
ionosphere,0.2,0.05,majority_to_minority,tabpfn_threshold,0.9268115942028986,0.9231884057971016
ionosphere,0.2,0.05,minority_to_majority,tabpfn_threshold,0.9279710144927537,0.9279710144927537
ionosphere,0.2,0.1,majority_to_minority,tabpfn_threshold,0.9546376811594204,0.9510144927536232
ionosphere,0.2,0.1,minority_to_majority,tabpfn_threshold,0.9291304347826088,0.922463768115942
ionosphere,0.2,0.2,majority_to_minority,tabpfn_threshold,0.9304347826086956,0.9086956521739128
ionosphere,0.2,0.2,minority_to_majority,tabpfn_threshold,0.9315942028985508,0.9285507246376812
ionosphere,0.2,0.3,majority_to_minority,tabpfn_threshold,0.906231884057971,0.9281159420289856
ionosphere,0.2,0.3,minority_to_majority,tabpfn_threshold,0.8885507246376813,0.878840579710145
ionosphere,0.5,0.0,clean,tabpfn_threshold,0.956376811594203,0.956376811594203
ionosphere,0.5,0.05,majority_to_minority,tabpfn_threshold,0.9243478260869564,0.9207246376811594
ionosphere,0.5,0.05,minority_to_majority,tabpfn_threshold,0.9321739130434784,0.9321739130434784
ionosphere,0.5,0.1,majority_to_minority,tabpfn_threshold,0.9455072463768116,0.9485507246376812
ionosphere,0.5,0.1,minority_to_majority,tabpfn_threshold,0.922463768115942,0.9194202898550724
ionosphere,0.5,0.2,majority_to_minority,tabpfn_threshold,0.9056521739130434,0.8821739130434784
ionosphere,0.5,0.2,minority_to_majority,tabpfn_threshold,0.922463768115942,0.9097101449275362
ionosphere,0.5,0.3,majority_to_minority,tabpfn_threshold,0.9285507246376812,0.75
ionosphere,0.5,0.3,minority_to_majority,tabpfn_threshold,0.9430434782608696,0.84
qsar_biodegradation,0.05,0.0,clean,tabpfn_threshold,0.831338028169014,0.831338028169014
qsar_biodegradation,0.05,0.05,majority_to_minority,tabpfn_threshold,0.8083836351441985,0.810731052984574
qsar_biodegradation,0.05,0.05,minority_to_majority,tabpfn_threshold,0.8320254862508384,0.8320590207914152
qsar_biodegradation,0.05,0.1,majority_to_minority,tabpfn_threshold,0.8145036887994634,0.8108651911468813
qsar_biodegradation,0.05,0.1,minority_to_majority,tabpfn_threshold,0.8169181757209927,0.8217136150234742
qsar_biodegradation,0.05,0.2,majority_to_minority,tabpfn_threshold,0.7964788732394364,0.7914822266934943
qsar_biodegradation,0.05,0.2,minority_to_majority,tabpfn_threshold,0.8025989268947015,0.8050804828973842
qsar_biodegradation,0.05,0.3,majority_to_minority,tabpfn_threshold,0.8261066398390341,0.7949195171026157
qsar_biodegradation,0.05,0.3,minority_to_majority,tabpfn_threshold,0.832260228034876,0.8301475519785378
qsar_biodegradation,0.1,0.0,clean,tabpfn_threshold,0.866515761234071,0.866515761234071
qsar_biodegradation,0.1,0.05,majority_to_minority,tabpfn_threshold,0.8440643863179075,0.8416498993963782
qsar_biodegradation,0.1,0.05,minority_to_majority,tabpfn_threshold,0.83943661971831,0.8430080482897383
qsar_biodegradation,0.1,0.1,majority_to_minority,tabpfn_threshold,0.8448524480214621,0.830533199195171
qsar_biodegradation,0.1,0.1,minority_to_majority,tabpfn_threshold,0.8311032863849764,0.8323608316566062
qsar_biodegradation,0.1,0.2,majority_to_minority,tabpfn_threshold,0.8379778672032193,0.8341046277665995
qsar_biodegradation,0.1,0.2,minority_to_majority,tabpfn_threshold,0.8287894030851777,0.8253856472166331
qsar_biodegradation,0.1,0.3,majority_to_minority,tabpfn_threshold,0.8425050301810865,0.8205399061032864
qsar_biodegradation,0.1,0.3,minority_to_majority,tabpfn_threshold,0.8308350100603622,0.8264755197853789
qsar_biodegradation,0.2,0.0,clean,tabpfn_threshold,0.8475352112676057,0.8475352112676057
qsar_biodegradation,0.2,0.05,majority_to_minority,tabpfn_threshold,0.8486250838363514,0.846244131455399
qsar_biodegradation,0.2,0.05,minority_to_majority,tabpfn_threshold,0.8508718980549966,0.853252850435949
qsar_biodegradation,0.2,0.1,majority_to_minority,tabpfn_threshold,0.8402246814218645,0.83420523138833
qsar_biodegradation,0.2,0.1,minority_to_majority,tabpfn_threshold,0.8558014755197854,0.8618209255533199
qsar_biodegradation,0.2,0.2,majority_to_minority,tabpfn_threshold,0.8438631790744466,0.8376425217974514
qsar_biodegradation,0.2,0.2,minority_to_majority,tabpfn_threshold,0.8308685446009388,0.825251509054326
qsar_biodegradation,0.2,0.3,majority_to_minority,tabpfn_threshold,0.8285546613011402,0.8042421193829644
qsar_biodegradation,0.2,0.3,minority_to_majority,tabpfn_threshold,0.8370556673373574,0.8279342723004696
qsar_biodegradation,0.5,0.0,clean,tabpfn_threshold,0.8663145539906103,0.8663145539906103
qsar_biodegradation,0.5,0.05,majority_to_minority,tabpfn_threshold,0.8531522468142185,0.8519282360831656
qsar_biodegradation,0.5,0.05,minority_to_majority,tabpfn_threshold,0.8485915492957746,0.8462776659959759
qsar_biodegradation,0.5,0.1,majority_to_minority,tabpfn_threshold,0.8591716968477532,0.861317907444668
qsar_biodegradation,0.5,0.1,minority_to_majority,tabpfn_threshold,0.8568913480885313,0.8500503018108652
qsar_biodegradation,0.5,0.2,majority_to_minority,tabpfn_threshold,0.8248826291079813,0.8242790073775988
qsar_biodegradation,0.5,0.2,minority_to_majority,tabpfn_threshold,0.8557008718980551,0.8454896042924211
qsar_biodegradation,0.5,0.3,majority_to_minority,tabpfn_threshold,0.8402917505030181,0.6870724346076459
qsar_biodegradation,0.5,0.3,minority_to_majority,tabpfn_threshold,0.8462776659959759,0.8152079141515761
south_german_credit,0.05,0.0,clean,tabpfn_threshold,0.6611111111111111,0.6611111111111111
south_german_credit,0.05,0.05,majority_to_minority,tabpfn_threshold,0.6722222222222222,0.6694444444444444
south_german_credit,0.05,0.05,minority_to_majority,tabpfn_threshold,0.6936507936507935,0.6940476190476191
south_german_credit,0.05,0.1,majority_to_minority,tabpfn_threshold,0.6496031746031746,0.65
south_german_credit,0.05,0.1,minority_to_majority,tabpfn_threshold,0.6503968253968254,0.6420634920634921
south_german_credit,0.05,0.2,majority_to_minority,tabpfn_threshold,0.6273809523809524,0.6313492063492063
south_german_credit,0.05,0.2,minority_to_majority,tabpfn_threshold,0.6376984126984127,0.6174603174603175
south_german_credit,0.05,0.3,majority_to_minority,tabpfn_threshold,0.6091269841269842,0.6373015873015873
south_german_credit,0.05,0.3,minority_to_majority,tabpfn_threshold,0.6833333333333332,0.6190476190476191
south_german_credit,0.1,0.0,clean,tabpfn_threshold,0.6670634920634919,0.6670634920634919
south_german_credit,0.1,0.05,majority_to_minority,tabpfn_threshold,0.6952380952380953,0.7011904761904763
south_german_credit,0.1,0.05,minority_to_majority,tabpfn_threshold,0.6833333333333332,0.6825396825396824
south_german_credit,0.1,0.1,majority_to_minority,tabpfn_threshold,0.6884920634920636,0.7015873015873016
south_german_credit,0.1,0.1,minority_to_majority,tabpfn_threshold,0.7015873015873016,0.7007936507936509
south_german_credit,0.1,0.2,majority_to_minority,tabpfn_threshold,0.6964285714285715,0.6833333333333332
south_german_credit,0.1,0.2,minority_to_majority,tabpfn_threshold,0.7000000000000001,0.6761904761904761
south_german_credit,0.1,0.3,majority_to_minority,tabpfn_threshold,0.6587301587301587,0.65
south_german_credit,0.1,0.3,minority_to_majority,tabpfn_threshold,0.6801587301587301,0.6293650793650793
south_german_credit,0.2,0.0,clean,tabpfn_threshold,0.6773809523809523,0.6773809523809523
south_german_credit,0.2,0.05,majority_to_minority,tabpfn_threshold,0.6869047619047618,0.6817460317460317
south_german_credit,0.2,0.05,minority_to_majority,tabpfn_threshold,0.701984126984127,0.7035714285714286
south_german_credit,0.2,0.1,majority_to_minority,tabpfn_threshold,0.7150793650793651,0.7130952380952381
south_german_credit,0.2,0.1,minority_to_majority,tabpfn_threshold,0.6746031746031745,0.688095238095238
south_german_credit,0.2,0.2,majority_to_minority,tabpfn_threshold,0.6912698412698414,0.6944444444444445
south_german_credit,0.2,0.2,minority_to_majority,tabpfn_threshold,0.692857142857143,0.6904761904761906
south_german_credit,0.2,0.3,majority_to_minority,tabpfn_threshold,0.7091269841269842,0.6873015873015872
south_german_credit,0.2,0.3,minority_to_majority,tabpfn_threshold,0.6980158730158731,0.6555555555555556
south_german_credit,0.5,0.0,clean,tabpfn_threshold,0.7138888888888889,0.7138888888888889
south_german_credit,0.5,0.05,majority_to_minority,tabpfn_threshold,0.7107142857142857,0.7075396825396826
south_german_credit,0.5,0.05,minority_to_majority,tabpfn_threshold,0.6956349206349207,0.6952380952380953
south_german_credit,0.5,0.1,majority_to_minority,tabpfn_threshold,0.6900793650793652,0.6853174603174604
south_german_credit,0.5,0.1,minority_to_majority,tabpfn_threshold,0.6964285714285715,0.6904761904761904
south_german_credit,0.5,0.2,majority_to_minority,tabpfn_threshold,0.7071428571428572,0.6845238095238096
south_german_credit,0.5,0.2,minority_to_majority,tabpfn_threshold,0.6976190476190477,0.6738095238095237
south_german_credit,0.5,0.3,majority_to_minority,tabpfn_threshold,0.6682539682539682,0.5682539682539682
south_german_credit,0.5,0.3,minority_to_majority,tabpfn_threshold,0.7011904761904763,0.6142857142857143
spambase,0.05,0.0,clean,tabpfn_threshold,0.9456910256030492,0.9456910256030492
spambase,0.05,0.05,majority_to_minority,tabpfn_threshold,0.9479595564639552,0.9481422238020478
spambase,0.05,0.05,minority_to_majority,tabpfn_threshold,0.9409836389308532,0.9411218736731932
spambase,0.05,0.1,majority_to_minority,tabpfn_threshold,0.9450220681892236,0.947478203343306
spambase,0.05,0.1,minority_to_majority,tabpfn_threshold,0.9416698756874712,0.9419241288742756
spambase,0.05,0.2,majority_to_minority,tabpfn_threshold,0.9382066016963376,0.9396728773561618
spambase,0.05,0.2,minority_to_majority,tabpfn_threshold,0.9376758790248528,0.9382066016963378
spambase,0.05,0.3,majority_to_minority,tabpfn_threshold,0.9399049142450904,0.9402430956683157
spambase,0.05,0.3,minority_to_majority,tabpfn_threshold,0.9363651174501616,0.9324204903383788
spambase,0.1,0.0,clean,tabpfn_threshold,0.9492481017407703,0.9492481017407703
spambase,0.1,0.05,majority_to_minority,tabpfn_threshold,0.9497294548614196,0.9492925343365228
spambase,0.1,0.05,minority_to_majority,tabpfn_threshold,0.9476164380856464,0.9480533586105432
spambase,0.1,0.1,majority_to_minority,tabpfn_threshold,0.9456638723500892,0.945868755986058
spambase,0.1,0.1,minority_to_majority,tabpfn_threshold,0.952965628918708,0.9527607452827396
spambase,0.1,0.2,majority_to_minority,tabpfn_threshold,0.951333965263584,0.9486902258163252
spambase,0.1,0.2,minority_to_majority,tabpfn_threshold,0.943622441423028,0.9435335762315236
spambase,0.1,0.3,majority_to_minority,tabpfn_threshold,0.9485347117311927,0.9396852197438706
spambase,0.1,0.3,minority_to_majority,tabpfn_threshold,0.9412996040562024,0.9446567335130386
spambase,0.2,0.0,clean,tabpfn_threshold,0.9608869733503166,0.9608869733503166
spambase,0.2,0.05,majority_to_minority,tabpfn_threshold,0.9556760172595952,0.9562956051225844
spambase,0.2,0.05,minority_to_majority,tabpfn_threshold,0.9543430393870276,0.9555377825172546
spambase,0.2,0.1,majority_to_minority,tabpfn_threshold,0.9547799599119248,0.9525509246916872
spambase,0.2,0.1,minority_to_majority,tabpfn_threshold,0.9491765158920584,0.9494307690788628
spambase,0.2,0.2,majority_to_minority,tabpfn_threshold,0.945962558132646,0.9430645654985832
spambase,0.2,0.2,minority_to_majority,tabpfn_threshold,0.9484902791354404,0.948423630241812
spambase,0.2,0.3,majority_to_minority,tabpfn_threshold,0.947478203343306,0.9432200795837158
spambase,0.2,0.3,minority_to_majority,tabpfn_threshold,0.947892907570327,0.9428695557727816
spambase,0.5,0.0,clean,tabpfn_threshold,0.9625630696011928,0.9625630696011928
spambase,0.5,0.05,majority_to_minority,tabpfn_threshold,0.955355115179162,0.9563178214204608
spambase,0.5,0.05,minority_to_majority,tabpfn_threshold,0.9550119968008532,0.9548293294627608
spambase,0.5,0.1,majority_to_minority,tabpfn_threshold,0.9542986067912754,0.9509192610365632
spambase,0.5,0.1,minority_to_majority,tabpfn_threshold,0.955239096734698,0.9551502315431932
spambase,0.5,0.2,majority_to_minority,tabpfn_threshold,0.9472017338586252,0.94560956584417
spambase,0.5,0.2,minority_to_majority,tabpfn_threshold,0.9506699448048422,0.9446838867659982
spambase,0.5,0.3,majority_to_minority,tabpfn_threshold,0.9428596818626144,0.8893801159197053
spambase,0.5,0.3,minority_to_majority,tabpfn_threshold,0.9442420292860176,0.9313244863098236
statlog_heart,0.05,0.0,clean,tabpfn_threshold,0.7708333333333334,0.7708333333333334
statlog_heart,0.05,0.05,majority_to_minority,tabpfn_threshold,0.8263888888888888,0.8263888888888888
statlog_heart,0.05,0.05,minority_to_majority,tabpfn_threshold,0.8069444444444445,0.8069444444444445
statlog_heart,0.05,0.1,majority_to_minority,tabpfn_threshold,0.7777777777777778,0.7625000000000001
statlog_heart,0.05,0.1,minority_to_majority,tabpfn_threshold,0.7861111111111111,0.7791666666666667
statlog_heart,0.05,0.2,majority_to_minority,tabpfn_threshold,0.751388888888889,0.7222222222222222
statlog_heart,0.05,0.2,minority_to_majority,tabpfn_threshold,0.7833333333333333,0.7875
statlog_heart,0.05,0.3,majority_to_minority,tabpfn_threshold,0.7583333333333334,0.7347222222222222
statlog_heart,0.05,0.3,minority_to_majority,tabpfn_threshold,0.7624999999999998,0.7208333333333333
statlog_heart,0.1,0.0,clean,tabpfn_threshold,0.8125,0.8125
statlog_heart,0.1,0.05,majority_to_minority,tabpfn_threshold,0.8291666666666666,0.8236111111111111
statlog_heart,0.1,0.05,minority_to_majority,tabpfn_threshold,0.8305555555555556,0.8236111111111111
statlog_heart,0.1,0.1,majority_to_minority,tabpfn_threshold,0.8208333333333334,0.8222222222222223
statlog_heart,0.1,0.1,minority_to_majority,tabpfn_threshold,0.8388888888888889,0.8319444444444445
statlog_heart,0.1,0.2,majority_to_minority,tabpfn_threshold,0.7944444444444444,0.7763888888888889
statlog_heart,0.1,0.2,minority_to_majority,tabpfn_threshold,0.8194444444444443,0.8125
statlog_heart,0.1,0.3,majority_to_minority,tabpfn_threshold,0.8472222222222223,0.7833333333333333
statlog_heart,0.1,0.3,minority_to_majority,tabpfn_threshold,0.7833333333333333,0.7680555555555556
statlog_heart,0.2,0.0,clean,tabpfn_threshold,0.8374999999999999,0.8374999999999999
statlog_heart,0.2,0.05,majority_to_minority,tabpfn_threshold,0.8402777777777778,0.8361111111111111
statlog_heart,0.2,0.05,minority_to_majority,tabpfn_threshold,0.826388888888889,0.8236111111111111
statlog_heart,0.2,0.1,majority_to_minority,tabpfn_threshold,0.8250000000000001,0.8083333333333332
statlog_heart,0.2,0.1,minority_to_majority,tabpfn_threshold,0.8180555555555555,0.8111111111111112
statlog_heart,0.2,0.2,majority_to_minority,tabpfn_threshold,0.8513888888888889,0.8444444444444444
statlog_heart,0.2,0.2,minority_to_majority,tabpfn_threshold,0.8416666666666668,0.7958333333333334
statlog_heart,0.2,0.3,majority_to_minority,tabpfn_threshold,0.8430555555555556,0.7458333333333332
statlog_heart,0.2,0.3,minority_to_majority,tabpfn_threshold,0.8513888888888889,0.8416666666666667
statlog_heart,0.5,0.0,clean,tabpfn_threshold,0.8569444444444446,0.8569444444444446
statlog_heart,0.5,0.05,majority_to_minority,tabpfn_threshold,0.8416666666666667,0.8305555555555556
statlog_heart,0.5,0.05,minority_to_majority,tabpfn_threshold,0.8402777777777777,0.8388888888888889
statlog_heart,0.5,0.1,majority_to_minority,tabpfn_threshold,0.8361111111111111,0.8333333333333334
statlog_heart,0.5,0.1,minority_to_majority,tabpfn_threshold,0.8291666666666666,0.8375
statlog_heart,0.5,0.2,majority_to_minority,tabpfn_threshold,0.7791666666666667,0.7291666666666666
statlog_heart,0.5,0.2,minority_to_majority,tabpfn_threshold,0.7402777777777777,0.7833333333333333
statlog_heart,0.5,0.3,majority_to_minority,tabpfn_threshold,0.8069444444444445,0.6388888888888888
statlog_heart,0.5,0.3,minority_to_majority,tabpfn_threshold,0.7527777777777778,0.7555555555555555
banknote_authentication,0.05,0.0,clean,tabpfn_distpfn,1.0,1.0
banknote_authentication,0.05,0.05,majority_to_minority,tabpfn_distpfn,0.9978213507625272,0.9978213507625272
banknote_authentication,0.05,0.05,minority_to_majority,tabpfn_distpfn,0.993169398907104,0.993169398907104
banknote_authentication,0.05,0.1,majority_to_minority,tabpfn_distpfn,0.9989106753812635,0.9989106753812635
banknote_authentication,0.05,0.1,minority_to_majority,tabpfn_distpfn,0.9931693989071038,0.989071038251366
banknote_authentication,0.05,0.2,majority_to_minority,tabpfn_distpfn,0.9989106753812635,0.9967320261437908
banknote_authentication,0.05,0.2,minority_to_majority,tabpfn_distpfn,1.0,1.0
banknote_authentication,0.05,0.3,majority_to_minority,tabpfn_distpfn,0.9989106753812635,0.9978213507625272
banknote_authentication,0.05,0.3,minority_to_majority,tabpfn_distpfn,0.993169398907104,0.993169398907104
banknote_authentication,0.1,0.0,clean,tabpfn_distpfn,1.0,1.0
banknote_authentication,0.1,0.05,majority_to_minority,tabpfn_distpfn,1.0,1.0
banknote_authentication,0.1,0.05,minority_to_majority,tabpfn_distpfn,1.0,1.0
banknote_authentication,0.1,0.1,majority_to_minority,tabpfn_distpfn,0.9989106753812635,0.9978213507625272
banknote_authentication,0.1,0.1,minority_to_majority,tabpfn_distpfn,1.0,1.0
banknote_authentication,0.1,0.2,majority_to_minority,tabpfn_distpfn,0.994553376906318,0.9923747276688454
banknote_authentication,0.1,0.2,minority_to_majority,tabpfn_distpfn,1.0,1.0
banknote_authentication,0.1,0.3,majority_to_minority,tabpfn_distpfn,1.0,0.9989106753812635
banknote_authentication,0.1,0.3,minority_to_majority,tabpfn_distpfn,1.0,1.0
banknote_authentication,0.2,0.0,clean,tabpfn_distpfn,1.0,1.0
banknote_authentication,0.2,0.05,majority_to_minority,tabpfn_distpfn,1.0,1.0
banknote_authentication,0.2,0.05,minority_to_majority,tabpfn_distpfn,1.0,1.0
banknote_authentication,0.2,0.1,majority_to_minority,tabpfn_distpfn,0.9934640522875816,0.9934640522875816
banknote_authentication,0.2,0.1,minority_to_majority,tabpfn_distpfn,1.0,1.0
banknote_authentication,0.2,0.2,majority_to_minority,tabpfn_distpfn,1.0,1.0
banknote_authentication,0.2,0.2,minority_to_majority,tabpfn_distpfn,1.0,1.0
banknote_authentication,0.2,0.3,majority_to_minority,tabpfn_distpfn,1.0,0.9978213507625272
banknote_authentication,0.2,0.3,minority_to_majority,tabpfn_distpfn,1.0,1.0
banknote_authentication,0.5,0.0,clean,tabpfn_distpfn,1.0,1.0
banknote_authentication,0.5,0.05,majority_to_minority,tabpfn_distpfn,1.0,1.0
banknote_authentication,0.5,0.05,minority_to_majority,tabpfn_distpfn,1.0,1.0
banknote_authentication,0.5,0.1,majority_to_minority,tabpfn_distpfn,1.0,1.0
banknote_authentication,0.5,0.1,minority_to_majority,tabpfn_distpfn,1.0,1.0
banknote_authentication,0.5,0.2,majority_to_minority,tabpfn_distpfn,1.0,0.9978213507625272
banknote_authentication,0.5,0.2,minority_to_majority,tabpfn_distpfn,1.0,0.993169398907104
banknote_authentication,0.5,0.3,majority_to_minority,tabpfn_distpfn,0.9705882352941178,0.514161220043573
banknote_authentication,0.5,0.3,minority_to_majority,tabpfn_distpfn,0.9972677595628416,0.9398907103825136
blood_transfusion,0.05,0.0,clean,tabpfn_distpfn,0.5,0.5
blood_transfusion,0.05,0.05,majority_to_minority,tabpfn_distpfn,0.5,0.5
blood_transfusion,0.05,0.05,minority_to_majority,tabpfn_distpfn,0.5,0.5
blood_transfusion,0.05,0.1,majority_to_minority,tabpfn_distpfn,0.5,0.4985380116959064
blood_transfusion,0.05,0.1,minority_to_majority,tabpfn_distpfn,0.5,0.5
blood_transfusion,0.05,0.2,majority_to_minority,tabpfn_distpfn,0.5,0.5
blood_transfusion,0.05,0.2,minority_to_majority,tabpfn_distpfn,0.5,0.5
blood_transfusion,0.05,0.3,majority_to_minority,tabpfn_distpfn,0.5,0.5
blood_transfusion,0.05,0.3,minority_to_majority,tabpfn_distpfn,0.5,0.5
blood_transfusion,0.1,0.0,clean,tabpfn_distpfn,0.5,0.5
blood_transfusion,0.1,0.05,majority_to_minority,tabpfn_distpfn,0.5,0.5
blood_transfusion,0.1,0.05,minority_to_majority,tabpfn_distpfn,0.5,0.5
blood_transfusion,0.1,0.1,majority_to_minority,tabpfn_distpfn,0.4970760233918128,0.5017056530214424
blood_transfusion,0.1,0.1,minority_to_majority,tabpfn_distpfn,0.5,0.5
blood_transfusion,0.1,0.2,majority_to_minority,tabpfn_distpfn,0.5017056530214424,0.5065789473684211
blood_transfusion,0.1,0.2,minority_to_majority,tabpfn_distpfn,0.5,0.5
blood_transfusion,0.1,0.3,majority_to_minority,tabpfn_distpfn,0.5,0.5
blood_transfusion,0.1,0.3,minority_to_majority,tabpfn_distpfn,0.5,0.5
blood_transfusion,0.2,0.0,clean,tabpfn_distpfn,0.5416666666666666,0.5416666666666666
blood_transfusion,0.2,0.05,majority_to_minority,tabpfn_distpfn,0.5701754385964912,0.5765107212475633
blood_transfusion,0.2,0.05,minority_to_majority,tabpfn_distpfn,0.5309454191033138,0.5263157894736842
blood_transfusion,0.2,0.1,majority_to_minority,tabpfn_distpfn,0.5577485380116959,0.5672514619883041
blood_transfusion,0.2,0.1,minority_to_majority,tabpfn_distpfn,0.5355750487329435,0.5309454191033138
blood_transfusion,0.2,0.2,majority_to_minority,tabpfn_distpfn,0.5670077972709552,0.6130604288499025
blood_transfusion,0.2,0.2,minority_to_majority,tabpfn_distpfn,0.5063352826510722,0.5
blood_transfusion,0.2,0.3,majority_to_minority,tabpfn_distpfn,0.5326510721247564,0.5935672514619883
blood_transfusion,0.2,0.3,minority_to_majority,tabpfn_distpfn,0.5,0.5
blood_transfusion,0.5,0.0,clean,tabpfn_distpfn,0.675682261208577,0.675682261208577
blood_transfusion,0.5,0.05,majority_to_minority,tabpfn_distpfn,0.6917641325536062,0.6868908382066277
blood_transfusion,0.5,0.05,minority_to_majority,tabpfn_distpfn,0.6851851851851851,0.6783625730994153
blood_transfusion,0.5,0.1,majority_to_minority,tabpfn_distpfn,0.6864035087719298,0.6686159844054581
blood_transfusion,0.5,0.1,minority_to_majority,tabpfn_distpfn,0.6544834307992203,0.6403508771929824
blood_transfusion,0.5,0.2,majority_to_minority,tabpfn_distpfn,0.6186647173489278,0.5823586744639376
blood_transfusion,0.5,0.2,minority_to_majority,tabpfn_distpfn,0.6413255360623782,0.5355750487329435
blood_transfusion,0.5,0.3,majority_to_minority,tabpfn_distpfn,0.5185185185185185,0.5
blood_transfusion,0.5,0.3,minority_to_majority,tabpfn_distpfn,0.5733430799220273,0.5309454191033138
breast_cancer_wisconsin,0.05,0.0,clean,tabpfn_distpfn,0.9017857142857144,0.9017857142857144
breast_cancer_wisconsin,0.05,0.05,majority_to_minority,tabpfn_distpfn,0.9629629629629628,0.9669312169312168
breast_cancer_wisconsin,0.05,0.05,minority_to_majority,tabpfn_distpfn,0.9470899470899472,0.949404761904762
breast_cancer_wisconsin,0.05,0.1,majority_to_minority,tabpfn_distpfn,0.9464285714285716,0.9480820105820106
breast_cancer_wisconsin,0.05,0.1,minority_to_majority,tabpfn_distpfn,0.9080687830687832,0.9080687830687832
breast_cancer_wisconsin,0.05,0.2,majority_to_minority,tabpfn_distpfn,0.955026455026455,0.955026455026455
breast_cancer_wisconsin,0.05,0.2,minority_to_majority,tabpfn_distpfn,0.8915343915343916,0.8819444444444445
breast_cancer_wisconsin,0.05,0.3,majority_to_minority,tabpfn_distpfn,0.9675925925925926,0.9708994708994708
breast_cancer_wisconsin,0.05,0.3,minority_to_majority,tabpfn_distpfn,0.8650793650793651,0.8611111111111112
breast_cancer_wisconsin,0.1,0.0,clean,tabpfn_distpfn,0.9470899470899472,0.9470899470899472
breast_cancer_wisconsin,0.1,0.05,majority_to_minority,tabpfn_distpfn,0.958994708994709,0.958994708994709
breast_cancer_wisconsin,0.1,0.05,minority_to_majority,tabpfn_distpfn,0.9613095238095236,0.95734126984127
breast_cancer_wisconsin,0.1,0.1,majority_to_minority,tabpfn_distpfn,0.9580026455026456,0.9659391534391536
breast_cancer_wisconsin,0.1,0.1,minority_to_majority,tabpfn_distpfn,0.9563492063492064,0.9523809523809522
breast_cancer_wisconsin,0.1,0.2,majority_to_minority,tabpfn_distpfn,0.9636243386243386,0.9629629629629628
breast_cancer_wisconsin,0.1,0.2,minority_to_majority,tabpfn_distpfn,0.916005291005291,0.9047619047619048
breast_cancer_wisconsin,0.1,0.3,majority_to_minority,tabpfn_distpfn,0.9771825396825397,0.9679232804232804
breast_cancer_wisconsin,0.1,0.3,minority_to_majority,tabpfn_distpfn,0.8802910052910052,0.8571428571428571
breast_cancer_wisconsin,0.2,0.0,clean,tabpfn_distpfn,0.9699074074074074,0.9699074074074074
breast_cancer_wisconsin,0.2,0.05,majority_to_minority,tabpfn_distpfn,0.9801587301587302,0.9801587301587302
breast_cancer_wisconsin,0.2,0.05,minority_to_majority,tabpfn_distpfn,0.9460978835978836,0.9460978835978836
breast_cancer_wisconsin,0.2,0.1,majority_to_minority,tabpfn_distpfn,0.9715608465608464,0.9715608465608464
breast_cancer_wisconsin,0.2,0.1,minority_to_majority,tabpfn_distpfn,0.9120370370370372,0.9080687830687832
breast_cancer_wisconsin,0.2,0.2,majority_to_minority,tabpfn_distpfn,0.9629629629629628,0.9662698412698412
breast_cancer_wisconsin,0.2,0.2,minority_to_majority,tabpfn_distpfn,0.9064153439153438,0.8849206349206349
breast_cancer_wisconsin,0.2,0.3,majority_to_minority,tabpfn_distpfn,0.9566798941798944,0.9563492063492064
breast_cancer_wisconsin,0.2,0.3,minority_to_majority,tabpfn_distpfn,0.861111111111111,0.8214285714285715
breast_cancer_wisconsin,0.5,0.0,clean,tabpfn_distpfn,0.9659391534391536,0.9659391534391536
breast_cancer_wisconsin,0.5,0.05,majority_to_minority,tabpfn_distpfn,0.95734126984127,0.955026455026455
breast_cancer_wisconsin,0.5,0.05,minority_to_majority,tabpfn_distpfn,0.9517195767195769,0.9460978835978836
breast_cancer_wisconsin,0.5,0.1,majority_to_minority,tabpfn_distpfn,0.964616402116402,0.9632936507936508
breast_cancer_wisconsin,0.5,0.1,minority_to_majority,tabpfn_distpfn,0.9484126984126984,0.9365079365079366
breast_cancer_wisconsin,0.5,0.2,majority_to_minority,tabpfn_distpfn,0.9593253968253967,0.9434523809523808
breast_cancer_wisconsin,0.5,0.2,minority_to_majority,tabpfn_distpfn,0.9206349206349206,0.8849206349206349
breast_cancer_wisconsin,0.5,0.3,majority_to_minority,tabpfn_distpfn,0.9318783068783068,0.5347222222222222
breast_cancer_wisconsin,0.5,0.3,minority_to_majority,tabpfn_distpfn,0.876984126984127,0.6587301587301587
haberman_survival,0.05,0.0,clean,tabpfn_distpfn,0.5,0.5
haberman_survival,0.05,0.05,majority_to_minority,tabpfn_distpfn,0.5,0.5
haberman_survival,0.05,0.05,minority_to_majority,tabpfn_distpfn,0.5,0.5
haberman_survival,0.05,0.1,majority_to_minority,tabpfn_distpfn,0.5,0.5
haberman_survival,0.05,0.1,minority_to_majority,tabpfn_distpfn,0.5,0.5
haberman_survival,0.05,0.2,majority_to_minority,tabpfn_distpfn,0.5,0.5
haberman_survival,0.05,0.2,minority_to_majority,tabpfn_distpfn,0.5,0.5
haberman_survival,0.05,0.3,majority_to_minority,tabpfn_distpfn,0.5,0.5
haberman_survival,0.05,0.3,minority_to_majority,tabpfn_distpfn,0.5,0.5
haberman_survival,0.1,0.0,clean,tabpfn_distpfn,0.5,0.5
haberman_survival,0.1,0.05,majority_to_minority,tabpfn_distpfn,0.5,0.5
haberman_survival,0.1,0.05,minority_to_majority,tabpfn_distpfn,0.5,0.5
haberman_survival,0.1,0.1,majority_to_minority,tabpfn_distpfn,0.5067934782608695,0.5172101449275363
haberman_survival,0.1,0.1,minority_to_majority,tabpfn_distpfn,0.5,0.5
haberman_survival,0.1,0.2,majority_to_minority,tabpfn_distpfn,0.5,0.4963768115942029
haberman_survival,0.1,0.2,minority_to_majority,tabpfn_distpfn,0.5,0.5
haberman_survival,0.1,0.3,majority_to_minority,tabpfn_distpfn,0.5104166666666666,0.5104166666666666
haberman_survival,0.1,0.3,minority_to_majority,tabpfn_distpfn,0.5,0.5
haberman_survival,0.2,0.0,clean,tabpfn_distpfn,0.5276268115942029,0.5276268115942029
haberman_survival,0.2,0.05,majority_to_minority,tabpfn_distpfn,0.5,0.5
haberman_survival,0.2,0.05,minority_to_majority,tabpfn_distpfn,0.5208333333333334,0.5208333333333334
haberman_survival,0.2,0.1,majority_to_minority,tabpfn_distpfn,0.5208333333333334,0.53125
haberman_survival,0.2,0.1,minority_to_majority,tabpfn_distpfn,0.5,0.5
haberman_survival,0.2,0.2,majority_to_minority,tabpfn_distpfn,0.5307971014492754,0.5652173913043478
haberman_survival,0.2,0.2,minority_to_majority,tabpfn_distpfn,0.5,0.5
haberman_survival,0.2,0.3,majority_to_minority,tabpfn_distpfn,0.5,0.5339673913043478
haberman_survival,0.2,0.3,minority_to_majority,tabpfn_distpfn,0.5,0.5
haberman_survival,0.5,0.0,clean,tabpfn_distpfn,0.6770833333333334,0.6770833333333334
haberman_survival,0.5,0.05,majority_to_minority,tabpfn_distpfn,0.6182065217391305,0.6385869565217391
haberman_survival,0.5,0.05,minority_to_majority,tabpfn_distpfn,0.666213768115942,0.6843297101449274
haberman_survival,0.5,0.1,majority_to_minority,tabpfn_distpfn,0.6585144927536232,0.6571557971014493
haberman_survival,0.5,0.1,minority_to_majority,tabpfn_distpfn,0.6354166666666666,0.5747282608695653
haberman_survival,0.5,0.2,majority_to_minority,tabpfn_distpfn,0.595108695652174,0.5086050724637682
haberman_survival,0.5,0.2,minority_to_majority,tabpfn_distpfn,0.5919384057971014,0.5230978260869565
haberman_survival,0.5,0.3,majority_to_minority,tabpfn_distpfn,0.4932065217391304,0.5
haberman_survival,0.5,0.3,minority_to_majority,tabpfn_distpfn,0.5104166666666666,0.5
htru2,0.05,0.0,clean,tabpfn_distpfn,0.9082115821158212,0.9082115821158212
htru2,0.05,0.05,majority_to_minority,tabpfn_distpfn,0.9166916669166691,0.918062305623056
htru2,0.05,0.05,minority_to_majority,tabpfn_distpfn,0.9125285002850028,0.9115634906349064
htru2,0.05,0.1,majority_to_minority,tabpfn_distpfn,0.911260362603626,0.9142066420664204
htru2,0.05,0.1,minority_to_majority,tabpfn_distpfn,0.9101928519285192,0.9072978229782298
htru2,0.05,0.2,majority_to_minority,tabpfn_distpfn,0.9061278112781128,0.91079910799108
htru2,0.05,0.2,minority_to_majority,tabpfn_distpfn,0.9095822208222084,0.9052140521405212
htru2,0.05,0.3,majority_to_minority,tabpfn_distpfn,0.916439789397894,0.9214654646546466
htru2,0.05,0.3,minority_to_majority,tabpfn_distpfn,0.8834200842008421,0.8592904679046791
htru2,0.1,0.0,clean,tabpfn_distpfn,0.9180154301543016,0.9180154301543016
htru2,0.1,0.05,majority_to_minority,tabpfn_distpfn,0.9120247452474524,0.9135491354913547
htru2,0.1,0.05,minority_to_majority,tabpfn_distpfn,0.9165422904229042,0.9166447914479146
htru2,0.1,0.1,majority_to_minority,tabpfn_distpfn,0.9169479194791949,0.9187754377543774
htru2,0.1,0.1,minority_to_majority,tabpfn_distpfn,0.9154235292352922,0.9149666496664968
htru2,0.1,0.2,majority_to_minority,tabpfn_distpfn,0.9196891968919688,0.9244629946299462
htru2,0.1,0.2,minority_to_majority,tabpfn_distpfn,0.9165379153791536,0.9046546715467154
htru2,0.1,0.3,majority_to_minority,tabpfn_distpfn,0.9196379463794638,0.9267942679426794
htru2,0.1,0.3,minority_to_majority,tabpfn_distpfn,0.906990319903199,0.8878907539075391
htru2,0.2,0.0,clean,tabpfn_distpfn,0.9244629946299462,0.9244629946299462
htru2,0.2,0.05,majority_to_minority,tabpfn_distpfn,0.9183654336543364,0.9197360723607236
htru2,0.2,0.05,minority_to_majority,tabpfn_distpfn,0.9229429794297944,0.9214698396983968
htru2,0.2,0.1,majority_to_minority,tabpfn_distpfn,0.924509870098701,0.9276567765677656
htru2,0.2,0.1,minority_to_majority,tabpfn_distpfn,0.9181648066480664,0.9169991699917
htru2,0.2,0.2,majority_to_minority,tabpfn_distpfn,0.9263930139301392,0.929129916299163
htru2,0.2,0.2,minority_to_majority,tabpfn_distpfn,0.9080534555345552,0.8968320933209332
htru2,0.2,0.3,majority_to_minority,tabpfn_distpfn,0.9279642796427964,0.9338437134371343
htru2,0.2,0.3,minority_to_majority,tabpfn_distpfn,0.823469484694847,0.5279471544715447
htru2,0.5,0.0,clean,tabpfn_distpfn,0.9289161641616416,0.9289161641616416
htru2,0.5,0.05,majority_to_minority,tabpfn_distpfn,0.9355687306873068,0.936888118881189
htru2,0.5,0.05,minority_to_majority,tabpfn_distpfn,0.929941174411744,0.9282161571615716
htru2,0.5,0.1,majority_to_minority,tabpfn_distpfn,0.9370843708437084,0.9394668946689468
htru2,0.5,0.1,minority_to_majority,tabpfn_distpfn,0.9254748797487976,0.9124303743037432
htru2,0.5,0.2,majority_to_minority,tabpfn_distpfn,0.9396075210752108,0.9406956569565696
htru2,0.5,0.2,minority_to_majority,tabpfn_distpfn,0.6390738907389074,0.5
htru2,0.5,0.3,majority_to_minority,tabpfn_distpfn,0.9419637946379464,0.8282620326203262
htru2,0.5,0.3,minority_to_majority,tabpfn_distpfn,0.5,0.5
ionosphere,0.05,0.0,clean,tabpfn_distpfn,0.8697101449275362,0.8697101449275362
ionosphere,0.05,0.05,majority_to_minority,tabpfn_distpfn,0.8594202898550725,0.8594202898550725
ionosphere,0.05,0.05,minority_to_majority,tabpfn_distpfn,0.816376811594203,0.816376811594203
ionosphere,0.05,0.1,majority_to_minority,tabpfn_distpfn,0.8897101449275362,0.8897101449275362
ionosphere,0.05,0.1,minority_to_majority,tabpfn_distpfn,0.8297101449275361,0.8066666666666666
ionosphere,0.05,0.2,majority_to_minority,tabpfn_distpfn,0.8527536231884058,0.8491304347826087
ionosphere,0.05,0.2,minority_to_majority,tabpfn_distpfn,0.8563768115942029,0.84
ionosphere,0.05,0.3,majority_to_minority,tabpfn_distpfn,0.8388405797101449,0.8715942028985507
ionosphere,0.05,0.3,minority_to_majority,tabpfn_distpfn,0.7363768115942029,0.7000000000000001
ionosphere,0.1,0.0,clean,tabpfn_distpfn,0.8660869565217392,0.8660869565217392
ionosphere,0.1,0.05,majority_to_minority,tabpfn_distpfn,0.9163768115942028,0.9127536231884058
ionosphere,0.1,0.05,minority_to_majority,tabpfn_distpfn,0.9066666666666666,0.9
ionosphere,0.1,0.1,majority_to_minority,tabpfn_distpfn,0.9430434782608696,0.9497101449275362
ionosphere,0.1,0.1,minority_to_majority,tabpfn_distpfn,0.876376811594203,0.876376811594203
ionosphere,0.1,0.2,majority_to_minority,tabpfn_distpfn,0.9260869565217392,0.9321739130434784
ionosphere,0.1,0.2,minority_to_majority,tabpfn_distpfn,0.8866666666666667,0.86
ionosphere,0.1,0.3,majority_to_minority,tabpfn_distpfn,0.8866666666666667,0.9060869565217392
ionosphere,0.1,0.3,minority_to_majority,tabpfn_distpfn,0.8097101449275362,0.7866666666666666
ionosphere,0.2,0.0,clean,tabpfn_distpfn,0.9327536231884056,0.9327536231884056
ionosphere,0.2,0.05,majority_to_minority,tabpfn_distpfn,0.9230434782608696,0.9230434782608696
ionosphere,0.2,0.05,minority_to_majority,tabpfn_distpfn,0.9091304347826088,0.9091304347826088
ionosphere,0.2,0.1,majority_to_minority,tabpfn_distpfn,0.9357971014492752,0.938840579710145
ionosphere,0.2,0.1,minority_to_majority,tabpfn_distpfn,0.8933333333333334,0.8933333333333334
ionosphere,0.2,0.2,majority_to_minority,tabpfn_distpfn,0.9157971014492756,0.9146376811594203
ionosphere,0.2,0.2,minority_to_majority,tabpfn_distpfn,0.8830434782608695,0.86
ionosphere,0.2,0.3,majority_to_minority,tabpfn_distpfn,0.9018840579710146,0.909855072463768
ionosphere,0.2,0.3,minority_to_majority,tabpfn_distpfn,0.82,0.7866666666666666
ionosphere,0.5,0.0,clean,tabpfn_distpfn,0.9497101449275362,0.9497101449275362
ionosphere,0.5,0.05,majority_to_minority,tabpfn_distpfn,0.9352173913043478,0.9315942028985508
ionosphere,0.5,0.05,minority_to_majority,tabpfn_distpfn,0.9230434782608696,0.9097101449275362
ionosphere,0.5,0.1,majority_to_minority,tabpfn_distpfn,0.9394202898550724,0.942463768115942
ionosphere,0.5,0.1,minority_to_majority,tabpfn_distpfn,0.8733333333333334,0.8666666666666667
ionosphere,0.5,0.2,majority_to_minority,tabpfn_distpfn,0.8911594202898551,0.8821739130434784
ionosphere,0.5,0.2,minority_to_majority,tabpfn_distpfn,0.8333333333333334,0.7866666666666666
ionosphere,0.5,0.3,majority_to_minority,tabpfn_distpfn,0.859855072463768,0.5036231884057971
ionosphere,0.5,0.3,minority_to_majority,tabpfn_distpfn,0.7400000000000001,0.6133333333333334
qsar_biodegradation,0.05,0.0,clean,tabpfn_distpfn,0.7943158953722333,0.7943158953722333
qsar_biodegradation,0.05,0.05,majority_to_minority,tabpfn_distpfn,0.7272635814889336,0.7331153588195841
qsar_biodegradation,0.05,0.05,minority_to_majority,tabpfn_distpfn,0.7239268947015426,0.7227699530516433
qsar_biodegradation,0.05,0.1,majority_to_minority,tabpfn_distpfn,0.7133802816901409,0.7251173708920188
qsar_biodegradation,0.05,0.1,minority_to_majority,tabpfn_distpfn,0.6969483568075118,0.6770120724346076
qsar_biodegradation,0.05,0.2,majority_to_minority,tabpfn_distpfn,0.6958249496981891,0.7109322602280349
qsar_biodegradation,0.05,0.2,minority_to_majority,tabpfn_distpfn,0.6735077129443328,0.6266934942991281
qsar_biodegradation,0.05,0.3,majority_to_minority,tabpfn_distpfn,0.708618376928236,0.7648893360160965
qsar_biodegradation,0.05,0.3,minority_to_majority,tabpfn_distpfn,0.7110663983903421,0.67238430583501
qsar_biodegradation,0.1,0.0,clean,tabpfn_distpfn,0.802280348759222,0.802280348759222
qsar_biodegradation,0.1,0.05,majority_to_minority,tabpfn_distpfn,0.8059188464118042,0.8094232059020792
qsar_biodegradation,0.1,0.05,minority_to_majority,tabpfn_distpfn,0.7825452716297786,0.7778504359490275
qsar_biodegradation,0.1,0.1,majority_to_minority,tabpfn_distpfn,0.796495640509725,0.8105466130114016
qsar_biodegradation,0.1,0.1,minority_to_majority,tabpfn_distpfn,0.770774647887324,0.7625754527162978
qsar_biodegradation,0.1,0.2,majority_to_minority,tabpfn_distpfn,0.8024480214621059,0.8117035546613011
qsar_biodegradation,0.1,0.2,minority_to_majority,tabpfn_distpfn,0.7708752515090543,0.754476861167002
qsar_biodegradation,0.1,0.3,majority_to_minority,tabpfn_distpfn,0.782511737089202,0.8034372904091214
qsar_biodegradation,0.1,0.3,minority_to_majority,tabpfn_distpfn,0.7567907444668007,0.6875922199865863
qsar_biodegradation,0.2,0.0,clean,tabpfn_distpfn,0.8210596914822267,0.8210596914822267
qsar_biodegradation,0.2,0.05,majority_to_minority,tabpfn_distpfn,0.8468812877263581,0.8480382293762575
qsar_biodegradation,0.2,0.05,minority_to_majority,tabpfn_distpfn,0.8279678068410462,0.8221160295103956
qsar_biodegradation,0.2,0.1,majority_to_minority,tabpfn_distpfn,0.8326961770623743,0.8397048960429242
qsar_biodegradation,0.2,0.1,minority_to_majority,tabpfn_distpfn,0.8234741784037559,0.804728370221328
qsar_biodegradation,0.2,0.2,majority_to_minority,tabpfn_distpfn,0.8186787391012743,0.8431421864520455
qsar_biodegradation,0.2,0.2,minority_to_majority,tabpfn_distpfn,0.781254191817572,0.7567236753856473
qsar_biodegradation,0.2,0.3,majority_to_minority,tabpfn_distpfn,0.8455902079141516,0.8333836351441986
qsar_biodegradation,0.2,0.3,minority_to_majority,tabpfn_distpfn,0.7368544600938968,0.6900067069081154
qsar_biodegradation,0.5,0.0,clean,tabpfn_distpfn,0.8535546613011401,0.8535546613011401
qsar_biodegradation,0.5,0.05,majority_to_minority,tabpfn_distpfn,0.8556673373574782,0.8555667337357478
qsar_biodegradation,0.5,0.05,minority_to_majority,tabpfn_distpfn,0.844131455399061,0.8501173708920188
qsar_biodegradation,0.5,0.1,majority_to_minority,tabpfn_distpfn,0.8604292421193831,0.8637323943661972
qsar_biodegradation,0.5,0.1,minority_to_majority,tabpfn_distpfn,0.8314050972501676,0.8315392354124748
qsar_biodegradation,0.5,0.2,majority_to_minority,tabpfn_distpfn,0.8316230717639169,0.7919684775318578
qsar_biodegradation,0.5,0.2,minority_to_majority,tabpfn_distpfn,0.8151073105298458,0.7754359490274982
qsar_biodegradation,0.5,0.3,majority_to_minority,tabpfn_distpfn,0.7478537894030852,0.5226190476190476
qsar_biodegradation,0.5,0.3,minority_to_majority,tabpfn_distpfn,0.7883970489604293,0.6337357478202549
south_german_credit,0.05,0.0,clean,tabpfn_distpfn,0.5,0.5
south_german_credit,0.05,0.05,majority_to_minority,tabpfn_distpfn,0.5111111111111111,0.5111111111111111
south_german_credit,0.05,0.05,minority_to_majority,tabpfn_distpfn,0.5,0.5
south_german_credit,0.05,0.1,majority_to_minority,tabpfn_distpfn,0.5,0.5
south_german_credit,0.05,0.1,minority_to_majority,tabpfn_distpfn,0.5,0.5
south_german_credit,0.05,0.2,majority_to_minority,tabpfn_distpfn,0.5,0.5
south_german_credit,0.05,0.2,minority_to_majority,tabpfn_distpfn,0.5,0.5
south_german_credit,0.05,0.3,majority_to_minority,tabpfn_distpfn,0.5,0.5
south_german_credit,0.05,0.3,minority_to_majority,tabpfn_distpfn,0.5,0.5
south_german_credit,0.1,0.0,clean,tabpfn_distpfn,0.5055555555555555,0.5055555555555555
south_german_credit,0.1,0.05,majority_to_minority,tabpfn_distpfn,0.5182539682539683,0.5170634920634921
south_german_credit,0.1,0.05,minority_to_majority,tabpfn_distpfn,0.5297619047619048,0.5293650793650794
south_german_credit,0.1,0.1,majority_to_minority,tabpfn_distpfn,0.5031746031746032,0.5075396825396825
south_german_credit,0.1,0.1,minority_to_majority,tabpfn_distpfn,0.5047619047619047,0.4988095238095238
south_german_credit,0.1,0.2,majority_to_minority,tabpfn_distpfn,0.5031746031746032,0.5115079365079366
south_german_credit,0.1,0.2,minority_to_majority,tabpfn_distpfn,0.4988095238095238,0.5
south_german_credit,0.1,0.3,majority_to_minority,tabpfn_distpfn,0.5063492063492063,0.5325396825396825
south_german_credit,0.1,0.3,minority_to_majority,tabpfn_distpfn,0.5,0.5
south_german_credit,0.2,0.0,clean,tabpfn_distpfn,0.596031746031746,0.596031746031746
south_german_credit,0.2,0.05,majority_to_minority,tabpfn_distpfn,0.5932539682539683,0.5944444444444444
south_german_credit,0.2,0.05,minority_to_majority,tabpfn_distpfn,0.5682539682539683,0.5551587301587301
south_german_credit,0.2,0.1,majority_to_minority,tabpfn_distpfn,0.5936507936507937,0.6162698412698413
south_german_credit,0.2,0.1,minority_to_majority,tabpfn_distpfn,0.5305555555555556,0.5107142857142857
south_german_credit,0.2,0.2,majority_to_minority,tabpfn_distpfn,0.5805555555555556,0.6317460317460317
south_german_credit,0.2,0.2,minority_to_majority,tabpfn_distpfn,0.523015873015873,0.5142857142857143
south_german_credit,0.2,0.3,majority_to_minority,tabpfn_distpfn,0.6015873015873016,0.6781746031746031
south_german_credit,0.2,0.3,minority_to_majority,tabpfn_distpfn,0.5075396825396825,0.5027777777777778
south_german_credit,0.5,0.0,clean,tabpfn_distpfn,0.7075396825396826,0.7075396825396826
south_german_credit,0.5,0.05,majority_to_minority,tabpfn_distpfn,0.7075396825396826,0.7091269841269842
south_german_credit,0.5,0.05,minority_to_majority,tabpfn_distpfn,0.6777777777777777,0.6746031746031745
south_german_credit,0.5,0.1,majority_to_minority,tabpfn_distpfn,0.6944444444444445,0.684920634920635
south_german_credit,0.5,0.1,minority_to_majority,tabpfn_distpfn,0.6956349206349207,0.6797619047619049
south_german_credit,0.5,0.2,majority_to_minority,tabpfn_distpfn,0.6932539682539681,0.6456349206349207
south_german_credit,0.5,0.2,minority_to_majority,tabpfn_distpfn,0.6400793650793651,0.5626984126984127
south_german_credit,0.5,0.3,majority_to_minority,tabpfn_distpfn,0.5841269841269842,0.5051587301587301
south_german_credit,0.5,0.3,minority_to_majority,tabpfn_distpfn,0.5638888888888889,0.5115079365079366
spambase,0.05,0.0,clean,tabpfn_distpfn,0.935826989346051,0.935826989346051
spambase,0.05,0.05,majority_to_minority,tabpfn_distpfn,0.9426424558389368,0.9428029068791534
spambase,0.05,0.05,minority_to_majority,tabpfn_distpfn,0.9251286076799272,0.9226724725258448
spambase,0.05,0.1,majority_to_minority,tabpfn_distpfn,0.9387422613229064,0.9407614759520916
spambase,0.05,0.1,minority_to_majority,tabpfn_distpfn,0.9319934437236488,0.929675543311907
spambase,0.05,0.2,majority_to_minority,tabpfn_distpfn,0.92696515497102,0.933116601005164
spambase,0.05,0.2,minority_to_majority,tabpfn_distpfn,0.9220084520671032,0.9141809097820828
spambase,0.05,0.3,majority_to_minority,tabpfn_distpfn,0.925427293462484,0.9337584051660298
spambase,0.05,0.3,minority_to_majority,tabpfn_distpfn,0.8992120619686602,0.8822955853747643
spambase,0.1,0.0,clean,tabpfn_distpfn,0.9504255655282048,0.9504255655282048
spambase,0.1,0.05,majority_to_minority,tabpfn_distpfn,0.9490703713577614,0.9506082328662974
spambase,0.1,0.05,minority_to_majority,tabpfn_distpfn,0.941563731153174,0.941242829072741
spambase,0.1,0.1,majority_to_minority,tabpfn_distpfn,0.9480138629698748,0.9483347650503076
spambase,0.1,0.1,minority_to_majority,tabpfn_distpfn,0.945076374695143,0.9430571600659576
spambase,0.1,0.2,majority_to_minority,tabpfn_distpfn,0.941469929006586,0.9464044156126268
spambase,0.1,0.2,minority_to_majority,tabpfn_distpfn,0.9318774252791848,0.9244868035190617
spambase,0.1,0.3,majority_to_minority,tabpfn_distpfn,0.9419068495314828,0.9469302013290284
spambase,0.1,0.3,minority_to_majority,tabpfn_distpfn,0.9295817411653188,0.9137439892571856
spambase,0.2,0.0,clean,tabpfn_distpfn,0.9576779525459878,0.9576779525459878
spambase,0.2,0.05,majority_to_minority,tabpfn_distpfn,0.9558414052548948,0.956920129940658
spambase,0.2,0.05,minority_to_majority,tabpfn_distpfn,0.9503539796794928,0.9503317633816168
spambase,0.2,0.1,majority_to_minority,tabpfn_distpfn,0.9509957838403584,0.9539110558172142
spambase,0.2,0.1,minority_to_majority,tabpfn_distpfn,0.9444790031300294,0.9393840654837724
spambase,0.2,0.2,majority_to_minority,tabpfn_distpfn,0.9459452787898536,0.9480089260147913
spambase,0.2,0.2,minority_to_majority,tabpfn_distpfn,0.935528303563494,0.92154931524433
spambase,0.2,0.3,majority_to_minority,tabpfn_distpfn,0.9452096724823996,0.9458909722839342
spambase,0.2,0.3,minority_to_majority,tabpfn_distpfn,0.9210901784215568,0.8893430887565786
spambase,0.5,0.0,clean,tabpfn_distpfn,0.9604772060783792,0.9604772060783792
spambase,0.5,0.05,majority_to_minority,tabpfn_distpfn,0.9548293294627604,0.9544146252357396
spambase,0.5,0.05,minority_to_majority,tabpfn_distpfn,0.9481965303079672,0.9439038478627922
spambase,0.5,0.1,majority_to_minority,tabpfn_distpfn,0.9542541741955232,0.9529878452165842
spambase,0.5,0.1,minority_to_majority,tabpfn_distpfn,0.9507464676086376,0.9464093525677102
spambase,0.5,0.2,majority_to_minority,tabpfn_distpfn,0.947749735872903,0.9425511221698906
spambase,0.5,0.2,minority_to_majority,tabpfn_distpfn,0.9348149135539164,0.9112878541031034
spambase,0.5,0.3,majority_to_minority,tabpfn_distpfn,0.921206196866021,0.5128434886499402
spambase,0.5,0.3,minority_to_majority,tabpfn_distpfn,0.9081183289394432,0.6596413795827286
statlog_heart,0.05,0.0,clean,tabpfn_distpfn,0.626388888888889,0.626388888888889
statlog_heart,0.05,0.05,majority_to_minority,tabpfn_distpfn,0.7111111111111111,0.7111111111111111
statlog_heart,0.05,0.05,minority_to_majority,tabpfn_distpfn,0.7333333333333334,0.7333333333333334
statlog_heart,0.05,0.1,majority_to_minority,tabpfn_distpfn,0.6555555555555556,0.6708333333333334
statlog_heart,0.05,0.1,minority_to_majority,tabpfn_distpfn,0.6972222222222223,0.6763888888888889
statlog_heart,0.05,0.2,majority_to_minority,tabpfn_distpfn,0.6458333333333334,0.6666666666666666
statlog_heart,0.05,0.2,minority_to_majority,tabpfn_distpfn,0.6972222222222223,0.6694444444444444
statlog_heart,0.05,0.3,majority_to_minority,tabpfn_distpfn,0.6416666666666667,0.7111111111111111
statlog_heart,0.05,0.3,minority_to_majority,tabpfn_distpfn,0.5763888888888888,0.5416666666666666
statlog_heart,0.1,0.0,clean,tabpfn_distpfn,0.7694444444444445,0.7694444444444445
statlog_heart,0.1,0.05,majority_to_minority,tabpfn_distpfn,0.7166666666666667,0.7305555555555555
statlog_heart,0.1,0.05,minority_to_majority,tabpfn_distpfn,0.7555555555555555,0.7208333333333333
statlog_heart,0.1,0.1,majority_to_minority,tabpfn_distpfn,0.7722222222222221,0.7722222222222221
statlog_heart,0.1,0.1,minority_to_majority,tabpfn_distpfn,0.7722222222222221,0.7652777777777778
statlog_heart,0.1,0.2,majority_to_minority,tabpfn_distpfn,0.7944444444444444,0.7902777777777779
statlog_heart,0.1,0.2,minority_to_majority,tabpfn_distpfn,0.7041666666666666,0.6958333333333333
statlog_heart,0.1,0.3,majority_to_minority,tabpfn_distpfn,0.7666666666666666,0.8097222222222222
statlog_heart,0.1,0.3,minority_to_majority,tabpfn_distpfn,0.6541666666666667,0.638888888888889
statlog_heart,0.2,0.0,clean,tabpfn_distpfn,0.8083333333333332,0.8083333333333332
statlog_heart,0.2,0.05,majority_to_minority,tabpfn_distpfn,0.8319444444444444,0.8388888888888889
statlog_heart,0.2,0.05,minority_to_majority,tabpfn_distpfn,0.7861111111111111,0.7861111111111111
statlog_heart,0.2,0.1,majority_to_minority,tabpfn_distpfn,0.8166666666666668,0.8069444444444445
statlog_heart,0.2,0.1,minority_to_majority,tabpfn_distpfn,0.7458333333333332,0.751388888888889
statlog_heart,0.2,0.2,majority_to_minority,tabpfn_distpfn,0.8055555555555557,0.8402777777777778
statlog_heart,0.2,0.2,minority_to_majority,tabpfn_distpfn,0.7416666666666667,0.7125
statlog_heart,0.2,0.3,majority_to_minority,tabpfn_distpfn,0.7999999999999999,0.8486111111111111
statlog_heart,0.2,0.3,minority_to_majority,tabpfn_distpfn,0.7263888888888889,0.625
statlog_heart,0.5,0.0,clean,tabpfn_distpfn,0.8430555555555556,0.8430555555555556
statlog_heart,0.5,0.05,majority_to_minority,tabpfn_distpfn,0.8361111111111111,0.8388888888888889
statlog_heart,0.5,0.05,minority_to_majority,tabpfn_distpfn,0.8347222222222221,0.8333333333333334
statlog_heart,0.5,0.1,majority_to_minority,tabpfn_distpfn,0.8250000000000001,0.8319444444444444
statlog_heart,0.5,0.1,minority_to_majority,tabpfn_distpfn,0.8055555555555557,0.8013888888888889
statlog_heart,0.5,0.2,majority_to_minority,tabpfn_distpfn,0.7402777777777777,0.6708333333333334
statlog_heart,0.5,0.2,minority_to_majority,tabpfn_distpfn,0.7652777777777778,0.7430555555555557
statlog_heart,0.5,0.3,majority_to_minority,tabpfn_distpfn,0.6722222222222222,0.5375
statlog_heart,0.5,0.3,minority_to_majority,tabpfn_distpfn,0.7541666666666668,0.6694444444444444
banknote_authentication,0.05,0.0,clean,tabpfn_distpfn_t,1.0,1.0
banknote_authentication,0.05,0.05,majority_to_minority,tabpfn_distpfn_t,0.9978213507625272,0.9978213507625272
banknote_authentication,0.05,0.05,minority_to_majority,tabpfn_distpfn_t,0.993169398907104,0.993169398907104
banknote_authentication,0.05,0.1,majority_to_minority,tabpfn_distpfn_t,0.9989106753812635,0.9989106753812635
banknote_authentication,0.05,0.1,minority_to_majority,tabpfn_distpfn_t,0.9972677595628416,0.9972677595628416
banknote_authentication,0.05,0.2,majority_to_minority,tabpfn_distpfn_t,0.9978213507625272,0.994553376906318
banknote_authentication,0.05,0.2,minority_to_majority,tabpfn_distpfn_t,1.0,1.0
banknote_authentication,0.05,0.3,majority_to_minority,tabpfn_distpfn_t,0.9989106753812635,0.9967320261437908
banknote_authentication,0.05,0.3,minority_to_majority,tabpfn_distpfn_t,0.9945355191256832,0.993169398907104
banknote_authentication,0.1,0.0,clean,tabpfn_distpfn_t,1.0,1.0
banknote_authentication,0.1,0.05,majority_to_minority,tabpfn_distpfn_t,1.0,1.0
banknote_authentication,0.1,0.05,minority_to_majority,tabpfn_distpfn_t,1.0,1.0
banknote_authentication,0.1,0.1,majority_to_minority,tabpfn_distpfn_t,0.9978213507625272,0.9956427015250544
banknote_authentication,0.1,0.1,minority_to_majority,tabpfn_distpfn_t,1.0,1.0
banknote_authentication,0.1,0.2,majority_to_minority,tabpfn_distpfn_t,0.994553376906318,0.9923747276688454
banknote_authentication,0.1,0.2,minority_to_majority,tabpfn_distpfn_t,1.0,1.0
banknote_authentication,0.1,0.3,majority_to_minority,tabpfn_distpfn_t,1.0,0.9989106753812635
banknote_authentication,0.1,0.3,minority_to_majority,tabpfn_distpfn_t,1.0,1.0
banknote_authentication,0.2,0.0,clean,tabpfn_distpfn_t,1.0,1.0
banknote_authentication,0.2,0.05,majority_to_minority,tabpfn_distpfn_t,1.0,1.0
banknote_authentication,0.2,0.05,minority_to_majority,tabpfn_distpfn_t,1.0,1.0
banknote_authentication,0.2,0.1,majority_to_minority,tabpfn_distpfn_t,0.9934640522875816,0.9934640522875816
banknote_authentication,0.2,0.1,minority_to_majority,tabpfn_distpfn_t,1.0,1.0
banknote_authentication,0.2,0.2,majority_to_minority,tabpfn_distpfn_t,1.0,1.0
banknote_authentication,0.2,0.2,minority_to_majority,tabpfn_distpfn_t,1.0,1.0
banknote_authentication,0.2,0.3,majority_to_minority,tabpfn_distpfn_t,1.0,0.9978213507625272
banknote_authentication,0.2,0.3,minority_to_majority,tabpfn_distpfn_t,1.0,1.0
banknote_authentication,0.5,0.0,clean,tabpfn_distpfn_t,1.0,1.0
banknote_authentication,0.5,0.05,majority_to_minority,tabpfn_distpfn_t,1.0,1.0
banknote_authentication,0.5,0.05,minority_to_majority,tabpfn_distpfn_t,1.0,1.0
banknote_authentication,0.5,0.1,majority_to_minority,tabpfn_distpfn_t,1.0,1.0
banknote_authentication,0.5,0.1,minority_to_majority,tabpfn_distpfn_t,1.0,1.0
banknote_authentication,0.5,0.2,majority_to_minority,tabpfn_distpfn_t,1.0,0.9978213507625272
banknote_authentication,0.5,0.2,minority_to_majority,tabpfn_distpfn_t,1.0,0.9986338797814208
banknote_authentication,0.5,0.3,majority_to_minority,tabpfn_distpfn_t,0.9847494553376906,0.5740740740740741
banknote_authentication,0.5,0.3,minority_to_majority,tabpfn_distpfn_t,1.0,0.9890710382513662
blood_transfusion,0.05,0.0,clean,tabpfn_distpfn_t,0.5,0.5
blood_transfusion,0.05,0.05,majority_to_minority,tabpfn_distpfn_t,0.5,0.5
blood_transfusion,0.05,0.05,minority_to_majority,tabpfn_distpfn_t,0.5,0.5
blood_transfusion,0.05,0.1,majority_to_minority,tabpfn_distpfn_t,0.5,0.5
blood_transfusion,0.05,0.1,minority_to_majority,tabpfn_distpfn_t,0.5,0.5
blood_transfusion,0.05,0.2,majority_to_minority,tabpfn_distpfn_t,0.5,0.5
blood_transfusion,0.05,0.2,minority_to_majority,tabpfn_distpfn_t,0.5,0.5
blood_transfusion,0.05,0.3,majority_to_minority,tabpfn_distpfn_t,0.5,0.5
blood_transfusion,0.05,0.3,minority_to_majority,tabpfn_distpfn_t,0.5,0.5
blood_transfusion,0.1,0.0,clean,tabpfn_distpfn_t,0.5,0.5
blood_transfusion,0.1,0.05,majority_to_minority,tabpfn_distpfn_t,0.5,0.5
blood_transfusion,0.1,0.05,minority_to_majority,tabpfn_distpfn_t,0.5,0.5
blood_transfusion,0.1,0.1,majority_to_minority,tabpfn_distpfn_t,0.4970760233918128,0.4970760233918128
blood_transfusion,0.1,0.1,minority_to_majority,tabpfn_distpfn_t,0.5,0.5
blood_transfusion,0.1,0.2,majority_to_minority,tabpfn_distpfn_t,0.5017056530214424,0.5065789473684211
blood_transfusion,0.1,0.2,minority_to_majority,tabpfn_distpfn_t,0.5,0.5
blood_transfusion,0.1,0.3,majority_to_minority,tabpfn_distpfn_t,0.5,0.5
blood_transfusion,0.1,0.3,minority_to_majority,tabpfn_distpfn_t,0.5,0.5
blood_transfusion,0.2,0.0,clean,tabpfn_distpfn_t,0.5543372319688109,0.5543372319688109
blood_transfusion,0.2,0.05,majority_to_minority,tabpfn_distpfn_t,0.5862573099415205,0.5865009746588694
blood_transfusion,0.2,0.05,minority_to_majority,tabpfn_distpfn_t,0.537280701754386,0.5355750487329435
blood_transfusion,0.2,0.1,majority_to_minority,tabpfn_distpfn_t,0.5813840155945419,0.5923489278752436
blood_transfusion,0.2,0.1,minority_to_majority,tabpfn_distpfn_t,0.5494639376218323,0.5355750487329435
blood_transfusion,0.2,0.2,majority_to_minority,tabpfn_distpfn_t,0.6003898635477584,0.6293859649122807
blood_transfusion,0.2,0.2,minority_to_majority,tabpfn_distpfn_t,0.5109649122807017,0.5092592592592592
blood_transfusion,0.2,0.3,majority_to_minority,tabpfn_distpfn_t,0.5623781676413255,0.641812865497076
blood_transfusion,0.2,0.3,minority_to_majority,tabpfn_distpfn_t,0.5,0.5
blood_transfusion,0.5,0.0,clean,tabpfn_distpfn_t,0.6776315789473685,0.6776315789473685
blood_transfusion,0.5,0.05,majority_to_minority,tabpfn_distpfn_t,0.6939571150097464,0.6900584795321638
blood_transfusion,0.5,0.05,minority_to_majority,tabpfn_distpfn_t,0.6866471734892787,0.6851851851851851
blood_transfusion,0.5,0.1,majority_to_minority,tabpfn_distpfn_t,0.6864035087719298,0.6671539961013645
blood_transfusion,0.5,0.1,minority_to_majority,tabpfn_distpfn_t,0.6642300194931773,0.6615497076023392
blood_transfusion,0.5,0.2,majority_to_minority,tabpfn_distpfn_t,0.6345029239766081,0.5787037037037037
blood_transfusion,0.5,0.2,minority_to_majority,tabpfn_distpfn_t,0.6683723196881092,0.5716374269005847
blood_transfusion,0.5,0.3,majority_to_minority,tabpfn_distpfn_t,0.5399610136452241,0.5043859649122807
blood_transfusion,0.5,0.3,minority_to_majority,tabpfn_distpfn_t,0.6064814814814815,0.5480019493177387
breast_cancer_wisconsin,0.05,0.0,clean,tabpfn_distpfn_t,0.9176587301587302,0.9176587301587302
breast_cancer_wisconsin,0.05,0.05,majority_to_minority,tabpfn_distpfn_t,0.9646164021164022,0.9646164021164022
breast_cancer_wisconsin,0.05,0.05,minority_to_majority,tabpfn_distpfn_t,0.95271164021164,0.9447751322751324
breast_cancer_wisconsin,0.05,0.1,majority_to_minority,tabpfn_distpfn_t,0.9474206349206348,0.953042328042328
breast_cancer_wisconsin,0.05,0.1,minority_to_majority,tabpfn_distpfn_t,0.9176587301587302,0.9160052910052912
breast_cancer_wisconsin,0.05,0.2,majority_to_minority,tabpfn_distpfn_t,0.958994708994709,0.9576719576719576
breast_cancer_wisconsin,0.05,0.2,minority_to_majority,tabpfn_distpfn_t,0.9328703703703706,0.9034391534391536
breast_cancer_wisconsin,0.05,0.3,majority_to_minority,tabpfn_distpfn_t,0.9708994708994708,0.9603174603174603
breast_cancer_wisconsin,0.05,0.3,minority_to_majority,tabpfn_distpfn_t,0.8802910052910052,0.8627645502645502
breast_cancer_wisconsin,0.1,0.0,clean,tabpfn_distpfn_t,0.951058201058201,0.951058201058201
breast_cancer_wisconsin,0.1,0.05,majority_to_minority,tabpfn_distpfn_t,0.956679894179894,0.9606481481481484
breast_cancer_wisconsin,0.1,0.05,minority_to_majority,tabpfn_distpfn_t,0.9543650793650794,0.956679894179894
breast_cancer_wisconsin,0.1,0.1,majority_to_minority,tabpfn_distpfn_t,0.9636243386243386,0.9715608465608464
breast_cancer_wisconsin,0.1,0.1,minority_to_majority,tabpfn_distpfn_t,0.9619708994708996,0.9642857142857144
breast_cancer_wisconsin,0.1,0.2,majority_to_minority,tabpfn_distpfn_t,0.9669312169312168,0.9599867724867724
breast_cancer_wisconsin,0.1,0.2,minority_to_majority,tabpfn_distpfn_t,0.9216269841269842,0.916005291005291
breast_cancer_wisconsin,0.1,0.3,majority_to_minority,tabpfn_distpfn_t,0.9748677248677248,0.9563492063492064
breast_cancer_wisconsin,0.1,0.3,minority_to_majority,tabpfn_distpfn_t,0.9080687830687828,0.8723544973544973
breast_cancer_wisconsin,0.2,0.0,clean,tabpfn_distpfn_t,0.9738756613756614,0.9738756613756614
breast_cancer_wisconsin,0.2,0.05,majority_to_minority,tabpfn_distpfn_t,0.984126984126984,0.984126984126984
breast_cancer_wisconsin,0.2,0.05,minority_to_majority,tabpfn_distpfn_t,0.9437830687830688,0.9437830687830688
breast_cancer_wisconsin,0.2,0.1,majority_to_minority,tabpfn_distpfn_t,0.9692460317460316,0.9669312169312168
breast_cancer_wisconsin,0.2,0.1,minority_to_majority,tabpfn_distpfn_t,0.9136904761904764,0.9120370370370372
breast_cancer_wisconsin,0.2,0.2,majority_to_minority,tabpfn_distpfn_t,0.9623015873015872,0.9656084656084656
breast_cancer_wisconsin,0.2,0.2,minority_to_majority,tabpfn_distpfn_t,0.9143518518518516,0.9007936507936508
breast_cancer_wisconsin,0.2,0.3,majority_to_minority,tabpfn_distpfn_t,0.9606481481481484,0.9510582010582008
breast_cancer_wisconsin,0.2,0.3,minority_to_majority,tabpfn_distpfn_t,0.873015873015873,0.8373015873015873
breast_cancer_wisconsin,0.5,0.0,clean,tabpfn_distpfn_t,0.9675925925925926,0.9675925925925926
breast_cancer_wisconsin,0.5,0.05,majority_to_minority,tabpfn_distpfn_t,0.955026455026455,0.955026455026455
breast_cancer_wisconsin,0.5,0.05,minority_to_majority,tabpfn_distpfn_t,0.9470899470899472,0.9517195767195769
breast_cancer_wisconsin,0.5,0.1,majority_to_minority,tabpfn_distpfn_t,0.9623015873015872,0.960978835978836
breast_cancer_wisconsin,0.5,0.1,minority_to_majority,tabpfn_distpfn_t,0.9540343915343916,0.9484126984126984
breast_cancer_wisconsin,0.5,0.2,majority_to_minority,tabpfn_distpfn_t,0.9593253968253967,0.9441137566137566
breast_cancer_wisconsin,0.5,0.2,minority_to_majority,tabpfn_distpfn_t,0.9325396825396824,0.9087301587301588
breast_cancer_wisconsin,0.5,0.3,majority_to_minority,tabpfn_distpfn_t,0.9355158730158728,0.5654761904761905
breast_cancer_wisconsin,0.5,0.3,minority_to_majority,tabpfn_distpfn_t,0.906415343915344,0.7976190476190478
haberman_survival,0.05,0.0,clean,tabpfn_distpfn_t,0.5,0.5
haberman_survival,0.05,0.05,majority_to_minority,tabpfn_distpfn_t,0.5,0.5
haberman_survival,0.05,0.05,minority_to_majority,tabpfn_distpfn_t,0.5,0.5
haberman_survival,0.05,0.1,majority_to_minority,tabpfn_distpfn_t,0.5,0.5
haberman_survival,0.05,0.1,minority_to_majority,tabpfn_distpfn_t,0.5,0.5
haberman_survival,0.05,0.2,majority_to_minority,tabpfn_distpfn_t,0.5,0.5
haberman_survival,0.05,0.2,minority_to_majority,tabpfn_distpfn_t,0.5,0.5
haberman_survival,0.05,0.3,majority_to_minority,tabpfn_distpfn_t,0.5,0.5
haberman_survival,0.05,0.3,minority_to_majority,tabpfn_distpfn_t,0.5,0.5
haberman_survival,0.1,0.0,clean,tabpfn_distpfn_t,0.5,0.5
haberman_survival,0.1,0.05,majority_to_minority,tabpfn_distpfn_t,0.5,0.5
haberman_survival,0.1,0.05,minority_to_majority,tabpfn_distpfn_t,0.5,0.5
haberman_survival,0.1,0.1,majority_to_minority,tabpfn_distpfn_t,0.5104166666666666,0.5104166666666666
haberman_survival,0.1,0.1,minority_to_majority,tabpfn_distpfn_t,0.5,0.5
haberman_survival,0.1,0.2,majority_to_minority,tabpfn_distpfn_t,0.5,0.4963768115942029
haberman_survival,0.1,0.2,minority_to_majority,tabpfn_distpfn_t,0.5,0.5
haberman_survival,0.1,0.3,majority_to_minority,tabpfn_distpfn_t,0.5104166666666666,0.5104166666666666
haberman_survival,0.1,0.3,minority_to_majority,tabpfn_distpfn_t,0.5,0.5
haberman_survival,0.2,0.0,clean,tabpfn_distpfn_t,0.5344202898550724,0.5344202898550724
haberman_survival,0.2,0.05,majority_to_minority,tabpfn_distpfn_t,0.5,0.5
haberman_survival,0.2,0.05,minority_to_majority,tabpfn_distpfn_t,0.5208333333333334,0.5208333333333334
haberman_survival,0.2,0.1,majority_to_minority,tabpfn_distpfn_t,0.53125,0.5380434782608695
haberman_survival,0.2,0.1,minority_to_majority,tabpfn_distpfn_t,0.5,0.5
haberman_survival,0.2,0.2,majority_to_minority,tabpfn_distpfn_t,0.5688405797101449,0.5683876811594203
haberman_survival,0.2,0.2,minority_to_majority,tabpfn_distpfn_t,0.5,0.5
haberman_survival,0.2,0.3,majority_to_minority,tabpfn_distpfn_t,0.4963768115942029,0.5851449275362319
haberman_survival,0.2,0.3,minority_to_majority,tabpfn_distpfn_t,0.5,0.5
haberman_survival,0.5,0.0,clean,tabpfn_distpfn_t,0.6870471014492754,0.6870471014492754
haberman_survival,0.5,0.05,majority_to_minority,tabpfn_distpfn_t,0.6182065217391305,0.6490036231884059
haberman_survival,0.5,0.05,minority_to_majority,tabpfn_distpfn_t,0.6553442028985508,0.6698369565217391
haberman_survival,0.5,0.1,majority_to_minority,tabpfn_distpfn_t,0.6585144927536232,0.6535326086956522
haberman_survival,0.5,0.1,minority_to_majority,tabpfn_distpfn_t,0.6490036231884058,0.5982789855072463
haberman_survival,0.5,0.2,majority_to_minority,tabpfn_distpfn_t,0.6317934782608696,0.5135869565217391
haberman_survival,0.5,0.2,minority_to_majority,tabpfn_distpfn_t,0.6191123188405797,0.5403079710144928
haberman_survival,0.5,0.3,majority_to_minority,tabpfn_distpfn_t,0.4968297101449275,0.5
haberman_survival,0.5,0.3,minority_to_majority,tabpfn_distpfn_t,0.5104166666666666,0.5
htru2,0.05,0.0,clean,tabpfn_distpfn_t,0.8981558565585656,0.8981558565585656
htru2,0.05,0.05,majority_to_minority,tabpfn_distpfn_t,0.9078059530595306,0.9090740907409076
htru2,0.05,0.05,minority_to_majority,tabpfn_distpfn_t,0.899018365183652,0.8976477264772648
htru2,0.05,0.1,majority_to_minority,tabpfn_distpfn_t,0.9011021360213602,0.902980904809048
htru2,0.05,0.1,minority_to_majority,tabpfn_distpfn_t,0.8881001310013099,0.883070080700807
htru2,0.05,0.2,majority_to_minority,tabpfn_distpfn_t,0.9002352523525236,0.9051628016280164
htru2,0.05,0.2,minority_to_majority,tabpfn_distpfn_t,0.8809863098630987,0.8477572275722757
htru2,0.05,0.3,majority_to_minority,tabpfn_distpfn_t,0.9154279042790427,0.9181135561355614
htru2,0.05,0.3,minority_to_majority,tabpfn_distpfn_t,0.6892250172501725,0.6096535965359654
htru2,0.1,0.0,clean,tabpfn_distpfn_t,0.91050035500355,0.91050035500355
htru2,0.1,0.05,majority_to_minority,tabpfn_distpfn_t,0.9067940679406794,0.907810328103281
htru2,0.1,0.05,minority_to_majority,tabpfn_distpfn_t,0.907959704597046,0.9064865648656486
htru2,0.1,0.1,majority_to_minority,tabpfn_distpfn_t,0.9108034830348304,0.914257892578926
htru2,0.1,0.1,minority_to_majority,tabpfn_distpfn_t,0.9039459144591446,0.9009483844838448
htru2,0.1,0.2,majority_to_minority,tabpfn_distpfn_t,0.915829158291583,0.9217217172171722
htru2,0.1,0.2,minority_to_majority,tabpfn_distpfn_t,0.8566985669856698,0.8190500655006551
htru2,0.1,0.3,majority_to_minority,tabpfn_distpfn_t,0.919129816298163,0.9257780077800778
htru2,0.1,0.3,minority_to_majority,tabpfn_distpfn_t,0.5673762987629877,0.5157007820078201
htru2,0.2,0.0,clean,tabpfn_distpfn_t,0.9244629946299462,0.9244629946299462
htru2,0.2,0.05,majority_to_minority,tabpfn_distpfn_t,0.919279192791928,0.9197360723607236
htru2,0.2,0.05,minority_to_majority,tabpfn_distpfn_t,0.9224348493484934,0.9204535795357952
htru2,0.2,0.1,majority_to_minority,tabpfn_distpfn_t,0.92719989699897,0.928519285192852
htru2,0.2,0.1,minority_to_majority,tabpfn_distpfn_t,0.9169991699916998,0.91710167101671
htru2,0.2,0.2,majority_to_minority,tabpfn_distpfn_t,0.927558650586506,0.9293305433054332
htru2,0.2,0.2,minority_to_majority,tabpfn_distpfn_t,0.8962214622146222,0.8929208042080421
htru2,0.2,0.3,majority_to_minority,tabpfn_distpfn_t,0.9332418324183244,0.9359743597435974
htru2,0.2,0.3,minority_to_majority,tabpfn_distpfn_t,0.5213414634146342,0.5208333333333334
htru2,0.5,0.0,clean,tabpfn_distpfn_t,0.9381987569875698,0.9381987569875698
htru2,0.5,0.05,majority_to_minority,tabpfn_distpfn_t,0.940581280812808,0.9403762787627876
htru2,0.5,0.05,minority_to_majority,tabpfn_distpfn_t,0.9390187651876518,0.9386131361313612
htru2,0.5,0.1,majority_to_minority,tabpfn_distpfn_t,0.9408287832878328,0.941430664306643
htru2,0.5,0.1,minority_to_majority,tabpfn_distpfn_t,0.9350049750497504,0.9348555985559855
htru2,0.5,0.2,majority_to_minority,tabpfn_distpfn_t,0.9414262892628926,0.94169879198792
htru2,0.5,0.2,minority_to_majority,tabpfn_distpfn_t,0.9237923629236292,0.9167385423854238
htru2,0.5,0.3,majority_to_minority,tabpfn_distpfn_t,0.9423225482254824,0.8434028090280902
htru2,0.5,0.3,minority_to_majority,tabpfn_distpfn_t,0.5300778007780078,0.5
ionosphere,0.05,0.0,clean,tabpfn_distpfn_t,0.8860869565217392,0.8860869565217392
ionosphere,0.05,0.05,majority_to_minority,tabpfn_distpfn_t,0.8710144927536231,0.8710144927536231
ionosphere,0.05,0.05,minority_to_majority,tabpfn_distpfn_t,0.836376811594203,0.836376811594203
ionosphere,0.05,0.1,majority_to_minority,tabpfn_distpfn_t,0.8927536231884058,0.8957971014492753
ionosphere,0.05,0.1,minority_to_majority,tabpfn_distpfn_t,0.8321739130434782,0.8255072463768115
ionosphere,0.05,0.2,majority_to_minority,tabpfn_distpfn_t,0.8521739130434783,0.8679710144927536
ionosphere,0.05,0.2,minority_to_majority,tabpfn_distpfn_t,0.8763768115942029,0.8430434782608694
ionosphere,0.05,0.3,majority_to_minority,tabpfn_distpfn_t,0.8515942028985508,0.8765217391304349
ionosphere,0.05,0.3,minority_to_majority,tabpfn_distpfn_t,0.7630434782608696,0.7066666666666667
ionosphere,0.1,0.0,clean,tabpfn_distpfn_t,0.8691304347826087,0.8691304347826087
ionosphere,0.1,0.05,majority_to_minority,tabpfn_distpfn_t,0.9291304347826088,0.9255072463768116
ionosphere,0.1,0.05,minority_to_majority,tabpfn_distpfn_t,0.898840579710145,0.8957971014492755
ionosphere,0.1,0.1,majority_to_minority,tabpfn_distpfn_t,0.946086956521739,0.9449275362318842
ionosphere,0.1,0.1,minority_to_majority,tabpfn_distpfn_t,0.8897101449275362,0.8830434782608695
ionosphere,0.1,0.2,majority_to_minority,tabpfn_distpfn_t,0.9321739130434784,0.9207246376811592
ionosphere,0.1,0.2,minority_to_majority,tabpfn_distpfn_t,0.9133333333333334,0.8866666666666667
ionosphere,0.1,0.3,majority_to_minority,tabpfn_distpfn_t,0.8963768115942029,0.9049275362318842
ionosphere,0.1,0.3,minority_to_majority,tabpfn_distpfn_t,0.816376811594203,0.7830434782608696
ionosphere,0.2,0.0,clean,tabpfn_distpfn_t,0.9394202898550724,0.9394202898550724
ionosphere,0.2,0.05,majority_to_minority,tabpfn_distpfn_t,0.9297101449275362,0.9260869565217392
ionosphere,0.2,0.05,minority_to_majority,tabpfn_distpfn_t,0.9121739130434784,0.9091304347826088
ionosphere,0.2,0.1,majority_to_minority,tabpfn_distpfn_t,0.938840579710145,0.9485507246376812
ionosphere,0.2,0.1,minority_to_majority,tabpfn_distpfn_t,0.8927536231884058,0.9
ionosphere,0.2,0.2,majority_to_minority,tabpfn_distpfn_t,0.9115942028985508,0.9207246376811594
ionosphere,0.2,0.2,minority_to_majority,tabpfn_distpfn_t,0.8994202898550725,0.8763768115942029
ionosphere,0.2,0.3,majority_to_minority,tabpfn_distpfn_t,0.9079710144927536,0.8989855072463769
ionosphere,0.2,0.3,minority_to_majority,tabpfn_distpfn_t,0.8466666666666667,0.7999999999999999
ionosphere,0.5,0.0,clean,tabpfn_distpfn_t,0.9497101449275362,0.9497101449275362
ionosphere,0.5,0.05,majority_to_minority,tabpfn_distpfn_t,0.9352173913043478,0.9279710144927537
ionosphere,0.5,0.05,minority_to_majority,tabpfn_distpfn_t,0.9230434782608696,0.9230434782608696
ionosphere,0.5,0.1,majority_to_minority,tabpfn_distpfn_t,0.9394202898550724,0.9455072463768116
ionosphere,0.5,0.1,minority_to_majority,tabpfn_distpfn_t,0.8933333333333334,0.88
ionosphere,0.5,0.2,majority_to_minority,tabpfn_distpfn_t,0.8947826086956522,0.8821739130434784
ionosphere,0.5,0.2,minority_to_majority,tabpfn_distpfn_t,0.86,0.8133333333333334
ionosphere,0.5,0.3,majority_to_minority,tabpfn_distpfn_t,0.8833333333333334,0.5253623188405797
ionosphere,0.5,0.3,minority_to_majority,tabpfn_distpfn_t,0.7866666666666666,0.7066666666666667
qsar_biodegradation,0.05,0.0,clean,tabpfn_distpfn_t,0.8082997987927566,0.8082997987927566
qsar_biodegradation,0.05,0.05,majority_to_minority,tabpfn_distpfn_t,0.7494466800804829,0.7506036217303823
qsar_biodegradation,0.05,0.05,minority_to_majority,tabpfn_distpfn_t,0.7437961099932932,0.732092555331992
qsar_biodegradation,0.05,0.1,majority_to_minority,tabpfn_distpfn_t,0.7239268947015426,0.7380114017437961
qsar_biodegradation,0.05,0.1,minority_to_majority,tabpfn_distpfn_t,0.7039570757880617,0.6864017437961101
qsar_biodegradation,0.05,0.2,majority_to_minority,tabpfn_distpfn_t,0.7016431924882629,0.7319584171696848
qsar_biodegradation,0.05,0.2,minority_to_majority,tabpfn_distpfn_t,0.648943661971831,0.5926727028839706
qsar_biodegradation,0.05,0.3,majority_to_minority,tabpfn_distpfn_t,0.7262072434607646,0.7764587525150906
qsar_biodegradation,0.05,0.3,minority_to_majority,tabpfn_distpfn_t,0.7204560697518444,0.6642186452045608
qsar_biodegradation,0.1,0.0,clean,tabpfn_distpfn_t,0.8256874580818243,0.8256874580818243
qsar_biodegradation,0.1,0.05,majority_to_minority,tabpfn_distpfn_t,0.8234406438631791,0.8234071093226022
qsar_biodegradation,0.1,0.05,minority_to_majority,tabpfn_distpfn_t,0.8094567404426559,0.8071428571428573
qsar_biodegradation,0.1,0.1,majority_to_minority,tabpfn_distpfn_t,0.8163648558014754,0.8233065057008719
qsar_biodegradation,0.1,0.1,minority_to_majority,tabpfn_distpfn_t,0.7918678739101274,0.7754359490274982
qsar_biodegradation,0.1,0.2,majority_to_minority,tabpfn_distpfn_t,0.8093226022803487,0.823138832997988
qsar_biodegradation,0.1,0.2,minority_to_majority,tabpfn_distpfn_t,0.7753688799463446,0.7697183098591549
qsar_biodegradation,0.1,0.3,majority_to_minority,tabpfn_distpfn_t,0.7988095238095237,0.823138832997988
qsar_biodegradation,0.1,0.3,minority_to_majority,tabpfn_distpfn_t,0.7695841716968478,0.7063715627095909
qsar_biodegradation,0.2,0.0,clean,tabpfn_distpfn_t,0.8256539235412474,0.8256539235412474
qsar_biodegradation,0.2,0.05,majority_to_minority,tabpfn_distpfn_t,0.8443997317236752,0.8479040912139504
qsar_biodegradation,0.2,0.05,minority_to_majority,tabpfn_distpfn_t,0.8325285043594902,0.8267102615694165
qsar_biodegradation,0.2,0.1,majority_to_minority,tabpfn_distpfn_t,0.8443661971830986,0.8477364185110664
qsar_biodegradation,0.2,0.1,minority_to_majority,tabpfn_distpfn_t,0.8257209926224011,0.8258215962441314
qsar_biodegradation,0.2,0.2,majority_to_minority,tabpfn_distpfn_t,0.8314721663313213,0.8370892018779342
qsar_biodegradation,0.2,0.2,minority_to_majority,tabpfn_distpfn_t,0.7988095238095237,0.7754359490274982
qsar_biodegradation,0.2,0.3,majority_to_minority,tabpfn_distpfn_t,0.8431757209926224,0.8284540576794098
qsar_biodegradation,0.2,0.3,minority_to_majority,tabpfn_distpfn_t,0.7544097920858484,0.7099429912810195
qsar_biodegradation,0.5,0.0,clean,tabpfn_distpfn_t,0.8535211267605635,0.8535211267605635
qsar_biodegradation,0.5,0.05,majority_to_minority,tabpfn_distpfn_t,0.8567907444668008,0.850804828973843
qsar_biodegradation,0.5,0.05,minority_to_majority,tabpfn_distpfn_t,0.8476022803487592,0.8476358148893359
qsar_biodegradation,0.5,0.1,majority_to_minority,tabpfn_distpfn_t,0.863933601609658,0.862541918175721
qsar_biodegradation,0.5,0.1,minority_to_majority,tabpfn_distpfn_t,0.8419181757209927,0.824362843729041
qsar_biodegradation,0.5,0.2,majority_to_minority,tabpfn_distpfn_t,0.8246478873239437,0.8086686787391013
qsar_biodegradation,0.5,0.2,minority_to_majority,tabpfn_distpfn_t,0.8338195841716969,0.7906103286384977
qsar_biodegradation,0.5,0.3,majority_to_minority,tabpfn_distpfn_t,0.7932930918846411,0.5500335345405768
qsar_biodegradation,0.5,0.3,minority_to_majority,tabpfn_distpfn_t,0.815241448692153,0.7110999329309188
south_german_credit,0.05,0.0,clean,tabpfn_distpfn_t,0.5,0.5
south_german_credit,0.05,0.05,majority_to_minority,tabpfn_distpfn_t,0.5027777777777778,0.5027777777777778
south_german_credit,0.05,0.05,minority_to_majority,tabpfn_distpfn_t,0.5,0.5
south_german_credit,0.05,0.1,majority_to_minority,tabpfn_distpfn_t,0.5,0.5
south_german_credit,0.05,0.1,minority_to_majority,tabpfn_distpfn_t,0.5,0.5
south_german_credit,0.05,0.2,majority_to_minority,tabpfn_distpfn_t,0.5,0.5
south_german_credit,0.05,0.2,minority_to_majority,tabpfn_distpfn_t,0.5,0.5
south_german_credit,0.05,0.3,majority_to_minority,tabpfn_distpfn_t,0.5,0.5
south_german_credit,0.05,0.3,minority_to_majority,tabpfn_distpfn_t,0.5,0.5
south_german_credit,0.1,0.0,clean,tabpfn_distpfn_t,0.5055555555555555,0.5055555555555555
south_german_credit,0.1,0.05,majority_to_minority,tabpfn_distpfn_t,0.5154761904761905,0.5182539682539683
south_german_credit,0.1,0.05,minority_to_majority,tabpfn_distpfn_t,0.5210317460317461,0.5154761904761905
south_german_credit,0.1,0.1,majority_to_minority,tabpfn_distpfn_t,0.4976190476190476,0.5047619047619047
south_german_credit,0.1,0.1,minority_to_majority,tabpfn_distpfn_t,0.5,0.5
south_german_credit,0.1,0.2,majority_to_minority,tabpfn_distpfn_t,0.5031746031746032,0.5115079365079366
south_german_credit,0.1,0.2,minority_to_majority,tabpfn_distpfn_t,0.5,0.5
south_german_credit,0.1,0.3,majority_to_minority,tabpfn_distpfn_t,0.5055555555555555,0.5357142857142857
south_german_credit,0.1,0.3,minority_to_majority,tabpfn_distpfn_t,0.5,0.5
south_german_credit,0.2,0.0,clean,tabpfn_distpfn_t,0.5968253968253968,0.5968253968253968
south_german_credit,0.2,0.05,majority_to_minority,tabpfn_distpfn_t,0.6119047619047618,0.6178571428571429
south_german_credit,0.2,0.05,minority_to_majority,tabpfn_distpfn_t,0.582936507936508,0.5702380952380952
south_german_credit,0.2,0.1,majority_to_minority,tabpfn_distpfn_t,0.6134920634920634,0.6285714285714286
south_german_credit,0.2,0.1,minority_to_majority,tabpfn_distpfn_t,0.5587301587301587,0.5361111111111111
south_german_credit,0.2,0.2,majority_to_minority,tabpfn_distpfn_t,0.601984126984127,0.6392857142857143
south_german_credit,0.2,0.2,minority_to_majority,tabpfn_distpfn_t,0.5424603174603174,0.511904761904762
south_german_credit,0.2,0.3,majority_to_minority,tabpfn_distpfn_t,0.6265873015873016,0.6972222222222223
south_german_credit,0.2,0.3,minority_to_majority,tabpfn_distpfn_t,0.5075396825396825,0.5015873015873016
south_german_credit,0.5,0.0,clean,tabpfn_distpfn_t,0.7142857142857143,0.7142857142857143
south_german_credit,0.5,0.05,majority_to_minority,tabpfn_distpfn_t,0.7075396825396826,0.709920634920635
south_german_credit,0.5,0.05,minority_to_majority,tabpfn_distpfn_t,0.6781746031746031,0.6761904761904761
south_german_credit,0.5,0.1,majority_to_minority,tabpfn_distpfn_t,0.6944444444444445,0.684920634920635
south_german_credit,0.5,0.1,minority_to_majority,tabpfn_distpfn_t,0.6865079365079364,0.6912698412698411
south_german_credit,0.5,0.2,majority_to_minority,tabpfn_distpfn_t,0.6948412698412699,0.655952380952381
south_german_credit,0.5,0.2,minority_to_majority,tabpfn_distpfn_t,0.6678571428571428,0.5972222222222222
south_german_credit,0.5,0.3,majority_to_minority,tabpfn_distpfn_t,0.6246031746031746,0.5134920634920636
south_german_credit,0.5,0.3,minority_to_majority,tabpfn_distpfn_t,0.6051587301587301,0.5285714285714286
spambase,0.05,0.0,clean,tabpfn_distpfn_t,0.9412872616684934,0.9412872616684934
spambase,0.05,0.05,majority_to_minority,tabpfn_distpfn_t,0.942913988368534,0.9446123009172864
spambase,0.05,0.05,minority_to_majority,tabpfn_distpfn_t,0.9319440741728132,0.9302457616240608
spambase,0.05,0.1,majority_to_minority,tabpfn_distpfn_t,0.9433064762976788,0.9428917720706576
spambase,0.05,0.1,minority_to_majority,tabpfn_distpfn_t,0.9414254964108336,0.9395667328218648
spambase,0.05,0.2,majority_to_minority,tabpfn_distpfn_t,0.9365132261026688,0.9347877603009568
spambase,0.05,0.2,minority_to_majority,tabpfn_distpfn_t,0.935434501416906,0.9321538947638656
spambase,0.05,0.3,majority_to_minority,tabpfn_distpfn_t,0.9339188562062464,0.9378634833180288
spambase,0.05,0.3,minority_to_majority,tabpfn_distpfn_t,0.919088243135164,0.8998316498316498
spambase,0.1,0.0,clean,tabpfn_distpfn_t,0.952765682237823,0.952765682237823
spambase,0.1,0.05,majority_to_minority,tabpfn_distpfn_t,0.9532470353584722,0.951454920663132
spambase,0.1,0.05,minority_to_majority,tabpfn_distpfn_t,0.9459008461941012,0.9460390809364416
spambase,0.1,0.1,majority_to_minority,tabpfn_distpfn_t,0.9487000997264926,0.9487445323222448
spambase,0.1,0.1,minority_to_majority,tabpfn_distpfn_t,0.9511118022848228,0.948932136615421
spambase,0.1,0.2,majority_to_minority,tabpfn_distpfn_t,0.9465648666528432,0.9509686305873988
spambase,0.1,0.2,minority_to_majority,tabpfn_distpfn_t,0.9389471449588752,0.9332548357475045
spambase,0.1,0.3,majority_to_minority,tabpfn_distpfn_t,0.9458070440475131,0.9494529853767392
spambase,0.1,0.3,minority_to_majority,tabpfn_distpfn_t,0.9371772465614108,0.9274242917937934
spambase,0.2,0.0,clean,tabpfn_distpfn_t,0.960018069255606,0.960018069255606
spambase,0.2,0.05,majority_to_minority,tabpfn_distpfn_t,0.957700168843864,0.9571027972787504
spambase,0.2,0.05,minority_to_majority,tabpfn_distpfn_t,0.9525114290510184,0.9525114290510184
spambase,0.2,0.1,majority_to_minority,tabpfn_distpfn_t,0.9545306436802038,0.9544368415336156
spambase,0.2,0.1,minority_to_majority,tabpfn_distpfn_t,0.9474609240005134,0.9458786298962252
spambase,0.2,0.2,majority_to_minority,tabpfn_distpfn_t,0.9470462197734923,0.945962558132646
spambase,0.2,0.2,minority_to_majority,tabpfn_distpfn_t,0.9412428290727411,0.9332326194496284
spambase,0.2,0.3,majority_to_minority,tabpfn_distpfn_t,0.9484458465396882,0.9436841533615726
spambase,0.2,0.3,minority_to_majority,tabpfn_distpfn_t,0.9361478914264838,0.9065138185372787
spambase,0.5,0.0,clean,tabpfn_distpfn_t,0.9611190102392448,0.9611190102392448
spambase,0.5,0.05,majority_to_minority,tabpfn_distpfn_t,0.9540937231553068,0.9550342130987292
spambase,0.5,0.05,minority_to_majority,tabpfn_distpfn_t,0.9512722533250394,0.9488161181709568
spambase,0.5,0.1,majority_to_minority,tabpfn_distpfn_t,0.9539554884129664,0.9522522389091304
spambase,0.5,0.1,minority_to_majority,tabpfn_distpfn_t,0.952787898535699,0.9496677429228748
spambase,0.5,0.2,majority_to_minority,tabpfn_distpfn_t,0.9481866563978002,0.9443210205673548
spambase,0.5,0.2,minority_to_majority,tabpfn_distpfn_t,0.939290263337184,0.9251063913820512
spambase,0.5,0.3,majority_to_minority,tabpfn_distpfn_t,0.9309739624988892,0.5307646356033452
spambase,0.5,0.3,minority_to_majority,tabpfn_distpfn_t,0.92455345241269,0.8666849334004759
statlog_heart,0.05,0.0,clean,tabpfn_distpfn_t,0.6402777777777778,0.6402777777777778
statlog_heart,0.05,0.05,majority_to_minority,tabpfn_distpfn_t,0.7138888888888889,0.7138888888888889
statlog_heart,0.05,0.05,minority_to_majority,tabpfn_distpfn_t,0.7430555555555557,0.7430555555555557
statlog_heart,0.05,0.1,majority_to_minority,tabpfn_distpfn_t,0.6652777777777777,0.6597222222222222
statlog_heart,0.05,0.1,minority_to_majority,tabpfn_distpfn_t,0.6986111111111111,0.6694444444444444
statlog_heart,0.05,0.2,majority_to_minority,tabpfn_distpfn_t,0.6666666666666666,0.6888888888888888
statlog_heart,0.05,0.2,minority_to_majority,tabpfn_distpfn_t,0.6944444444444445,0.6722222222222222
statlog_heart,0.05,0.3,majority_to_minority,tabpfn_distpfn_t,0.6194444444444445,0.7055555555555556
statlog_heart,0.05,0.3,minority_to_majority,tabpfn_distpfn_t,0.5625,0.5416666666666666
statlog_heart,0.1,0.0,clean,tabpfn_distpfn_t,0.7736111111111111,0.7736111111111111
statlog_heart,0.1,0.05,majority_to_minority,tabpfn_distpfn_t,0.7652777777777778,0.7791666666666668
statlog_heart,0.1,0.05,minority_to_majority,tabpfn_distpfn_t,0.7847222222222223,0.7777777777777777
statlog_heart,0.1,0.1,majority_to_minority,tabpfn_distpfn_t,0.7736111111111111,0.7805555555555556
statlog_heart,0.1,0.1,minority_to_majority,tabpfn_distpfn_t,0.7819444444444444,0.775
statlog_heart,0.1,0.2,majority_to_minority,tabpfn_distpfn_t,0.7916666666666666,0.826388888888889
statlog_heart,0.1,0.2,minority_to_majority,tabpfn_distpfn_t,0.7138888888888889,0.6916666666666668
statlog_heart,0.1,0.3,majority_to_minority,tabpfn_distpfn_t,0.775,0.8625000000000002
statlog_heart,0.1,0.3,minority_to_majority,tabpfn_distpfn_t,0.6541666666666667,0.6194444444444445
statlog_heart,0.2,0.0,clean,tabpfn_distpfn_t,0.7999999999999999,0.7999999999999999
statlog_heart,0.2,0.05,majority_to_minority,tabpfn_distpfn_t,0.8402777777777777,0.8402777777777777
statlog_heart,0.2,0.05,minority_to_majority,tabpfn_distpfn_t,0.8013888888888889,0.7944444444444444
statlog_heart,0.2,0.1,majority_to_minority,tabpfn_distpfn_t,0.8069444444444445,0.8291666666666666
statlog_heart,0.2,0.1,minority_to_majority,tabpfn_distpfn_t,0.7666666666666666,0.7527777777777778
statlog_heart,0.2,0.2,majority_to_minority,tabpfn_distpfn_t,0.826388888888889,0.8361111111111111
statlog_heart,0.2,0.2,minority_to_majority,tabpfn_distpfn_t,0.75,0.7347222222222222
statlog_heart,0.2,0.3,majority_to_minority,tabpfn_distpfn_t,0.7986111111111112,0.8208333333333333
statlog_heart,0.2,0.3,minority_to_majority,tabpfn_distpfn_t,0.7625000000000001,0.6569444444444444
statlog_heart,0.5,0.0,clean,tabpfn_distpfn_t,0.8430555555555556,0.8430555555555556
statlog_heart,0.5,0.05,majority_to_minority,tabpfn_distpfn_t,0.8291666666666666,0.8513888888888889
statlog_heart,0.5,0.05,minority_to_majority,tabpfn_distpfn_t,0.8347222222222221,0.8388888888888889
statlog_heart,0.5,0.1,majority_to_minority,tabpfn_distpfn_t,0.8305555555555556,0.8263888888888888
statlog_heart,0.5,0.1,minority_to_majority,tabpfn_distpfn_t,0.8055555555555557,0.8027777777777777
statlog_heart,0.5,0.2,majority_to_minority,tabpfn_distpfn_t,0.7444444444444445,0.6986111111111111
statlog_heart,0.5,0.2,minority_to_majority,tabpfn_distpfn_t,0.7805555555555556,0.7708333333333334
statlog_heart,0.5,0.3,majority_to_minority,tabpfn_distpfn_t,0.7152777777777778,0.5819444444444445
statlog_heart,0.5,0.3,minority_to_majority,tabpfn_distpfn_t,0.75,0.6986111111111111
