dataset,seed,r,c,direction,realized_c,method,prior_mode,balanced_accuracy,worst_class_recall,auprc,macro_f1,minority_precision,minority_recall,auroc,brier,log_loss,ece
banknote_authentication,13,0.5,0.0,clean,0.0,xgb_none,n/a,1.0,1.0,1.0,1.0,1.0,1.0,1.0,0.0011315342271700501,0.012068849056959152,0.011393057094378906
banknote_authentication,13,0.5,0.0,clean,0.0,xgb_weighted,n/a,1.0,1.0,1.0,1.0,1.0,1.0,1.0,0.001113001024350524,0.011915399692952633,0.011249101192436436
banknote_authentication,13,0.5,0.0,clean,0.0,xgb_ros,n/a,1.0,1.0,1.0,1.0,1.0,1.0,1.0,0.0009157776948995888,0.011228647083044052,0.010697382825680755
banknote_authentication,13,0.5,0.0,clean,0.0,xgb_smote,n/a,1.0,1.0,1.0,1.0,1.0,1.0,1.0,0.0010495593305677176,0.011658326722681522,0.011032802665775472
banknote_authentication,13,0.5,0.0,clean,0.0,tabpfn_none,n/a,1.0,1.0,1.0,1.0,1.0,1.0,1.0,2.3629917467182793e-10,1.3770959412795492e-05,1.3815095236085737e-05
banknote_authentication,13,0.5,0.0,clean,0.0,tabpfn_threshold,observed,1.0,1.0,1.0,1.0,1.0,1.0,1.0,2.3629917467182793e-10,1.3770959412795492e-05,1.3815095236085737e-05
banknote_authentication,13,0.5,0.0,clean,0.0,tabpfn_threshold,oracle,1.0,1.0,1.0,1.0,1.0,1.0,1.0,2.3629917467182793e-10,1.3770959412795492e-05,1.3815095236085737e-05
banknote_authentication,13,0.5,0.0,clean,0.0,tabpfn_distpfn,observed,1.0,1.0,1.0,1.0,1.0,1.0,1.0,5.907206591932841e-19,2.360859841890259e-10,2.3608583821945163e-10
banknote_authentication,13,0.5,0.0,clean,0.0,tabpfn_distpfn,oracle,1.0,1.0,1.0,1.0,1.0,1.0,1.0,5.907206591932841e-19,2.360859841890259e-10,2.3608583821945163e-10
banknote_authentication,13,0.5,0.0,clean,0.0,tabpfn_distpfn_t,observed,1.0,1.0,1.0,1.0,1.0,1.0,1.0,1.3192304546975005e-11,3.252506846577493e-06,3.2525002502576357e-06
banknote_authentication,13,0.5,0.0,clean,0.0,tabpfn_distpfn_t,oracle,1.0,1.0,1.0,1.0,1.0,1.0,1.0,1.3192304546975005e-11,3.252506846577493e-06,3.2525002502576357e-06
banknote_authentication,13,0.5,0.0,clean,0.0,tabpfn_downsample,n/a,1.0,1.0,1.0,1.0,1.0,1.0,1.0,4.602199732417489e-10,1.441133463231381e-05,1.4485432230602866e-05
banknote_authentication,13,0.5,0.05,majority_to_minority,0.050445103857566766,xgb_none,n/a,0.9836601307189543,0.9673202614379085,0.9998677948175568,0.9816541915168981,0.9606299212598425,1.0,0.9998928533161899,0.011797187849879265,0.04633105918765068,0.03107030920007012
banknote_authentication,13,0.5,0.05,majority_to_minority,0.050445103857566766,xgb_weighted,n/a,0.9869281045751634,0.9738562091503268,0.9998661737490797,0.9853129673146763,0.9682539682539683,1.0,0.9998928533161899,0.011552998796105385,0.046057745814323425,0.029798915332013908
banknote_authentication,13,0.5,0.05,majority_to_minority,0.050445103857566766,xgb_ros,n/a,0.9869281045751634,0.9738562091503268,0.9996683509498246,0.9853129673146763,0.9682539682539683,1.0,0.9997321332904747,0.012164879590272903,0.0480978861451149,0.03009345914491198
banknote_authentication,13,0.5,0.05,majority_to_minority,0.050445103857566766,xgb_smote,n/a,0.9836601307189543,0.9673202614379085,0.999800608577299,0.9816541915168981,0.9606299212598425,1.0,0.9998392799742848,0.011791695840656757,0.04579823091626167,0.029822798974134708
banknote_authentication,13,0.5,0.05,majority_to_minority,0.050445103857566766,tabpfn_none,n/a,1.0,1.0,1.0000000000000002,1.0,1.0,1.0,1.0,0.001961972564458847,0.027538936585187912,0.026386843703009866
banknote_authentication,13,0.5,0.05,majority_to_minority,0.050445103857566766,tabpfn_threshold,observed,1.0,1.0,1.0000000000000002,1.0,1.0,1.0,1.0,0.001961972564458847,0.027538936585187912,0.026386843703009866
banknote_authentication,13,0.5,0.05,majority_to_minority,0.050445103857566766,tabpfn_threshold,oracle,1.0,1.0,1.0000000000000002,1.0,1.0,1.0,1.0,0.001961972564458847,0.027538936585187912,0.026386843703009866
banknote_authentication,13,0.5,0.05,majority_to_minority,0.050445103857566766,tabpfn_distpfn,observed,1.0,1.0,1.0000000000000002,1.0,1.0,1.0,1.0,0.00041967766922432854,0.002820534960348639,0.0025482135504753412
banknote_authentication,13,0.5,0.05,majority_to_minority,0.050445103857566766,tabpfn_distpfn,oracle,1.0,1.0,1.0000000000000002,1.0,1.0,1.0,1.0,0.00048250459206234064,0.0031033988005946126,0.0027832404295914815
banknote_authentication,13,0.5,0.05,majority_to_minority,0.050445103857566766,tabpfn_distpfn_t,observed,1.0,1.0,1.0000000000000002,1.0,1.0,1.0,1.0,0.0005704831609588727,0.008620790038131513,0.008259616491760324
banknote_authentication,13,0.5,0.05,majority_to_minority,0.050445103857566766,tabpfn_distpfn_t,oracle,1.0,1.0,1.0000000000000002,1.0,1.0,1.0,1.0,0.0006406338536438166,0.008908485110861949,0.008493390095488083
banknote_authentication,13,0.5,0.05,minority_to_majority,0.05,xgb_none,n/a,0.9713114754098361,0.9426229508196722,1.0,0.9740499588843505,1.0,0.9426229508196722,1.0,0.016967860981822014,0.059977348893880844,0.04157616730948741
banknote_authentication,13,0.5,0.05,minority_to_majority,0.05,xgb_weighted,n/a,0.9713114754098361,0.9426229508196722,1.0,0.9740499588843505,1.0,0.9426229508196722,1.0,0.01654879003763199,0.058444999158382416,0.040280895600603384
banknote_authentication,13,0.5,0.05,minority_to_majority,0.05,xgb_ros,n/a,0.9713114754098361,0.9426229508196722,1.0,0.9740499588843505,1.0,0.9426229508196722,1.0,0.016710562631487846,0.05771353840827942,0.04249830835244873
banknote_authentication,13,0.5,0.05,minority_to_majority,0.05,xgb_smote,n/a,0.9713114754098361,0.9426229508196722,1.0,0.9740499588843505,1.0,0.9426229508196722,1.0,0.020394721999764442,0.06707631796598434,0.044071406286887146
banknote_authentication,13,0.5,0.05,minority_to_majority,0.05,tabpfn_none,n/a,1.0,1.0,1.0,1.0,1.0,1.0,1.0,0.0007210355252027512,0.017390470951795578,0.017018162930683256
banknote_authentication,13,0.5,0.05,minority_to_majority,0.05,tabpfn_threshold,observed,1.0,1.0,1.0,1.0,1.0,1.0,1.0,0.0007210355252027512,0.017390470951795578,0.017018162930683256
banknote_authentication,13,0.5,0.05,minority_to_majority,0.05,tabpfn_threshold,oracle,1.0,1.0,1.0,1.0,1.0,1.0,1.0,0.0007210355252027512,0.017390470951795578,0.017018162930683256
banknote_authentication,13,0.5,0.05,minority_to_majority,0.05,tabpfn_distpfn,observed,1.0,1.0,1.0,1.0,1.0,1.0,1.0,1.8239663352463678e-06,0.0007160933133160633,0.0007151790045576947
banknote_authentication,13,0.5,0.05,minority_to_majority,0.05,tabpfn_distpfn,oracle,1.0,1.0,1.0,1.0,1.0,1.0,1.0,2.225725467931621e-06,0.0007912402900919006,0.0007901242924623485
banknote_authentication,13,0.5,0.05,minority_to_majority,0.05,tabpfn_distpfn_t,observed,1.0,1.0,1.0,1.0,1.0,1.0,1.0,5.494051233722057e-05,0.004645476341524288,0.004617751140473975
banknote_authentication,13,0.5,0.05,minority_to_majority,0.05,tabpfn_distpfn_t,oracle,1.0,1.0,1.0,1.0,1.0,1.0,1.0,5.697694021566688e-05,0.0047223313827378325,0.004693571918707836
banknote_authentication,13,0.5,0.05,minority_to_majority,0.05,tabpfn_downsample,n/a,1.0,1.0,1.0,1.0,1.0,1.0,1.0,0.0005201628664508462,0.014698264189064503,0.014430642783964604
banknote_authentication,13,0.5,0.1,majority_to_minority,0.10112359550561797,xgb_none,n/a,0.9869281045751634,0.9738562091503268,0.9995956810569071,0.9853129673146763,0.9682539682539683,1.0,0.9996785599485696,0.015642991289496422,0.06819077581167221,0.045015759197148404
banknote_authentication,13,0.5,0.1,majority_to_minority,0.10112359550561797,xgb_weighted,n/a,0.9901960784313726,0.9803921568627451,0.999531836304787,0.9889766304565679,0.976,1.0,0.9996249866066644,0.014205865561962128,0.06389139592647552,0.04315325590697203
banknote_authentication,13,0.5,0.1,majority_to_minority,0.10112359550561797,xgb_ros,n/a,0.9836601307189543,0.9673202614379085,0.9994646593188323,0.9816541915168981,0.9606299212598425,1.0,0.9995714132647594,0.016339633613824844,0.06871158629655838,0.04539920500733635
banknote_authentication,13,0.5,0.1,majority_to_minority,0.10112359550561797,xgb_smote,n/a,0.9901960784313726,0.9803921568627451,0.999531836304787,0.9889766304565679,0.976,1.0,0.9996249866066645,0.013177726417779922,0.05921198055148125,0.038035646717656725
banknote_authentication,13,0.5,0.1,majority_to_minority,0.10112359550561797,tabpfn_none,n/a,1.0,1.0,1.0,1.0,1.0,1.0,1.0,0.00514830369502306,0.05603723227977753,0.05328186744993383
banknote_authentication,13,0.5,0.1,majority_to_minority,0.10112359550561797,tabpfn_threshold,observed,1.0,1.0,1.0,1.0,1.0,1.0,1.0,0.00514830369502306,0.05603723227977753,0.05328186744993383
banknote_authentication,13,0.5,0.1,majority_to_minority,0.10112359550561797,tabpfn_threshold,oracle,1.0,1.0,1.0,1.0,1.0,1.0,1.0,0.00514830369502306,0.05603723227977753,0.05328186744993383
banknote_authentication,13,0.5,0.1,majority_to_minority,0.10112359550561797,tabpfn_distpfn,observed,1.0,1.0,1.0,1.0,1.0,1.0,1.0,4.796870324990613e-05,0.005040644994382831,0.005016487338814355
banknote_authentication,13,0.5,0.1,majority_to_minority,0.10112359550561797,tabpfn_distpfn,oracle,1.0,1.0,1.0,1.0,1.0,1.0,1.0,7.490765855051572e-05,0.006308412469110494,0.006270620306798686
banknote_authentication,13,0.5,0.1,majority_to_minority,0.10112359550561797,tabpfn_distpfn_t,observed,1.0,1.0,1.0,1.0,1.0,1.0,1.0,0.0004967050344769926,0.016738677020092615,0.016485091938507834
banknote_authentication,13,0.5,0.1,majority_to_minority,0.10112359550561797,tabpfn_distpfn_t,oracle,1.0,1.0,1.0,1.0,1.0,1.0,1.0,0.0005834292240424583,0.01814821047617542,0.01784979074047721
banknote_authentication,13,0.5,0.1,minority_to_majority,0.1,xgb_none,n/a,0.9713114754098361,0.9426229508196722,1.0,0.9740499588843505,1.0,0.9426229508196722,1.0,0.020503848791122437,0.07280273735523224,0.055665087252855294
banknote_authentication,13,0.5,0.1,minority_to_majority,0.1,xgb_weighted,n/a,0.9713114754098361,0.9426229508196722,1.0,0.9740499588843505,1.0,0.9426229508196722,1.0,0.0190445426851511,0.06817321479320526,0.05245519153096459
banknote_authentication,13,0.5,0.1,minority_to_majority,0.1,xgb_ros,n/a,0.959016393442623,0.9180327868852459,0.9999333599893376,0.962809693822352,1.0,0.9180327868852459,0.9999464266580949,0.023325229063630104,0.07775107771158218,0.05446584887125275
banknote_authentication,13,0.5,0.1,minority_to_majority,0.1,xgb_smote,n/a,0.9713114754098361,0.9426229508196722,1.0,0.9740499588843505,1.0,0.9426229508196722,1.0,0.020088493824005127,0.07071257382631302,0.053164856623519545
banknote_authentication,13,0.5,0.1,minority_to_majority,0.1,tabpfn_none,n/a,1.0,1.0,1.0,1.0,1.0,1.0,1.0,0.0034945309162139893,0.040231987833976746,0.038361438840405424
banknote_authentication,13,0.5,0.1,minority_to_majority,0.1,tabpfn_threshold,observed,1.0,1.0,1.0,1.0,1.0,1.0,1.0,0.0034945309162139893,0.040231987833976746,0.038361438840405424
banknote_authentication,13,0.5,0.1,minority_to_majority,0.1,tabpfn_threshold,oracle,1.0,1.0,1.0,1.0,1.0,1.0,1.0,0.0034945309162139893,0.040231987833976746,0.038361438840405424
banknote_authentication,13,0.5,0.1,minority_to_majority,0.1,tabpfn_distpfn,observed,1.0,1.0,1.0,1.0,1.0,1.0,1.0,3.8511091230900924e-05,0.003490534124167269,0.0034710426256885896
banknote_authentication,13,0.5,0.1,minority_to_majority,0.1,tabpfn_distpfn,oracle,1.0,1.0,1.0,1.0,1.0,1.0,1.0,5.70409159618436e-05,0.004259729599829306,0.004230784437376173
banknote_authentication,13,0.5,0.1,minority_to_majority,0.1,tabpfn_distpfn_t,observed,1.0,1.0,1.0,1.0,1.0,1.0,1.0,0.000345984199637887,0.011963497031567068,0.011786476169276633
banknote_authentication,13,0.5,0.1,minority_to_majority,0.1,tabpfn_distpfn_t,oracle,1.0,1.0,1.0,1.0,1.0,1.0,1.0,0.00040008380243388954,0.012815912156166417,0.01261073184395256
banknote_authentication,13,0.5,0.1,minority_to_majority,0.1,tabpfn_downsample,n/a,1.0,1.0,1.0,1.0,1.0,1.0,1.0,0.002210803097113967,0.03212233632802963,0.03095951275216728
banknote_authentication,13,0.5,0.2,majority_to_minority,0.2,xgb_none,n/a,0.9183006535947713,0.8366013071895425,0.9998677948175568,0.9090476127478866,0.8299319727891157,1.0,0.9998928533161898,0.061783336102962494,0.19453462958335876,0.12366730867461725
banknote_authentication,13,0.5,0.2,majority_to_minority,0.2,xgb_weighted,n/a,0.9379084967320261,0.8758169934640523,0.9999333599893376,0.9307772817000305,0.8652482269503546,1.0,0.999946426658095,0.04925593361258507,0.16203340888023376,0.10855113831433383
banknote_authentication,13,0.5,0.2,majority_to_minority,0.2,xgb_ros,n/a,0.9313725490196079,0.8627450980392157,0.9999333599893376,0.9235352532274081,0.8531468531468531,1.0,0.9999464266580949,0.05081368610262871,0.16521130502223969,0.10779307265173306
banknote_authentication,13,0.5,0.2,majority_to_minority,0.2,xgb_smote,n/a,0.9509803921568627,0.9019607843137255,0.9996772944365561,0.9452692751661824,0.8905109489051095,1.0,0.9997321332904747,0.041815996170043945,0.14170807600021362,0.09014356710694053
banknote_authentication,13,0.5,0.2,majority_to_minority,0.2,tabpfn_none,n/a,1.0,1.0,1.0,1.0,1.0,1.0,1.0,0.03063937835395336,0.14813071489334106,0.12983917691490868
banknote_authentication,13,0.5,0.2,majority_to_minority,0.2,tabpfn_threshold,observed,1.0,1.0,1.0,1.0,1.0,1.0,1.0,0.03063937835395336,0.14813071489334106,0.12983917691490868
banknote_authentication,13,0.5,0.2,majority_to_minority,0.2,tabpfn_threshold,oracle,1.0,1.0,1.0,1.0,1.0,1.0,1.0,0.03063937835395336,0.14813071489334106,0.12983917691490868
banknote_authentication,13,0.5,0.2,majority_to_minority,0.2,tabpfn_distpfn,observed,1.0,1.0,1.0,1.0,1.0,1.0,1.0,0.0016991253746786344,0.03092346669229672,0.03003910203098198
banknote_authentication,13,0.5,0.2,majority_to_minority,0.2,tabpfn_distpfn,oracle,1.0,1.0,1.0,1.0,1.0,1.0,1.0,0.004364087440294924,0.05053144223242918,0.048202613035592284
banknote_authentication,13,0.5,0.2,majority_to_minority,0.2,tabpfn_distpfn_t,observed,1.0,1.0,1.0,1.0,1.0,1.0,1.0,0.004667418781246851,0.05287132182174883,0.05037960141706993
banknote_authentication,13,0.5,0.2,majority_to_minority,0.2,tabpfn_distpfn_t,oracle,1.0,1.0,1.0,1.0,1.0,1.0,1.0,0.008927026978026772,0.07446107772138522,0.0695648149811631
banknote_authentication,13,0.5,0.2,minority_to_majority,0.2,xgb_none,n/a,0.9631147540983607,0.9262295081967213,1.0,0.9665653495440729,1.0,0.9262295081967213,1.0,0.02427864819765091,0.08981171250343323,0.06665176213295622
banknote_authentication,13,0.5,0.2,minority_to_majority,0.2,xgb_weighted,n/a,0.9713114754098361,0.9426229508196722,1.0,0.9740499588843505,1.0,0.9426229508196722,1.0,0.019964512437582016,0.07621823996305466,0.057045276723802094
banknote_authentication,13,0.5,0.2,minority_to_majority,0.2,xgb_ros,n/a,0.9795081967213115,0.9590163934426229,1.0,0.9815011637449718,1.0,0.9590163934426229,1.0,0.019147921353578568,0.07608788460493088,0.05196013472974301
banknote_authentication,13,0.5,0.2,minority_to_majority,0.2,xgb_smote,n/a,0.9754098360655737,0.9508196721311475,1.0,0.9777795733678086,1.0,0.9508196721311475,1.0,0.019131628796458244,0.07189403474330902,0.05473752511834557
banknote_authentication,13,0.5,0.2,minority_to_majority,0.2,tabpfn_none,n/a,1.0,1.0,1.0,1.0,1.0,1.0,1.0,0.014093773439526558,0.08643364906311035,0.0783843776670057
banknote_authentication,13,0.5,0.2,minority_to_majority,0.2,tabpfn_threshold,observed,1.0,1.0,1.0,1.0,1.0,1.0,1.0,0.014093773439526558,0.08643364906311035,0.0783843776670057
banknote_authentication,13,0.5,0.2,minority_to_majority,0.2,tabpfn_threshold,oracle,1.0,1.0,1.0,1.0,1.0,1.0,1.0,0.014093773439526558,0.08643364906311035,0.0783843776670057
banknote_authentication,13,0.5,0.2,minority_to_majority,0.2,tabpfn_distpfn,observed,1.0,1.0,1.0,1.0,1.0,1.0,1.0,0.0004621332407324222,0.013840293994034528,0.013603203493120719
banknote_authentication,13,0.5,0.2,minority_to_majority,0.2,tabpfn_distpfn,oracle,1.0,1.0,1.0,1.0,1.0,1.0,1.0,0.0010006785735773706,0.020574421201069847,0.02005472297042815
banknote_authentication,13,0.5,0.2,minority_to_majority,0.2,tabpfn_distpfn_t,observed,1.0,1.0,1.0,1.0,1.0,1.0,1.0,0.00182959398079422,0.028887701755371507,0.02792886767380346
banknote_authentication,13,0.5,0.2,minority_to_majority,0.2,tabpfn_distpfn_t,oracle,1.0,1.0,1.0,1.0,1.0,1.0,1.0,0.00288019035841382,0.03645498463544722,0.03492558574585146
banknote_authentication,13,0.5,0.2,minority_to_majority,0.2,tabpfn_downsample,n/a,1.0,1.0,1.0,1.0,1.0,1.0,1.0,0.005108392331749201,0.050194151699543,0.04743845948523482
banknote_authentication,13,0.5,0.3,majority_to_minority,0.29978118161925604,xgb_none,n/a,0.7581699346405228,0.5163398692810458,0.9941415502357007,0.7241650401214488,0.6224489795918368,1.0,0.9948033858352084,0.18601156771183014,0.5533069968223572,0.26581915178082205
banknote_authentication,13,0.5,0.3,majority_to_minority,0.29978118161925604,xgb_weighted,n/a,0.8300653594771241,0.6601307189542484,0.995862410161238,0.8097999574377528,0.7011494252873564,1.0,0.9964105860923603,0.13022640347480774,0.3832976818084717,0.21304160020568153
banknote_authentication,13,0.5,0.3,majority_to_minority,0.29978118161925604,xgb_ros,n/a,0.8202614379084967,0.6405228758169934,0.9935052967962207,0.798465002864795,0.6892655367231638,1.0,0.9942140790742527,0.15189674496650696,0.46556368470191956,0.2270916190472516
banknote_authentication,13,0.5,0.3,majority_to_minority,0.29978118161925604,xgb_smote,n/a,0.8562091503267975,0.7124183006535948,0.9977165337645457,0.8396416454622562,0.7349397590361446,1.0,0.9981249330333227,0.12436703592538834,0.37981095910072327,0.19115238040685656
banknote_authentication,13,0.5,0.3,majority_to_minority,0.29978118161925604,tabpfn_none,n/a,0.9640522875816994,0.9281045751633987,1.0,0.9597873047524095,0.9172932330827067,1.0,1.0,0.10501811653375626,0.3162675201892853,0.2395421832258051
banknote_authentication,13,0.5,0.3,majority_to_minority,0.29978118161925604,tabpfn_threshold,observed,1.0,1.0,1.0,1.0,1.0,1.0,1.0,0.10501811653375626,0.3162675201892853,0.2395421832258051
banknote_authentication,13,0.5,0.3,majority_to_minority,0.29978118161925604,tabpfn_threshold,oracle,0.9640522875816994,0.9281045751633987,1.0,0.9597873047524095,0.9172932330827067,1.0,1.0,0.10501811653375626,0.3162675201892853,0.2395421832258051
banknote_authentication,13,0.5,0.3,majority_to_minority,0.29978118161925604,tabpfn_distpfn,observed,0.9934640522875817,0.9869281045751634,1.0,0.992645485665383,0.9838709677419355,1.0,1.0,0.024495792733116965,0.12422420404999736,0.10909333203105795
banknote_authentication,13,0.5,0.3,majority_to_minority,0.29978118161925604,tabpfn_distpfn,oracle,0.9640522875816994,0.9281045751633987,1.0,0.9597873047524095,0.9172932330827067,1.0,1.0,0.08174252488050252,0.2650296312876896,0.20545183677362397
banknote_authentication,13,0.5,0.3,majority_to_minority,0.29978118161925604,tabpfn_distpfn_t,observed,0.9967320261437909,0.9934640522875817,1.0,0.9963198394111743,0.991869918699187,1.0,1.0,0.027304929582245223,0.13486187660883886,0.11819075445035856
banknote_authentication,13,0.5,0.3,majority_to_minority,0.29978118161925604,tabpfn_distpfn_t,oracle,0.9640522875816994,0.9281045751633987,1.0,0.9597873047524095,0.9172932330827067,1.0,1.0,0.08760840240862804,0.27847062805386485,0.214933931517369
banknote_authentication,13,0.5,0.3,minority_to_majority,0.3,xgb_none,n/a,0.860655737704918,0.7213114754098361,0.9991535635745702,0.8690476190476191,1.0,0.7213114754098361,0.9993035465552341,0.08060012757778168,0.2402607649564743,0.1296389062482525
banknote_authentication,13,0.5,0.3,minority_to_majority,0.3,xgb_weighted,n/a,0.8770491803278688,0.7540983606557377,0.999213081178179,0.8852636849132176,1.0,0.7540983606557377,0.9993571198971392,0.07112891227006912,0.21011319756507874,0.11486535306681286
banknote_authentication,13,0.5,0.3,minority_to_majority,0.3,xgb_ros,n/a,0.8729508196721312,0.7459016393442623,0.9996022571687578,0.8812359816664577,1.0,0.7459016393442623,0.9996785599485696,0.07357139140367508,0.2175978124141693,0.11790655223483389
banknote_authentication,13,0.5,0.3,minority_to_majority,0.3,xgb_smote,n/a,0.8729508196721312,0.7459016393442623,0.9988510910541278,0.8812359816664577,1.0,0.7459016393442623,0.9990356798457087,0.06796454638242722,0.20508967339992523,0.11090840532359753
banknote_authentication,13,0.5,0.3,minority_to_majority,0.3,tabpfn_none,n/a,1.0,1.0,1.0,1.0,1.0,1.0,0.9999999999999999,0.03666731342673302,0.14828726649284363,0.12499489377183305
banknote_authentication,13,0.5,0.3,minority_to_majority,0.3,tabpfn_threshold,observed,1.0,1.0,1.0,1.0,1.0,1.0,0.9999999999999999,0.03666731342673302,0.14828726649284363,0.12499489377183305
banknote_authentication,13,0.5,0.3,minority_to_majority,0.3,tabpfn_threshold,oracle,1.0,1.0,1.0,1.0,1.0,1.0,0.9999999999999999,0.03666731342673302,0.14828726649284363,0.12499489377183305
banknote_authentication,13,0.5,0.3,minority_to_majority,0.3,tabpfn_distpfn,observed,1.0,1.0,1.0,1.0,1.0,1.0,0.9999999999999999,0.004092586358055255,0.039376789861345164,0.03708802803122621
banknote_authentication,13,0.5,0.3,minority_to_majority,0.3,tabpfn_distpfn,oracle,1.0,1.0,1.0,1.0,1.0,1.0,0.9999999999999999,0.011216417180247759,0.0697318698520733,0.06304109717585346
banknote_authentication,13,0.5,0.3,minority_to_majority,0.3,tabpfn_distpfn_t,observed,1.0,1.0,1.0,1.0,1.0,1.0,0.9999999999999999,0.007094002755336238,0.05650656661901084,0.0525244627330802
banknote_authentication,13,0.5,0.3,minority_to_majority,0.3,tabpfn_distpfn_t,oracle,1.0,1.0,1.0,1.0,1.0,1.0,0.9999999999999999,0.01626896967307941,0.089214047887312,0.07944019184246073
banknote_authentication,13,0.5,0.3,minority_to_majority,0.3,tabpfn_downsample,n/a,1.0,1.0,1.0,1.0,1.0,1.0,1.0,0.012475632131099701,0.08131880313158035,0.07427537443486719
banknote_authentication,13,0.2,0.0,clean,0.0,xgb_none,n/a,0.9959016393442623,0.9918032786885246,1.0,0.9963137223361618,1.0,0.9918032786885246,1.0,0.008135086856782436,0.03192824125289917,0.025963209909810263
banknote_authentication,13,0.2,0.0,clean,0.0,xgb_weighted,n/a,0.9918032786885246,0.9836065573770492,1.0,0.9926210153482882,1.0,0.9836065573770492,1.0,0.003953872714191675,0.018284616991877556,0.015541273338550871
banknote_authentication,13,0.2,0.0,clean,0.0,xgb_ros,n/a,0.9959016393442623,0.9918032786885246,1.0,0.9963137223361618,1.0,0.9918032786885246,1.0,0.0028307659085839987,0.015246202237904072,0.013273167774419892
banknote_authentication,13,0.2,0.0,clean,0.0,xgb_smote,n/a,1.0,1.0,1.0,1.0,1.0,1.0,1.0,0.0031650050077587366,0.016423488035798073,0.014375608224760403
banknote_authentication,13,0.2,0.0,clean,0.0,tabpfn_none,n/a,1.0,1.0,1.0,1.0,1.0,1.0,1.0,1.8598385054247046e-07,5.689960380550474e-05,5.6844073379496964e-05
banknote_authentication,13,0.2,0.0,clean,0.0,tabpfn_threshold,observed,1.0,1.0,1.0,1.0,1.0,1.0,1.0,1.8598385054247046e-07,5.689960380550474e-05,5.6844073379496964e-05
banknote_authentication,13,0.2,0.0,clean,0.0,tabpfn_threshold,oracle,1.0,1.0,1.0,1.0,1.0,1.0,1.0,1.8598385054247046e-07,5.689960380550474e-05,5.6844073379496964e-05
banknote_authentication,13,0.2,0.0,clean,0.0,tabpfn_distpfn,observed,1.0,1.0,1.0,1.0,1.0,1.0,1.0,4.3317556913704424e-13,5.342878157160414e-08,5.342856497050091e-08
banknote_authentication,13,0.2,0.0,clean,0.0,tabpfn_distpfn,oracle,1.0,1.0,1.0,1.0,1.0,1.0,1.0,4.3317556913704424e-13,5.342878157160414e-08,5.342856497050091e-08
banknote_authentication,13,0.2,0.0,clean,0.0,tabpfn_distpfn_t,observed,1.0,1.0,1.0,1.0,1.0,1.0,1.0,3.379261798162385e-09,6.805027014871295e-06,6.8033365046132205e-06
banknote_authentication,13,0.2,0.0,clean,0.0,tabpfn_distpfn_t,oracle,1.0,1.0,1.0,1.0,1.0,1.0,1.0,3.379261798162385e-09,6.805027014871295e-06,6.8033365046132205e-06
banknote_authentication,13,0.2,0.0,clean,0.0,tabpfn_downsample,n/a,1.0,1.0,1.0,1.0,1.0,1.0,1.0,9.589813271304592e-05,0.0010202693520113826,0.0009682986887690442
banknote_authentication,13,0.2,0.05,majority_to_minority,0.05185185185185185,xgb_none,n/a,0.9959016393442623,0.9918032786885246,0.9994368664747841,0.9963137223361618,1.0,0.9918032786885246,0.9995178399228544,0.009490697644650936,0.04237033426761627,0.023999880167909642
banknote_authentication,13,0.2,0.05,majority_to_minority,0.05185185185185185,xgb_weighted,n/a,0.9926336654880532,0.9918032786885246,0.9996157786885246,0.9926336654880532,0.9918032786885246,0.9918032786885246,0.9996785599485696,0.005793328862637281,0.02637668140232563,0.016856083399192853
banknote_authentication,13,0.2,0.05,majority_to_minority,0.05185185185185185,xgb_ros,n/a,0.9959016393442623,0.9918032786885246,0.9996772944365561,0.9963137223361618,1.0,0.9918032786885246,0.9997321332904746,0.0053759245201945305,0.0258216243237257,0.015705405907197434
banknote_authentication,13,0.2,0.05,majority_to_minority,0.05185185185185185,xgb_smote,n/a,0.9926336654880532,0.9918032786885246,0.9994368664747841,0.9926336654880532,0.9918032786885246,0.9918032786885246,0.9995178399228545,0.007449555676430464,0.030252428725361824,0.018307488452304493
banknote_authentication,13,0.2,0.05,majority_to_minority,0.05185185185185185,tabpfn_none,n/a,1.0,1.0,1.0,1.0,1.0,1.0,1.0,8.749918197281659e-05,0.0055455658584833145,0.005500492934476246
banknote_authentication,13,0.2,0.05,majority_to_minority,0.05185185185185185,tabpfn_threshold,observed,1.0,1.0,1.0,1.0,1.0,1.0,1.0,8.749918197281659e-05,0.0055455658584833145,0.005500492934476246
banknote_authentication,13,0.2,0.05,majority_to_minority,0.05185185185185185,tabpfn_threshold,oracle,1.0,1.0,1.0,1.0,1.0,1.0,1.0,8.749918197281659e-05,0.0055455658584833145,0.005500492934476246
banknote_authentication,13,0.2,0.05,majority_to_minority,0.05185185185185185,tabpfn_distpfn,observed,1.0,1.0,1.0,1.0,1.0,1.0,1.0,5.662285454599031e-06,0.0003544190945033644,0.0003515142492280462
banknote_authentication,13,0.2,0.05,majority_to_minority,0.05185185185185185,tabpfn_distpfn,oracle,1.0,1.0,1.0,1.0,1.0,1.0,1.0,6.440136137948037e-06,0.0003787336179962142,0.00037542398876215137
banknote_authentication,13,0.2,0.05,majority_to_minority,0.05185185185185185,tabpfn_distpfn_t,observed,1.0,1.0,1.0,1.0,1.0,1.0,1.0,6.0520638973130336e-06,0.0005488160181171038,0.0005457129258441102
banknote_authentication,13,0.2,0.05,majority_to_minority,0.05185185185185185,tabpfn_distpfn_t,oracle,1.0,1.0,1.0,1.0,1.0,1.0,1.0,6.18254645222031e-06,0.0004984835253283257,0.0004953107058162852
banknote_authentication,13,0.2,0.05,majority_to_minority,0.05185185185185185,tabpfn_downsample,n/a,1.0,1.0,1.0,1.0,1.0,1.0,1.0,0.0009256230550818145,0.023079516366124153,0.022603379298340193
banknote_authentication,13,0.2,0.05,minority_to_majority,0.046875,xgb_none,n/a,0.9795081967213115,0.9590163934426229,1.0,0.9815011637449718,1.0,0.9590163934426229,1.0,0.014144625514745712,0.05292142555117607,0.04118112882937897
banknote_authentication,13,0.2,0.05,minority_to_majority,0.046875,xgb_weighted,n/a,0.9836065573770492,0.9672131147540983,1.0,0.9852150537634408,1.0,0.9672131147540983,1.0,0.00772031769156456,0.03092232532799244,0.02470529270612381
banknote_authentication,13,0.2,0.05,minority_to_majority,0.046875,xgb_ros,n/a,0.9877049180327868,0.9754098360655737,1.0,0.9889215646779197,1.0,0.9754098360655737,1.0,0.006525058299303055,0.02896242029964924,0.023826602285897187
banknote_authentication,13,0.2,0.05,minority_to_majority,0.046875,xgb_smote,n/a,0.9959016393442623,0.9918032786885246,1.0,0.9963137223361618,1.0,0.9918032786885246,1.0,0.0036126538179814816,0.020736681297421455,0.0182297414905307
banknote_authentication,13,0.2,0.05,minority_to_majority,0.046875,tabpfn_none,n/a,1.0,1.0,1.0,1.0,1.0,1.0,1.0,0.0008133809897117317,0.017650071531534195,0.01722545632002452
banknote_authentication,13,0.2,0.05,minority_to_majority,0.046875,tabpfn_threshold,observed,1.0,1.0,1.0,1.0,1.0,1.0,1.0,0.0008133809897117317,0.017650071531534195,0.01722545632002452
banknote_authentication,13,0.2,0.05,minority_to_majority,0.046875,tabpfn_threshold,oracle,1.0,1.0,1.0,1.0,1.0,1.0,1.0,0.0008133809897117317,0.017650071531534195,0.01722545632002452
banknote_authentication,13,0.2,0.05,minority_to_majority,0.046875,tabpfn_distpfn,observed,1.0,1.0,1.0,1.0,1.0,1.0,1.0,3.377380923360715e-07,0.00021982757264265069,0.0002196583421241984
banknote_authentication,13,0.2,0.05,minority_to_majority,0.046875,tabpfn_distpfn,oracle,1.0,1.0,1.0,1.0,1.0,1.0,1.0,3.80276029256522e-07,0.0002331074640231641,0.00023291689397158852
banknote_authentication,13,0.2,0.05,minority_to_majority,0.046875,tabpfn_distpfn_t,observed,1.0,1.0,1.0,1.0,1.0,1.0,1.0,1.6585137597540303e-05,0.0023925376980466575,0.002384190395950269
banknote_authentication,13,0.2,0.05,minority_to_majority,0.046875,tabpfn_distpfn_t,oracle,1.0,1.0,1.0,1.0,1.0,1.0,1.0,1.8079126128591896e-05,0.002498053838428454,0.0024889518717857036
banknote_authentication,13,0.2,0.05,minority_to_majority,0.046875,tabpfn_downsample,n/a,1.0,1.0,1.0,1.0,1.0,1.0,1.0,0.00046973105054348707,0.007223023567348719,0.006971895055930046
banknote_authentication,13,0.2,0.1,majority_to_minority,0.09859154929577464,xgb_none,n/a,0.9721954355512696,0.9607843137254902,0.9964523494305665,0.9706259346293526,0.9523809523809523,0.9836065573770492,0.9971606128790316,0.020303629338741302,0.06752163916826248,0.03266047298908235
banknote_authentication,13,0.2,0.1,majority_to_minority,0.09859154929577464,xgb_weighted,n/a,0.9721954355512696,0.9607843137254902,0.9958195814129976,0.9706259346293526,0.9523809523809523,0.9836065573770492,0.9966784528018858,0.022892581298947334,0.08361801505088806,0.03184675984761932
banknote_authentication,13,0.2,0.1,majority_to_minority,0.09859154929577464,xgb_ros,n/a,0.9762937962070074,0.9607843137254902,0.9961639899908652,0.9743158681236574,0.952755905511811,0.9918032786885246,0.9969463195114111,0.021670570597052574,0.08163471519947052,0.025466405112635003
banknote_authentication,13,0.2,0.1,majority_to_minority,0.09859154929577464,xgb_smote,n/a,0.9738562091503268,0.9477124183006536,0.996305514908159,0.9707041653350379,0.9384615384615385,1.0,0.9971070395371263,0.025375859811902046,0.09581932425498962,0.03206454702398995
banknote_authentication,13,0.2,0.1,majority_to_minority,0.09859154929577464,tabpfn_none,n/a,0.9803921568627452,0.9607843137254902,1.0,0.978,0.953125,1.0,1.0,0.018415724858641624,0.08581312745809555,0.029629248265515672
banknote_authentication,13,0.2,0.1,majority_to_minority,0.09859154929577464,tabpfn_threshold,observed,0.9803921568627452,0.9607843137254902,1.0,0.978,0.953125,1.0,1.0,0.018415724858641624,0.08581312745809555,0.029629248265515672
banknote_authentication,13,0.2,0.1,majority_to_minority,0.09859154929577464,tabpfn_threshold,oracle,0.9803921568627452,0.9607843137254902,1.0,0.978,0.953125,1.0,1.0,0.018415724858641624,0.08581312745809555,0.029629248265515672
banknote_authentication,13,0.2,0.1,majority_to_minority,0.09859154929577464,tabpfn_distpfn,observed,0.9803921568627452,0.9607843137254902,1.0,0.978,0.953125,1.0,1.0,0.02130092353509795,0.1750766633548723,0.02226273733790444
banknote_authentication,13,0.2,0.1,majority_to_minority,0.09859154929577464,tabpfn_distpfn,oracle,0.9803921568627452,0.9607843137254902,1.0,0.978,0.953125,1.0,1.0,0.021361412285715038,0.17801197259281049,0.022393652738703702
banknote_authentication,13,0.2,0.1,majority_to_minority,0.09859154929577464,tabpfn_distpfn_t,observed,0.9803921568627452,0.9607843137254902,1.0,0.978,0.953125,1.0,1.0,0.020875021432025322,0.11482190524753078,0.022399499440182612
banknote_authentication,13,0.2,0.1,majority_to_minority,0.09859154929577464,tabpfn_distpfn_t,oracle,0.9803921568627452,0.9607843137254902,1.0,0.978,0.953125,1.0,1.0,0.020963044891167956,0.11665127575856944,0.022236050644483467
banknote_authentication,13,0.2,0.1,majority_to_minority,0.09859154929577464,tabpfn_downsample,n/a,0.9803921568627452,0.9607843137254902,1.0,0.978,0.953125,1.0,1.0,0.015599514357745647,0.07243263721466064,0.054844153686003254
banknote_authentication,13,0.2,0.1,minority_to_majority,0.1015625,xgb_none,n/a,0.9508196721311475,0.9016393442622951,0.9999333599893376,0.9552700065061809,1.0,0.9016393442622951,0.999946426658095,0.03634271025657654,0.12058102339506149,0.06972684512507508
banknote_authentication,13,0.2,0.1,minority_to_majority,0.1015625,xgb_weighted,n/a,0.9508196721311475,0.9016393442622951,0.9997360924482666,0.9552700065061809,1.0,0.9016393442622951,0.9997857066323798,0.02770172618329525,0.08866330236196518,0.04655676119114188
banknote_authentication,13,0.2,0.1,minority_to_majority,0.1015625,xgb_ros,n/a,0.9549180327868853,0.9098360655737705,0.9997301262397087,0.9590446920567011,1.0,0.9098360655737705,0.9997857066323796,0.029929092153906822,0.09409581869840622,0.05081465574320067
banknote_authentication,13,0.2,0.1,minority_to_majority,0.1015625,xgb_smote,n/a,0.9631147540983607,0.9262295081967213,0.9998661737490796,0.9665653495440729,1.0,0.9262295081967213,0.9998928533161899,0.02422870695590973,0.07745455950498581,0.04305046272210099
banknote_authentication,13,0.2,0.1,minority_to_majority,0.1015625,tabpfn_none,n/a,1.0,1.0,1.0,1.0,1.0,1.0,1.0,0.0038700078148394823,0.04246261715888977,0.04038512717805465
banknote_authentication,13,0.2,0.1,minority_to_majority,0.1015625,tabpfn_threshold,observed,1.0,1.0,1.0,1.0,1.0,1.0,1.0,0.0038700078148394823,0.04246261715888977,0.04038512717805465
banknote_authentication,13,0.2,0.1,minority_to_majority,0.1015625,tabpfn_threshold,oracle,1.0,1.0,1.0,1.0,1.0,1.0,1.0,0.0038700078148394823,0.04246261715888977,0.04038512717805465
banknote_authentication,13,0.2,0.1,minority_to_majority,0.1015625,tabpfn_distpfn,observed,1.0,1.0,1.0,1.0,1.0,1.0,1.0,3.2780798493132142e-06,0.001049169042938481,0.0010475253785957347
banknote_authentication,13,0.2,0.1,minority_to_majority,0.1015625,tabpfn_distpfn,oracle,1.0,1.0,1.0,1.0,1.0,1.0,1.0,4.2644349204444795e-06,0.0011969804579694875,0.0011948413786374101
banknote_authentication,13,0.2,0.1,minority_to_majority,0.1015625,tabpfn_distpfn_t,observed,1.0,1.0,1.0,1.0,1.0,1.0,1.0,8.068165102369835e-05,0.005805191274730275,0.005764436970516073
banknote_authentication,13,0.2,0.1,minority_to_majority,0.1015625,tabpfn_distpfn_t,oracle,1.0,1.0,1.0,1.0,1.0,1.0,1.0,9.819299548558338e-05,0.006407520467423055,0.006357867488411855
banknote_authentication,13,0.2,0.1,minority_to_majority,0.1015625,tabpfn_downsample,n/a,1.0,1.0,1.0,1.0,1.0,1.0,1.0,0.0018934952095150948,0.01050273235887289,0.009245865846539594
banknote_authentication,13,0.2,0.2,majority_to_minority,0.2,xgb_none,n/a,0.9836601307189543,0.9673202614379085,0.9990965992091816,0.9816541915168981,0.9606299212598425,1.0,0.999303546555234,0.013736621476709843,0.05865999311208725,0.0352683281356638
banknote_authentication,13,0.2,0.2,majority_to_minority,0.2,xgb_weighted,n/a,0.9803921568627452,0.9607843137254902,0.9979291998445157,0.978,0.953125,1.0,0.998392799742848,0.019381286576390266,0.07331009954214096,0.03302477557550778
banknote_authentication,13,0.2,0.2,majority_to_minority,0.2,xgb_ros,n/a,0.9738562091503268,0.9477124183006536,0.9990518211966292,0.9707041653350379,0.9384615384615385,1.0,0.9992499732133291,0.01866105943918228,0.06846616417169571,0.037000669728625916
banknote_authentication,13,0.2,0.2,majority_to_minority,0.2,xgb_smote,n/a,0.9640522875816994,0.9281045751633987,0.9987004680170631,0.9597873047524095,0.9172932330827067,1.0,0.9989821065038037,0.02999911829829216,0.11014571785926819,0.058384835110469296
banknote_authentication,13,0.2,0.2,majority_to_minority,0.2,tabpfn_none,n/a,1.0,1.0,1.0,1.0,1.0,1.0,1.0,0.001689744065515697,0.030175497755408287,0.029287431091070175
banknote_authentication,13,0.2,0.2,majority_to_minority,0.2,tabpfn_threshold,observed,1.0,1.0,1.0,1.0,1.0,1.0,1.0,0.001689744065515697,0.030175497755408287,0.029287431091070175
banknote_authentication,13,0.2,0.2,majority_to_minority,0.2,tabpfn_threshold,oracle,1.0,1.0,1.0,1.0,1.0,1.0,1.0,0.001689744065515697,0.030175497755408287,0.029287431091070175
banknote_authentication,13,0.2,0.2,majority_to_minority,0.2,tabpfn_distpfn,observed,1.0,1.0,1.0,1.0,1.0,1.0,1.0,0.0001627073859391802,0.005835868170858811,0.005748885351847118
banknote_authentication,13,0.2,0.2,majority_to_minority,0.2,tabpfn_distpfn,oracle,1.0,1.0,1.0,1.0,1.0,1.0,1.0,0.00027212395078797037,0.007742294429193735,0.007594065649223669
banknote_authentication,13,0.2,0.2,majority_to_minority,0.2,tabpfn_distpfn_t,observed,1.0,1.0,1.0,1.0,1.0,1.0,1.0,0.00024601188817362246,0.0077471420460546656,0.007614466821573875
banknote_authentication,13,0.2,0.2,majority_to_minority,0.2,tabpfn_distpfn_t,oracle,1.0,1.0,1.0,1.0,1.0,1.0,1.0,0.0003125626411676699,0.007175113808639889,0.007000548838414744
banknote_authentication,13,0.2,0.2,majority_to_minority,0.2,tabpfn_downsample,n/a,1.0,1.0,1.0,1.0,1.0,1.0,1.0,0.01475735753774643,0.09624384343624115,0.08765606305815955
banknote_authentication,13,0.2,0.2,minority_to_majority,0.203125,xgb_none,n/a,0.9344262295081966,0.8688524590163934,0.9996000449388956,0.94006756020486,1.0,0.8688524590163934,0.9996785599485696,0.04032772406935692,0.1355808675289154,0.08391358142888004
banknote_authentication,13,0.2,0.2,minority_to_majority,0.203125,xgb_weighted,n/a,0.9795081967213115,0.9590163934426229,0.9994808509498246,0.9815011637449718,1.0,0.9590163934426229,0.9995714132647595,0.02319319359958172,0.08275865763425827,0.047498689590191295
banknote_authentication,13,0.2,0.2,minority_to_majority,0.203125,xgb_ros,n/a,0.9631147540983607,0.9262295081967213,0.9996726003847745,0.9665653495440729,1.0,0.9262295081967213,0.9997321332904746,0.022174151614308357,0.07913924753665924,0.04729133978824724
banknote_authentication,13,0.2,0.2,minority_to_majority,0.203125,xgb_smote,n/a,0.9836065573770492,0.9672131147540983,1.0,0.9852150537634408,1.0,0.9672131147540983,1.0,0.010329699143767357,0.04491908848285675,0.03723760785196315
banknote_authentication,13,0.2,0.2,minority_to_majority,0.203125,tabpfn_none,n/a,1.0,1.0,1.0,1.0,1.0,1.0,1.0,0.015343247912824154,0.09018152207136154,0.08134192650460385
banknote_authentication,13,0.2,0.2,minority_to_majority,0.203125,tabpfn_threshold,observed,1.0,1.0,1.0,1.0,1.0,1.0,1.0,0.015343247912824154,0.09018152207136154,0.08134192650460385
banknote_authentication,13,0.2,0.2,minority_to_majority,0.203125,tabpfn_threshold,oracle,1.0,1.0,1.0,1.0,1.0,1.0,1.0,0.015343247912824154,0.09018152207136154,0.08134192650460385
banknote_authentication,13,0.2,0.2,minority_to_majority,0.203125,tabpfn_distpfn,observed,1.0,1.0,1.0,1.0,1.0,1.0,1.0,5.161946687312822e-05,0.004488349580860921,0.004462313687290137
banknote_authentication,13,0.2,0.2,minority_to_majority,0.203125,tabpfn_distpfn,oracle,1.0,1.0,1.0,1.0,1.0,1.0,1.0,8.872725577760151e-05,0.005890301208409238,0.005845425707727626
banknote_authentication,13,0.2,0.2,minority_to_majority,0.203125,tabpfn_distpfn_t,observed,1.0,1.0,1.0,1.0,1.0,1.0,1.0,0.00035791789524580785,0.012463416452201488,0.012280733289047923
banknote_authentication,13,0.2,0.2,minority_to_majority,0.203125,tabpfn_distpfn_t,oracle,1.0,1.0,1.0,1.0,1.0,1.0,1.0,0.0005525680619815267,0.01553645869807317,0.015252977447332576
banknote_authentication,13,0.2,0.2,minority_to_majority,0.203125,tabpfn_downsample,n/a,1.0,1.0,1.0,1.0,1.0,1.0,1.0,0.0007739105494692922,0.011609786190092564,0.011179451074514707
banknote_authentication,13,0.2,0.3,majority_to_minority,0.3005464480874317,xgb_none,n/a,0.9770706096646309,0.9672131147540983,0.9970177430444463,0.9778630460448643,0.9833333333333333,0.9672131147540983,0.9973213329047466,0.020065106451511383,0.07947968691587448,0.03640896268866279
banknote_authentication,13,0.2,0.3,majority_to_minority,0.3005464480874317,xgb_weighted,n/a,0.9713650487517411,0.9673202614379085,0.9974937060011948,0.9705819426615319,0.9596774193548387,0.9754098360655737,0.9979106396657024,0.02342327870428562,0.08663404732942581,0.03284947112202646
banknote_authentication,13,0.2,0.3,majority_to_minority,0.3005464480874317,xgb_ros,n/a,0.9648291010393228,0.954248366013072,0.9960096003105033,0.9632824182866909,0.9444444444444444,0.9754098360655737,0.9964105860923604,0.025495845824480057,0.09068090468645096,0.030771644684401446
banknote_authentication,13,0.2,0.3,majority_to_minority,0.3005464480874317,xgb_smote,n/a,0.9640522875816994,0.9281045751633987,0.9988276552142739,0.9597873047524095,0.9172932330827067,1.0,0.9990356798457087,0.03486314415931702,0.11883633583784103,0.06478212795474314
banknote_authentication,13,0.2,0.3,majority_to_minority,0.3005464480874317,tabpfn_none,n/a,1.0,1.0,1.0,1.0,1.0,1.0,1.0,0.004677279852330685,0.05335388705134392,0.05085918244990435
banknote_authentication,13,0.2,0.3,majority_to_minority,0.3005464480874317,tabpfn_threshold,observed,1.0,1.0,1.0,1.0,1.0,1.0,1.0,0.004677279852330685,0.05335388705134392,0.05085918244990435
banknote_authentication,13,0.2,0.3,majority_to_minority,0.3005464480874317,tabpfn_threshold,oracle,1.0,1.0,1.0,1.0,1.0,1.0,1.0,0.004677279852330685,0.05335388705134392,0.05085918244990435
banknote_authentication,13,0.2,0.3,majority_to_minority,0.3005464480874317,tabpfn_distpfn,observed,1.0,1.0,1.0,1.0,1.0,1.0,1.0,0.0003590423809201304,0.014042883480125114,0.01386013692282962
banknote_authentication,13,0.2,0.3,majority_to_minority,0.3005464480874317,tabpfn_distpfn,oracle,1.0,1.0,1.0,1.0,1.0,1.0,1.0,0.0008921754718497348,0.02231293713037252,0.02185407247011356
banknote_authentication,13,0.2,0.3,majority_to_minority,0.3005464480874317,tabpfn_distpfn_t,observed,1.0,1.0,1.0,1.0,1.0,1.0,1.0,0.0007004385183334857,0.01983277966455568,0.01947376265332319
banknote_authentication,13,0.2,0.3,majority_to_minority,0.3005464480874317,tabpfn_distpfn_t,oracle,1.0,1.0,1.0,1.0,1.0,1.0,1.0,0.0008383573025034303,0.021588761035373796,0.021157890883924533
banknote_authentication,13,0.2,0.3,majority_to_minority,0.3005464480874317,tabpfn_downsample,n/a,1.0,1.0,1.0,1.0,1.0,1.0,1.0,0.0264127254486084,0.13702483475208282,0.12149260965260594
banknote_authentication,13,0.2,0.3,minority_to_majority,0.296875,xgb_none,n/a,0.8565573770491803,0.7131147540983607,0.9987644493202162,0.8649482944898904,1.0,0.7131147540983607,0.9990356798457087,0.09533409774303436,0.31907957792282104,0.14120509741489182
banknote_authentication,13,0.2,0.3,minority_to_majority,0.296875,xgb_weighted,n/a,0.8934426229508197,0.7868852459016393,0.9977120543024365,0.9012103459710401,1.0,0.7868852459016393,0.9981249330333226,0.07620184868574142,0.2613909840583801,0.10688568094914609
banknote_authentication,13,0.2,0.3,minority_to_majority,0.296875,xgb_ros,n/a,0.8934426229508197,0.7868852459016393,0.9968160073222427,0.9012103459710401,1.0,0.7868852459016393,0.9972677595628415,0.07634264975786209,0.26442858576774597,0.11239867486059667
banknote_authentication,13,0.2,0.3,minority_to_majority,0.296875,xgb_smote,n/a,0.9180327868852459,0.8360655737704918,0.9973229567071331,0.924682296231376,1.0,0.8360655737704918,0.9976963462980821,0.05402589216828346,0.18708086013793945,0.07717205314473673
banknote_authentication,13,0.2,0.3,minority_to_majority,0.296875,tabpfn_none,n/a,1.0,1.0,1.0,1.0,1.0,1.0,1.0,0.03866561874747276,0.15429089963436127,0.1297762885358481
banknote_authentication,13,0.2,0.3,minority_to_majority,0.296875,tabpfn_threshold,observed,1.0,1.0,1.0,1.0,1.0,1.0,1.0,0.03866561874747276,0.15429089963436127,0.1297762885358481
banknote_authentication,13,0.2,0.3,minority_to_majority,0.296875,tabpfn_threshold,oracle,1.0,1.0,1.0,1.0,1.0,1.0,1.0,0.03866561874747276,0.15429089963436127,0.1297762885358481
banknote_authentication,13,0.2,0.3,minority_to_majority,0.296875,tabpfn_distpfn,observed,1.0,1.0,1.0,1.0,1.0,1.0,1.0,0.0004513158557280216,0.013050758017394902,0.01281803631244507
banknote_authentication,13,0.2,0.3,minority_to_majority,0.296875,tabpfn_distpfn,oracle,1.0,1.0,1.0,1.0,1.0,1.0,1.0,0.0010053980668034254,0.019745698222344493,0.01921946456182026
banknote_authentication,13,0.2,0.3,minority_to_majority,0.296875,tabpfn_distpfn_t,observed,1.0,1.0,1.0,1.0,1.0,1.0,1.0,0.0011440834057108466,0.022387312588628947,0.021792467225098224
banknote_authentication,13,0.2,0.3,minority_to_majority,0.296875,tabpfn_distpfn_t,oracle,1.0,1.0,1.0,1.0,1.0,1.0,1.0,0.002300040845256745,0.03208823364967297,0.030871545194134577
banknote_authentication,13,0.2,0.3,minority_to_majority,0.296875,tabpfn_downsample,n/a,1.0,1.0,1.0,1.0,1.0,1.0,1.0,0.0010211784392595291,0.012629195116460323,0.012042707978451455
banknote_authentication,13,0.1,0.0,clean,0.0,xgb_none,n/a,0.9713114754098361,0.9426229508196722,0.9991562198649951,0.9740499588843505,1.0,0.9426229508196722,0.999249973213329,0.022580435499548912,0.08716306835412979,0.0460394843600013
banknote_authentication,13,0.1,0.0,clean,0.0,xgb_weighted,n/a,0.9754098360655737,0.9508196721311475,0.9991025487615173,0.9777795733678086,1.0,0.9508196721311475,0.999196399871424,0.014634699560701847,0.05395874008536339,0.02504074480892582
banknote_authentication,13,0.1,0.0,clean,0.0,xgb_ros,n/a,0.9795081967213115,0.9590163934426229,0.9998677948175569,0.9815011637449718,1.0,0.9590163934426229,0.9998928533161899,0.014280796982347965,0.04966430366039276,0.026416321640664882
banknote_authentication,13,0.1,0.0,clean,0.0,xgb_smote,n/a,0.9836065573770492,0.9672131147540983,0.9998677948175568,0.9852150537634408,1.0,0.9672131147540983,0.9998928533161898,0.013917558826506138,0.04755235090851784,0.02439837318929759
banknote_authentication,13,0.1,0.0,clean,0.0,tabpfn_none,n/a,1.0,1.0,1.0,1.0,1.0,1.0,1.0,0.00017353068687953055,0.0017639549914747477,0.0016680640705321408
banknote_authentication,13,0.1,0.0,clean,0.0,tabpfn_threshold,observed,1.0,1.0,1.0,1.0,1.0,1.0,1.0,0.00017353068687953055,0.0017639549914747477,0.0016680640705321408
banknote_authentication,13,0.1,0.0,clean,0.0,tabpfn_threshold,oracle,1.0,1.0,1.0,1.0,1.0,1.0,1.0,0.00017353068687953055,0.0017639549914747477,0.0016680640705321408
banknote_authentication,13,0.1,0.0,clean,0.0,tabpfn_distpfn,observed,1.0,1.0,1.0,1.0,1.0,1.0,1.0,9.096233657922456e-08,2.6185343206246376e-05,2.6139734762419112e-05
banknote_authentication,13,0.1,0.0,clean,0.0,tabpfn_distpfn,oracle,1.0,1.0,1.0,1.0,1.0,1.0,1.0,9.096233657922456e-08,2.6185343206246376e-05,2.6139734762419112e-05
banknote_authentication,13,0.1,0.0,clean,0.0,tabpfn_distpfn_t,observed,1.0,1.0,1.0,1.0,1.0,1.0,1.0,1.3847942321195505e-06,0.00014080991471038473,0.0001401113347649916
banknote_authentication,13,0.1,0.0,clean,0.0,tabpfn_distpfn_t,oracle,1.0,1.0,1.0,1.0,1.0,1.0,1.0,1.3847942321195505e-06,0.00014080991471038473,0.0001401113347649916
banknote_authentication,13,0.1,0.0,clean,0.0,tabpfn_downsample,n/a,1.0,1.0,0.9999999999999999,1.0,1.0,1.0,1.0,0.0002931518538389355,0.003088692668825388,0.002926037324677137
banknote_authentication,13,0.1,0.05,majority_to_minority,0.04477611940298507,xgb_none,n/a,0.9713114754098361,0.9426229508196722,0.9998667199786753,0.9740499588843505,1.0,0.9426229508196722,0.9998928533161898,0.023929763585329056,0.08220439404249191,0.05436028137803078
banknote_authentication,13,0.1,0.05,majority_to_minority,0.04477611940298507,xgb_weighted,n/a,0.9754098360655737,0.9508196721311475,0.9994795732500652,0.9777795733678086,1.0,0.9508196721311475,0.9995714132647594,0.017216509208083153,0.05620882660150528,0.026385729907249862
banknote_authentication,13,0.1,0.05,majority_to_minority,0.04477611940298507,xgb_ros,n/a,0.9713114754098361,0.9426229508196722,0.9994050508828727,0.9740499588843505,1.0,0.9426229508196722,0.9995178399228544,0.017102694138884544,0.056207045912742615,0.024945875529877162
banknote_authentication,13,0.1,0.05,majority_to_minority,0.04477611940298507,xgb_smote,n/a,0.9959016393442623,0.9918032786885246,1.0,0.9963137223361618,1.0,0.9918032786885246,1.0,0.003672552527859807,0.019102083519101143,0.01650273530659351
banknote_authentication,13,0.1,0.05,majority_to_minority,0.04477611940298507,tabpfn_none,n/a,1.0,1.0,1.0,1.0,1.0,1.0,1.0,5.142609006725252e-05,0.002437795279547572,0.0024105413461273364
banknote_authentication,13,0.1,0.05,majority_to_minority,0.04477611940298507,tabpfn_threshold,observed,1.0,1.0,1.0,1.0,1.0,1.0,1.0,5.142609006725252e-05,0.002437795279547572,0.0024105413461273364
banknote_authentication,13,0.1,0.05,majority_to_minority,0.04477611940298507,tabpfn_threshold,oracle,0.9967320261437909,0.9934640522875817,1.0,0.9963198394111743,0.991869918699187,1.0,1.0,5.142609006725252e-05,0.002437795279547572,0.0024105413461273364
banknote_authentication,13,0.1,0.05,majority_to_minority,0.04477611940298507,tabpfn_distpfn,observed,1.0,1.0,1.0,1.0,1.0,1.0,1.0,3.935462490117824e-05,0.00048556596265843005,0.0004644148763028249
banknote_authentication,13,0.1,0.05,majority_to_minority,0.04477611940298507,tabpfn_distpfn,oracle,1.0,1.0,1.0,1.0,1.0,1.0,1.0,4.3113978209837275e-05,0.000509797792913547,0.0004865442053242448
banknote_authentication,13,0.1,0.05,majority_to_minority,0.04477611940298507,tabpfn_distpfn_t,observed,1.0,1.0,1.0,1.0,1.0,1.0,1.0,2.6483400627987044e-05,0.00035719991321600373,0.00034315368153980746
banknote_authentication,13,0.1,0.05,majority_to_minority,0.04477611940298507,tabpfn_distpfn_t,oracle,1.0,1.0,1.0,1.0,1.0,1.0,1.0,2.9104703042595306e-05,0.0003713169159764374,0.0003558344541110311
banknote_authentication,13,0.1,0.05,majority_to_minority,0.04477611940298507,tabpfn_downsample,n/a,1.0,1.0,1.0,1.0,1.0,1.0,1.0,0.0016730529023334384,0.026410231366753578,0.025502755750309337
banknote_authentication,13,0.1,0.05,minority_to_majority,0.046875,xgb_none,n/a,0.930327868852459,0.860655737704918,0.9996772944365561,0.9362392766056109,1.0,0.860655737704918,0.9997321332904747,0.04742994159460068,0.15529096126556396,0.078569337497042
banknote_authentication,13,0.1,0.05,minority_to_majority,0.046875,xgb_weighted,n/a,0.9549180327868853,0.9098360655737705,0.9995387651052657,0.9590446920567011,1.0,0.9098360655737705,0.9996249866066645,0.028216250240802765,0.09347989410161972,0.044887631557543176
banknote_authentication,13,0.1,0.05,minority_to_majority,0.046875,xgb_ros,n/a,0.9426229508196722,0.8852459016393442,0.9997360924482667,0.9476902173913044,1.0,0.8852459016393442,0.9997857066323796,0.03387164697051048,0.10606183111667633,0.051618496365845215
banknote_authentication,13,0.1,0.05,minority_to_majority,0.046875,xgb_smote,n/a,0.9754098360655737,0.9508196721311475,0.9999333599893375,0.9777795733678086,1.0,0.9508196721311475,0.999946426658095,0.017682978883385658,0.06077583134174347,0.03082281735133041
banknote_authentication,13,0.1,0.05,minority_to_majority,0.046875,tabpfn_none,n/a,1.0,1.0,1.0,1.0,1.0,1.0,1.0,0.003699911292642355,0.023982981219887733,0.02173904280913782
banknote_authentication,13,0.1,0.05,minority_to_majority,0.046875,tabpfn_threshold,observed,1.0,1.0,1.0,1.0,1.0,1.0,1.0,0.003699911292642355,0.023982981219887733,0.02173904280913782
banknote_authentication,13,0.1,0.05,minority_to_majority,0.046875,tabpfn_threshold,oracle,1.0,1.0,1.0,1.0,1.0,1.0,1.0,0.003699911292642355,0.023982981219887733,0.02173904280913782
banknote_authentication,13,0.1,0.05,minority_to_majority,0.046875,tabpfn_distpfn,observed,1.0,1.0,1.0,1.0,1.0,1.0,1.0,1.203388785431012e-05,0.000714557890333908,0.0007084493245342634
banknote_authentication,13,0.1,0.05,minority_to_majority,0.046875,tabpfn_distpfn,oracle,1.0,1.0,1.0,1.0,1.0,1.0,1.0,1.3351903853218022e-05,0.0007530356731119206,0.0007462525732565437
banknote_authentication,13,0.1,0.05,minority_to_majority,0.046875,tabpfn_distpfn_t,observed,1.0,1.0,1.0,1.0,1.0,1.0,1.0,4.2549341683871696e-05,0.002034429340889158,0.002012690377600334
banknote_authentication,13,0.1,0.05,minority_to_majority,0.046875,tabpfn_distpfn_t,oracle,1.0,1.0,1.0,1.0,1.0,1.0,1.0,4.670861646599882e-05,0.0021312243672269803,0.0021073349389468914
banknote_authentication,13,0.1,0.05,minority_to_majority,0.046875,tabpfn_downsample,n/a,1.0,1.0,1.0,1.0,1.0,1.0,1.0,0.0013887111563235521,0.0056835138238966465,0.004721795739606023
banknote_authentication,13,0.1,0.1,majority_to_minority,0.09859154929577464,xgb_none,n/a,0.9795081967213115,0.9590163934426229,0.9997984322506377,0.9815011637449718,1.0,0.9590163934426229,0.9998392799742848,0.016102561727166176,0.06456698477268219,0.04373783759095452
banknote_authentication,13,0.1,0.1,majority_to_minority,0.09859154929577464,xgb_weighted,n/a,0.9877049180327868,0.9754098360655737,1.0,0.9889215646779197,1.0,0.9754098360655737,1.0,0.006969504989683628,0.028314804658293724,0.018193426826460794
banknote_authentication,13,0.1,0.1,majority_to_minority,0.09859154929577464,xgb_ros,n/a,0.9877049180327868,0.9754098360655737,0.9998677948175568,0.9889215646779197,1.0,0.9754098360655737,0.9998928533161898,0.007185230031609535,0.030106589198112488,0.02183674163947051
banknote_authentication,13,0.1,0.1,majority_to_minority,0.09859154929577464,xgb_smote,n/a,0.9754634094074788,0.9673202614379085,0.9984550344244488,0.9742788043986585,0.96,0.9836065573770492,0.9987678131361835,0.014339400455355644,0.05257091298699379,0.02537055324424395
banknote_authentication,13,0.1,0.1,majority_to_minority,0.09859154929577464,tabpfn_none,n/a,1.0,1.0,1.0,1.0,1.0,1.0,0.9999999999999999,0.00010765927436295897,0.0064225816167891026,0.006367526379498569
banknote_authentication,13,0.1,0.1,majority_to_minority,0.09859154929577464,tabpfn_threshold,observed,1.0,1.0,1.0,1.0,1.0,1.0,0.9999999999999999,0.00010765927436295897,0.0064225816167891026,0.006367526379498569
banknote_authentication,13,0.1,0.1,majority_to_minority,0.09859154929577464,tabpfn_threshold,oracle,1.0,1.0,1.0,1.0,1.0,1.0,0.9999999999999999,0.00010765927436295897,0.0064225816167891026,0.006367526379498569
banknote_authentication,13,0.1,0.1,majority_to_minority,0.09859154929577464,tabpfn_distpfn,observed,1.0,1.0,1.0,1.0,1.0,1.0,0.9999999999999999,6.091325002736091e-06,0.0005346123867049615,0.0005314905523730006
banknote_authentication,13,0.1,0.1,majority_to_minority,0.09859154929577464,tabpfn_distpfn,oracle,1.0,1.0,1.0,1.0,1.0,1.0,0.9999999999999999,7.6127985042886416e-06,0.0005985205479844854,0.0005946074331685891
banknote_authentication,13,0.1,0.1,majority_to_minority,0.09859154929577464,tabpfn_distpfn_t,observed,1.0,1.0,1.0,1.0,1.0,1.0,0.9999999999999999,1.6459526156196929e-06,0.0002242040688452863,0.00022337216553055075
banknote_authentication,13,0.1,0.1,majority_to_minority,0.09859154929577464,tabpfn_distpfn_t,oracle,1.0,1.0,1.0,1.0,1.0,1.0,0.9999999999999999,1.741035909470929e-06,0.00020466485484450174,0.00020378397533094922
banknote_authentication,13,0.1,0.1,majority_to_minority,0.09859154929577464,tabpfn_downsample,n/a,0.9934640522875817,0.9869281045751634,1.0,0.992645485665383,0.9838709677419355,1.0,1.0,0.010106202214956284,0.06528538465499878,0.05865973396734758
banknote_authentication,13,0.1,0.1,minority_to_majority,0.09375,xgb_none,n/a,0.9180327868852459,0.8360655737704918,0.9988851549869253,0.924682296231376,1.0,0.8360655737704918,0.9990892531876139,0.05515183508396149,0.1895364373922348,0.09765704041177578
banknote_authentication,13,0.1,0.1,minority_to_majority,0.09375,xgb_weighted,n/a,0.9508196721311475,0.9016393442622951,0.9997360924482667,0.9552700065061809,1.0,0.9016393442622951,0.9997857066323796,0.03598329424858093,0.12468910962343216,0.058223050676963546
banknote_authentication,13,0.1,0.1,minority_to_majority,0.09375,xgb_ros,n/a,0.9426229508196722,0.8852459016393442,0.9990861489619106,0.9476902173913044,1.0,0.8852459016393442,0.999249973213329,0.04199467971920967,0.14554408192634583,0.06578508745540272
banknote_authentication,13,0.1,0.1,minority_to_majority,0.09375,xgb_smote,n/a,0.9672131147540983,0.9344262295081968,0.9997989875088218,0.9703119939544425,1.0,0.9344262295081968,0.9998392799742848,0.02108522690832615,0.07021869719028473,0.032737250138412825
banknote_authentication,13,0.1,0.1,minority_to_majority,0.09375,tabpfn_none,n/a,1.0,1.0,1.0,1.0,1.0,1.0,1.0,0.009426829405128956,0.051819927990436554,0.04584589803612537
banknote_authentication,13,0.1,0.1,minority_to_majority,0.09375,tabpfn_threshold,observed,1.0,1.0,1.0,1.0,1.0,1.0,1.0,0.009426829405128956,0.051819927990436554,0.04584589803612537
banknote_authentication,13,0.1,0.1,minority_to_majority,0.09375,tabpfn_threshold,oracle,1.0,1.0,1.0,1.0,1.0,1.0,1.0,0.009426829405128956,0.051819927990436554,0.04584589803612537
banknote_authentication,13,0.1,0.1,minority_to_majority,0.09375,tabpfn_distpfn,observed,1.0,1.0,1.0,1.0,1.0,1.0,1.0,7.592466935001861e-05,0.002239451393039562,0.0022001665624098495
banknote_authentication,13,0.1,0.1,minority_to_majority,0.09375,tabpfn_distpfn,oracle,1.0,1.0,1.0,1.0,1.0,1.0,1.0,8.722583736419015e-05,0.0024411277652025562,0.0023959184243964545
banknote_authentication,13,0.1,0.1,minority_to_majority,0.09375,tabpfn_distpfn_t,observed,1.0,1.0,1.0,1.0,1.0,1.0,1.0,0.00013160577262641334,0.004583268017166982,0.004515377056210665
banknote_authentication,13,0.1,0.1,minority_to_majority,0.09375,tabpfn_distpfn_t,oracle,1.0,1.0,1.0,1.0,1.0,1.0,1.0,0.0001580622540493766,0.005024460394832356,0.004942649891296564
banknote_authentication,13,0.1,0.1,minority_to_majority,0.09375,tabpfn_downsample,n/a,1.0,1.0,1.0,1.0,1.0,1.0,1.0,0.0005335002788342535,0.006876765284687281,0.006573780855502595
banknote_authentication,13,0.1,0.2,majority_to_minority,0.2,xgb_none,n/a,0.9729722490088932,0.9590163934426229,0.9962028829092955,0.9741503175818126,0.9831932773109243,0.9590163934426229,0.9971070395371263,0.023367030546069145,0.08409062027931213,0.03503504318947142
banknote_authentication,13,0.1,0.2,majority_to_minority,0.2,xgb_weighted,n/a,0.9656594878388514,0.9477124183006536,0.9925685050169877,0.9633333333333334,0.9375,0.9836065573770492,0.9945355191256829,0.023769866675138474,0.08739007264375687,0.021268542273478092
banknote_authentication,13,0.1,0.2,majority_to_minority,0.2,xgb_ros,n/a,0.9615611271831137,0.9477124183006536,0.9925641101467075,0.9596392213371759,0.937007874015748,0.9754098360655737,0.994428372441873,0.026197610422968864,0.09145781397819519,0.020270448354157533
banknote_authentication,13,0.1,0.2,majority_to_minority,0.2,xgb_smote,n/a,0.9738562091503268,0.9477124183006536,0.9985074386770578,0.9707041653350379,0.9384615384615385,1.0,0.9988213864780885,0.019183779135346413,0.0701896920800209,0.031564117134972064
banknote_authentication,13,0.1,0.2,majority_to_minority,0.2,tabpfn_none,n/a,1.0,1.0,1.0,1.0,1.0,1.0,1.0,0.0012524462072178721,0.016070479527115822,0.01532741744409908
banknote_authentication,13,0.1,0.2,majority_to_minority,0.2,tabpfn_threshold,observed,0.9901960784313726,0.9803921568627451,1.0,0.9889766304565679,0.976,1.0,1.0,0.0012524462072178721,0.016070479527115822,0.01532741744409908
banknote_authentication,13,0.1,0.2,majority_to_minority,0.2,tabpfn_threshold,oracle,0.9836601307189543,0.9673202614379085,1.0,0.9816541915168981,0.9606299212598425,1.0,1.0,0.0012524462072178721,0.016070479527115822,0.01532741744409908
banknote_authentication,13,0.1,0.2,majority_to_minority,0.2,tabpfn_distpfn,observed,0.9934640522875817,0.9869281045751634,1.0,0.992645485665383,0.9838709677419355,1.0,1.0,0.0029261940926994068,0.010836112297089303,0.008357155924251885
banknote_authentication,13,0.1,0.2,majority_to_minority,0.2,tabpfn_distpfn,oracle,0.9934640522875817,0.9869281045751634,1.0,0.992645485665383,0.9838709677419355,1.0,1.0,0.003617940234008703,0.013114829978297925,0.00981526994351514
banknote_authentication,13,0.1,0.2,majority_to_minority,0.2,tabpfn_distpfn_t,observed,0.9934640522875817,0.9869281045751634,1.0,0.992645485665383,0.9838709677419355,1.0,1.0,0.0035148015678518247,0.010673550603065785,0.007376338585692436
banknote_authentication,13,0.1,0.2,majority_to_minority,0.2,tabpfn_distpfn_t,oracle,0.9934640522875817,0.9869281045751634,1.0,0.992645485665383,0.9838709677419355,1.0,1.0,0.004277509626125577,0.012571620377295067,0.008176802954229415
banknote_authentication,13,0.1,0.2,majority_to_minority,0.2,tabpfn_downsample,n/a,0.9673202614379085,0.934640522875817,1.0,0.9634230687380294,0.9242424242424242,1.0,1.0,0.033453889191150665,0.1374644935131073,0.09949028909206391
banknote_authentication,13,0.1,0.2,minority_to_majority,0.203125,xgb_none,n/a,0.8852459016393442,0.7704918032786885,0.9981984986168693,0.8932690175205145,1.0,0.7704918032786885,0.998392799742848,0.07990928739309311,0.2602550983428955,0.12177551194009457
banknote_authentication,13,0.1,0.2,minority_to_majority,0.203125,xgb_weighted,n/a,0.9057377049180328,0.8114754098360656,0.9995440144152312,0.9130093936101445,1.0,0.8114754098360656,0.9996249866066645,0.05587261542677879,0.18307025730609894,0.08208128153261814
banknote_authentication,13,0.1,0.2,minority_to_majority,0.203125,xgb_ros,n/a,0.9139344262295082,0.8278688524590164,0.9992251800926116,0.9208047064631588,1.0,0.8278688524590164,0.9993571198971392,0.05978944152593613,0.19737105071544647,0.08603786291385239
banknote_authentication,13,0.1,0.2,minority_to_majority,0.203125,xgb_smote,n/a,0.9549180327868853,0.9098360655737705,1.0,0.9590446920567011,1.0,0.9098360655737705,1.0,0.03385506942868233,0.11204072088003159,0.05344014828008685
banknote_authentication,13,0.1,0.2,minority_to_majority,0.203125,tabpfn_none,n/a,0.9959016393442623,0.9918032786885246,1.0,0.9963137223361618,1.0,0.9918032786885246,1.0,0.018240615725517273,0.09683887660503387,0.08568845371255356
banknote_authentication,13,0.1,0.2,minority_to_majority,0.203125,tabpfn_threshold,observed,1.0,1.0,1.0,1.0,1.0,1.0,1.0,0.018240615725517273,0.09683887660503387,0.08568845371255356
banknote_authentication,13,0.1,0.2,minority_to_majority,0.203125,tabpfn_threshold,oracle,1.0,1.0,1.0,1.0,1.0,1.0,1.0,0.018240615725517273,0.09683887660503387,0.08568845371255356
banknote_authentication,13,0.1,0.2,minority_to_majority,0.203125,tabpfn_distpfn,observed,1.0,1.0,1.0,1.0,1.0,1.0,1.0,0.00011020161439749669,0.003100776653034021,0.0030411425032436223
banknote_authentication,13,0.1,0.2,minority_to_majority,0.203125,tabpfn_distpfn,oracle,1.0,1.0,1.0,1.0,1.0,1.0,1.0,0.00017069147501476645,0.003954648964109297,0.0038605108911376447
banknote_authentication,13,0.1,0.2,minority_to_majority,0.203125,tabpfn_distpfn_t,observed,1.0,1.0,1.0,1.0,1.0,1.0,1.0,0.00018249755069396574,0.007306710465570173,0.007211807582942894
banknote_authentication,13,0.1,0.2,minority_to_majority,0.203125,tabpfn_distpfn_t,oracle,1.0,1.0,1.0,1.0,1.0,1.0,1.0,0.00028412512021515926,0.009121893473897906,0.00897251994123657
banknote_authentication,13,0.1,0.2,minority_to_majority,0.203125,tabpfn_downsample,n/a,1.0,1.0,1.0,1.0,1.0,1.0,1.0,0.0024496426340192556,0.022382749244570732,0.020947837352922015
banknote_authentication,13,0.1,0.3,majority_to_minority,0.2967032967032967,xgb_none,n/a,0.959016393442623,0.9180327868852459,0.9951961688859304,0.962809693822352,1.0,0.9180327868852459,0.9955534126218794,0.02926424890756607,0.10601121187210083,0.03636684158986264
banknote_authentication,13,0.1,0.3,majority_to_minority,0.2967032967032967,xgb_weighted,n/a,0.9647755276974178,0.9426229508196722,0.9950739188860004,0.966702094740949,0.9829059829059829,0.9426229508196722,0.9956069859637845,0.0242573581635952,0.08572473376989365,0.023602341074835168
banknote_authentication,13,0.1,0.3,majority_to_minority,0.2967032967032967,xgb_ros,n/a,0.9688738883531555,0.9508196721311475,0.9949853698008767,0.9704301075268817,0.9830508474576272,0.9508196721311475,0.9956605593056895,0.024728646501898766,0.08812515437602997,0.01570664064450699
banknote_authentication,13,0.1,0.3,majority_to_minority,0.2967032967032967,xgb_smote,n/a,0.9329261759348548,0.9150326797385621,0.9872522229348482,0.9303788191714746,0.8992248062015504,0.9508196721311475,0.9886960248580307,0.049973923712968826,0.1606929898262024,0.05051884093067865
banknote_authentication,13,0.1,0.3,majority_to_minority,0.2967032967032967,tabpfn_none,n/a,1.0,1.0,1.0,1.0,1.0,1.0,1.0,0.0007682093419134617,0.020895184949040413,0.02050090489062396
banknote_authentication,13,0.1,0.3,majority_to_minority,0.2967032967032967,tabpfn_threshold,observed,1.0,1.0,1.0,1.0,1.0,1.0,1.0,0.0007682093419134617,0.020895184949040413,0.02050090489062396
banknote_authentication,13,0.1,0.3,majority_to_minority,0.2967032967032967,tabpfn_threshold,oracle,1.0,1.0,1.0,1.0,1.0,1.0,1.0,0.0007682093419134617,0.020895184949040413,0.02050090489062396
banknote_authentication,13,0.1,0.3,majority_to_minority,0.2967032967032967,tabpfn_distpfn,observed,1.0,1.0,1.0,1.0,1.0,1.0,1.0,4.824957236324249e-05,0.00498618595427917,0.004961900408011172
banknote_authentication,13,0.1,0.3,majority_to_minority,0.2967032967032967,tabpfn_distpfn,oracle,1.0,1.0,1.0,1.0,1.0,1.0,1.0,0.00010632042779132272,0.007419742553802813,0.007366054651530209
banknote_authentication,13,0.1,0.3,majority_to_minority,0.2967032967032967,tabpfn_distpfn_t,observed,1.0,1.0,1.0,1.0,1.0,1.0,1.0,7.729539039612029e-06,0.0020078228028617058,0.002003947657518001
banknote_authentication,13,0.1,0.3,majority_to_minority,0.2967032967032967,tabpfn_distpfn_t,oracle,1.0,1.0,1.0,1.0,1.0,1.0,1.0,4.305821458415926e-06,0.0014779621631348966,0.0014758048185275837
banknote_authentication,13,0.1,0.3,majority_to_minority,0.2967032967032967,tabpfn_downsample,n/a,1.0,1.0,1.0,1.0,1.0,1.0,1.0,0.028754698112607002,0.14340604841709137,0.1262510891936042
banknote_authentication,13,0.1,0.3,minority_to_majority,0.296875,xgb_none,n/a,0.7950819672131147,0.5901639344262295,0.9814880632622466,0.8009093015174331,1.0,0.5901639344262295,0.9793742633665489,0.1294037103652954,0.5165740251541138,0.17652215613221578
banknote_authentication,13,0.1,0.3,minority_to_majority,0.296875,xgb_weighted,n/a,0.860655737704918,0.7213114754098361,0.9788454940660727,0.8690476190476191,1.0,0.7213114754098361,0.9757312761170042,0.10037495940923691,0.4449836015701294,0.1285757980478758
banknote_authentication,13,0.1,0.3,minority_to_majority,0.296875,xgb_ros,n/a,0.8442622950819672,0.6885245901639344,0.9806718375902531,0.8525344321517272,1.0,0.6885245901639344,0.9778206364513018,0.10626474022865295,0.4440651535987854,0.1352991736070676
banknote_authentication,13,0.1,0.3,minority_to_majority,0.296875,xgb_smote,n/a,0.8688524590163935,0.7377049180327869,0.9849775046742357,0.8771910237802836,1.0,0.7377049180327869,0.9832851173256187,0.08489441126585007,0.33331331610679626,0.10481196334416217
banknote_authentication,13,0.1,0.3,minority_to_majority,0.296875,tabpfn_none,n/a,0.9549180327868853,0.9098360655737705,1.0,0.9590446920567011,1.0,0.9098360655737705,1.0,0.04576944559812546,0.162885382771492,0.12982564757884987
banknote_authentication,13,0.1,0.3,minority_to_majority,0.296875,tabpfn_threshold,observed,1.0,1.0,1.0,1.0,1.0,1.0,1.0,0.04576944559812546,0.162885382771492,0.12982564757884987
banknote_authentication,13,0.1,0.3,minority_to_majority,0.296875,tabpfn_threshold,oracle,1.0,1.0,1.0,1.0,1.0,1.0,1.0,0.04576944559812546,0.162885382771492,0.12982564757884987
banknote_authentication,13,0.1,0.3,minority_to_majority,0.296875,tabpfn_distpfn,observed,1.0,1.0,1.0,1.0,1.0,1.0,1.0,0.0010442259248141018,0.011777473602559742,0.011187347493719496
banknote_authentication,13,0.1,0.3,minority_to_majority,0.296875,tabpfn_distpfn,oracle,1.0,1.0,1.0,1.0,1.0,1.0,1.0,0.0019508426921938816,0.016904036150313023,0.01575427791389271
banknote_authentication,13,0.1,0.3,minority_to_majority,0.296875,tabpfn_distpfn_t,observed,1.0,1.0,1.0,1.0,1.0,1.0,1.0,0.0008890584023452345,0.014537561757780567,0.014057418494887399
banknote_authentication,13,0.1,0.3,minority_to_majority,0.296875,tabpfn_distpfn_t,oracle,1.0,1.0,1.0,1.0,1.0,1.0,1.0,0.0017683020902878677,0.020829806107023695,0.019841649802159262
banknote_authentication,13,0.1,0.3,minority_to_majority,0.296875,tabpfn_downsample,n/a,0.9770706096646309,0.9672131147540983,0.9983384936029004,0.9778630460448643,0.9833333333333333,0.9672131147540983,0.9987142397942783,0.015871714800596237,0.05865425989031792,0.038386093295941295
banknote_authentication,13,0.05,0.0,clean,0.0,xgb_none,n/a,0.8934426229508197,0.7868852459016393,0.997174291593231,0.9012103459710401,1.0,0.7868852459016393,0.9976427729561769,0.06938302516937256,0.24221354722976685,0.10152756981212983
banknote_authentication,13,0.05,0.0,clean,0.0,xgb_weighted,n/a,0.9385245901639344,0.8770491803278688,0.9949961022267139,0.9438844223156349,1.0,0.8770491803278688,0.9956069859637844,0.04566343128681183,0.17526428401470184,0.0626296865076504
banknote_authentication,13,0.05,0.0,clean,0.0,xgb_ros,n/a,0.9262295081967213,0.8524590163934426,0.9946768914001898,0.9323992133726646,1.0,0.8524590163934426,0.995285545912354,0.05474207550287247,0.2066967785358429,0.07164389461617579
banknote_authentication,13,0.05,0.0,clean,0.0,xgb_smote,n/a,0.9467213114754098,0.8934426229508197,0.9935240693533032,0.9514852963128826,1.0,0.8934426229508197,0.9939997857066324,0.04075424373149872,0.1700928807258606,0.05395607867024162
banknote_authentication,13,0.05,0.0,clean,0.0,tabpfn_none,n/a,1.0,1.0,1.0,1.0,1.0,1.0,1.0,1.2555683497339487e-05,0.0007987504941411316,0.0007923833407668016
banknote_authentication,13,0.05,0.0,clean,0.0,tabpfn_threshold,observed,1.0,1.0,1.0,1.0,1.0,1.0,1.0,1.2555683497339487e-05,0.0007987504941411316,0.0007923833407668016
banknote_authentication,13,0.05,0.0,clean,0.0,tabpfn_threshold,oracle,1.0,1.0,1.0,1.0,1.0,1.0,1.0,1.2555683497339487e-05,0.0007987504941411316,0.0007923833407668016
banknote_authentication,13,0.05,0.0,clean,0.0,tabpfn_distpfn,observed,1.0,1.0,1.0,1.0,1.0,1.0,1.0,4.2565132722384644e-11,9.78371949950933e-07,9.783506666160587e-07
banknote_authentication,13,0.05,0.0,clean,0.0,tabpfn_distpfn,oracle,1.0,1.0,1.0,1.0,1.0,1.0,1.0,4.2565132722384644e-11,9.78371949950933e-07,9.783506666160587e-07
banknote_authentication,13,0.05,0.0,clean,0.0,tabpfn_distpfn_t,observed,1.0,1.0,1.0,1.0,1.0,1.0,1.0,1.8928012650115813e-08,2.9781953737499097e-05,2.977248381530979e-05
banknote_authentication,13,0.05,0.0,clean,0.0,tabpfn_distpfn_t,oracle,1.0,1.0,1.0,1.0,1.0,1.0,1.0,1.8928012650115813e-08,2.9781953737499097e-05,2.977248381530979e-05
banknote_authentication,13,0.05,0.0,clean,0.0,tabpfn_downsample,n/a,1.0,1.0,1.0,1.0,1.0,1.0,1.0,2.8102658689022064e-05,0.0014631543308496475,0.0014487486840649086
banknote_authentication,13,0.05,0.05,majority_to_minority,0.058823529411764705,xgb_none,n/a,0.9344262295081966,0.8688524590163934,0.9996065066037076,0.94006756020486,1.0,0.8688524590163934,0.9996785599485696,0.04701598361134529,0.15326979756355286,0.0870030109922994
banknote_authentication,13,0.05,0.05,majority_to_minority,0.058823529411764705,xgb_weighted,n/a,0.9672131147540983,0.9344262295081968,0.9990426918475994,0.9703119939544425,1.0,0.9344262295081968,0.999196399871424,0.022196106612682343,0.07830259203910828,0.037425365590236404
banknote_authentication,13,0.05,0.05,majority_to_minority,0.058823529411764705,xgb_ros,n/a,0.9672131147540983,0.9344262295081968,0.9991104333460414,0.9703119939544425,1.0,0.9344262295081968,0.9992499732133291,0.022204061970114708,0.07751208543777466,0.038929217799820684
banknote_authentication,13,0.05,0.05,majority_to_minority,0.058823529411764705,xgb_smote,n/a,0.9836065573770492,0.9672131147540983,0.9969604920283164,0.9852150537634408,1.0,0.9672131147540983,0.9971606128790315,0.014580710791051388,0.06368706375360489,0.02095809234644879
banknote_authentication,13,0.05,0.05,majority_to_minority,0.058823529411764705,tabpfn_none,n/a,1.0,1.0,1.0,1.0,1.0,1.0,1.0,0.0003245948173571378,0.0029122584965080023,0.0027121188085187566
banknote_authentication,13,0.05,0.05,majority_to_minority,0.058823529411764705,tabpfn_threshold,observed,0.9967320261437909,0.9934640522875817,1.0,0.9963198394111743,0.991869918699187,1.0,1.0,0.0003245948173571378,0.0029122584965080023,0.0027121188085187566
banknote_authentication,13,0.05,0.05,majority_to_minority,0.058823529411764705,tabpfn_threshold,oracle,0.9967320261437909,0.9934640522875817,1.0,0.9963198394111743,0.991869918699187,1.0,1.0,0.0003245948173571378,0.0029122584965080023,0.0027121188085187566
banknote_authentication,13,0.05,0.05,majority_to_minority,0.058823529411764705,tabpfn_distpfn,observed,0.9967320261437909,0.9934640522875817,1.0,0.9963198394111743,0.991869918699187,1.0,1.0,0.002032090129121551,0.005105497038632771,0.0028191259311077395
banknote_authentication,13,0.05,0.05,majority_to_minority,0.058823529411764705,tabpfn_distpfn,oracle,0.9967320261437909,0.9934640522875817,1.0,0.9963198394111743,0.991869918699187,1.0,1.0,0.00209722154092649,0.0052871658923977225,0.002868828459742431
banknote_authentication,13,0.05,0.05,majority_to_minority,0.058823529411764705,tabpfn_distpfn_t,observed,0.9967320261437909,0.9934640522875817,1.0,0.9963198394111743,0.991869918699187,1.0,1.0,0.0024389696450914057,0.006256958009594224,0.003020157005387931
banknote_authentication,13,0.05,0.05,majority_to_minority,0.058823529411764705,tabpfn_distpfn_t,oracle,0.9967320261437909,0.9934640522875817,1.0,0.9963198394111743,0.991869918699187,1.0,1.0,0.00250139707605117,0.006470084091069415,0.003055685123161061
banknote_authentication,13,0.05,0.05,majority_to_minority,0.058823529411764705,tabpfn_downsample,n/a,0.9901960784313726,0.9803921568627451,1.0,0.9889766304565679,0.976,1.0,1.0,0.010002009570598602,0.04085349291563034,0.03299545575610616
banknote_authentication,13,0.05,0.05,minority_to_majority,0.0625,xgb_none,n/a,0.8729508196721312,0.7459016393442623,0.9795788873549377,0.8812359816664577,1.0,0.7459016393442623,0.9774456230579663,0.0941796600818634,0.4208846092224121,0.12289121748540888
banknote_authentication,13,0.05,0.05,minority_to_majority,0.0625,xgb_weighted,n/a,0.8975409836065573,0.7950819672131147,0.981686431147528,0.9051580239760515,1.0,0.7950819672131147,0.9797760634308368,0.07635952532291412,0.34690985083580017,0.08963475411080499
banknote_authentication,13,0.05,0.05,minority_to_majority,0.0625,xgb_ros,n/a,0.8770491803278688,0.7540983606557377,0.9835936032841365,0.8852636849132176,1.0,0.7540983606557377,0.9834994106932391,0.08417882770299911,0.3568684458732605,0.10016685062850063
banknote_authentication,13,0.05,0.05,minority_to_majority,0.0625,xgb_smote,n/a,0.930327868852459,0.860655737704918,0.9945918252436495,0.9362392766056109,1.0,0.860655737704918,0.9941069323904425,0.045387983322143555,0.16856229305267334,0.057460737065835425
banknote_authentication,13,0.05,0.05,minority_to_majority,0.0625,tabpfn_none,n/a,0.9672131147540983,0.9344262295081968,0.9998661737490796,0.9703119939544425,1.0,0.9344262295081968,0.9998928533161898,0.024175141006708145,0.10466333478689194,0.029545505952767347
banknote_authentication,13,0.05,0.05,minority_to_majority,0.0625,tabpfn_threshold,observed,0.9795081967213115,0.9590163934426229,0.9998661737490796,0.9815011637449718,1.0,0.9590163934426229,0.9998928533161898,0.024175141006708145,0.10466333478689194,0.029545505952767347
banknote_authentication,13,0.05,0.05,minority_to_majority,0.0625,tabpfn_threshold,oracle,0.9795081967213115,0.9590163934426229,0.9998661737490796,0.9815011637449718,1.0,0.9590163934426229,0.9998928533161898,0.024175141006708145,0.10466333478689194,0.029545505952767347
banknote_authentication,13,0.05,0.05,minority_to_majority,0.0625,tabpfn_distpfn,observed,0.9754098360655737,0.9508196721311475,0.9998661737490796,0.9777795733678086,1.0,0.9508196721311475,0.9998928533161898,0.020995358095700183,0.1214215178151932,0.02257704666023392
banknote_authentication,13,0.05,0.05,minority_to_majority,0.0625,tabpfn_distpfn,oracle,0.9754098360655737,0.9508196721311475,0.9998661737490796,0.9777795733678086,1.0,0.9508196721311475,0.9998928533161898,0.021098967421360505,0.12295628831286497,0.022684971541605172
banknote_authentication,13,0.05,0.05,minority_to_majority,0.0625,tabpfn_distpfn_t,observed,0.9754098360655737,0.9508196721311475,0.9998661737490796,0.9777795733678086,1.0,0.9508196721311475,0.9998928533161898,0.021132694559866494,0.2648097025519582,0.022530520191607915
banknote_authentication,13,0.05,0.05,minority_to_majority,0.0625,tabpfn_distpfn_t,oracle,0.9754098360655737,0.9508196721311475,0.9998661737490796,0.9777795733678086,1.0,0.9508196721311475,0.9998928533161898,0.02122372240781915,0.2585978998470471,0.022642124677453898
banknote_authentication,13,0.05,0.05,minority_to_majority,0.0625,tabpfn_downsample,n/a,0.9803921568627452,0.9607843137254902,0.9997984322506377,0.978,0.953125,1.0,0.9998392799742848,0.01429830864071846,0.04387807846069336,0.018900651267348696
banknote_authentication,13,0.05,0.1,majority_to_minority,0.1111111111111111,xgb_none,n/a,0.9344262295081966,0.8688524590163934,0.9930901472232055,0.94006756020486,1.0,0.8688524590163934,0.9934640522875817,0.05084553733468056,0.19932867586612701,0.07474421973594211
banknote_authentication,13,0.05,0.1,majority_to_minority,0.1111111111111111,xgb_weighted,n/a,0.9336494160505733,0.8934426229508197,0.9936695923158819,0.9368456602499156,0.9646017699115044,0.8934426229508197,0.9946426658094932,0.04371609166264534,0.14473630487918854,0.05122041697529229
banknote_authentication,13,0.05,0.1,majority_to_minority,0.1111111111111111,xgb_ros,n/a,0.9360870031072539,0.8852459016393442,0.9947541284488605,0.9403600086749078,0.9818181818181818,0.8852459016393442,0.9956605593056895,0.041427887976169586,0.1317393034696579,0.045206727876581934
banknote_authentication,13,0.05,0.1,majority_to_minority,0.1111111111111111,xgb_smote,n/a,0.9795081967213115,0.9590163934426229,0.999145143877189,0.9815011637449718,1.0,0.9590163934426229,0.9993035465552341,0.01260313205420971,0.041359350085258484,0.012744034127416936
banknote_authentication,13,0.05,0.1,majority_to_minority,0.1111111111111111,tabpfn_none,n/a,1.0,1.0,1.0,1.0,1.0,1.0,1.0,0.0004817995650228113,0.0071562593802809715,0.006887876432050358
banknote_authentication,13,0.05,0.1,majority_to_minority,0.1111111111111111,tabpfn_threshold,observed,0.9967320261437909,0.9934640522875817,1.0,0.9963198394111743,0.991869918699187,1.0,1.0,0.0004817995650228113,0.0071562593802809715,0.006887876432050358
banknote_authentication,13,0.05,0.1,majority_to_minority,0.1111111111111111,tabpfn_threshold,oracle,0.9967320261437909,0.9934640522875817,1.0,0.9963198394111743,0.991869918699187,1.0,1.0,0.0004817995650228113,0.0071562593802809715,0.006887876432050358
banknote_authentication,13,0.05,0.1,majority_to_minority,0.1111111111111111,tabpfn_distpfn,observed,1.0,1.0,1.0,1.0,1.0,1.0,1.0,0.0004480946755450133,0.00212548356189057,0.0018313642528215782
banknote_authentication,13,0.05,0.1,majority_to_minority,0.1111111111111111,tabpfn_distpfn,oracle,1.0,1.0,1.0,1.0,1.0,1.0,1.0,0.0005256693411628017,0.0023564276258632847,0.0020018659347922924
banknote_authentication,13,0.05,0.1,majority_to_minority,0.1111111111111111,tabpfn_distpfn_t,observed,1.0,1.0,1.0,1.0,1.0,1.0,1.0,0.0006303090303521118,0.0021599339894086355,0.0017163497853008173
banknote_authentication,13,0.05,0.1,majority_to_minority,0.1111111111111111,tabpfn_distpfn_t,oracle,1.0,1.0,1.0,1.0,1.0,1.0,1.0,0.0007544615821380687,0.0023944877756109655,0.0018407373622883025
banknote_authentication,13,0.05,0.1,majority_to_minority,0.1111111111111111,tabpfn_downsample,n/a,0.977124183006536,0.954248366013072,1.0,0.9743500912737012,0.9457364341085271,1.0,1.0,0.01742660440504551,0.08100879937410355,0.06561840553175319
banknote_authentication,13,0.05,0.1,minority_to_majority,0.09375,xgb_none,n/a,0.8319672131147541,0.6639344262295082,0.9900951409896486,0.8399369685268523,1.0,0.6639344262295082,0.9919104253723346,0.12086005508899689,0.4713355600833893,0.16469027131795883
banknote_authentication,13,0.05,0.1,minority_to_majority,0.09375,xgb_weighted,n/a,0.8811475409836065,0.7622950819672131,0.9919868783306961,0.8892745574453315,1.0,0.7622950819672131,0.9935176256294868,0.09231532365083694,0.37902066111564636,0.11357141316275704
banknote_authentication,13,0.05,0.1,minority_to_majority,0.09375,xgb_ros,n/a,0.8647540983606558,0.7295081967213115,0.9867766371701825,0.8731283814956172,1.0,0.7295081967213115,0.9883210114646951,0.09876757860183716,0.4189222455024719,0.12115219756960868
banknote_authentication,13,0.05,0.1,minority_to_majority,0.09375,xgb_smote,n/a,0.8975409836065573,0.7950819672131147,0.9899874175943297,0.9051580239760515,1.0,0.7950819672131147,0.991374691953284,0.0853431448340416,0.35982996225357056,0.10422566623850303
banknote_authentication,13,0.05,0.1,minority_to_majority,0.09375,tabpfn_none,n/a,0.9836065573770492,0.9672131147540983,1.0,0.9852150537634408,1.0,0.9672131147540983,1.0,0.019516104832291603,0.08512305468320847,0.049033295405943964
banknote_authentication,13,0.05,0.1,minority_to_majority,0.09375,tabpfn_threshold,observed,0.9918032786885246,0.9836065573770492,1.0,0.9926210153482882,1.0,0.9836065573770492,1.0,0.019516104832291603,0.08512305468320847,0.049033295405943964
banknote_authentication,13,0.05,0.1,minority_to_majority,0.09375,tabpfn_threshold,oracle,0.9918032786885246,0.9836065573770492,1.0,0.9926210153482882,1.0,0.9836065573770492,1.0,0.019516104832291603,0.08512305468320847,0.049033295405943964
banknote_authentication,13,0.05,0.1,minority_to_majority,0.09375,tabpfn_distpfn,observed,0.9836065573770492,0.9672131147540983,1.0,0.9852150537634408,1.0,0.9672131147540983,1.0,0.013028854396836702,0.04753313648400061,0.014329298552983306
banknote_authentication,13,0.05,0.1,minority_to_majority,0.09375,tabpfn_distpfn,oracle,0.9836065573770492,0.9672131147540983,1.0,0.9852150537634408,1.0,0.9672131147540983,1.0,0.013165301890300721,0.04902116840519279,0.014465498923386139
banknote_authentication,13,0.05,0.1,minority_to_majority,0.09375,tabpfn_distpfn_t,observed,0.9836065573770492,0.9672131147540983,1.0,0.9852150537634408,1.0,0.9672131147540983,1.0,0.014051889748635624,0.08127540973598021,0.01592509469283836
banknote_authentication,13,0.05,0.1,minority_to_majority,0.09375,tabpfn_distpfn_t,oracle,0.9836065573770492,0.9672131147540983,1.0,0.9852150537634408,1.0,0.9672131147540983,1.0,0.014113469593285667,0.08220251252331325,0.016117908859671883
banknote_authentication,13,0.05,0.1,minority_to_majority,0.09375,tabpfn_downsample,n/a,0.9934640522875817,0.9869281045751634,0.9998677948175568,0.992645485665383,0.9838709677419355,1.0,0.9998928533161898,0.005594103131443262,0.016999458894133568,0.010583598187023945
banknote_authentication,13,0.05,0.2,majority_to_minority,0.2,xgb_none,n/a,0.9221311475409837,0.8442622950819673,0.994731645970026,0.9285470085470086,1.0,0.8442622950819673,0.9952855459123541,0.04945240914821625,0.1852976679801941,0.08163975038311698
banknote_authentication,13,0.05,0.2,majority_to_minority,0.2,xgb_weighted,n/a,0.9631147540983607,0.9262295081967213,0.9982452107686488,0.9665653495440729,1.0,0.9262295081967213,0.9985535197685632,0.029746748507022858,0.1072050929069519,0.04358321685851974
banknote_authentication,13,0.05,0.2,majority_to_minority,0.2,xgb_ros,n/a,0.9631147540983607,0.9262295081967213,0.9969864788509476,0.9665653495440729,1.0,0.9262295081967213,0.9974820529304618,0.03186891973018646,0.125311017036438,0.0414867928742685
banknote_authentication,13,0.05,0.2,majority_to_minority,0.2,xgb_smote,n/a,0.9582395799849994,0.9426229508196722,0.997342853738991,0.9593790704857055,0.9663865546218487,0.9426229508196722,0.9978570663237973,0.018431173637509346,0.05661144480109215,0.02797750749371268
banknote_authentication,13,0.05,0.2,majority_to_minority,0.2,tabpfn_none,n/a,0.9836065573770492,0.9672131147540983,1.0,0.9852150537634408,1.0,0.9672131147540983,1.0,0.006102287210524082,0.021169506013393402,0.015251163965599104
banknote_authentication,13,0.05,0.2,majority_to_minority,0.2,tabpfn_threshold,observed,1.0,1.0,1.0,1.0,1.0,1.0,1.0,0.006102287210524082,0.021169506013393402,0.015251163965599104
banknote_authentication,13,0.05,0.2,majority_to_minority,0.2,tabpfn_threshold,oracle,1.0,1.0,1.0,1.0,1.0,1.0,1.0,0.006102287210524082,0.021169506013393402,0.015251163965599104
banknote_authentication,13,0.05,0.2,majority_to_minority,0.2,tabpfn_distpfn,observed,1.0,1.0,1.0,1.0,1.0,1.0,1.0,0.000738161888437516,0.004226735207952339,0.003765903522688971
banknote_authentication,13,0.05,0.2,majority_to_minority,0.2,tabpfn_distpfn,oracle,1.0,1.0,1.0,1.0,1.0,1.0,1.0,0.0005240564898930167,0.0038298700953978324,0.0035152677386045485
banknote_authentication,13,0.05,0.2,majority_to_minority,0.2,tabpfn_distpfn_t,observed,1.0,1.0,1.0,1.0,1.0,1.0,1.0,0.00041896084305048317,0.002532851247208042,0.0022881310535859804
banknote_authentication,13,0.05,0.2,majority_to_minority,0.2,tabpfn_distpfn_t,oracle,1.0,1.0,1.0,1.0,1.0,1.0,1.0,0.0002725824849298175,0.001996745990620118,0.0018426100158708322
banknote_authentication,13,0.05,0.2,majority_to_minority,0.2,tabpfn_downsample,n/a,0.9934640522875817,0.9869281045751634,1.0,0.992645485665383,0.9838709677419355,1.0,1.0,0.01726074330508709,0.10498373210430145,0.09442396001382308
banknote_authentication,13,0.05,0.2,minority_to_majority,0.1875,xgb_none,n/a,0.8032786885245902,0.6065573770491803,0.9980710330821687,0.8097544102386718,1.0,0.6065573770491803,0.998339226400943,0.13341549038887024,0.4392915666103363,0.1800766456398097
banknote_authentication,13,0.05,0.2,minority_to_majority,0.1875,xgb_weighted,n/a,0.8442622950819672,0.6885245901639344,0.9990039196650887,0.8525344321517272,1.0,0.6885245901639344,0.9991963998714241,0.09979946911334991,0.31298449635505676,0.12805320432240314
banknote_authentication,13,0.05,0.2,minority_to_majority,0.1875,xgb_ros,n/a,0.8688524590163935,0.7377049180327869,0.9985284506985298,0.8771910237802836,1.0,0.7377049180327869,0.9988213864780886,0.09636887907981873,0.3277870714664459,0.12679176895794544
banknote_authentication,13,0.05,0.2,minority_to_majority,0.1875,xgb_smote,n/a,0.9426229508196722,0.8852459016393442,0.9997984322506377,0.9476902173913044,1.0,0.8852459016393442,0.9998392799742848,0.03991979360580444,0.1254107654094696,0.060377297893335874
banknote_authentication,13,0.05,0.2,minority_to_majority,0.1875,tabpfn_none,n/a,0.9959016393442623,0.9918032786885246,1.0,0.9963137223361618,1.0,0.9918032786885246,1.0,0.020788580179214478,0.09901587665081024,0.08584300109127072
banknote_authentication,13,0.05,0.2,minority_to_majority,0.1875,tabpfn_threshold,observed,1.0,1.0,1.0,1.0,1.0,1.0,1.0,0.020788580179214478,0.09901587665081024,0.08584300109127072
banknote_authentication,13,0.05,0.2,minority_to_majority,0.1875,tabpfn_threshold,oracle,1.0,1.0,1.0,1.0,1.0,1.0,1.0,0.020788580179214478,0.09901587665081024,0.08584300109127072
banknote_authentication,13,0.05,0.2,minority_to_majority,0.1875,tabpfn_distpfn,observed,1.0,1.0,1.0,1.0,1.0,1.0,1.0,2.7580458435181245e-05,0.001909053970067174,0.0018950315449167553
banknote_authentication,13,0.05,0.2,minority_to_majority,0.1875,tabpfn_distpfn,oracle,1.0,1.0,1.0,1.0,1.0,1.0,1.0,4.2090841620822715e-05,0.002363593907968608,0.002342110028209689
banknote_authentication,13,0.05,0.2,minority_to_majority,0.1875,tabpfn_distpfn_t,observed,1.0,1.0,1.0,1.0,1.0,1.0,1.0,5.8890510815374835e-05,0.00403731400939984,0.004007435593676527
banknote_authentication,13,0.05,0.2,minority_to_majority,0.1875,tabpfn_distpfn_t,oracle,1.0,1.0,1.0,1.0,1.0,1.0,1.0,8.847304233058403e-05,0.004947133974414147,0.004902092393553551
banknote_authentication,13,0.05,0.2,minority_to_majority,0.1875,tabpfn_downsample,n/a,0.9836601307189543,0.9673202614379085,1.0,0.9816541915168981,0.9606299212598425,1.0,1.0,0.01404210552573204,0.038710713386535645,0.022729459743608148
banknote_authentication,13,0.05,0.3,majority_to_minority,0.30434782608695654,xgb_none,n/a,0.9352566163077253,0.8770491803278688,0.9944253849096887,0.9402173913043478,0.9907407407407407,0.8770491803278688,0.995392692596164,0.04479937627911568,0.15206533670425415,0.06919557267969303
banknote_authentication,13,0.05,0.3,majority_to_minority,0.30434782608695654,xgb_weighted,n/a,0.9647755276974178,0.9426229508196722,0.9960385815601954,0.966702094740949,0.9829059829059829,0.9426229508196722,0.9968927461695061,0.02395704761147499,0.07986576110124588,0.02866273470900275
banknote_authentication,13,0.05,0.3,majority_to_minority,0.30434782608695654,xgb_ros,n/a,0.9574091931854709,0.9344262295081968,0.9968343649648144,0.9593025602389378,0.9743589743589743,0.9344262295081968,0.9974820529304618,0.024145010858774185,0.07865077257156372,0.03264798185026104
banknote_authentication,13,0.05,0.3,majority_to_minority,0.30434782608695654,xgb_smote,n/a,0.9648291010393228,0.954248366013072,0.9955679009398545,0.9632824182866909,0.9444444444444444,0.9754098360655737,0.9964105860923604,0.028576621785759926,0.0991378054022789,0.0347537962956862
banknote_authentication,13,0.05,0.3,majority_to_minority,0.30434782608695654,tabpfn_none,n/a,1.0,1.0,1.0,1.0,1.0,1.0,1.0,0.0003017143753822893,0.01227768138051033,0.012122660109942611
banknote_authentication,13,0.05,0.3,majority_to_minority,0.30434782608695654,tabpfn_threshold,observed,1.0,1.0,1.0,1.0,1.0,1.0,1.0,0.0003017143753822893,0.01227768138051033,0.012122660109942611
banknote_authentication,13,0.05,0.3,majority_to_minority,0.30434782608695654,tabpfn_threshold,oracle,0.9967320261437909,0.9934640522875817,1.0,0.9963198394111743,0.991869918699187,1.0,1.0,0.0003017143753822893,0.01227768138051033,0.012122660109942611
banknote_authentication,13,0.05,0.3,majority_to_minority,0.30434782608695654,tabpfn_distpfn,observed,1.0,1.0,1.0,1.0,1.0,1.0,1.0,2.2048267358140004e-05,0.0027989058063932135,0.0027877393139095394
banknote_authentication,13,0.05,0.3,majority_to_minority,0.30434782608695654,tabpfn_distpfn,oracle,1.0,1.0,1.0,1.0,1.0,1.0,1.0,4.689449617530791e-05,0.004103606843257105,0.004079723072191375
banknote_authentication,13,0.05,0.3,majority_to_minority,0.30434782608695654,tabpfn_distpfn_t,observed,1.0,1.0,1.0,1.0,1.0,1.0,1.0,1.0031210708099835e-06,0.00022311989312422998,0.00022261483472029985
banknote_authentication,13,0.05,0.3,majority_to_minority,0.30434782608695654,tabpfn_distpfn_t,oracle,1.0,1.0,1.0,1.0,1.0,1.0,1.0,1.5125859283589356e-06,0.00018415063139079105,0.00018338545257762083
banknote_authentication,13,0.05,0.3,majority_to_minority,0.30434782608695654,tabpfn_downsample,n/a,0.9934640522875817,0.9869281045751634,1.0,0.992645485665383,0.9838709677419355,1.0,1.0,0.03332901373505592,0.15605296194553375,0.13554213317957792
banknote_authentication,13,0.05,0.3,minority_to_majority,0.3125,xgb_none,n/a,0.7459016393442623,0.4918032786885246,0.9801395592633193,0.7454311992355471,1.0,0.4918032786885246,0.9774456230579663,0.18888621032238007,0.7123532891273499,0.2350988848236474
banknote_authentication,13,0.05,0.3,minority_to_majority,0.3125,xgb_weighted,n/a,0.7868852459016393,0.5737704918032787,0.9770168811867326,0.7919576350093109,1.0,0.5737704918032787,0.9739097824922319,0.14852352440357208,0.6288583278656006,0.18274942517280585
banknote_authentication,13,0.05,0.3,minority_to_majority,0.3125,xgb_ros,n/a,0.7418032786885246,0.48360655737704916,0.9708540897987705,0.7406009971701927,1.0,0.48360655737704916,0.9691417550626807,0.17697976529598236,0.7730235457420349,0.21183094758201726
banknote_authentication,13,0.05,0.3,minority_to_majority,0.3125,xgb_smote,n/a,0.8811475409836065,0.7622950819672131,0.9943937638688249,0.8892745574453315,1.0,0.7622950819672131,0.995339119254259,0.08697813749313354,0.3453098237514496,0.10854218736968257
banknote_authentication,13,0.05,0.3,minority_to_majority,0.3125,tabpfn_none,n/a,0.9057377049180328,0.8114754098360656,1.0,0.9130093936101445,1.0,0.8114754098360656,1.0,0.06813067197799683,0.2137996107339859,0.1611870584078133
banknote_authentication,13,0.05,0.3,minority_to_majority,0.3125,tabpfn_threshold,observed,1.0,1.0,1.0,1.0,1.0,1.0,1.0,0.06813067197799683,0.2137996107339859,0.1611870584078133
banknote_authentication,13,0.05,0.3,minority_to_majority,0.3125,tabpfn_threshold,oracle,1.0,1.0,1.0,1.0,1.0,1.0,1.0,0.06813067197799683,0.2137996107339859,0.1611870584078133
banknote_authentication,13,0.05,0.3,minority_to_majority,0.3125,tabpfn_distpfn,observed,1.0,1.0,1.0,1.0,1.0,1.0,1.0,0.0007016947425733655,0.010592883155498327,0.010214116910204608
banknote_authentication,13,0.05,0.3,minority_to_majority,0.3125,tabpfn_distpfn,oracle,1.0,1.0,1.0,1.0,1.0,1.0,1.0,0.0013880893042961299,0.015352837535405887,0.01458014943696924
banknote_authentication,13,0.05,0.3,minority_to_majority,0.3125,tabpfn_distpfn_t,observed,1.0,1.0,1.0,1.0,1.0,1.0,1.0,0.000450061505446514,0.01066907521319526,0.010433676577236272
banknote_authentication,13,0.05,0.3,minority_to_majority,0.3125,tabpfn_distpfn_t,oracle,1.0,1.0,1.0,1.0,1.0,1.0,1.0,0.0009539448615133644,0.015654308804328998,0.015144246056787984
banknote_authentication,13,0.05,0.3,minority_to_majority,0.3125,tabpfn_downsample,n/a,1.0,1.0,1.0,1.0,1.0,1.0,1.0,0.0007905859383754432,0.00940552819520235,0.008962769041007216
banknote_authentication,37,0.5,0.0,clean,0.0,xgb_none,n/a,0.9959016393442623,0.9918032786885246,1.0,0.9963137223361618,1.0,0.9918032786885246,1.0,0.003127690637484193,0.016561374068260193,0.013269821893085131
banknote_authentication,37,0.5,0.0,clean,0.0,xgb_weighted,n/a,0.9959016393442623,0.9918032786885246,1.0,0.9963137223361618,1.0,0.9918032786885246,1.0,0.0029756929725408554,0.016111543402075768,0.013179002996872774
banknote_authentication,37,0.5,0.0,clean,0.0,xgb_ros,n/a,0.9959016393442623,0.9918032786885246,1.0,0.9963137223361618,1.0,0.9918032786885246,1.0,0.0031467287335544825,0.01655564270913601,0.013190760243345388
banknote_authentication,37,0.5,0.0,clean,0.0,xgb_smote,n/a,0.9959016393442623,0.9918032786885246,0.9999999999999999,0.9963137223361618,1.0,0.9918032786885246,1.0,0.0029782981146126986,0.016172006726264954,0.01308224408802661
banknote_authentication,37,0.5,0.0,clean,0.0,tabpfn_none,n/a,1.0,1.0,1.0,1.0,1.0,1.0,1.0,1.7512112593376372e-10,1.3174231753509957e-05,1.3225037867166315e-05
banknote_authentication,37,0.5,0.0,clean,0.0,tabpfn_threshold,observed,1.0,1.0,1.0,1.0,1.0,1.0,1.0,1.7512112593376372e-10,1.3174231753509957e-05,1.3225037867166315e-05
banknote_authentication,37,0.5,0.0,clean,0.0,tabpfn_threshold,oracle,1.0,1.0,1.0,1.0,1.0,1.0,1.0,1.7512112593376372e-10,1.3174231753509957e-05,1.3225037867166315e-05
banknote_authentication,37,0.5,0.0,clean,0.0,tabpfn_distpfn,observed,1.0,1.0,1.0,1.0,1.0,1.0,1.0,3.3075265362634884e-20,1.7507792671823106e-10,1.750777755039505e-10
banknote_authentication,37,0.5,0.0,clean,0.0,tabpfn_distpfn,oracle,1.0,1.0,1.0,1.0,1.0,1.0,1.0,3.3075265362634884e-20,1.7507792671823106e-10,1.750777755039505e-10
banknote_authentication,37,0.5,0.0,clean,0.0,tabpfn_distpfn_t,observed,1.0,1.0,1.0,1.0,1.0,1.0,1.0,9.773332274737817e-12,3.1114249035179448e-06,3.111420016717558e-06
banknote_authentication,37,0.5,0.0,clean,0.0,tabpfn_distpfn_t,oracle,1.0,1.0,1.0,1.0,1.0,1.0,1.0,9.773332274737817e-12,3.1114249035179448e-06,3.111420016717558e-06
banknote_authentication,37,0.5,0.0,clean,0.0,tabpfn_downsample,n/a,1.0,1.0,1.0,1.0,1.0,1.0,1.0,1.7307465183247217e-10,1.3123079952492844e-05,1.3172152291438332e-05
banknote_authentication,37,0.5,0.05,majority_to_minority,0.050445103857566766,xgb_none,n/a,0.9901960784313726,0.9803921568627451,0.9990513597950772,0.9889766304565679,0.976,1.0,0.999249973213329,0.012919082306325436,0.06285257637500763,0.02964470203627239
banknote_authentication,37,0.5,0.05,majority_to_minority,0.050445103857566766,xgb_weighted,n/a,0.9901960784313726,0.9803921568627451,0.9989112449008639,0.9889766304565679,0.976,1.0,0.9991428265295189,0.012505750171840191,0.061362624168395996,0.02887336760759353
banknote_authentication,37,0.5,0.05,majority_to_minority,0.050445103857566766,xgb_ros,n/a,0.9901960784313726,0.9803921568627451,0.9993280472969743,0.9889766304565679,0.976,1.0,0.9994642665809493,0.012062945403158665,0.057528458535671234,0.02751771115443923
banknote_authentication,37,0.5,0.05,majority_to_minority,0.050445103857566766,xgb_smote,n/a,0.9869281045751634,0.9738562091503268,0.9990513597950772,0.9853129673146763,0.9682539682539683,1.0,0.9992499732133291,0.01216817181557417,0.05869409069418907,0.026415493650869887
banknote_authentication,37,0.5,0.05,majority_to_minority,0.050445103857566766,tabpfn_none,n/a,1.0,1.0,1.0,1.0,1.0,1.0,1.0,0.001128976116888225,0.02495596744120121,0.02437179509888996
banknote_authentication,37,0.5,0.05,majority_to_minority,0.050445103857566766,tabpfn_threshold,observed,1.0,1.0,1.0,1.0,1.0,1.0,1.0,0.001128976116888225,0.02495596744120121,0.02437179509888996
banknote_authentication,37,0.5,0.05,majority_to_minority,0.050445103857566766,tabpfn_threshold,oracle,1.0,1.0,1.0,1.0,1.0,1.0,1.0,0.001128976116888225,0.02495596744120121,0.02437179509888996
banknote_authentication,37,0.5,0.05,majority_to_minority,0.050445103857566766,tabpfn_distpfn,observed,1.0,1.0,1.0,1.0,1.0,1.0,1.0,3.230842620913677e-06,0.0011279382569832365,0.001126318143119264
banknote_authentication,37,0.5,0.05,majority_to_minority,0.050445103857566766,tabpfn_distpfn,oracle,1.0,1.0,1.0,1.0,1.0,1.0,1.0,3.991320487399475e-06,0.0012540838809439075,0.0012520817771984015
banknote_authentication,37,0.5,0.05,majority_to_minority,0.050445103857566766,tabpfn_distpfn_t,observed,1.0,1.0,1.0,1.0,1.0,1.0,1.0,8.767952824094914e-05,0.00674213451247801,0.006697858385368572
banknote_authentication,37,0.5,0.05,majority_to_minority,0.050445103857566766,tabpfn_distpfn_t,oracle,1.0,1.0,1.0,1.0,1.0,1.0,1.0,9.12898255359725e-05,0.00686890338839328,0.00682279159723286
banknote_authentication,37,0.5,0.05,minority_to_majority,0.05,xgb_none,n/a,0.9918032786885246,0.9836065573770492,1.0,0.9926210153482882,1.0,0.9836065573770492,1.0,0.004832620732486248,0.024485576897859573,0.018018705357204783
banknote_authentication,37,0.5,0.05,minority_to_majority,0.05,xgb_weighted,n/a,1.0,1.0,1.0,1.0,1.0,1.0,1.0,0.004071054980158806,0.02231341227889061,0.01957318658178503
banknote_authentication,37,0.5,0.05,minority_to_majority,0.05,xgb_ros,n/a,1.0,1.0,1.0,1.0,1.0,1.0,1.0,0.0033869100734591484,0.020311733707785606,0.018108928533778948
banknote_authentication,37,0.5,0.05,minority_to_majority,0.05,xgb_smote,n/a,0.9959016393442623,0.9918032786885246,1.0,0.9963137223361618,1.0,0.9918032786885246,1.0,0.003466070396825671,0.020723724737763405,0.01842054683969102
banknote_authentication,37,0.5,0.05,minority_to_majority,0.05,tabpfn_none,n/a,1.0,1.0,1.0,1.0,1.0,1.0,1.0,0.0006704285042360425,0.01754203997552395,0.017197692267549098
banknote_authentication,37,0.5,0.05,minority_to_majority,0.05,tabpfn_threshold,observed,1.0,1.0,1.0,1.0,1.0,1.0,1.0,0.0006704285042360425,0.01754203997552395,0.017197692267549098
banknote_authentication,37,0.5,0.05,minority_to_majority,0.05,tabpfn_threshold,oracle,1.0,1.0,1.0,1.0,1.0,1.0,1.0,0.0006704285042360425,0.01754203997552395,0.017197692267549098
banknote_authentication,37,0.5,0.05,minority_to_majority,0.05,tabpfn_distpfn,observed,1.0,1.0,1.0,1.0,1.0,1.0,1.0,1.0335751314162793e-06,0.0006553615188234942,0.0006548441209468682
banknote_authentication,37,0.5,0.05,minority_to_majority,0.05,tabpfn_distpfn,oracle,1.0,1.0,1.0,1.0,1.0,1.0,1.0,1.2617756392277023e-06,0.0007241386316787484,0.0007235069205953752
banknote_authentication,37,0.5,0.05,minority_to_majority,0.05,tabpfn_distpfn_t,observed,1.0,1.0,1.0,1.0,1.0,1.0,1.0,4.843078857441829e-05,0.004635381339623527,0.0046109908900643605
banknote_authentication,37,0.5,0.05,minority_to_majority,0.05,tabpfn_distpfn_t,oracle,1.0,1.0,1.0,1.0,1.0,1.0,1.0,4.993304126518788e-05,0.004705892226684191,0.004680742232746366
banknote_authentication,37,0.5,0.05,minority_to_majority,0.05,tabpfn_downsample,n/a,1.0,1.0,1.0,1.0,1.0,1.0,1.0,0.0005107205361127853,0.015266827307641506,0.015005402136620516
banknote_authentication,37,0.5,0.1,majority_to_minority,0.10112359550561797,xgb_none,n/a,0.9738562091503268,0.9477124183006536,0.9990638765648491,0.9707041653350379,0.9384615384615385,1.0,0.9992499732133291,0.026247769594192505,0.09590620547533035,0.054463574744083657
banknote_authentication,37,0.5,0.1,majority_to_minority,0.10112359550561797,xgb_weighted,n/a,0.9738562091503268,0.9477124183006536,0.9992125433944682,0.9707041653350379,0.9384615384615385,1.0,0.9993571198971393,0.02298937924206257,0.08719711005687714,0.05092565491795538
banknote_authentication,37,0.5,0.1,majority_to_minority,0.10112359550561797,xgb_ros,n/a,0.977124183006536,0.954248366013072,0.9994704590943368,0.9743500912737012,0.9457364341085271,1.0,0.9995714132647595,0.022127268835902214,0.08291398733854294,0.0482022606784647
banknote_authentication,37,0.5,0.1,majority_to_minority,0.10112359550561797,xgb_smote,n/a,0.9705882352941176,0.9411764705882353,0.9993255499597737,0.9670619235836627,0.9312977099236641,1.0,0.9994642665809493,0.022154567763209343,0.08364354819059372,0.04717711804942652
banknote_authentication,37,0.5,0.1,majority_to_minority,0.10112359550561797,tabpfn_none,n/a,1.0,1.0,1.0,1.0,1.0,1.0,1.0,0.005264531821012497,0.056142084300518036,0.05331731831485575
banknote_authentication,37,0.5,0.1,majority_to_minority,0.10112359550561797,tabpfn_threshold,observed,1.0,1.0,1.0,1.0,1.0,1.0,1.0,0.005264531821012497,0.056142084300518036,0.05331731831485575
banknote_authentication,37,0.5,0.1,majority_to_minority,0.10112359550561797,tabpfn_threshold,oracle,1.0,1.0,1.0,1.0,1.0,1.0,1.0,0.005264531821012497,0.056142084300518036,0.05331731831485575
banknote_authentication,37,0.5,0.1,majority_to_minority,0.10112359550561797,tabpfn_distpfn,observed,1.0,1.0,1.0,1.0,1.0,1.0,1.0,5.435260665592374e-05,0.005193264580731182,0.005165858542426885
banknote_authentication,37,0.5,0.1,majority_to_minority,0.10112359550561797,tabpfn_distpfn,oracle,1.0,1.0,1.0,1.0,1.0,1.0,1.0,8.480045627748077e-05,0.006498622254562424,0.006455774378907592
banknote_authentication,37,0.5,0.1,majority_to_minority,0.10112359550561797,tabpfn_distpfn_t,observed,1.0,1.0,1.0,1.0,1.0,1.0,1.0,0.0005192711923075722,0.016873953269781958,0.01660851155384269
banknote_authentication,37,0.5,0.1,majority_to_minority,0.10112359550561797,tabpfn_distpfn_t,oracle,1.0,1.0,1.0,1.0,1.0,1.0,1.0,0.0006127702013085294,0.01832191018064377,0.01800800809880559
banknote_authentication,37,0.5,0.1,minority_to_majority,0.1,xgb_none,n/a,0.9508196721311475,0.9016393442622951,0.9997984322506377,0.9552700065061809,1.0,0.9016393442622951,0.9998392799742848,0.026388542726635933,0.08561531454324722,0.0563448059017008
banknote_authentication,37,0.5,0.1,minority_to_majority,0.1,xgb_weighted,n/a,0.9549180327868853,0.9098360655737705,0.9999333599893376,0.9590446920567011,1.0,0.9098360655737705,0.999946426658095,0.024277880787849426,0.07882874459028244,0.05370025487108664
banknote_authentication,37,0.5,0.1,minority_to_majority,0.1,xgb_ros,n/a,0.959016393442623,0.9180327868852459,1.0,0.962809693822352,1.0,0.9180327868852459,1.0,0.026421306654810905,0.0853867456316948,0.05697577419606123
banknote_authentication,37,0.5,0.1,minority_to_majority,0.1,xgb_smote,n/a,0.9713114754098361,0.9426229508196722,0.9997328670788569,0.9740499588843505,1.0,0.9426229508196722,0.9997857066323798,0.023558685556054115,0.08063864707946777,0.045492723353884434
banknote_authentication,37,0.5,0.1,minority_to_majority,0.1,tabpfn_none,n/a,1.0,1.0,1.0,1.0,1.0,1.0,1.0,0.0035456479527056217,0.040506914258003235,0.038609564629481286
banknote_authentication,37,0.5,0.1,minority_to_majority,0.1,tabpfn_threshold,observed,1.0,1.0,1.0,1.0,1.0,1.0,1.0,0.0035456479527056217,0.040506914258003235,0.038609564629481286
banknote_authentication,37,0.5,0.1,minority_to_majority,0.1,tabpfn_threshold,oracle,1.0,1.0,1.0,1.0,1.0,1.0,1.0,0.0035456479527056217,0.040506914258003235,0.038609564629481286
banknote_authentication,37,0.5,0.1,minority_to_majority,0.1,tabpfn_distpfn,observed,1.0,1.0,1.0,1.0,1.0,1.0,1.0,3.703086857198634e-05,0.003537448827025927,0.003518744242653996
banknote_authentication,37,0.5,0.1,minority_to_majority,0.1,tabpfn_distpfn,oracle,1.0,1.0,1.0,1.0,1.0,1.0,1.0,5.4919315245613265e-05,0.004317261588032058,0.00428946062702933
banknote_authentication,37,0.5,0.1,minority_to_majority,0.1,tabpfn_distpfn_t,observed,1.0,1.0,1.0,1.0,1.0,1.0,1.0,0.0003489259844625348,0.012062175129301324,0.011883802870622436
banknote_authentication,37,0.5,0.1,minority_to_majority,0.1,tabpfn_distpfn_t,oracle,1.0,1.0,1.0,1.0,1.0,1.0,1.0,0.00040288236849981933,0.012925602390587921,0.0127192221157886
banknote_authentication,37,0.5,0.1,minority_to_majority,0.1,tabpfn_downsample,n/a,1.0,1.0,1.0,1.0,1.0,1.0,1.0,0.0024128402583301067,0.032956622540950775,0.031678797938868894
banknote_authentication,37,0.5,0.2,majority_to_minority,0.2,xgb_none,n/a,0.892156862745098,0.7843137254901961,0.9994000433944682,0.8799936525568295,0.7870967741935484,1.0,0.9995178399228544,0.08252880722284317,0.2629478871822357,0.14204695287075908
banknote_authentication,37,0.5,0.2,majority_to_minority,0.2,xgb_weighted,n/a,0.9084967320261438,0.8169934640522876,0.9987509024990391,0.8981696995344901,0.8133333333333334,1.0,0.9989821065038038,0.06770406663417816,0.2215488851070404,0.1244075376337225
banknote_authentication,37,0.5,0.2,majority_to_minority,0.2,xgb_ros,n/a,0.9052287581699346,0.8104575163398693,0.9991375469159735,0.894539876489335,0.8079470198675497,1.0,0.9993035465552341,0.07122978568077087,0.22593139111995697,0.12729014519940723
banknote_authentication,37,0.5,0.2,majority_to_minority,0.2,xgb_smote,n/a,0.9183006535947713,0.8366013071895425,0.9981277678066609,0.9090476127478866,0.8299319727891157,1.0,0.9984999464266581,0.06865690648555756,0.22390149533748627,0.12019217011603445
banknote_authentication,37,0.5,0.2,majority_to_minority,0.2,tabpfn_none,n/a,1.0,1.0,1.0,1.0,1.0,1.0,1.0,0.030412862077355385,0.14791151881217957,0.1297903813015331
banknote_authentication,37,0.5,0.2,majority_to_minority,0.2,tabpfn_threshold,observed,1.0,1.0,1.0,1.0,1.0,1.0,1.0,0.030412862077355385,0.14791151881217957,0.1297903813015331
banknote_authentication,37,0.5,0.2,majority_to_minority,0.2,tabpfn_threshold,oracle,1.0,1.0,1.0,1.0,1.0,1.0,1.0,0.030412862077355385,0.14791151881217957,0.1297903813015331
banknote_authentication,37,0.5,0.2,majority_to_minority,0.2,tabpfn_distpfn,observed,1.0,1.0,1.0,1.0,1.0,1.0,1.0,0.0016383039690369442,0.030528911041193717,0.02967680721200212
banknote_authentication,37,0.5,0.2,majority_to_minority,0.2,tabpfn_distpfn,oracle,1.0,1.0,1.0,1.0,1.0,1.0,1.0,0.004213554548176056,0.049908923475081725,0.04766304970054683
banknote_authentication,37,0.5,0.2,majority_to_minority,0.2,tabpfn_distpfn_t,observed,1.0,1.0,1.0,1.0,1.0,1.0,1.0,0.004576876466073228,0.05256079351976894,0.0501199046295077
banknote_authentication,37,0.5,0.2,majority_to_minority,0.2,tabpfn_distpfn_t,oracle,1.0,1.0,1.0,1.0,1.0,1.0,1.0,0.008730550647516174,0.07392386615267578,0.06914275703202877
banknote_authentication,37,0.5,0.2,minority_to_majority,0.2,xgb_none,n/a,0.9270598949962499,0.860655737704918,0.9987087771191387,0.9325760052304675,0.9905660377358491,0.860655737704918,0.9990356798457087,0.042797110974788666,0.13723161816596985,0.08243735705925662
banknote_authentication,37,0.5,0.2,minority_to_majority,0.2,xgb_weighted,n/a,0.9434533376192007,0.8934426229508197,0.9986432119473581,0.9478150075905444,0.990909090909091,0.8934426229508197,0.9989821065038037,0.03757169842720032,0.12224585562944412,0.07199698401107028
banknote_authentication,37,0.5,0.2,minority_to_majority,0.2,xgb_ros,n/a,0.9467213114754098,0.8934426229508197,0.9993797878135462,0.9514852963128826,1.0,0.8934426229508197,0.9995178399228544,0.03675379604101181,0.11887075006961823,0.07814857572317123
banknote_authentication,37,0.5,0.2,minority_to_majority,0.2,xgb_smote,n/a,0.939354976963463,0.8852459016393442,0.9988069461656022,0.9440214957456337,0.9908256880733946,0.8852459016393442,0.9990892531876137,0.03761432319879532,0.1222156211733818,0.07118177838284862
banknote_authentication,37,0.5,0.2,minority_to_majority,0.2,tabpfn_none,n/a,1.0,1.0,1.0,1.0,1.0,1.0,1.0,0.014084086753427982,0.08700936287641525,0.07899665682519713
banknote_authentication,37,0.5,0.2,minority_to_majority,0.2,tabpfn_threshold,observed,1.0,1.0,1.0,1.0,1.0,1.0,1.0,0.014084086753427982,0.08700936287641525,0.07899665682519713
banknote_authentication,37,0.5,0.2,minority_to_majority,0.2,tabpfn_threshold,oracle,1.0,1.0,1.0,1.0,1.0,1.0,1.0,0.014084086753427982,0.08700936287641525,0.07899665682519713
banknote_authentication,37,0.5,0.2,minority_to_majority,0.2,tabpfn_distpfn,observed,1.0,1.0,1.0,1.0,1.0,1.0,1.0,0.0004129053904800703,0.013672213551053481,0.013461391300196858
banknote_authentication,37,0.5,0.2,minority_to_majority,0.2,tabpfn_distpfn,oracle,1.0,1.0,1.0,1.0,1.0,1.0,1.0,0.0009000069867370592,0.020341458916544486,0.01987723732769846
banknote_authentication,37,0.5,0.2,minority_to_majority,0.2,tabpfn_distpfn_t,observed,1.0,1.0,1.0,1.0,1.0,1.0,1.0,0.0017711179259264054,0.02890249348591615,0.027977500208175195
banknote_authentication,37,0.5,0.2,minority_to_majority,0.2,tabpfn_distpfn_t,oracle,1.0,1.0,1.0,1.0,1.0,1.0,1.0,0.0027658485639567377,0.036409946672037695,0.034948987876052426
banknote_authentication,37,0.5,0.2,minority_to_majority,0.2,tabpfn_downsample,n/a,1.0,1.0,1.0,1.0,1.0,1.0,1.0,0.006407470908015966,0.056659918278455734,0.0531707451846821
banknote_authentication,37,0.5,0.3,majority_to_minority,0.29978118161925604,xgb_none,n/a,0.803921568627451,0.6078431372549019,0.99914761543746,0.7793645699614891,0.6703296703296703,1.0,0.9993035465552341,0.14699895679950714,0.4464741051197052,0.23050531918352302
banknote_authentication,37,0.5,0.3,majority_to_minority,0.29978118161925604,xgb_weighted,n/a,0.8823529411764706,0.7647058823529411,0.999531836304787,0.8690476190476191,0.7721518987341772,1.0,0.9996249866066645,0.09733298420906067,0.29908016324043274,0.17851124885407363
banknote_authentication,37,0.5,0.3,majority_to_minority,0.29978118161925604,xgb_ros,n/a,0.8333333333333333,0.6666666666666666,0.9988544770043665,0.8135593220338984,0.7052023121387283,1.0,0.9990892531876139,0.12809212505817413,0.3886597752571106,0.20250317956913605
banknote_authentication,37,0.5,0.3,majority_to_minority,0.29978118161925604,xgb_smote,n/a,0.8758169934640523,0.7516339869281046,0.9992929215910535,0.8617285910871176,0.7625,1.0,0.9994106932390443,0.10063301771879196,0.3097836673259735,0.1691075629944151
banknote_authentication,37,0.5,0.3,majority_to_minority,0.29978118161925604,tabpfn_none,n/a,0.9705882352941176,0.9411764705882353,1.0,0.9670619235836627,0.9312977099236641,1.0,1.0,0.10535556823015213,0.3179031312465668,0.2383672557635741
banknote_authentication,37,0.5,0.3,majority_to_minority,0.29978118161925604,tabpfn_threshold,observed,0.9901960784313726,0.9803921568627451,1.0,0.9889766304565679,0.976,1.0,1.0,0.10535556823015213,0.3179031312465668,0.2383672557635741
banknote_authentication,37,0.5,0.3,majority_to_minority,0.29978118161925604,tabpfn_threshold,oracle,0.9705882352941176,0.9411764705882353,1.0,0.9670619235836627,0.9312977099236641,1.0,1.0,0.10535556823015213,0.3179031312465668,0.2383672557635741
banknote_authentication,37,0.5,0.3,majority_to_minority,0.29978118161925604,tabpfn_distpfn,observed,0.9803921568627452,0.9607843137254902,1.0,0.978,0.953125,1.0,1.0,0.02886133337605687,0.13376059912372026,0.10970120015976688
banknote_authentication,37,0.5,0.3,majority_to_minority,0.29978118161925604,tabpfn_distpfn,oracle,0.9705882352941176,0.9411764705882353,1.0,0.9670619235836627,0.9312977099236641,1.0,1.0,0.08213004950950015,0.2734726599573452,0.2025166344238999
banknote_authentication,37,0.5,0.3,majority_to_minority,0.29978118161925604,tabpfn_distpfn_t,observed,0.9803921568627452,0.9607843137254902,1.0,0.978,0.953125,1.0,1.0,0.03141210033137327,0.14345972598502804,0.11936162565327736
banknote_authentication,37,0.5,0.3,majority_to_minority,0.29978118161925604,tabpfn_distpfn_t,oracle,0.9705882352941176,0.9411764705882353,1.0,0.9670619235836627,0.9312977099236641,1.0,1.0,0.08796144043362951,0.2836077351569144,0.212479733003871
banknote_authentication,37,0.5,0.3,minority_to_majority,0.3,xgb_none,n/a,0.8401639344262295,0.680327868852459,0.997842654980289,0.848356309650053,1.0,0.680327868852459,0.9982320797171328,0.09446210414171219,0.2797964811325073,0.14071633502671665
banknote_authentication,37,0.5,0.3,minority_to_majority,0.3,xgb_weighted,n/a,0.8524590163934427,0.7049180327868853,0.9982707705746368,0.86082995951417,1.0,0.7049180327868853,0.9986070931104682,0.08407795429229736,0.24647369980812073,0.12664734433320435
banknote_authentication,37,0.5,0.3,minority_to_majority,0.3,xgb_ros,n/a,0.8565573770491803,0.7131147540983607,0.9956802145531873,0.8649482944898904,1.0,0.7131147540983607,0.9965177327761705,0.08315954357385635,0.2563858926296234,0.12413035485554826
banknote_authentication,37,0.5,0.3,minority_to_majority,0.3,xgb_smote,n/a,0.8729508196721312,0.7459016393442623,0.9970913218943722,0.8812359816664577,1.0,0.7459016393442623,0.997589199614272,0.07903663069009781,0.24357978999614716,0.11743701740422031
banknote_authentication,37,0.5,0.3,minority_to_majority,0.3,tabpfn_none,n/a,1.0,1.0,1.0,1.0,1.0,1.0,1.0,0.036589816212654114,0.15014763176441193,0.12735458429139476
banknote_authentication,37,0.5,0.3,minority_to_majority,0.3,tabpfn_threshold,observed,1.0,1.0,1.0,1.0,1.0,1.0,1.0,0.036589816212654114,0.15014763176441193,0.12735458429139476
banknote_authentication,37,0.5,0.3,minority_to_majority,0.3,tabpfn_threshold,oracle,1.0,1.0,1.0,1.0,1.0,1.0,1.0,0.036589816212654114,0.15014763176441193,0.12735458429139476
banknote_authentication,37,0.5,0.3,minority_to_majority,0.3,tabpfn_distpfn,observed,1.0,1.0,1.0,1.0,1.0,1.0,1.0,0.002882688820524274,0.03714771528996271,0.03562290750428943
banknote_authentication,37,0.5,0.3,minority_to_majority,0.3,tabpfn_distpfn,oracle,1.0,1.0,1.0,1.0,1.0,1.0,1.0,0.008676443650013025,0.06662501343118456,0.061829257458648354
banknote_authentication,37,0.5,0.3,minority_to_majority,0.3,tabpfn_distpfn_t,observed,1.0,1.0,1.0,1.0,1.0,1.0,1.0,0.006129805090350453,0.05538979569399828,0.05205975215442042
banknote_authentication,37,0.5,0.3,minority_to_majority,0.3,tabpfn_distpfn_t,oracle,1.0,1.0,1.0,1.0,1.0,1.0,1.0,0.014214635311846868,0.08735409697519206,0.07925840560791364
banknote_authentication,37,0.5,0.3,minority_to_majority,0.3,tabpfn_downsample,n/a,1.0,1.0,1.0,1.0,1.0,1.0,1.0,0.013575604185461998,0.08335460722446442,0.07550936388619117
banknote_authentication,37,0.2,0.0,clean,0.0,xgb_none,n/a,0.9836065573770492,0.9672131147540983,0.9999333599893376,0.9852150537634408,1.0,0.9672131147540983,0.9999464266580949,0.013124007731676102,0.047207240015268326,0.025833437947387045
banknote_authentication,37,0.2,0.0,clean,0.0,xgb_weighted,n/a,0.9877049180327868,0.9754098360655737,1.0,0.9889215646779197,1.0,0.9754098360655737,1.0,0.008361995220184326,0.029535945504903793,0.018976403644139116
banknote_authentication,37,0.2,0.0,clean,0.0,xgb_ros,n/a,0.9877049180327868,0.9754098360655737,1.0,0.9889215646779197,1.0,0.9754098360655737,1.0,0.008706098422408104,0.030257506296038628,0.018987025879323483
banknote_authentication,37,0.2,0.0,clean,0.0,xgb_smote,n/a,0.9877049180327868,0.9754098360655737,1.0,0.9889215646779197,1.0,0.9754098360655737,1.0,0.008148636668920517,0.0290328711271286,0.018635527044534684
banknote_authentication,37,0.2,0.0,clean,0.0,tabpfn_none,n/a,1.0,1.0,1.0,1.0,1.0,1.0,1.0,5.306895367596098e-09,2.2663907657261007e-05,2.2675791931925977e-05
banknote_authentication,37,0.2,0.0,clean,0.0,tabpfn_threshold,observed,1.0,1.0,1.0,1.0,1.0,1.0,1.0,5.306895367596098e-09,2.2663907657261007e-05,2.2675791931925977e-05
banknote_authentication,37,0.2,0.0,clean,0.0,tabpfn_threshold,oracle,1.0,1.0,1.0,1.0,1.0,1.0,1.0,5.306895367596098e-09,2.2663907657261007e-05,2.2675791931925977e-05
banknote_authentication,37,0.2,0.0,clean,0.0,tabpfn_distpfn,observed,1.0,1.0,1.0,1.0,1.0,1.0,1.0,1.9853102539649745e-16,1.939965151703783e-09,1.9399650172676376e-09
banknote_authentication,37,0.2,0.0,clean,0.0,tabpfn_distpfn,oracle,1.0,1.0,1.0,1.0,1.0,1.0,1.0,1.9853102539649745e-16,1.939965151703783e-09,1.9399650172676376e-09
banknote_authentication,37,0.2,0.0,clean,0.0,tabpfn_distpfn_t,observed,1.0,1.0,1.0,1.0,1.0,1.0,1.0,9.30723465739561e-11,2.334083608130836e-06,2.334037069059028e-06
banknote_authentication,37,0.2,0.0,clean,0.0,tabpfn_distpfn_t,oracle,1.0,1.0,1.0,1.0,1.0,1.0,1.0,9.30723465739561e-11,2.334083608130836e-06,2.334037069059028e-06
banknote_authentication,37,0.2,0.0,clean,0.0,tabpfn_downsample,n/a,1.0,1.0,1.0,1.0,1.0,1.0,1.0,3.137600756986103e-08,4.56340640084818e-05,4.565924984159541e-05
banknote_authentication,37,0.2,0.05,majority_to_minority,0.05185185185185185,xgb_none,n/a,0.9918032786885246,0.9836065573770492,0.9999333599893377,0.9926210153482882,1.0,0.9836065573770492,0.9999464266580951,0.0055375793017446995,0.026483559980988503,0.019756230650977657
banknote_authentication,37,0.2,0.05,majority_to_minority,0.05185185185185185,xgb_weighted,n/a,0.9926336654880532,0.9918032786885246,0.9998661737490797,0.9926336654880532,0.9918032786885246,0.9918032786885246,0.9998928533161899,0.004948105197399855,0.019703077152371407,0.01431748388843103
banknote_authentication,37,0.2,0.05,majority_to_minority,0.05185185185185185,xgb_ros,n/a,0.9926336654880532,0.9918032786885246,0.9999333599893376,0.9926336654880532,0.9918032786885246,0.9918032786885246,0.999946426658095,0.004526361357420683,0.019557489082217216,0.012686693681911988
banknote_authentication,37,0.2,0.05,majority_to_minority,0.05185185185185185,xgb_smote,n/a,0.9959016393442623,0.9918032786885246,0.9999333599893376,0.9963137223361618,1.0,0.9918032786885246,0.999946426658095,0.003511043731123209,0.01876266486942768,0.012731062187389895
banknote_authentication,37,0.2,0.05,majority_to_minority,0.05185185185185185,tabpfn_none,n/a,1.0,1.0,1.0,1.0,1.0,1.0,1.0,8.363792585441843e-05,0.00546641368418932,0.0054237094013528395
banknote_authentication,37,0.2,0.05,majority_to_minority,0.05185185185185185,tabpfn_threshold,observed,1.0,1.0,1.0,1.0,1.0,1.0,1.0,8.363792585441843e-05,0.00546641368418932,0.0054237094013528395
banknote_authentication,37,0.2,0.05,majority_to_minority,0.05185185185185185,tabpfn_threshold,oracle,1.0,1.0,1.0,1.0,1.0,1.0,1.0,8.363792585441843e-05,0.00546641368418932,0.0054237094013528395
banknote_authentication,37,0.2,0.05,majority_to_minority,0.05185185185185185,tabpfn_distpfn,observed,1.0,1.0,1.0,1.0,1.0,1.0,1.0,2.272392796306753e-06,0.0003326648075286527,0.0003315133678107289
banknote_authentication,37,0.2,0.05,majority_to_minority,0.05185185185185185,tabpfn_distpfn,oracle,1.0,1.0,1.0,1.0,1.0,1.0,1.0,2.59104800347983e-06,0.00035562411068797725,0.0003543100163047726
banknote_authentication,37,0.2,0.05,majority_to_minority,0.05185185185185185,tabpfn_distpfn_t,observed,1.0,1.0,1.0,1.0,1.0,1.0,1.0,2.417127139387768e-06,0.0005081365093915076,0.0005069135214878821
banknote_authentication,37,0.2,0.05,majority_to_minority,0.05185185185185185,tabpfn_distpfn_t,oracle,1.0,1.0,1.0,1.0,1.0,1.0,1.0,2.2908330319924107e-06,0.00045477031578218877,0.00045361069362708634
banknote_authentication,37,0.2,0.05,majority_to_minority,0.05185185185185185,tabpfn_downsample,n/a,0.9934640522875817,0.9869281045751634,1.0,0.992645485665383,0.9838709677419355,1.0,1.0,0.005033486057072878,0.034221358597278595,0.03072127889503132
banknote_authentication,37,0.2,0.05,minority_to_majority,0.046875,xgb_none,n/a,0.9631147540983607,0.9262295081967213,1.0,0.9665653495440729,1.0,0.9262295081967213,1.0,0.02189180813729763,0.07408379763364792,0.04378245887261901
banknote_authentication,37,0.2,0.05,minority_to_majority,0.046875,xgb_weighted,n/a,0.9795081967213115,0.9590163934426229,1.0,0.9815011637449718,1.0,0.9590163934426229,1.0,0.012866529636085033,0.044898830354213715,0.023402156474238094
banknote_authentication,37,0.2,0.05,minority_to_majority,0.046875,xgb_ros,n/a,0.9754098360655737,0.9508196721311475,1.0,0.9777795733678086,1.0,0.9508196721311475,1.0,0.014984012581408024,0.04818578436970711,0.0309912064129656
banknote_authentication,37,0.2,0.05,minority_to_majority,0.046875,xgb_smote,n/a,0.9795081967213115,0.9590163934426229,1.0,0.9815011637449718,1.0,0.9590163934426229,1.0,0.011878283694386482,0.039280980825424194,0.026857069249857556
banknote_authentication,37,0.2,0.05,minority_to_majority,0.046875,tabpfn_none,n/a,0.9918032786885246,0.9836065573770492,1.0,0.9926210153482882,1.0,0.9836065573770492,1.0,0.003346777055412531,0.01986530050635338,0.017226200839451682
banknote_authentication,37,0.2,0.05,minority_to_majority,0.046875,tabpfn_threshold,observed,1.0,1.0,1.0,1.0,1.0,1.0,1.0,0.003346777055412531,0.01986530050635338,0.017226200839451682
banknote_authentication,37,0.2,0.05,minority_to_majority,0.046875,tabpfn_threshold,oracle,1.0,1.0,1.0,1.0,1.0,1.0,1.0,0.003346777055412531,0.01986530050635338,0.017226200839451682
banknote_authentication,37,0.2,0.05,minority_to_majority,0.046875,tabpfn_distpfn,observed,1.0,1.0,1.0,1.0,1.0,1.0,1.0,0.0007727817685581326,0.003131051795636378,0.0026335139627736747
banknote_authentication,37,0.2,0.05,minority_to_majority,0.046875,tabpfn_distpfn,oracle,1.0,1.0,1.0,1.0,1.0,1.0,1.0,0.0008370117202933316,0.0032913571014997773,0.0027458366652925144
banknote_authentication,37,0.2,0.05,minority_to_majority,0.046875,tabpfn_distpfn_t,observed,1.0,1.0,1.0,1.0,1.0,1.0,1.0,0.0006588731020210482,0.00442476965220773,0.00401420958172238
banknote_authentication,37,0.2,0.05,minority_to_majority,0.046875,tabpfn_distpfn_t,oracle,1.0,1.0,1.0,1.0,1.0,1.0,1.0,0.0007196971183671106,0.004647728337422705,0.004194018726599134
banknote_authentication,37,0.2,0.05,minority_to_majority,0.046875,tabpfn_downsample,n/a,0.9918032786885246,0.9836065573770492,1.0,0.9926210153482882,1.0,0.9836065573770492,1.0,0.002625309629365802,0.010156412608921528,0.007913223771928725
banknote_authentication,37,0.2,0.1,majority_to_minority,0.09859154929577464,xgb_none,n/a,0.9836065573770492,0.9672131147540983,0.999349729416418,0.9852150537634408,1.0,0.9672131147540983,0.9994642665809494,0.014425598084926605,0.05440725386142731,0.028913190940564326
banknote_authentication,37,0.2,0.1,majority_to_minority,0.09859154929577464,xgb_weighted,n/a,0.9885353048323154,0.9836065573770492,0.9997345147962322,0.9889411670084851,0.9917355371900827,0.9836065573770492,0.9997857066323796,0.007044367957860231,0.03135490417480469,0.022942805744030258
banknote_authentication,37,0.2,0.1,majority_to_minority,0.09859154929577464,xgb_ros,n/a,0.9967320261437909,0.9934640522875817,0.9998667199786753,0.9963198394111743,0.991869918699187,1.0,0.9998928533161899,0.00538052199408412,0.02740192413330078,0.018224830742586743
banknote_authentication,37,0.2,0.1,majority_to_minority,0.09859154929577464,xgb_smote,n/a,0.9869281045751634,0.9738562091503268,0.9990071327792834,0.9853129673146763,0.9682539682539683,1.0,0.999196399871424,0.012788581661880016,0.04585667699575424,0.026978827806358987
banknote_authentication,37,0.2,0.1,majority_to_minority,0.09859154929577464,tabpfn_none,n/a,1.0,1.0,1.0,1.0,1.0,1.0,1.0,0.00026664824690669775,0.011178278364241123,0.011042430075732145
banknote_authentication,37,0.2,0.1,majority_to_minority,0.09859154929577464,tabpfn_threshold,observed,1.0,1.0,1.0,1.0,1.0,1.0,1.0,0.00026664824690669775,0.011178278364241123,0.011042430075732145
banknote_authentication,37,0.2,0.1,majority_to_minority,0.09859154929577464,tabpfn_threshold,oracle,1.0,1.0,1.0,1.0,1.0,1.0,1.0,0.00026664824690669775,0.011178278364241123,0.011042430075732145
banknote_authentication,37,0.2,0.1,majority_to_minority,0.09859154929577464,tabpfn_distpfn,observed,1.0,1.0,1.0,1.0,1.0,1.0,1.0,3.1471366021513202e-06,0.0009878522049004228,0.000986274463068136
banknote_authentication,37,0.2,0.1,majority_to_minority,0.09859154929577464,tabpfn_distpfn,oracle,1.0,1.0,1.0,1.0,1.0,1.0,1.0,4.089046080694874e-06,0.0011263368392655684,0.0011242861333871962
banknote_authentication,37,0.2,0.1,majority_to_minority,0.09859154929577464,tabpfn_distpfn_t,observed,1.0,1.0,1.0,1.0,1.0,1.0,1.0,4.890548127520524e-06,0.0013707378192955397,0.0013682852906479615
banknote_authentication,37,0.2,0.1,majority_to_minority,0.09859154929577464,tabpfn_distpfn_t,oracle,1.0,1.0,1.0,1.0,1.0,1.0,1.0,3.561956141413102e-06,0.0011436451131409048,0.001141859466764624
banknote_authentication,37,0.2,0.1,majority_to_minority,0.09859154929577464,tabpfn_downsample,n/a,1.0,1.0,1.0,1.0,1.0,1.0,1.0,0.0035231993533670902,0.04447179660201073,0.04259852617979049
banknote_authentication,37,0.2,0.1,minority_to_majority,0.1015625,xgb_none,n/a,0.9508196721311475,0.9016393442622951,1.0,0.9552700065061809,1.0,0.9016393442622951,1.0,0.030034543946385384,0.10091481357812881,0.06193628251891244
banknote_authentication,37,0.2,0.1,minority_to_majority,0.1015625,xgb_weighted,n/a,0.9549180327868853,0.9098360655737705,1.0,0.9590446920567011,1.0,0.9098360655737705,1.0,0.023103808984160423,0.07371998578310013,0.04263460356064818
banknote_authentication,37,0.2,0.1,minority_to_majority,0.1015625,xgb_ros,n/a,0.9672131147540983,0.9344262295081968,1.0,0.9703119939544425,1.0,0.9344262295081968,1.0,0.021990813314914703,0.07138828933238983,0.04125267652625387
banknote_authentication,37,0.2,0.1,minority_to_majority,0.1015625,xgb_smote,n/a,0.9795081967213115,0.9590163934426229,1.0,0.9815011637449718,1.0,0.9590163934426229,1.0,0.017151227220892906,0.06001729145646095,0.03509991852227937
banknote_authentication,37,0.2,0.1,minority_to_majority,0.1015625,tabpfn_none,n/a,1.0,1.0,1.0,1.0,1.0,1.0,1.0,0.009648560546338558,0.04926016926765442,0.042929639896637214
banknote_authentication,37,0.2,0.1,minority_to_majority,0.1015625,tabpfn_threshold,observed,1.0,1.0,1.0,1.0,1.0,1.0,1.0,0.009648560546338558,0.04926016926765442,0.042929639896637214
banknote_authentication,37,0.2,0.1,minority_to_majority,0.1015625,tabpfn_threshold,oracle,1.0,1.0,1.0,1.0,1.0,1.0,1.0,0.009648560546338558,0.04926016926765442,0.042929639896637214
banknote_authentication,37,0.2,0.1,minority_to_majority,0.1015625,tabpfn_distpfn,observed,1.0,1.0,1.0,1.0,1.0,1.0,1.0,0.0003727870195404745,0.004896166730665099,0.0046966203127356936
banknote_authentication,37,0.2,0.1,minority_to_majority,0.1015625,tabpfn_distpfn,oracle,1.0,1.0,1.0,1.0,1.0,1.0,1.0,0.0004724391420299287,0.005555775778304918,0.00530063724200754
banknote_authentication,37,0.2,0.1,minority_to_majority,0.1015625,tabpfn_distpfn_t,observed,1.0,1.0,1.0,1.0,1.0,1.0,1.0,0.000594517737892253,0.008802633650092226,0.008482764080653139
banknote_authentication,37,0.2,0.1,minority_to_majority,0.1015625,tabpfn_distpfn_t,oracle,1.0,1.0,1.0,1.0,1.0,1.0,1.0,0.000737465107734056,0.009815401673886559,0.009415011379849708
banknote_authentication,37,0.2,0.1,minority_to_majority,0.1015625,tabpfn_downsample,n/a,1.0,1.0,1.0,1.0,1.0,1.0,1.0,7.48528545955196e-05,0.004114045761525631,0.004075862251603129
banknote_authentication,37,0.2,0.2,majority_to_minority,0.2,xgb_none,n/a,0.9828297439194257,0.9738562091503268,0.9974610269454066,0.9816277174276132,0.968,0.9918032786885246,0.9979642130076074,0.019826257601380348,0.0731830820441246,0.02521167459474367
banknote_authentication,37,0.2,0.2,majority_to_minority,0.2,xgb_weighted,n/a,0.9730258223507983,0.954248366013072,0.9973873514979175,0.9706666666666667,0.9453125,0.9918032786885246,0.9979106396657024,0.022923331707715988,0.08255426585674286,0.02929167020727285
banknote_authentication,37,0.2,0.2,majority_to_minority,0.2,xgb_ros,n/a,0.9762937962070074,0.9607843137254902,0.994936962643121,0.9743158681236574,0.952755905511811,0.9918032786885246,0.9961962927247402,0.022996237501502037,0.0867861807346344,0.030720649161799413
banknote_authentication,37,0.2,0.2,majority_to_minority,0.2,xgb_smote,n/a,0.9607843137254901,0.9215686274509803,0.998562730955,0.9561543367346939,0.9104477611940298,1.0,0.9988213864780886,0.031062962487339973,0.10268288105726242,0.050727415897629496
banknote_authentication,37,0.2,0.2,majority_to_minority,0.2,tabpfn_none,n/a,1.0,1.0,1.0,1.0,1.0,1.0,1.0,0.001465248642489314,0.02905215322971344,0.02829217085784132
banknote_authentication,37,0.2,0.2,majority_to_minority,0.2,tabpfn_threshold,observed,1.0,1.0,1.0,1.0,1.0,1.0,1.0,0.001465248642489314,0.02905215322971344,0.02829217085784132
banknote_authentication,37,0.2,0.2,majority_to_minority,0.2,tabpfn_threshold,oracle,1.0,1.0,1.0,1.0,1.0,1.0,1.0,0.001465248642489314,0.02905215322971344,0.02829217085784132
banknote_authentication,37,0.2,0.2,majority_to_minority,0.2,tabpfn_distpfn,observed,1.0,1.0,1.0,1.0,1.0,1.0,1.0,4.9785498196717684e-05,0.0048942785615305835,0.004869159280775885
banknote_authentication,37,0.2,0.2,majority_to_minority,0.2,tabpfn_distpfn,oracle,1.0,1.0,1.0,1.0,1.0,1.0,1.0,8.769898482568076e-05,0.0065136201178768345,0.006469241568627598
banknote_authentication,37,0.2,0.2,majority_to_minority,0.2,tabpfn_distpfn_t,observed,1.0,1.0,1.0,1.0,1.0,1.0,1.0,8.713498398121728e-05,0.006640265826784536,0.006596220226238056
banknote_authentication,37,0.2,0.2,majority_to_minority,0.2,tabpfn_distpfn_t,oracle,1.0,1.0,1.0,1.0,1.0,1.0,1.0,7.035643036064767e-05,0.005762483938927665,0.005726893302528516
banknote_authentication,37,0.2,0.2,majority_to_minority,0.2,tabpfn_downsample,n/a,1.0,1.0,1.0,1.0,1.0,1.0,1.0,0.014343000017106533,0.09545288234949112,0.08726864573630419
banknote_authentication,37,0.2,0.2,minority_to_majority,0.203125,xgb_none,n/a,0.9098360655737705,0.819672131147541,1.0,0.9169138650845968,1.0,0.819672131147541,1.0,0.0593683198094368,0.19375185668468475,0.10327052983370692
banknote_authentication,37,0.2,0.2,minority_to_majority,0.203125,xgb_weighted,n/a,0.9467213114754098,0.8934426229508197,0.9994774915430653,0.9514852963128826,1.0,0.8934426229508197,0.9995714132647595,0.04022613540291786,0.13827195763587952,0.06825490679422563
banknote_authentication,37,0.2,0.2,minority_to_majority,0.203125,xgb_ros,n/a,0.930327868852459,0.860655737704918,0.9990438582576329,0.9362392766056109,1.0,0.860655737704918,0.999196399871424,0.0417039655148983,0.1427326798439026,0.06986725668338212
banknote_authentication,37,0.2,0.2,minority_to_majority,0.203125,xgb_smote,n/a,0.9344262295081966,0.8688524590163934,0.9993349481012421,0.94006756020486,1.0,0.8688524590163934,0.9994642665809493,0.03950359672307968,0.1225348562002182,0.06195000261999666
banknote_authentication,37,0.2,0.2,minority_to_majority,0.203125,tabpfn_none,n/a,1.0,1.0,1.0,1.0,1.0,1.0,1.0,0.015820547938346863,0.09254135191440582,0.08344435621287134
banknote_authentication,37,0.2,0.2,minority_to_majority,0.203125,tabpfn_threshold,observed,1.0,1.0,1.0,1.0,1.0,1.0,1.0,0.015820547938346863,0.09254135191440582,0.08344435621287134
banknote_authentication,37,0.2,0.2,minority_to_majority,0.203125,tabpfn_threshold,oracle,1.0,1.0,1.0,1.0,1.0,1.0,1.0,0.015820547938346863,0.09254135191440582,0.08344435621287134
banknote_authentication,37,0.2,0.2,minority_to_majority,0.203125,tabpfn_distpfn,observed,1.0,1.0,1.0,1.0,1.0,1.0,1.0,5.108885567701846e-05,0.004570049142479572,0.004544258276166894
banknote_authentication,37,0.2,0.2,minority_to_majority,0.203125,tabpfn_distpfn,oracle,1.0,1.0,1.0,1.0,1.0,1.0,1.0,8.801850390539004e-05,0.006014772625740525,0.005970207255608362
banknote_authentication,37,0.2,0.2,minority_to_majority,0.203125,tabpfn_distpfn_t,observed,1.0,1.0,1.0,1.0,1.0,1.0,1.0,0.00036546285451667546,0.012791353627893836,0.01260487794881169
banknote_authentication,37,0.2,0.2,minority_to_majority,0.203125,tabpfn_distpfn_t,oracle,1.0,1.0,1.0,1.0,1.0,1.0,1.0,0.0005639248163727778,0.01594256327455663,0.01565336751611697
banknote_authentication,37,0.2,0.2,minority_to_majority,0.203125,tabpfn_downsample,n/a,1.0,1.0,1.0,1.0,1.0,1.0,1.0,0.002677114214748144,0.028796469792723656,0.027293382873758675
banknote_authentication,37,0.2,0.3,majority_to_minority,0.3005464480874317,xgb_none,n/a,0.9738562091503268,0.9477124183006536,1.0,0.9707041653350379,0.9384615384615385,1.0,1.0,0.019964398816227913,0.0763954445719719,0.05350191746245731
banknote_authentication,37,0.2,0.3,majority_to_minority,0.3005464480874317,xgb_weighted,n/a,0.9673202614379085,0.934640522875817,0.9995956810569071,0.9634230687380294,0.9242424242424242,1.0,0.9996785599485696,0.026714539155364037,0.09719473868608475,0.053603773767297906
banknote_authentication,37,0.2,0.3,majority_to_minority,0.3005464480874317,xgb_ros,n/a,0.9705882352941176,0.9411764705882353,0.9993365513309761,0.9670619235836627,0.9312977099236641,1.0,0.9994642665809493,0.02791423164308071,0.10107515007257462,0.05284986346960069
banknote_authentication,37,0.2,0.3,majority_to_minority,0.3005464480874317,xgb_smote,n/a,0.9509803921568627,0.9019607843137255,0.9984557721180487,0.9452692751661824,0.8905109489051095,1.0,0.9987678131361835,0.04132171347737312,0.14497168362140656,0.08083764702081679
banknote_authentication,37,0.2,0.3,majority_to_minority,0.3005464480874317,tabpfn_none,n/a,1.0,1.0,1.0,1.0,1.0,1.0,1.0,0.004952240735292435,0.05391613766551018,0.051244326423514966
banknote_authentication,37,0.2,0.3,majority_to_minority,0.3005464480874317,tabpfn_threshold,observed,1.0,1.0,1.0,1.0,1.0,1.0,1.0,0.004952240735292435,0.05391613766551018,0.051244326423514966
banknote_authentication,37,0.2,0.3,majority_to_minority,0.3005464480874317,tabpfn_threshold,oracle,0.9934640522875817,0.9869281045751634,1.0,0.992645485665383,0.9838709677419355,1.0,1.0,0.004952240735292435,0.05391613766551018,0.051244326423514966
banknote_authentication,37,0.2,0.3,majority_to_minority,0.3005464480874317,tabpfn_distpfn,observed,1.0,1.0,1.0,1.0,1.0,1.0,1.0,0.000683381578146381,0.015276163663650864,0.014902151597029796
banknote_authentication,37,0.2,0.3,majority_to_minority,0.3005464480874317,tabpfn_distpfn,oracle,1.0,1.0,1.0,1.0,1.0,1.0,1.0,0.0015378523036756121,0.024119792163446268,0.023248278235001137
banknote_authentication,37,0.2,0.3,majority_to_minority,0.3005464480874317,tabpfn_distpfn_t,observed,1.0,1.0,1.0,1.0,1.0,1.0,1.0,0.0011429879655759875,0.021261280674837336,0.02063197213060079
banknote_authentication,37,0.2,0.3,majority_to_minority,0.3005464480874317,tabpfn_distpfn_t,oracle,1.0,1.0,1.0,1.0,1.0,1.0,1.0,0.0017263030848327363,0.02392339132567974,0.02290227914354704
banknote_authentication,37,0.2,0.3,majority_to_minority,0.3005464480874317,tabpfn_downsample,n/a,0.9934640522875817,0.9869281045751634,1.0,0.992645485665383,0.9838709677419355,1.0,1.0,0.029284540563821793,0.1492517590522766,0.1200299278308045
banknote_authentication,37,0.2,0.3,minority_to_majority,0.296875,xgb_none,n/a,0.8278688524590163,0.6557377049180327,0.9983344191861938,0.8356947763741891,1.0,0.6557377049180327,0.9987142397942784,0.10164634138345718,0.311292439699173,0.15418941386213358
banknote_authentication,37,0.2,0.3,minority_to_majority,0.296875,xgb_weighted,n/a,0.8934426229508197,0.7868852459016393,0.9985149990522562,0.9012103459710401,1.0,0.7868852459016393,0.9988213864780884,0.07500357925891876,0.23420493304729462,0.11380109176209027
banknote_authentication,37,0.2,0.3,minority_to_majority,0.296875,xgb_ros,n/a,0.8852459016393442,0.7704918032786885,0.9970763013110298,0.8932690175205145,1.0,0.7704918032786885,0.997642772956177,0.07899250090122223,0.2583359181880951,0.11557153978808361
banknote_authentication,37,0.2,0.3,minority_to_majority,0.296875,xgb_smote,n/a,0.930327868852459,0.860655737704918,0.9990016444972294,0.9362392766056109,1.0,0.860655737704918,0.999196399871424,0.04089422523975372,0.12855558097362518,0.06698538570241494
banknote_authentication,37,0.2,0.3,minority_to_majority,0.296875,tabpfn_none,n/a,1.0,1.0,1.0,1.0,1.0,1.0,1.0,0.03636719658970833,0.14958703517913818,0.12694656627460393
banknote_authentication,37,0.2,0.3,minority_to_majority,0.296875,tabpfn_threshold,observed,1.0,1.0,1.0,1.0,1.0,1.0,1.0,0.03636719658970833,0.14958703517913818,0.12694656627460393
banknote_authentication,37,0.2,0.3,minority_to_majority,0.296875,tabpfn_threshold,oracle,1.0,1.0,1.0,1.0,1.0,1.0,1.0,0.03636719658970833,0.14958703517913818,0.12694656627460393
banknote_authentication,37,0.2,0.3,minority_to_majority,0.296875,tabpfn_distpfn,observed,1.0,1.0,1.0,1.0,1.0,1.0,1.0,0.0002956034809094207,0.011539734318210123,0.011389298400552915
banknote_authentication,37,0.2,0.3,minority_to_majority,0.296875,tabpfn_distpfn,oracle,1.0,1.0,1.0,1.0,1.0,1.0,1.0,0.0006711040687999958,0.01750746138638215,0.017162808134616136
banknote_authentication,37,0.2,0.3,minority_to_majority,0.296875,tabpfn_distpfn_t,observed,1.0,1.0,1.0,1.0,1.0,1.0,1.0,0.0009625847864174692,0.021120564077055426,0.020623689566201565
banknote_authentication,37,0.2,0.3,minority_to_majority,0.296875,tabpfn_distpfn_t,oracle,1.0,1.0,1.0,1.0,1.0,1.0,1.0,0.0019270363116863454,0.030187798814025293,0.029179450254040003
banknote_authentication,37,0.2,0.3,minority_to_majority,0.296875,tabpfn_downsample,n/a,1.0,1.0,0.9999999999999999,1.0,1.0,1.0,1.0,0.0010028649121522903,0.01819468103349209,0.017660838492553343
banknote_authentication,37,0.1,0.0,clean,0.0,xgb_none,n/a,0.9508196721311475,0.9016393442622951,0.99960497091486,0.9552700065061809,1.0,0.9016393442622951,0.9996785599485697,0.03528301417827606,0.1148885115981102,0.0556016023406251
banknote_authentication,37,0.1,0.0,clean,0.0,xgb_weighted,n/a,0.959016393442623,0.9180327868852459,0.999800608577299,0.962809693822352,1.0,0.9180327868852459,0.9998392799742848,0.02048518694937229,0.06633015722036362,0.03230558318001303
banknote_authentication,37,0.1,0.0,clean,0.0,xgb_ros,n/a,0.9795081967213115,0.9590163934426229,0.9994824986671998,0.9815011637449718,1.0,0.9590163934426229,0.9995714132647595,0.016758723184466362,0.06236368417739868,0.028571491141549568
banknote_authentication,37,0.1,0.0,clean,0.0,xgb_smote,n/a,0.9549180327868853,0.9098360655737705,0.999661246228688,0.9590446920567011,1.0,0.9098360655737705,0.9997321332904747,0.024824749678373337,0.07666158676147461,0.03255591301247478
banknote_authentication,37,0.1,0.0,clean,0.0,tabpfn_none,n/a,1.0,1.0,1.0,1.0,1.0,1.0,1.0,7.672064384678379e-06,0.0004044686211273074,0.00040060633455141215
banknote_authentication,37,0.1,0.0,clean,0.0,tabpfn_threshold,observed,1.0,1.0,1.0,1.0,1.0,1.0,1.0,7.672064384678379e-06,0.0004044686211273074,0.00040060633455141215
banknote_authentication,37,0.1,0.0,clean,0.0,tabpfn_threshold,oracle,1.0,1.0,1.0,1.0,1.0,1.0,1.0,7.672064384678379e-06,0.0004044686211273074,0.00040060633455141215
banknote_authentication,37,0.1,0.0,clean,0.0,tabpfn_distpfn,observed,1.0,1.0,1.0,1.0,1.0,1.0,1.0,7.525171695550621e-11,8.960960209402833e-07,8.960583922114971e-07
banknote_authentication,37,0.1,0.0,clean,0.0,tabpfn_distpfn,oracle,1.0,1.0,1.0,1.0,1.0,1.0,1.0,7.525171695550621e-11,8.960960209402833e-07,8.960583922114971e-07
banknote_authentication,37,0.1,0.0,clean,0.0,tabpfn_distpfn_t,observed,1.0,1.0,1.0,1.0,1.0,1.0,1.0,4.2513542485848105e-08,2.9071971689118053e-05,2.9050688206398504e-05
banknote_authentication,37,0.1,0.0,clean,0.0,tabpfn_distpfn_t,oracle,1.0,1.0,1.0,1.0,1.0,1.0,1.0,4.2513542485848105e-08,2.9071971689118053e-05,2.9050688206398504e-05
banknote_authentication,37,0.1,0.0,clean,0.0,tabpfn_downsample,n/a,0.9738562091503268,0.9477124183006536,1.0,0.9707041653350379,0.9384615384615385,1.0,1.0,0.020993953570723534,0.07565183192491531,0.025469353247476255
banknote_authentication,37,0.1,0.05,majority_to_minority,0.04477611940298507,xgb_none,n/a,0.9672131147540983,0.9344262295081968,0.9999333599893376,0.9703119939544425,1.0,0.9344262295081968,0.999946426658095,0.019732989370822906,0.06855543702840805,0.04037193666804921
banknote_authentication,37,0.1,0.05,majority_to_minority,0.04477611940298507,xgb_weighted,n/a,0.9877049180327868,0.9754098360655737,0.9999333599893377,0.9889215646779197,1.0,0.9754098360655737,0.9999464266580949,0.007360362913459539,0.029080072417855263,0.015042045519433238
banknote_authentication,37,0.1,0.05,majority_to_minority,0.04477611940298507,xgb_ros,n/a,0.9877049180327868,0.9754098360655737,0.9998032786885247,0.9889215646779197,1.0,0.9754098360655737,0.9998392799742848,0.007646263111382723,0.031446803361177444,0.015924750332805243
banknote_authentication,37,0.1,0.05,majority_to_minority,0.04477611940298507,xgb_smote,n/a,0.9959016393442623,0.9918032786885246,0.9998677948175568,0.9963137223361618,1.0,0.9918032786885246,0.9998928533161899,0.004356936551630497,0.019958894699811935,0.010138892998749559
banknote_authentication,37,0.1,0.05,majority_to_minority,0.04477611940298507,tabpfn_none,n/a,1.0,1.0,1.0,1.0,1.0,1.0,1.0,7.88738270784961e-06,0.001837073010392487,0.001833092923360792
banknote_authentication,37,0.1,0.05,majority_to_minority,0.04477611940298507,tabpfn_threshold,observed,1.0,1.0,1.0,1.0,1.0,1.0,1.0,7.88738270784961e-06,0.001837073010392487,0.001833092923360792
banknote_authentication,37,0.1,0.05,majority_to_minority,0.04477611940298507,tabpfn_threshold,oracle,1.0,1.0,1.0,1.0,1.0,1.0,1.0,7.88738270784961e-06,0.001837073010392487,0.001833092923360792
banknote_authentication,37,0.1,0.05,majority_to_minority,0.04477611940298507,tabpfn_distpfn,observed,1.0,1.0,1.0,1.0,1.0,1.0,1.0,2.319363896638418e-08,4.9230869307450136e-05,4.9219265174336154e-05
banknote_authentication,37,0.1,0.05,majority_to_minority,0.04477611940298507,tabpfn_distpfn,oracle,1.0,1.0,1.0,1.0,1.0,1.0,1.0,2.5682242763655033e-08,5.178008457739555e-05,5.1767234933756986e-05
banknote_authentication,37,0.1,0.05,majority_to_minority,0.04477611940298507,tabpfn_distpfn_t,observed,1.0,1.0,1.0,1.0,1.0,1.0,1.0,1.3008928799888683e-08,3.5177438546191995e-05,3.517093116451759e-05
banknote_authentication,37,0.1,0.05,majority_to_minority,0.04477611940298507,tabpfn_distpfn_t,oracle,1.0,1.0,1.0,1.0,1.0,1.0,1.0,1.192943077174318e-08,3.304338037395419e-05,3.303741308955531e-05
banknote_authentication,37,0.1,0.05,majority_to_minority,0.04477611940298507,tabpfn_downsample,n/a,1.0,1.0,1.0,1.0,1.0,1.0,1.0,0.0011064698919653893,0.023187782615423203,0.02260688204656948
banknote_authentication,37,0.1,0.05,minority_to_majority,0.046875,xgb_none,n/a,0.9549180327868853,0.9098360655737705,0.9997984322506377,0.9590446920567011,1.0,0.9098360655737705,0.9998392799742848,0.03369246795773506,0.11344651877880096,0.06345689054070548
banknote_authentication,37,0.1,0.05,minority_to_majority,0.046875,xgb_weighted,n/a,0.9713114754098361,0.9426229508196722,0.9997360924482666,0.9740499588843505,1.0,0.9426229508196722,0.9997857066323796,0.019681114703416824,0.06837428361177444,0.03256875821473924
banknote_authentication,37,0.1,0.05,minority_to_majority,0.046875,xgb_ros,n/a,0.9672131147540983,0.9344262295081968,0.9996683509498246,0.9703119939544425,1.0,0.9344262295081968,0.9997321332904747,0.022068524733185768,0.07429121434688568,0.03501021390442144
banknote_authentication,37,0.1,0.05,minority_to_majority,0.046875,xgb_smote,n/a,0.9836065573770492,0.9672131147540983,0.9991612310977968,0.9852150537634408,1.0,0.9672131147540983,0.999303546555234,0.01466425508260727,0.05832025781273842,0.022987643046812577
banknote_authentication,37,0.1,0.05,minority_to_majority,0.046875,tabpfn_none,n/a,0.9836065573770492,0.9672131147540983,1.0,0.9852150537634408,1.0,0.9672131147540983,1.0,0.008366682566702366,0.02624250017106533,0.018583928143667765
banknote_authentication,37,0.1,0.05,minority_to_majority,0.046875,tabpfn_threshold,observed,1.0,1.0,1.0,1.0,1.0,1.0,1.0,0.008366682566702366,0.02624250017106533,0.018583928143667765
banknote_authentication,37,0.1,0.05,minority_to_majority,0.046875,tabpfn_threshold,oracle,1.0,1.0,1.0,1.0,1.0,1.0,1.0,0.008366682566702366,0.02624250017106533,0.018583928143667765
banknote_authentication,37,0.1,0.05,minority_to_majority,0.046875,tabpfn_distpfn,observed,1.0,1.0,1.0,1.0,1.0,1.0,1.0,0.0015198345399859941,0.0059406246960373825,0.004932764009254555
banknote_authentication,37,0.1,0.05,minority_to_majority,0.046875,tabpfn_distpfn,oracle,1.0,1.0,1.0,1.0,1.0,1.0,1.0,0.001627822198617764,0.006207884935449513,0.005116328951374322
banknote_authentication,37,0.1,0.05,minority_to_majority,0.046875,tabpfn_distpfn_t,observed,1.0,1.0,1.0,1.0,1.0,1.0,1.0,0.0010114047675155332,0.0051867189161151775,0.004559973497958287
banknote_authentication,37,0.1,0.05,minority_to_majority,0.046875,tabpfn_distpfn_t,oracle,1.0,1.0,1.0,1.0,1.0,1.0,1.0,0.0011016260300137466,0.0054541506227647075,0.004764258040455757
banknote_authentication,37,0.1,0.05,minority_to_majority,0.046875,tabpfn_downsample,n/a,0.9967320261437909,0.9934640522875817,1.0,0.9963198394111743,0.991869918699187,1.0,1.0,0.0023350566625595093,0.008374202065169811,0.006575252229178494
banknote_authentication,37,0.1,0.1,majority_to_minority,0.09859154929577464,xgb_none,n/a,0.9631147540983607,0.9262295081967213,0.9990513597950771,0.9665653495440729,1.0,0.9262295081967213,0.999249973213329,0.02549869567155838,0.08507131040096283,0.052181463388895455
banknote_authentication,37,0.1,0.1,majority_to_minority,0.09859154929577464,xgb_weighted,n/a,0.9852673309761063,0.9836065573770492,0.999600142315716,0.9852673309761063,0.9836065573770492,0.9836065573770492,0.9996785599485695,0.009553879499435425,0.03551476076245308,0.018224871879951518
banknote_authentication,37,0.1,0.1,majority_to_minority,0.09859154929577464,xgb_ros,n/a,0.9926336654880532,0.9918032786885246,0.9994617011879471,0.9926336654880532,0.9918032786885246,0.9918032786885246,0.9995714132647595,0.00873720645904541,0.034607600420713425,0.02033532595431263
banknote_authentication,37,0.1,0.1,majority_to_minority,0.09859154929577464,xgb_smote,n/a,0.9885353048323154,0.9836065573770492,0.9998006085772988,0.9889411670084851,0.9917355371900827,0.9836065573770492,0.9998392799742847,0.0060880123637616634,0.026524534448981285,0.018828015127642588
banknote_authentication,37,0.1,0.1,majority_to_minority,0.09859154929577464,tabpfn_none,n/a,1.0,1.0,1.0,1.0,1.0,1.0,1.0,0.00034434194094501436,0.007006561849266291,0.006823232482102785
banknote_authentication,37,0.1,0.1,majority_to_minority,0.09859154929577464,tabpfn_threshold,observed,0.9934640522875817,0.9869281045751634,1.0,0.992645485665383,0.9838709677419355,1.0,1.0,0.00034434194094501436,0.007006561849266291,0.006823232482102785
banknote_authentication,37,0.1,0.1,majority_to_minority,0.09859154929577464,tabpfn_threshold,oracle,0.9934640522875817,0.9869281045751634,1.0,0.992645485665383,0.9838709677419355,1.0,1.0,0.00034434194094501436,0.007006561849266291,0.006823232482102785
banknote_authentication,37,0.1,0.1,majority_to_minority,0.09859154929577464,tabpfn_distpfn,observed,1.0,1.0,1.0,1.0,1.0,1.0,1.0,0.0002480318207510963,0.0027268661148750956,0.0025904237437785597
banknote_authentication,37,0.1,0.1,majority_to_minority,0.09859154929577464,tabpfn_distpfn,oracle,1.0,1.0,1.0,1.0,1.0,1.0,1.0,0.00030281259050596375,0.003041890086001517,0.002873596411334902
banknote_authentication,37,0.1,0.1,majority_to_minority,0.09859154929577464,tabpfn_distpfn_t,observed,1.0,1.0,1.0,1.0,1.0,1.0,1.0,0.00021365722837802107,0.0021102693126278296,0.0019915868510170906
banknote_authentication,37,0.1,0.1,majority_to_minority,0.09859154929577464,tabpfn_distpfn_t,oracle,1.0,1.0,1.0,1.0,1.0,1.0,1.0,0.0002639911577360712,0.0023100878414464812,0.0021614586433041463
banknote_authentication,37,0.1,0.1,majority_to_minority,0.09859154929577464,tabpfn_downsample,n/a,0.9934640522875817,0.9869281045751634,1.0,0.992645485665383,0.9838709677419355,1.0,1.0,0.008836831897497177,0.05516224727034569,0.048427072329954676
banknote_authentication,37,0.1,0.1,minority_to_majority,0.09375,xgb_none,n/a,0.9221311475409837,0.8442622950819673,0.9994368664747841,0.9285470085470086,1.0,0.8442622950819673,0.9995178399228544,0.052886102348566055,0.16849476099014282,0.09078518697822635
banknote_authentication,37,0.1,0.1,minority_to_majority,0.09375,xgb_weighted,n/a,0.9467213114754098,0.8934426229508197,0.9993220756810057,0.9514852963128826,1.0,0.8934426229508197,0.9994106932390442,0.03276318684220314,0.10640150308609009,0.05345808316360821
banknote_authentication,37,0.1,0.1,minority_to_majority,0.09375,xgb_ros,n/a,0.9385245901639344,0.8770491803278688,0.9998677948175568,0.9438844223156349,1.0,0.8770491803278688,0.9998928533161899,0.03615778684616089,0.11206161230802536,0.05892623715779999
banknote_authentication,37,0.1,0.1,minority_to_majority,0.09375,xgb_smote,n/a,0.9877049180327868,0.9754098360655737,0.9997397866250325,0.9889215646779197,1.0,0.9754098360655737,0.9997857066323798,0.01448762696236372,0.055383067578077316,0.029793026965450158
banknote_authentication,37,0.1,0.1,minority_to_majority,0.09375,tabpfn_none,n/a,1.0,1.0,1.0,1.0,1.0,1.0,1.0,0.005226153880357742,0.0442197285592556,0.041243450040399865
banknote_authentication,37,0.1,0.1,minority_to_majority,0.09375,tabpfn_threshold,observed,1.0,1.0,1.0,1.0,1.0,1.0,1.0,0.005226153880357742,0.0442197285592556,0.041243450040399865
banknote_authentication,37,0.1,0.1,minority_to_majority,0.09375,tabpfn_threshold,oracle,1.0,1.0,1.0,1.0,1.0,1.0,1.0,0.005226153880357742,0.0442197285592556,0.041243450040399865
banknote_authentication,37,0.1,0.1,minority_to_majority,0.09375,tabpfn_distpfn,observed,1.0,1.0,1.0,1.0,1.0,1.0,1.0,6.199065671191933e-06,0.0007869261923042597,0.0007837970258586062
banknote_authentication,37,0.1,0.1,minority_to_majority,0.09375,tabpfn_distpfn,oracle,1.0,1.0,1.0,1.0,1.0,1.0,1.0,7.680463452904283e-06,0.0008762708002770183,0.0008723896810943156
banknote_authentication,37,0.1,0.1,minority_to_majority,0.09375,tabpfn_distpfn_t,observed,1.0,1.0,1.0,1.0,1.0,1.0,1.0,4.084539764529684e-05,0.0033331610680770547,0.00331246772102163
banknote_authentication,37,0.1,0.1,minority_to_majority,0.09375,tabpfn_distpfn_t,oracle,1.0,1.0,1.0,1.0,1.0,1.0,1.0,4.932185085069997e-05,0.0036612255476958285,0.0036362039114370406
banknote_authentication,37,0.1,0.1,minority_to_majority,0.09375,tabpfn_downsample,n/a,1.0,1.0,1.0,1.0,1.0,1.0,1.0,0.000744229240808636,0.0024635859299451113,0.0019204835602166979
banknote_authentication,37,0.1,0.2,majority_to_minority,0.2,xgb_none,n/a,0.9836065573770492,0.9672131147540983,1.0,0.9852150537634408,1.0,0.9672131147540983,1.0,0.009741604328155518,0.03974590823054314,0.03140125591646541
banknote_authentication,37,0.1,0.2,majority_to_minority,0.2,xgb_weighted,n/a,1.0,1.0,1.0,1.0,1.0,1.0,1.0,0.0026733025442808867,0.019870495423674583,0.018252208249812777
banknote_authentication,37,0.1,0.2,majority_to_minority,0.2,xgb_ros,n/a,1.0,1.0,1.0,1.0,1.0,1.0,1.0,0.0021022299770265818,0.01723441667854786,0.015934061049060387
banknote_authentication,37,0.1,0.2,majority_to_minority,0.2,xgb_smote,n/a,0.9869281045751634,0.9738562091503268,1.0,0.9853129673146763,0.9682539682539683,1.0,1.0,0.00856802985072136,0.03489869460463524,0.026270854920148846
banknote_authentication,37,0.1,0.2,majority_to_minority,0.2,tabpfn_none,n/a,1.0,1.0,1.0,1.0,1.0,1.0,1.0,0.00023970080655999482,0.011420494876801968,0.011298763420094143
banknote_authentication,37,0.1,0.2,majority_to_minority,0.2,tabpfn_threshold,observed,1.0,1.0,1.0,1.0,1.0,1.0,1.0,0.00023970080655999482,0.011420494876801968,0.011298763420094143
banknote_authentication,37,0.1,0.2,majority_to_minority,0.2,tabpfn_threshold,oracle,1.0,1.0,1.0,1.0,1.0,1.0,1.0,0.00023970080655999482,0.011420494876801968,0.011298763420094143
banknote_authentication,37,0.1,0.2,majority_to_minority,0.2,tabpfn_distpfn,observed,1.0,1.0,1.0,1.0,1.0,1.0,1.0,7.169721759016973e-06,0.0017539968228024038,0.0017503996649602888
banknote_authentication,37,0.1,0.2,majority_to_minority,0.2,tabpfn_distpfn,oracle,1.0,1.0,1.0,1.0,1.0,1.0,1.0,1.1816229491283358e-05,0.0022536761452615094,0.0022477420014401367
banknote_authentication,37,0.1,0.2,majority_to_minority,0.2,tabpfn_distpfn_t,observed,1.0,1.0,1.0,1.0,1.0,1.0,1.0,3.5349727772114607e-07,0.0003699938749194933,0.0003698169619012969
banknote_authentication,37,0.1,0.2,majority_to_minority,0.2,tabpfn_distpfn_t,oracle,1.0,1.0,1.0,1.0,1.0,1.0,1.0,1.6105226892064956e-07,0.00022648072299090926,0.0002264001340229774
banknote_authentication,37,0.1,0.2,majority_to_minority,0.2,tabpfn_downsample,n/a,0.9934640522875817,0.9869281045751634,1.0,0.992645485665383,0.9838709677419355,1.0,1.0,0.01669236086308956,0.100252166390419,0.09002202632752332
banknote_authentication,37,0.1,0.2,minority_to_majority,0.203125,xgb_none,n/a,0.7991803278688525,0.5983606557377049,0.9982975368756757,0.8053448898519321,1.0,0.5983606557377049,0.9985535197685631,0.11799652129411697,0.364234983921051,0.17237798616967417
banknote_authentication,37,0.1,0.2,minority_to_majority,0.203125,xgb_weighted,n/a,0.8688524590163935,0.7377049180327869,0.99914477516725,0.8771910237802836,1.0,0.7377049180327869,0.9993035465552341,0.08381691575050354,0.25932803750038147,0.12179202532226387
banknote_authentication,37,0.1,0.2,minority_to_majority,0.203125,xgb_ros,n/a,0.860655737704918,0.7213114754098361,0.9989490302689286,0.8690476190476191,1.0,0.7213114754098361,0.9991428265295189,0.0836009681224823,0.26298749446868896,0.12037059637802572
banknote_authentication,37,0.1,0.2,minority_to_majority,0.203125,xgb_smote,n/a,0.9631147540983607,0.9262295081967213,0.9997360924482666,0.9665653495440729,1.0,0.9262295081967213,0.9997857066323798,0.023227503523230553,0.08119919151067734,0.04745103589259088
banknote_authentication,37,0.1,0.2,minority_to_majority,0.203125,tabpfn_none,n/a,1.0,1.0,1.0,1.0,1.0,1.0,1.0,0.019097214564681053,0.0989152267575264,0.08721014168727295
banknote_authentication,37,0.1,0.2,minority_to_majority,0.203125,tabpfn_threshold,observed,1.0,1.0,1.0,1.0,1.0,1.0,1.0,0.019097214564681053,0.0989152267575264,0.08721014168727295
banknote_authentication,37,0.1,0.2,minority_to_majority,0.203125,tabpfn_threshold,oracle,1.0,1.0,1.0,1.0,1.0,1.0,1.0,0.019097214564681053,0.0989152267575264,0.08721014168727295
banknote_authentication,37,0.1,0.2,minority_to_majority,0.203125,tabpfn_distpfn,observed,1.0,1.0,1.0,1.0,1.0,1.0,1.0,7.093271626519575e-05,0.003224399917180349,0.0031879018660908175
banknote_authentication,37,0.1,0.2,minority_to_majority,0.203125,tabpfn_distpfn,oracle,1.0,1.0,1.0,1.0,1.0,1.0,1.0,0.00011400290212985913,0.004105797732271754,0.004046683368300308
banknote_authentication,37,0.1,0.2,minority_to_majority,0.203125,tabpfn_distpfn_t,observed,1.0,1.0,1.0,1.0,1.0,1.0,1.0,0.0001732415393976077,0.007461879408721773,0.007373103169070495
banknote_authentication,37,0.1,0.2,minority_to_majority,0.203125,tabpfn_distpfn_t,oracle,1.0,1.0,1.0,1.0,1.0,1.0,1.0,0.0002698654269558245,0.0093174456619981,0.00917824990458261
banknote_authentication,37,0.1,0.2,minority_to_majority,0.203125,tabpfn_downsample,n/a,1.0,1.0,1.0,1.0,1.0,1.0,1.0,0.0007115410990081728,0.00787204410880804,0.0074683453070677145
banknote_authentication,37,0.1,0.3,majority_to_minority,0.2967032967032967,xgb_none,n/a,0.9836065573770492,0.9672131147540983,0.9987978020046243,0.9852150537634408,1.0,0.9672131147540983,0.9989821065038037,0.01805831864476204,0.07078956067562103,0.03675026411359961
banknote_authentication,37,0.1,0.3,majority_to_minority,0.2967032967032967,xgb_weighted,n/a,0.9893656916318441,0.9869281045751634,0.9986223456307887,0.9889595182335229,0.983739837398374,0.9918032786885246,0.9989285331618987,0.011854705400764942,0.047990582883358,0.025351985706524416
banknote_authentication,37,0.1,0.3,majority_to_minority,0.2967032967032967,xgb_ros,n/a,0.9860977177756348,0.9803921568627451,0.9984272541979453,0.9852909713307659,0.9758064516129032,0.9918032786885246,0.9987678131361833,0.012758092023432255,0.04939071089029312,0.020496563694693843
banknote_authentication,37,0.1,0.3,majority_to_minority,0.2967032967032967,xgb_smote,n/a,0.9705882352941176,0.9411764705882353,0.997645354945923,0.9670619235836627,0.9312977099236641,1.0,0.9981249330333226,0.024335991591215134,0.08869320899248123,0.03928999272259796
banknote_authentication,37,0.1,0.3,majority_to_minority,0.2967032967032967,tabpfn_none,n/a,1.0,1.0,1.0,1.0,1.0,1.0,1.0,0.0008279048488475382,0.019857753068208694,0.01942702575163408
banknote_authentication,37,0.1,0.3,majority_to_minority,0.2967032967032967,tabpfn_threshold,observed,1.0,1.0,1.0,1.0,1.0,1.0,1.0,0.0008279048488475382,0.019857753068208694,0.01942702575163408
banknote_authentication,37,0.1,0.3,majority_to_minority,0.2967032967032967,tabpfn_threshold,oracle,0.9967320261437909,0.9934640522875817,1.0,0.9963198394111743,0.991869918699187,1.0,1.0,0.0008279048488475382,0.019857753068208694,0.01942702575163408
banknote_authentication,37,0.1,0.3,majority_to_minority,0.2967032967032967,tabpfn_distpfn,observed,1.0,1.0,1.0,1.0,1.0,1.0,1.0,0.0001647010211563741,0.005368802619575136,0.005281716594941427
banknote_authentication,37,0.1,0.3,majority_to_minority,0.2967032967032967,tabpfn_distpfn,oracle,1.0,1.0,1.0,1.0,1.0,1.0,1.0,0.00034045351341185676,0.007941892381746465,0.007757836709405027
banknote_authentication,37,0.1,0.3,majority_to_minority,0.2967032967032967,tabpfn_distpfn_t,observed,1.0,1.0,1.0,1.0,1.0,1.0,1.0,0.00011043958968307143,0.0030052450808061596,0.0029455331738889095
banknote_authentication,37,0.1,0.3,majority_to_minority,0.2967032967032967,tabpfn_distpfn_t,oracle,1.0,1.0,1.0,1.0,1.0,1.0,1.0,0.00020404760591512998,0.0031539789002140144,0.0030383059785820538
banknote_authentication,37,0.1,0.3,majority_to_minority,0.2967032967032967,tabpfn_downsample,n/a,0.9673202614379085,0.934640522875817,1.0,0.9634230687380294,0.9242424242424242,1.0,1.0,0.03395272046327591,0.14049629867076874,0.11661021643064241
banknote_authentication,37,0.1,0.3,minority_to_majority,0.296875,xgb_none,n/a,0.8442622950819672,0.6885245901639344,0.9974333120984155,0.8525344321517272,1.0,0.6885245901639344,0.9979106396657024,0.10438025742769241,0.3369861841201782,0.16071158738298852
banknote_authentication,37,0.1,0.3,minority_to_majority,0.296875,xgb_weighted,n/a,0.8934426229508197,0.7868852459016393,0.9960484630884624,0.9012103459710401,1.0,0.7868852459016393,0.9966248794599807,0.07012027502059937,0.23963254690170288,0.1046228382804177
banknote_authentication,37,0.1,0.3,minority_to_majority,0.296875,xgb_ros,n/a,0.889344262295082,0.7786885245901639,0.9966014563023805,0.8972474778926391,1.0,0.7786885245901639,0.9972141862209364,0.07401572912931442,0.24735070765018463,0.10861448014578358
banknote_authentication,37,0.1,0.3,minority_to_majority,0.296875,xgb_smote,n/a,0.9549180327868853,0.9098360655737705,0.9985639771403807,0.9590446920567011,1.0,0.9098360655737705,0.9988213864780885,0.031091613695025444,0.11613345146179199,0.0530101593431424
banknote_authentication,37,0.1,0.3,minority_to_majority,0.296875,tabpfn_none,n/a,0.9795081967213115,0.9590163934426229,1.0,0.9815011637449718,1.0,0.9590163934426229,1.0,0.04343470558524132,0.1624515950679779,0.13337904612173918
banknote_authentication,37,0.1,0.3,minority_to_majority,0.296875,tabpfn_threshold,observed,1.0,1.0,1.0,1.0,1.0,1.0,1.0,0.04343470558524132,0.1624515950679779,0.13337904612173918
banknote_authentication,37,0.1,0.3,minority_to_majority,0.296875,tabpfn_threshold,oracle,1.0,1.0,1.0,1.0,1.0,1.0,1.0,0.04343470558524132,0.1624515950679779,0.13337904612173918
banknote_authentication,37,0.1,0.3,minority_to_majority,0.296875,tabpfn_distpfn,observed,1.0,1.0,1.0,1.0,1.0,1.0,1.0,0.00030605148267359846,0.008375279241498803,0.008215907409922858
banknote_authentication,37,0.1,0.3,minority_to_majority,0.296875,tabpfn_distpfn,oracle,1.0,1.0,1.0,1.0,1.0,1.0,1.0,0.0006255596777409647,0.012159029230712142,0.011827601789065847
banknote_authentication,37,0.1,0.3,minority_to_majority,0.296875,tabpfn_distpfn_t,observed,1.0,1.0,1.0,1.0,1.0,1.0,1.0,0.00046625648366374324,0.01274941283188806,0.012508351285189337
banknote_authentication,37,0.1,0.3,minority_to_majority,0.296875,tabpfn_distpfn_t,oracle,1.0,1.0,1.0,1.0,1.0,1.0,1.0,0.0009349381591841555,0.018160162983158527,0.017669565731412165
banknote_authentication,37,0.1,0.3,minority_to_majority,0.296875,tabpfn_downsample,n/a,0.9869281045751634,0.9738562091503268,1.0,0.9853129673146763,0.9682539682539683,1.0,1.0,0.008112698793411255,0.05278325453400612,0.04722875743935054
banknote_authentication,37,0.05,0.0,clean,0.0,xgb_none,n/a,0.9057377049180328,0.8114754098360656,0.9982699930081539,0.9130093936101445,1.0,0.8114754098360656,0.9986070931104682,0.07082699984312057,0.22552229464054108,0.10764351107518781
banknote_authentication,37,0.05,0.0,clean,0.0,xgb_weighted,n/a,0.9344262295081966,0.8688524590163934,0.9989369176198045,0.94006756020486,1.0,0.8688524590163934,0.9991428265295189,0.04694127291440964,0.15118277072906494,0.06748442811891435
banknote_authentication,37,0.05,0.0,clean,0.0,xgb_ros,n/a,0.9262295081967213,0.8524590163934426,0.9981642952922787,0.9323992133726646,1.0,0.8524590163934426,0.9984999464266582,0.05429406464099884,0.17704467475414276,0.07766492148691959
banknote_authentication,37,0.05,0.0,clean,0.0,xgb_smote,n/a,0.9836065573770492,0.9672131147540983,1.0,0.9852150537634408,1.0,0.9672131147540983,1.0,0.012944507412612438,0.04430226981639862,0.01946699424562129
banknote_authentication,37,0.05,0.0,clean,0.0,tabpfn_none,n/a,1.0,1.0,1.0,1.0,1.0,1.0,1.0,2.0520234102150425e-05,0.0006080508464947343,0.000597350160433879
banknote_authentication,37,0.05,0.0,clean,0.0,tabpfn_threshold,observed,1.0,1.0,1.0,1.0,1.0,1.0,1.0,2.0520234102150425e-05,0.0006080508464947343,0.000597350160433879
banknote_authentication,37,0.05,0.0,clean,0.0,tabpfn_threshold,oracle,1.0,1.0,1.0,1.0,1.0,1.0,1.0,2.0520234102150425e-05,0.0006080508464947343,0.000597350160433879
banknote_authentication,37,0.05,0.0,clean,0.0,tabpfn_distpfn,observed,1.0,1.0,1.0,1.0,1.0,1.0,1.0,3.328203316106673e-10,1.246076850283084e-06,1.2459104067031223e-06
banknote_authentication,37,0.05,0.0,clean,0.0,tabpfn_distpfn,oracle,1.0,1.0,1.0,1.0,1.0,1.0,1.0,3.328203316106673e-10,1.246076850283084e-06,1.2459104067031223e-06
banknote_authentication,37,0.05,0.0,clean,0.0,tabpfn_distpfn_t,observed,1.0,1.0,1.0,1.0,1.0,1.0,1.0,3.459195822798097e-08,2.3189395926802192e-05,2.3172069147395157e-05
banknote_authentication,37,0.05,0.0,clean,0.0,tabpfn_distpfn_t,oracle,1.0,1.0,1.0,1.0,1.0,1.0,1.0,3.459195822798097e-08,2.3189395926802192e-05,2.3172069147395157e-05
banknote_authentication,37,0.05,0.0,clean,0.0,tabpfn_downsample,n/a,0.9967320261437909,0.9934640522875817,1.0,0.9963198394111743,0.991869918699187,1.0,1.0,0.002132655819877982,0.010589475743472576,0.009056708408011632
banknote_authentication,37,0.05,0.05,majority_to_minority,0.058823529411764705,xgb_none,n/a,0.8975409836065573,0.7950819672131147,0.9976134767235542,0.9051580239760515,1.0,0.7950819672131147,0.9980177863495125,0.07227666676044464,0.23677906394004822,0.10817697646943006
banknote_authentication,37,0.05,0.05,majority_to_minority,0.058823529411764705,xgb_weighted,n/a,0.9262295081967213,0.8524590163934426,0.998547364256946,0.9323992133726646,1.0,0.8524590163934426,0.9988213864780885,0.03974973410367966,0.12642864882946014,0.060215062659911125
banknote_authentication,37,0.05,0.05,majority_to_minority,0.058823529411764705,xgb_ros,n/a,0.9270598949962499,0.860655737704918,0.9977881154938423,0.9325760052304675,0.9905660377358491,0.860655737704918,0.9982320797171327,0.04431219771504402,0.1443769484758377,0.06146770071238279
banknote_authentication,37,0.05,0.05,majority_to_minority,0.058823529411764705,xgb_smote,n/a,0.9598467802421515,0.9262295081967213,0.9983347604460342,0.962889992443053,0.9912280701754386,0.9262295081967213,0.9986606664523734,0.02050643227994442,0.06592714041471481,0.0289963958429342
banknote_authentication,37,0.05,0.05,majority_to_minority,0.058823529411764705,tabpfn_none,n/a,0.9959016393442623,0.9918032786885246,1.0,0.9963137223361618,1.0,0.9918032786885246,1.0,0.0025723078288137913,0.01058692205697298,0.008708799324760383
banknote_authentication,37,0.05,0.05,majority_to_minority,0.058823529411764705,tabpfn_threshold,observed,1.0,1.0,1.0,1.0,1.0,1.0,1.0,0.0025723078288137913,0.01058692205697298,0.008708799324760383
banknote_authentication,37,0.05,0.05,majority_to_minority,0.058823529411764705,tabpfn_threshold,oracle,0.9967320261437909,0.9934640522875817,1.0,0.9963198394111743,0.991869918699187,1.0,1.0,0.0025723078288137913,0.01058692205697298,0.008708799324760383
banknote_authentication,37,0.05,0.05,majority_to_minority,0.058823529411764705,tabpfn_distpfn,observed,1.0,1.0,1.0,1.0,1.0,1.0,1.0,4.4243553401889984e-05,0.001147643619630595,0.0011245058829889814
banknote_authentication,37,0.05,0.05,majority_to_minority,0.058823529411764705,tabpfn_distpfn,oracle,1.0,1.0,1.0,1.0,1.0,1.0,1.0,4.295092123640681e-05,0.001160001991009061,0.0011376050161242247
banknote_authentication,37,0.05,0.05,majority_to_minority,0.058823529411764705,tabpfn_distpfn_t,observed,1.0,1.0,1.0,1.0,1.0,1.0,1.0,2.7083823444634045e-05,0.0006626524770370166,0.00064853678819015
banknote_authentication,37,0.05,0.05,majority_to_minority,0.058823529411764705,tabpfn_distpfn_t,oracle,1.0,1.0,1.0,1.0,1.0,1.0,1.0,2.41187956414019e-05,0.0006297039278674847,0.0006171673173977141
banknote_authentication,37,0.05,0.05,majority_to_minority,0.058823529411764705,tabpfn_downsample,n/a,0.9705882352941176,0.9411764705882353,0.9997328670788569,0.9670619235836627,0.9312977099236641,1.0,0.9997857066323798,0.02338254451751709,0.07407072186470032,0.045289391858333895
banknote_authentication,37,0.05,0.05,minority_to_majority,0.0625,xgb_none,n/a,0.8975409836065573,0.7950819672131147,0.9993464511578289,0.9051580239760515,1.0,0.7950819672131147,0.9994642665809493,0.0655938982963562,0.2070647031068802,0.11346160159022971
banknote_authentication,37,0.05,0.05,minority_to_majority,0.0625,xgb_weighted,n/a,0.9467213114754098,0.8934426229508197,0.998558889155249,0.9514852963128826,1.0,0.8934426229508197,0.9987142397942784,0.032619573175907135,0.11300870031118393,0.05812084677544507
banknote_authentication,37,0.05,0.05,minority_to_majority,0.0625,xgb_ros,n/a,0.9385245901639344,0.8770491803278688,0.998451612073351,0.9438844223156349,1.0,0.8770491803278688,0.9986606664523733,0.03235732391476631,0.11606861650943756,0.05583155134692788
banknote_authentication,37,0.05,0.05,minority_to_majority,0.0625,xgb_smote,n/a,0.9795081967213115,0.9590163934426229,0.9995339511578288,0.9815011637449718,1.0,0.9590163934426229,0.9996249866066645,0.016495438292622566,0.06031215935945511,0.02640095966783437
banknote_authentication,37,0.05,0.05,minority_to_majority,0.0625,tabpfn_none,n/a,0.9959016393442623,0.9918032786885246,1.0,0.9963137223361618,1.0,0.9918032786885246,1.0,0.0058031524531543255,0.033329758793115616,0.029538479516102764
banknote_authentication,37,0.05,0.05,minority_to_majority,0.0625,tabpfn_threshold,observed,1.0,1.0,1.0,1.0,1.0,1.0,1.0,0.0058031524531543255,0.033329758793115616,0.029538479516102764
banknote_authentication,37,0.05,0.05,minority_to_majority,0.0625,tabpfn_threshold,oracle,1.0,1.0,1.0,1.0,1.0,1.0,1.0,0.0058031524531543255,0.033329758793115616,0.029538479516102764
banknote_authentication,37,0.05,0.05,minority_to_majority,0.0625,tabpfn_distpfn,observed,1.0,1.0,1.0,1.0,1.0,1.0,1.0,1.6072486796445626e-05,0.0006995258242076081,0.0006912895887153023
banknote_authentication,37,0.05,0.05,minority_to_majority,0.0625,tabpfn_distpfn,oracle,1.0,1.0,1.0,1.0,1.0,1.0,1.0,1.8306783854850925e-05,0.0007461971450658203,0.0007368002823430417
banknote_authentication,37,0.05,0.05,minority_to_majority,0.0625,tabpfn_distpfn_t,observed,1.0,1.0,1.0,1.0,1.0,1.0,1.0,2.5936799306533678e-05,0.0015273543851765834,0.0015141104133978788
banknote_authentication,37,0.05,0.05,minority_to_majority,0.0625,tabpfn_distpfn_t,oracle,1.0,1.0,1.0,1.0,1.0,1.0,1.0,2.9455759860087905e-05,0.0016268317668248972,0.0016117692803089873
banknote_authentication,37,0.05,0.05,minority_to_majority,0.0625,tabpfn_downsample,n/a,0.9738562091503268,0.9477124183006536,1.0,0.9707041653350379,0.9384615384615385,1.0,1.0,0.01921812631189823,0.05943034216761589,0.02670487682885405
banknote_authentication,37,0.05,0.1,majority_to_minority,0.1111111111111111,xgb_none,n/a,0.9385245901639344,0.8770491803278688,0.9993280472969742,0.9438844223156349,1.0,0.8770491803278688,0.9994642665809492,0.043621744960546494,0.15122972428798676,0.08133617423474788
banknote_authentication,37,0.05,0.1,majority_to_minority,0.1111111111111111,xgb_weighted,n/a,0.9631147540983607,0.9262295081967213,1.0,0.9665653495440729,1.0,0.9262295081967213,1.0,0.0274712722748518,0.087757408618927,0.053218057898973874
banknote_authentication,37,0.05,0.1,majority_to_minority,0.1111111111111111,xgb_ros,n/a,0.9385245901639344,0.8770491803278688,0.9999333599893376,0.9438844223156349,1.0,0.8770491803278688,0.999946426658095,0.03530093654990196,0.10413821041584015,0.05840533239597625
banknote_authentication,37,0.05,0.1,majority_to_minority,0.1111111111111111,xgb_smote,n/a,0.9762402228651024,0.9590163934426229,0.9988151489360322,0.9778225806451613,0.9915254237288136,0.9590163934426229,0.9990356798457087,0.016421539708971977,0.05431615933775902,0.023109267817979513
banknote_authentication,37,0.05,0.1,majority_to_minority,0.1111111111111111,tabpfn_none,n/a,1.0,1.0,1.0,1.0,1.0,1.0,1.0,0.00017226437921635807,0.004327158909291029,0.0042347149068320345
banknote_authentication,37,0.05,0.1,majority_to_minority,0.1111111111111111,tabpfn_threshold,observed,1.0,1.0,1.0,1.0,1.0,1.0,1.0,0.00017226437921635807,0.004327158909291029,0.0042347149068320345
banknote_authentication,37,0.05,0.1,majority_to_minority,0.1111111111111111,tabpfn_threshold,oracle,1.0,1.0,1.0,1.0,1.0,1.0,1.0,0.00017226437921635807,0.004327158909291029,0.0042347149068320345
banknote_authentication,37,0.05,0.1,majority_to_minority,0.1111111111111111,tabpfn_distpfn,observed,1.0,1.0,1.0,1.0,1.0,1.0,1.0,1.7093307881631996e-07,0.00019428725017573992,0.00019420169886032366
banknote_authentication,37,0.05,0.1,majority_to_minority,0.1111111111111111,tabpfn_distpfn,oracle,1.0,1.0,1.0,1.0,1.0,1.0,1.0,2.1293137194054704e-07,0.00021699299739860975,0.00021688641295234323
banknote_authentication,37,0.05,0.1,majority_to_minority,0.1111111111111111,tabpfn_distpfn_t,observed,1.0,1.0,1.0,1.0,1.0,1.0,1.0,3.880132219630235e-07,0.00010018969155627287,9.999497135175294e-05
banknote_authentication,37,0.05,0.1,majority_to_minority,0.1111111111111111,tabpfn_distpfn_t,oracle,1.0,1.0,1.0,1.0,1.0,1.0,1.0,3.101551627066138e-07,8.954941131936041e-05,8.939382423349694e-05
banknote_authentication,37,0.05,0.1,majority_to_minority,0.1111111111111111,tabpfn_downsample,n/a,0.9836601307189543,0.9673202614379085,1.0,0.9816541915168981,0.9606299212598425,1.0,1.0,0.016186024993658066,0.08078499883413315,0.06827220078219066
banknote_authentication,37,0.05,0.1,minority_to_majority,0.09375,xgb_none,n/a,0.8647540983606558,0.7295081967213115,0.9983912843836671,0.8731283814956172,1.0,0.7295081967213115,0.9987142397942784,0.07957778871059418,0.2584226727485657,0.12704913794317027
banknote_authentication,37,0.05,0.1,minority_to_majority,0.09375,xgb_weighted,n/a,0.9344262295081966,0.8688524590163934,0.9992059330405997,0.94006756020486,1.0,0.8688524590163934,0.9993571198971393,0.05023764818906784,0.1644413322210312,0.0737485305016691
banknote_authentication,37,0.05,0.1,minority_to_majority,0.09375,xgb_ros,n/a,0.9262295081967213,0.8524590163934426,0.9992076360656655,0.9323992133726646,1.0,0.8524590163934426,0.9993571198971392,0.04777298495173454,0.15471036732196808,0.07450294326821512
banknote_authentication,37,0.05,0.1,minority_to_majority,0.09375,xgb_smote,n/a,0.9549180327868853,0.9098360655737705,0.9989954901650757,0.9590446920567011,1.0,0.9098360655737705,0.999196399871424,0.03326094150543213,0.1101575568318367,0.046918709691275255
banknote_authentication,37,0.05,0.1,minority_to_majority,0.09375,tabpfn_none,n/a,0.9795081967213115,0.9590163934426229,1.0,0.9815011637449718,1.0,0.9590163934426229,1.0,0.019350366666913033,0.0786062479019165,0.06243413747907404
banknote_authentication,37,0.05,0.1,minority_to_majority,0.09375,tabpfn_threshold,observed,1.0,1.0,1.0,1.0,1.0,1.0,1.0,0.019350366666913033,0.0786062479019165,0.06243413747907404
banknote_authentication,37,0.05,0.1,minority_to_majority,0.09375,tabpfn_threshold,oracle,1.0,1.0,1.0,1.0,1.0,1.0,1.0,0.019350366666913033,0.0786062479019165,0.06243413747907404
banknote_authentication,37,0.05,0.1,minority_to_majority,0.09375,tabpfn_distpfn,observed,1.0,1.0,1.0,1.0,1.0,1.0,1.0,0.0013945629099927823,0.006257954138260528,0.0053166179067616285
banknote_authentication,37,0.05,0.1,minority_to_majority,0.09375,tabpfn_distpfn,oracle,1.0,1.0,1.0,1.0,1.0,1.0,1.0,0.0015863188130418409,0.006827564356996073,0.005732341412841686
banknote_authentication,37,0.05,0.1,minority_to_majority,0.09375,tabpfn_distpfn_t,observed,1.0,1.0,1.0,1.0,1.0,1.0,1.0,0.0007749610229282765,0.006096094023969245,0.005622868971291281
banknote_authentication,37,0.05,0.1,minority_to_majority,0.09375,tabpfn_distpfn_t,oracle,1.0,1.0,1.0,1.0,1.0,1.0,1.0,0.000924547529865202,0.006743482148459142,0.006167049373430767
banknote_authentication,37,0.05,0.1,minority_to_majority,0.09375,tabpfn_downsample,n/a,0.9967320261437909,0.9934640522875817,1.0,0.9963198394111743,0.991869918699187,1.0,1.0,0.00404334394261241,0.014768153429031372,0.011552476958075368
banknote_authentication,37,0.05,0.2,majority_to_minority,0.2,xgb_none,n/a,0.9344262295081966,0.8688524590163934,0.997783971146552,0.94006756020486,1.0,0.8688524590163934,0.9980713596914176,0.04879923164844513,0.1671767383813858,0.07710212978449735
banknote_authentication,37,0.05,0.2,majority_to_minority,0.2,xgb_weighted,n/a,0.9426229508196722,0.8852459016393442,0.998407284379486,0.9476902173913044,1.0,0.8852459016393442,0.9986606664523732,0.03431140258908272,0.10743757337331772,0.04744258559224281
banknote_authentication,37,0.05,0.2,majority_to_minority,0.2,xgb_ros,n/a,0.9467213114754098,0.8934426229508197,0.9988431035185648,0.9514852963128826,1.0,0.8934426229508197,0.9990356798457087,0.03070998378098011,0.10064232349395752,0.049166713787073435
banknote_authentication,37,0.05,0.2,majority_to_minority,0.2,xgb_smote,n/a,0.9672666880960035,0.9672131147540983,0.9966834918365739,0.9668785547005687,0.959349593495935,0.9672131147540983,0.9973749062466516,0.020746294409036636,0.07039012759923935,0.022784996628761305
banknote_authentication,37,0.05,0.2,majority_to_minority,0.2,tabpfn_none,n/a,1.0,1.0,1.0,1.0,1.0,1.0,1.0,0.0004007728712167591,0.007840286009013653,0.007620361914688891
banknote_authentication,37,0.05,0.2,majority_to_minority,0.2,tabpfn_threshold,observed,0.9934640522875817,0.9869281045751634,1.0,0.992645485665383,0.9838709677419355,1.0,1.0,0.0004007728712167591,0.007840286009013653,0.007620361914688891
banknote_authentication,37,0.05,0.2,majority_to_minority,0.2,tabpfn_threshold,oracle,0.9901960784313726,0.9803921568627451,1.0,0.9889766304565679,0.976,1.0,1.0,0.0004007728712167591,0.007840286009013653,0.007620361914688891
banknote_authentication,37,0.05,0.2,majority_to_minority,0.2,tabpfn_distpfn,observed,1.0,1.0,1.0,1.0,1.0,1.0,1.0,6.64789077390143e-05,0.001772309200813758,0.0017375058614044906
banknote_authentication,37,0.05,0.2,majority_to_minority,0.2,tabpfn_distpfn,oracle,1.0,1.0,1.0,1.0,1.0,1.0,1.0,0.00010290069075675897,0.0022200226199407744,0.002165534141009434
banknote_authentication,37,0.05,0.2,majority_to_minority,0.2,tabpfn_distpfn_t,observed,1.0,1.0,1.0,1.0,1.0,1.0,1.0,1.2805577383661104e-05,0.000524777164442802,0.0005182115570739883
banknote_authentication,37,0.05,0.2,majority_to_minority,0.2,tabpfn_distpfn_t,oracle,1.0,1.0,1.0,1.0,1.0,1.0,1.0,2.0697316252255112e-05,0.0006041831696804931,0.0005934715730105093
banknote_authentication,37,0.05,0.2,majority_to_minority,0.2,tabpfn_downsample,n/a,1.0,1.0,1.0,1.0,1.0,1.0,1.0,0.019192351028323174,0.10831613838672638,0.09664488375186919
banknote_authentication,37,0.05,0.2,minority_to_majority,0.1875,xgb_none,n/a,0.8319672131147541,0.6639344262295082,0.9972210640745541,0.8399369685268523,1.0,0.6639344262295082,0.9977499196399872,0.12418656796216965,0.4433543384075165,0.17298355641859497
banknote_authentication,37,0.05,0.2,minority_to_majority,0.1875,xgb_weighted,n/a,0.8729508196721312,0.7459016393442623,0.9993334192481859,0.8812359816664577,1.0,0.7459016393442623,0.9994642665809493,0.08930998295545578,0.31464698910713196,0.11270565284246752
banknote_authentication,37,0.05,0.2,minority_to_majority,0.1875,xgb_ros,n/a,0.8442622950819672,0.6885245901639344,0.9975401848421334,0.8525344321517272,1.0,0.6885245901639344,0.9980177863495125,0.11233949661254883,0.41362708806991577,0.13402648375454276
banknote_authentication,37,0.05,0.2,minority_to_majority,0.1875,xgb_smote,n/a,0.9098360655737705,0.819672131147541,0.9942340676617931,0.9169138650845968,1.0,0.819672131147541,0.9952855459123541,0.07117582857608795,0.28220653533935547,0.08677309006791226
banknote_authentication,37,0.05,0.2,minority_to_majority,0.1875,tabpfn_none,n/a,0.930327868852459,0.860655737704918,1.0,0.9362392766056109,1.0,0.860655737704918,1.0,0.03990699350833893,0.12450473010540009,0.0897124227315759
banknote_authentication,37,0.05,0.2,minority_to_majority,0.1875,tabpfn_threshold,observed,1.0,1.0,1.0,1.0,1.0,1.0,1.0,0.03990699350833893,0.12450473010540009,0.0897124227315759
banknote_authentication,37,0.05,0.2,minority_to_majority,0.1875,tabpfn_threshold,oracle,1.0,1.0,1.0,1.0,1.0,1.0,1.0,0.03990699350833893,0.12450473010540009,0.0897124227315759
banknote_authentication,37,0.05,0.2,minority_to_majority,0.1875,tabpfn_distpfn,observed,1.0,1.0,1.0,1.0,1.0,1.0,1.0,0.002082756085580947,0.01184080414096046,0.010541074049612536
banknote_authentication,37,0.05,0.2,minority_to_majority,0.1875,tabpfn_distpfn,oracle,1.0,1.0,1.0,1.0,1.0,1.0,1.0,0.0028215005705165934,0.014337876819253092,0.012508248708420771
banknote_authentication,37,0.05,0.2,minority_to_majority,0.1875,tabpfn_distpfn_t,observed,1.0,1.0,1.0,1.0,1.0,1.0,1.0,0.0010790303670380457,0.009874792105799689,0.009254836148918958
banknote_authentication,37,0.05,0.2,minority_to_majority,0.1875,tabpfn_distpfn_t,oracle,1.0,1.0,1.0,1.0,1.0,1.0,1.0,0.0015985583130127506,0.012264919707282862,0.011315576979278933
banknote_authentication,37,0.05,0.2,minority_to_majority,0.1875,tabpfn_downsample,n/a,1.0,1.0,1.0,1.0,1.0,1.0,1.0,0.002410721033811569,0.014668218791484833,0.013184069591489706
banknote_authentication,37,0.05,0.3,majority_to_minority,0.30434782608695654,xgb_none,n/a,0.9221311475409837,0.8442622950819673,0.9937068449739037,0.9285470085470086,1.0,0.8442622950819673,0.994535519125683,0.05073900520801544,0.17634230852127075,0.08300846372477033
banknote_authentication,37,0.05,0.3,majority_to_minority,0.30434782608695654,xgb_weighted,n/a,0.9557484195864139,0.9180327868852459,0.9969028196892673,0.9591354272205337,0.9911504424778761,0.9180327868852459,0.9975356262723669,0.028200607746839523,0.0945928543806076,0.035271905335513026
banknote_authentication,37,0.05,0.3,majority_to_minority,0.30434782608695654,xgb_ros,n/a,0.939354976963463,0.8852459016393442,0.9947648678553563,0.9440214957456337,0.9908256880733946,0.8852459016393442,0.9957141326475946,0.0385955311357975,0.1263584941625595,0.05143484875559807
banknote_authentication,37,0.05,0.3,majority_to_minority,0.30434782608695654,xgb_smote,n/a,0.9558019929283188,0.9508196721311475,0.9902641452766537,0.9558019929283188,0.9508196721311475,0.9508196721311475,0.9912675452694739,0.036268554627895355,0.11920163035392761,0.021633655821735237
banknote_authentication,37,0.05,0.3,majority_to_minority,0.30434782608695654,tabpfn_none,n/a,1.0,1.0,1.0,1.0,1.0,1.0,1.0,0.000386746134608984,0.012242148630321026,0.012041823830116878
banknote_authentication,37,0.05,0.3,majority_to_minority,0.30434782608695654,tabpfn_threshold,observed,0.9934640522875817,0.9869281045751634,1.0,0.992645485665383,0.9838709677419355,1.0,1.0,0.000386746134608984,0.012242148630321026,0.012041823830116878
banknote_authentication,37,0.05,0.3,majority_to_minority,0.30434782608695654,tabpfn_threshold,oracle,0.9803921568627452,0.9607843137254902,1.0,0.978,0.953125,1.0,1.0,0.000386746134608984,0.012242148630321026,0.012041823830116878
banknote_authentication,37,0.05,0.3,majority_to_minority,0.30434782608695654,tabpfn_distpfn,observed,1.0,1.0,1.0,1.0,1.0,1.0,1.0,0.00011799423134053073,0.004082373063676531,0.004020829599745774
banknote_authentication,37,0.05,0.3,majority_to_minority,0.30434782608695654,tabpfn_distpfn,oracle,1.0,1.0,1.0,1.0,1.0,1.0,1.0,0.00024164592802282105,0.005957824520790087,0.005829574580913895
banknote_authentication,37,0.05,0.3,majority_to_minority,0.30434782608695654,tabpfn_distpfn_t,observed,1.0,1.0,1.0,1.0,1.0,1.0,1.0,2.5635187679985706e-05,0.0008665993003682584,0.0008532384698594476
banknote_authentication,37,0.05,0.3,majority_to_minority,0.30434782608695654,tabpfn_distpfn_t,oracle,1.0,1.0,1.0,1.0,1.0,1.0,1.0,5.927583367128468e-05,0.0011254266824635459,0.001093729284620159
banknote_authentication,37,0.05,0.3,majority_to_minority,0.30434782608695654,tabpfn_downsample,n/a,0.9019607843137255,0.803921568627451,0.9991898608168176,0.8909076483655982,0.8026315789473685,1.0,0.9993571198971392,0.0802360400557518,0.26415741443634033,0.15609562348235737
banknote_authentication,37,0.05,0.3,minority_to_majority,0.3125,xgb_none,n/a,0.7704918032786885,0.5409836065573771,0.9849545093396759,0.7737157634888915,1.0,0.5409836065573771,0.9873031179684989,0.17027302086353302,0.6496456265449524,0.22386943400414153
banknote_authentication,37,0.05,0.3,minority_to_majority,0.3125,xgb_weighted,n/a,0.8237704918032787,0.6475409836065574,0.9878231811535996,0.8314302413434261,1.0,0.6475409836065574,0.9888567448837459,0.13232813775539398,0.504995584487915,0.16207118078050287
banknote_authentication,37,0.05,0.3,minority_to_majority,0.3125,xgb_ros,n/a,0.7991803278688525,0.5983606557377049,0.9855936278656006,0.8053448898519321,1.0,0.5983606557377049,0.9860709311046822,0.14463487267494202,0.5560382008552551,0.17195079580626707
banknote_authentication,37,0.05,0.3,minority_to_majority,0.3125,xgb_smote,n/a,0.8647540983606558,0.7295081967213115,0.9840743862531226,0.8731283814956172,1.0,0.7295081967213115,0.9846780242151505,0.10597991943359375,0.42091941833496094,0.12516190572895788
banknote_authentication,37,0.05,0.3,minority_to_majority,0.3125,tabpfn_none,n/a,0.9385245901639344,0.8770491803278688,1.0,0.9438844223156349,1.0,0.8770491803278688,1.0,0.06885986030101776,0.23535822331905365,0.1564619649311697
banknote_authentication,37,0.05,0.3,minority_to_majority,0.3125,tabpfn_threshold,observed,0.9959016393442623,0.9918032786885246,1.0,0.9963137223361618,1.0,0.9918032786885246,1.0,0.06885986030101776,0.23535822331905365,0.1564619649311697
banknote_authentication,37,0.05,0.3,minority_to_majority,0.3125,tabpfn_threshold,oracle,0.9877049180327868,0.9754098360655737,1.0,0.9889215646779197,1.0,0.9754098360655737,1.0,0.06885986030101776,0.23535822331905365,0.1564619649311697
banknote_authentication,37,0.05,0.3,minority_to_majority,0.3125,tabpfn_distpfn,observed,0.9754098360655737,0.9508196721311475,1.0,0.9777795733678086,1.0,0.9508196721311475,1.0,0.017785674909620353,0.06149373465740779,0.024744492935376096
banknote_authentication,37,0.05,0.3,minority_to_majority,0.3125,tabpfn_distpfn,oracle,0.9754098360655737,0.9508196721311475,1.0,0.9777795733678086,1.0,0.9508196721311475,1.0,0.019018189026338263,0.07174343249197107,0.027804530504738037
banknote_authentication,37,0.05,0.3,minority_to_majority,0.3125,tabpfn_distpfn_t,observed,0.9754098360655737,0.9508196721311475,1.0,0.9777795733678086,1.0,0.9508196721311475,1.0,0.01922760651671307,0.0978595977154849,0.02720240078363697
banknote_authentication,37,0.05,0.3,minority_to_majority,0.3125,tabpfn_distpfn_t,oracle,0.9754098360655737,0.9508196721311475,1.0,0.9777795733678086,1.0,0.9508196721311475,1.0,0.020149375643202454,0.10945540699013095,0.030859007257064218
banknote_authentication,37,0.05,0.3,minority_to_majority,0.3125,tabpfn_downsample,n/a,0.9852673309761063,0.9836065573770492,0.9990710240438075,0.9852673309761063,0.9836065573770492,0.9836065573770492,0.999249973213329,0.01160777173936367,0.03601248934864998,0.019138508091088045
banknote_authentication,73,0.5,0.0,clean,0.0,xgb_none,n/a,1.0,1.0,1.0,1.0,1.0,1.0,1.0,0.0005647829384543002,0.00948041770607233,0.009169811078093268
banknote_authentication,73,0.5,0.0,clean,0.0,xgb_weighted,n/a,1.0,1.0,1.0,1.0,1.0,1.0,1.0,0.0006385110900737345,0.009712690487504005,0.009356581511145289
banknote_authentication,73,0.5,0.0,clean,0.0,xgb_ros,n/a,1.0,1.0,1.0,1.0,1.0,1.0,1.0,0.0007843996281735599,0.010299826972186565,0.009854542315006256
banknote_authentication,73,0.5,0.0,clean,0.0,xgb_smote,n/a,1.0,1.0,1.0,1.0,1.0,1.0,1.0,0.0006720134406350553,0.00982250552624464,0.009441688751632517
banknote_authentication,73,0.5,0.0,clean,0.0,tabpfn_none,n/a,1.0,1.0,1.0,1.0,1.0,1.0,1.0,1.8174514671009945e-10,1.3313602721609641e-05,1.3373968381942674e-05
banknote_authentication,73,0.5,0.0,clean,0.0,tabpfn_threshold,observed,1.0,1.0,1.0,1.0,1.0,1.0,1.0,1.8174514671009945e-10,1.3313602721609641e-05,1.3373968381942674e-05
banknote_authentication,73,0.5,0.0,clean,0.0,tabpfn_threshold,oracle,1.0,1.0,1.0,1.0,1.0,1.0,1.0,1.8174514671009945e-10,1.3313602721609641e-05,1.3373968381942674e-05
banknote_authentication,73,0.5,0.0,clean,0.0,tabpfn_distpfn,observed,1.0,1.0,1.0,1.0,1.0,1.0,1.0,4.2861766252628484e-20,1.8170145551926606e-10,1.817013700817069e-10
banknote_authentication,73,0.5,0.0,clean,0.0,tabpfn_distpfn,oracle,1.0,1.0,1.0,1.0,1.0,1.0,1.0,4.2861766252628484e-20,1.8170145551926606e-10,1.817013700817069e-10
banknote_authentication,73,0.5,0.0,clean,0.0,tabpfn_distpfn_t,observed,1.0,1.0,1.0,1.0,1.0,1.0,1.0,1.0143304981785767e-11,3.144368006006404e-06,3.1443629342645135e-06
banknote_authentication,73,0.5,0.0,clean,0.0,tabpfn_distpfn_t,oracle,1.0,1.0,1.0,1.0,1.0,1.0,1.0,1.0143304981785767e-11,3.144368006006404e-06,3.1443629342645135e-06
banknote_authentication,73,0.5,0.0,clean,0.0,tabpfn_downsample,n/a,1.0,1.0,1.0,1.0,1.0,1.0,0.9999999999999999,1.840910618389202e-10,1.3332894013728946e-05,1.3385186347560112e-05
banknote_authentication,73,0.5,0.05,majority_to_minority,0.050445103857566766,xgb_none,n/a,0.9901960784313726,0.9803921568627451,1.0,0.9889766304565679,0.976,1.0,1.0,0.005744858179241419,0.03119467943906784,0.0264222252368927
banknote_authentication,73,0.5,0.05,majority_to_minority,0.050445103857566766,xgb_weighted,n/a,0.9967320261437909,0.9934640522875817,1.0,0.9963198394111743,0.991869918699187,1.0,1.0,0.005215614568442106,0.030384933575987816,0.026111789508299395
banknote_authentication,73,0.5,0.05,majority_to_minority,0.050445103857566766,xgb_ros,n/a,0.9901960784313726,0.9803921568627451,0.9999333599893377,0.9889766304565679,0.976,1.0,0.999946426658095,0.005751579534262419,0.030796203762292862,0.02398727617480538
banknote_authentication,73,0.5,0.05,majority_to_minority,0.050445103857566766,xgb_smote,n/a,0.9901960784313726,0.9803921568627451,1.0,0.9889766304565679,0.976,1.0,1.0,0.005345541518181562,0.029915841296315193,0.02584501599046317
banknote_authentication,73,0.5,0.05,majority_to_minority,0.050445103857566766,tabpfn_none,n/a,1.0,1.0,1.0,1.0,1.0,1.0,1.0,0.0011472973274067044,0.02507556602358818,0.024482529840686107
banknote_authentication,73,0.5,0.05,majority_to_minority,0.050445103857566766,tabpfn_threshold,observed,1.0,1.0,1.0,1.0,1.0,1.0,1.0,0.0011472973274067044,0.02507556602358818,0.024482529840686107
banknote_authentication,73,0.5,0.05,majority_to_minority,0.050445103857566766,tabpfn_threshold,oracle,1.0,1.0,1.0,1.0,1.0,1.0,1.0,0.0011472973274067044,0.02507556602358818,0.024482529840686107
banknote_authentication,73,0.5,0.05,majority_to_minority,0.050445103857566766,tabpfn_distpfn,observed,1.0,1.0,1.0,1.0,1.0,1.0,1.0,2.8210703649111276e-06,0.0011427628310980318,0.0011413496895538984
banknote_authentication,73,0.5,0.05,majority_to_minority,0.050445103857566766,tabpfn_distpfn,oracle,1.0,1.0,1.0,1.0,1.0,1.0,1.0,3.4863232537044844e-06,0.0012705942701883213,0.0012688475272881906
banknote_authentication,73,0.5,0.05,majority_to_minority,0.050445103857566766,tabpfn_distpfn_t,observed,1.0,1.0,1.0,1.0,1.0,1.0,1.0,8.804195017012752e-05,0.006781539656851416,0.0067371112782961306
banknote_authentication,73,0.5,0.05,majority_to_minority,0.050445103857566766,tabpfn_distpfn_t,oracle,1.0,1.0,1.0,1.0,1.0,1.0,1.0,9.152132282104235e-05,0.006909878000644257,0.006863684668119777
banknote_authentication,73,0.5,0.05,minority_to_majority,0.05,xgb_none,n/a,0.9918032786885246,0.9836065573770492,0.9996726003847745,0.9926210153482882,1.0,0.9836065573770492,0.9997321332904746,0.008551912382245064,0.03781333193182945,0.024199325530366463
banknote_authentication,73,0.5,0.05,minority_to_majority,0.05,xgb_weighted,n/a,0.9918032786885246,0.9836065573770492,0.9997360924482666,0.9926210153482882,1.0,0.9836065573770492,0.9997857066323798,0.008167726919054985,0.03587215393781662,0.021880423714491455
banknote_authentication,73,0.5,0.05,minority_to_majority,0.05,xgb_ros,n/a,0.9918032786885246,0.9836065573770492,0.9997360924482666,0.9926210153482882,1.0,0.9836065573770492,0.9997857066323796,0.007672896143049002,0.03330501168966293,0.021743774695152585
banknote_authentication,73,0.5,0.05,minority_to_majority,0.05,xgb_smote,n/a,0.9877049180327868,0.9754098360655737,0.9998661737490796,0.9889215646779197,1.0,0.9754098360655737,0.9998928533161898,0.007367486134171486,0.03240729868412018,0.0231528426842256
banknote_authentication,73,0.5,0.05,minority_to_majority,0.05,tabpfn_none,n/a,1.0,1.0,1.0,1.0,1.0,1.0,1.0,0.0007355626439675689,0.01727857068181038,0.016898670326825762
banknote_authentication,73,0.5,0.05,minority_to_majority,0.05,tabpfn_threshold,observed,1.0,1.0,1.0,1.0,1.0,1.0,1.0,0.0007355626439675689,0.01727857068181038,0.016898670326825762
banknote_authentication,73,0.5,0.05,minority_to_majority,0.05,tabpfn_threshold,oracle,1.0,1.0,1.0,1.0,1.0,1.0,1.0,0.0007355626439675689,0.01727857068181038,0.016898670326825762
banknote_authentication,73,0.5,0.05,minority_to_majority,0.05,tabpfn_distpfn,observed,1.0,1.0,1.0,1.0,1.0,1.0,1.0,1.7742355394954795e-06,0.0007308884470537157,0.0007299995854299967
banknote_authentication,73,0.5,0.05,minority_to_majority,0.05,tabpfn_distpfn,oracle,1.0,1.0,1.0,1.0,1.0,1.0,1.0,2.165435975056991e-06,0.0008075951444691227,0.0008065100748321872
banknote_authentication,73,0.5,0.05,minority_to_majority,0.05,tabpfn_distpfn_t,observed,1.0,1.0,1.0,1.0,1.0,1.0,1.0,5.605816432141672e-05,0.004630223509861257,0.004601939071416491
banknote_authentication,73,0.5,0.05,minority_to_majority,0.05,tabpfn_distpfn_t,oracle,1.0,1.0,1.0,1.0,1.0,1.0,1.0,5.812753281680391e-05,0.0047085686460459,0.004679234343606648
banknote_authentication,73,0.5,0.05,minority_to_majority,0.05,tabpfn_downsample,n/a,1.0,1.0,1.0,1.0,1.0,1.0,1.0,0.0005098170368000865,0.014712987467646599,0.014451464850783602
banknote_authentication,73,0.5,0.1,majority_to_minority,0.10112359550561797,xgb_none,n/a,0.9738562091503268,0.9477124183006536,0.9997984322506377,0.9707041653350379,0.9384615384615385,1.0,0.9998392799742848,0.02719021588563919,0.09641963243484497,0.06055622249164365
banknote_authentication,73,0.5,0.1,majority_to_minority,0.10112359550561797,xgb_weighted,n/a,0.9705882352941176,0.9411764705882353,0.9997301262397088,0.9670619235836627,0.9312977099236641,1.0,0.9997857066323798,0.025014977902173996,0.09123431146144867,0.06076410271904684
banknote_authentication,73,0.5,0.1,majority_to_minority,0.10112359550561797,xgb_ros,n/a,0.9705882352941176,0.9411764705882353,1.0,0.9670619235836627,0.9312977099236641,1.0,1.0,0.024516243487596512,0.08779647946357727,0.06361676445738836
banknote_authentication,73,0.5,0.1,majority_to_minority,0.10112359550561797,xgb_smote,n/a,0.9673202614379085,0.934640522875817,0.9998677948175568,0.9634230687380294,0.9242424242424242,1.0,0.9998928533161898,0.02679120935499668,0.09286953508853912,0.05781026905233209
banknote_authentication,73,0.5,0.1,majority_to_minority,0.10112359550561797,tabpfn_none,n/a,1.0,1.0,1.0,1.0,1.0,1.0,1.0,0.0052229976281523705,0.05601487681269646,0.05321405454115434
banknote_authentication,73,0.5,0.1,majority_to_minority,0.10112359550561797,tabpfn_threshold,observed,1.0,1.0,1.0,1.0,1.0,1.0,1.0,0.0052229976281523705,0.05601487681269646,0.05321405454115434
banknote_authentication,73,0.5,0.1,majority_to_minority,0.10112359550561797,tabpfn_threshold,oracle,1.0,1.0,1.0,1.0,1.0,1.0,1.0,0.0052229976281523705,0.05601487681269646,0.05321405454115434
banknote_authentication,73,0.5,0.1,majority_to_minority,0.10112359550561797,tabpfn_distpfn,observed,1.0,1.0,1.0,1.0,1.0,1.0,1.0,5.2095148534268715e-05,0.005143188247360459,0.005116949282183357
banknote_authentication,73,0.5,0.1,majority_to_minority,0.10112359550561797,tabpfn_distpfn,oracle,1.0,1.0,1.0,1.0,1.0,1.0,1.0,8.13430160290713e-05,0.006436211639973908,0.006395166067337401
banknote_authentication,73,0.5,0.1,majority_to_minority,0.10112359550561797,tabpfn_distpfn_t,observed,1.0,1.0,1.0,1.0,1.0,1.0,1.0,0.0005121743383543396,0.016807770692402337,0.016546087224510037
banknote_authentication,73,0.5,0.1,majority_to_minority,0.10112359550561797,tabpfn_distpfn_t,oracle,1.0,1.0,1.0,1.0,1.0,1.0,1.0,0.0006036098871911614,0.01824312528778731,0.017934116387226934
banknote_authentication,73,0.5,0.1,minority_to_majority,0.1,xgb_none,n/a,0.9836065573770492,0.9672131147540983,1.0,0.9852150537634408,1.0,0.9672131147540983,1.0,0.014830847270786762,0.05881393328309059,0.04761692822487517
banknote_authentication,73,0.5,0.1,minority_to_majority,0.1,xgb_weighted,n/a,0.9918032786885246,0.9836065573770492,1.0,0.9926210153482882,1.0,0.9836065573770492,1.0,0.012782914564013481,0.0530562587082386,0.04351182466880842
banknote_authentication,73,0.5,0.1,minority_to_majority,0.1,xgb_ros,n/a,0.9836065573770492,0.9672131147540983,0.9999333599893376,0.9852150537634408,1.0,0.9672131147540983,0.9999464266580949,0.01409643329679966,0.0563797652721405,0.04317455635998736
banknote_authentication,73,0.5,0.1,minority_to_majority,0.1,xgb_smote,n/a,0.9836065573770492,0.9672131147540983,1.0,0.9852150537634408,1.0,0.9672131147540983,1.0,0.011822693981230259,0.05054357275366783,0.04186451784589074
banknote_authentication,73,0.5,0.1,minority_to_majority,0.1,tabpfn_none,n/a,1.0,1.0,1.0,1.0,1.0,1.0,1.0,0.003490757429972291,0.040129125118255615,0.03826363210815047
banknote_authentication,73,0.5,0.1,minority_to_majority,0.1,tabpfn_threshold,observed,1.0,1.0,1.0,1.0,1.0,1.0,1.0,0.003490757429972291,0.040129125118255615,0.03826363210815047
banknote_authentication,73,0.5,0.1,minority_to_majority,0.1,tabpfn_threshold,oracle,1.0,1.0,1.0,1.0,1.0,1.0,1.0,0.003490757429972291,0.040129125118255615,0.03826363210815047
banknote_authentication,73,0.5,0.1,minority_to_majority,0.1,tabpfn_distpfn,observed,1.0,1.0,1.0,1.0,1.0,1.0,1.0,3.390177240512582e-05,0.0034687931892351466,0.003451692908412952
banknote_authentication,73,0.5,0.1,minority_to_majority,0.1,tabpfn_distpfn,oracle,1.0,1.0,1.0,1.0,1.0,1.0,1.0,5.032362194587063e-05,0.004233807736178725,0.004208375865086437
banknote_authentication,73,0.5,0.1,minority_to_majority,0.1,tabpfn_distpfn_t,observed,1.0,1.0,1.0,1.0,1.0,1.0,1.0,0.0003390289701732975,0.01192369479167741,0.01175055024114214
banknote_authentication,73,0.5,0.1,minority_to_majority,0.1,tabpfn_distpfn_t,oracle,1.0,1.0,1.0,1.0,1.0,1.0,1.0,0.0003904228070184366,0.012771259316658387,0.01257149985088738
banknote_authentication,73,0.5,0.1,minority_to_majority,0.1,tabpfn_downsample,n/a,1.0,1.0,1.0,1.0,1.0,1.0,1.0,0.00301264226436615,0.03716385364532471,0.03556190221278071
banknote_authentication,73,0.5,0.2,majority_to_minority,0.2,xgb_none,n/a,0.8954248366013071,0.7908496732026143,0.9988032261373957,0.8836348249233048,0.7922077922077922,1.0,0.9990356798457087,0.07357753068208694,0.22630010545253754,0.1334446212649345
banknote_authentication,73,0.5,0.2,majority_to_minority,0.2,xgb_weighted,n/a,0.9248366013071896,0.8496732026143791,0.9984373343504052,0.916292796548484,0.8413793103448276,1.0,0.9987142397942784,0.05677415430545807,0.18389250338077545,0.11167504635724154
banknote_authentication,73,0.5,0.2,majority_to_minority,0.2,xgb_ros,n/a,0.9183006535947713,0.8366013071895425,0.9981600828920799,0.9090476127478866,0.8299319727891157,1.0,0.9983392264009429,0.06088738143444061,0.19076229631900787,0.11125722795724871
banknote_authentication,73,0.5,0.2,majority_to_minority,0.2,xgb_smote,n/a,0.9052287581699346,0.8104575163398693,0.9986994132627927,0.894539876489335,0.8079470198675497,1.0,0.9988749598199935,0.06023029610514641,0.1820959448814392,0.10715264410457827
banknote_authentication,73,0.5,0.2,majority_to_minority,0.2,tabpfn_none,n/a,1.0,1.0,1.0,1.0,1.0,1.0,1.0,0.03182292357087135,0.14891184866428375,0.12941730163314125
banknote_authentication,73,0.5,0.2,majority_to_minority,0.2,tabpfn_threshold,observed,1.0,1.0,1.0,1.0,1.0,1.0,1.0,0.03182292357087135,0.14891184866428375,0.12941730163314125
banknote_authentication,73,0.5,0.2,majority_to_minority,0.2,tabpfn_threshold,oracle,1.0,1.0,1.0,1.0,1.0,1.0,1.0,0.03182292357087135,0.14891184866428375,0.12941730163314125
banknote_authentication,73,0.5,0.2,majority_to_minority,0.2,tabpfn_distpfn,observed,1.0,1.0,1.0,1.0,1.0,1.0,1.0,0.003129461643095769,0.03460507208254605,0.03279008521420968
banknote_authentication,73,0.5,0.2,majority_to_minority,0.2,tabpfn_distpfn,oracle,1.0,1.0,1.0,1.0,1.0,1.0,1.0,0.007007599409161635,0.05576645285331257,0.051489075137612375
banknote_authentication,73,0.5,0.2,majority_to_minority,0.2,tabpfn_distpfn_t,observed,1.0,1.0,1.0,1.0,1.0,1.0,1.0,0.005979998795844047,0.05554844936076562,0.052171986300135115
banknote_authentication,73,0.5,0.2,majority_to_minority,0.2,tabpfn_distpfn_t,oracle,1.0,1.0,1.0,1.0,1.0,1.0,1.0,0.011364620621915948,0.07861888037416137,0.07184669656127401
banknote_authentication,73,0.5,0.2,minority_to_majority,0.2,xgb_none,n/a,0.9508196721311475,0.9016393442622951,1.0,0.9552700065061809,1.0,0.9016393442622951,1.0,0.03488178178668022,0.116756372153759,0.07992499419657345
banknote_authentication,73,0.5,0.2,minority_to_majority,0.2,xgb_weighted,n/a,0.9631147540983607,0.9262295081967213,1.0,0.9665653495440729,1.0,0.9262295081967213,1.0,0.029010530561208725,0.0988503023982048,0.06872567718001929
banknote_authentication,73,0.5,0.2,minority_to_majority,0.2,xgb_ros,n/a,0.9549180327868853,0.9098360655737705,1.0,0.9590446920567011,1.0,0.9098360655737705,1.0,0.030827241018414497,0.10505685210227966,0.07357401607219467
banknote_authentication,73,0.5,0.2,minority_to_majority,0.2,xgb_smote,n/a,0.9549180327868853,0.9098360655737705,1.0,0.9590446920567011,1.0,0.9098360655737705,1.0,0.025109145790338516,0.08731682598590851,0.06572209157049655
banknote_authentication,73,0.5,0.2,minority_to_majority,0.2,tabpfn_none,n/a,1.0,1.0,1.0,1.0,1.0,1.0,1.0,0.016950322315096855,0.09275832772254944,0.08261760240598628
banknote_authentication,73,0.5,0.2,minority_to_majority,0.2,tabpfn_threshold,observed,1.0,1.0,1.0,1.0,1.0,1.0,1.0,0.016950322315096855,0.09275832772254944,0.08261760240598628
banknote_authentication,73,0.5,0.2,minority_to_majority,0.2,tabpfn_threshold,oracle,1.0,1.0,1.0,1.0,1.0,1.0,1.0,0.016950322315096855,0.09275832772254944,0.08261760240598628
banknote_authentication,73,0.5,0.2,minority_to_majority,0.2,tabpfn_distpfn,observed,1.0,1.0,1.0,1.0,1.0,1.0,1.0,0.0016235364837040751,0.019044721192478572,0.018118301621152605
banknote_authentication,73,0.5,0.2,minority_to_majority,0.2,tabpfn_distpfn,oracle,1.0,1.0,1.0,1.0,1.0,1.0,1.0,0.0031064102401158057,0.027898284551128326,0.026043336815474705
banknote_authentication,73,0.5,0.2,minority_to_majority,0.2,tabpfn_distpfn_t,observed,1.0,1.0,1.0,1.0,1.0,1.0,1.0,0.0032131131859578733,0.03388695808314107,0.03208470724797008
banknote_authentication,73,0.5,0.2,minority_to_majority,0.2,tabpfn_distpfn_t,oracle,1.0,1.0,1.0,1.0,1.0,1.0,1.0,0.005278922588332893,0.043606034055629045,0.04051020143277578
banknote_authentication,73,0.5,0.2,minority_to_majority,0.2,tabpfn_downsample,n/a,1.0,1.0,1.0,1.0,1.0,1.0,1.0,0.007140351925045252,0.05824800580739975,0.05425329214966703
banknote_authentication,73,0.5,0.3,majority_to_minority,0.29978118161925604,xgb_none,n/a,0.761437908496732,0.5228758169934641,0.9888616125214061,0.7282056836490164,0.6256410256410256,1.0,0.9904103717989927,0.19198761880397797,0.6154794096946716,0.2611620716615156
banknote_authentication,73,0.5,0.3,majority_to_minority,0.29978118161925604,xgb_weighted,n/a,0.8104575163398693,0.6209150326797386,0.9893128180305055,0.7870380260628072,0.6777777777777778,1.0,0.9912139719275689,0.14249950647354126,0.43572354316711426,0.21233107004653323
banknote_authentication,73,0.5,0.3,majority_to_minority,0.29978118161925604,xgb_ros,n/a,0.7908496732026145,0.5816993464052288,0.9844744127904441,0.7638724911452184,0.6559139784946236,1.0,0.9867138112075431,0.17266462743282318,0.564648449420929,0.23374515557830983
banknote_authentication,73,0.5,0.3,majority_to_minority,0.29978118161925604,xgb_smote,n/a,0.826797385620915,0.6535947712418301,0.9895461678375371,0.8060313277704583,0.6971428571428572,1.0,0.9920711453980499,0.1382339596748352,0.44957149028778076,0.20016756913878703
banknote_authentication,73,0.5,0.3,majority_to_minority,0.29978118161925604,tabpfn_none,n/a,0.9281045751633987,0.8562091503267973,1.0,0.9199142221751562,0.8472222222222222,1.0,1.0,0.10515669733285904,0.31686362624168396,0.23817623647776517
banknote_authentication,73,0.5,0.3,majority_to_minority,0.29978118161925604,tabpfn_threshold,observed,0.9934640522875817,0.9869281045751634,1.0,0.992645485665383,0.9838709677419355,1.0,1.0,0.10515669733285904,0.31686362624168396,0.23817623647776517
banknote_authentication,73,0.5,0.3,majority_to_minority,0.29978118161925604,tabpfn_threshold,oracle,0.9281045751633987,0.8562091503267973,1.0,0.9199142221751562,0.8472222222222222,1.0,1.0,0.10515669733285904,0.31686362624168396,0.23817623647776517
banknote_authentication,73,0.5,0.3,majority_to_minority,0.29978118161925604,tabpfn_distpfn,observed,0.9901960784313726,0.9803921568627451,1.0,0.9889766304565679,0.976,1.0,1.0,0.02936840356825906,0.13183248585722296,0.11085933388116953
banknote_authentication,73,0.5,0.3,majority_to_minority,0.29978118161925604,tabpfn_distpfn,oracle,0.9281045751633987,0.8562091503267973,1.0,0.9199142221751562,0.8472222222222222,1.0,1.0,0.0850665845764243,0.27242737090537916,0.20276189008438344
banknote_authentication,73,0.5,0.3,majority_to_minority,0.29978118161925604,tabpfn_distpfn_t,observed,0.9934640522875817,0.9869281045751634,1.0,0.992645485665383,0.9838709677419355,1.0,1.0,0.03115451857972687,0.14106927937446032,0.1199007261941159
banknote_authentication,73,0.5,0.3,majority_to_minority,0.29978118161925604,tabpfn_distpfn_t,oracle,0.9281045751633987,0.8562091503267973,1.0,0.9199142221751562,0.8472222222222222,1.0,1.0,0.08977268781704661,0.28316226524762944,0.2125664021724727
banknote_authentication,73,0.5,0.3,minority_to_majority,0.3,xgb_none,n/a,0.889344262295082,0.7786885245901639,0.9983761575839193,0.8972474778926391,1.0,0.7786885245901639,0.9986606664523733,0.07365988194942474,0.23897439241409302,0.11650933292440392
banknote_authentication,73,0.5,0.3,minority_to_majority,0.3,xgb_weighted,n/a,0.8975409836065573,0.7950819672131147,0.9986019630485587,0.9051580239760515,1.0,0.7950819672131147,0.9988213864780884,0.06396723538637161,0.20688162744045258,0.10192970301617275
banknote_authentication,73,0.5,0.3,minority_to_majority,0.3,xgb_ros,n/a,0.9098360655737705,0.819672131147541,0.9991188419313769,0.9169138650845968,1.0,0.819672131147541,0.9992499732133291,0.061385881155729294,0.1984131634235382,0.10192505100741983
banknote_authentication,73,0.5,0.3,minority_to_majority,0.3,xgb_smote,n/a,0.9221311475409837,0.8442622950819673,0.9991655498004232,0.9285470085470086,1.0,0.8442622950819673,0.9993035465552341,0.057411257177591324,0.18985873460769653,0.09484236532991583
banknote_authentication,73,0.5,0.3,minority_to_majority,0.3,tabpfn_none,n/a,1.0,1.0,1.0,1.0,1.0,1.0,1.0,0.0362413190305233,0.14847822487354279,0.1257437208739099
banknote_authentication,73,0.5,0.3,minority_to_majority,0.3,tabpfn_threshold,observed,1.0,1.0,1.0,1.0,1.0,1.0,1.0,0.0362413190305233,0.14847822487354279,0.1257437208739099
banknote_authentication,73,0.5,0.3,minority_to_majority,0.3,tabpfn_threshold,oracle,1.0,1.0,1.0,1.0,1.0,1.0,1.0,0.0362413190305233,0.14847822487354279,0.1257437208739099
banknote_authentication,73,0.5,0.3,minority_to_majority,0.3,tabpfn_distpfn,observed,1.0,1.0,1.0,1.0,1.0,1.0,1.0,0.003312847208171952,0.0375630927182116,0.035767604327347345
banknote_authentication,73,0.5,0.3,minority_to_majority,0.3,tabpfn_distpfn,oracle,1.0,1.0,1.0,1.0,1.0,1.0,1.0,0.009553104487678422,0.06703135597974272,0.061567568830589246
banknote_authentication,73,0.5,0.3,minority_to_majority,0.3,tabpfn_distpfn_t,observed,1.0,1.0,1.0,1.0,1.0,1.0,1.0,0.006422796204672402,0.05533379350338491,0.05179803314333191
banknote_authentication,73,0.5,0.3,minority_to_majority,0.3,tabpfn_distpfn_t,oracle,1.0,1.0,1.0,1.0,1.0,1.0,1.0,0.014825125167317243,0.0872291654743101,0.07859212467663909
banknote_authentication,73,0.5,0.3,minority_to_majority,0.3,tabpfn_downsample,n/a,1.0,1.0,1.0,1.0,1.0,1.0,1.0,0.014486206695437431,0.0881863608956337,0.07991850861530772
banknote_authentication,73,0.2,0.0,clean,0.0,xgb_none,n/a,1.0,1.0,1.0,1.0,1.0,1.0,1.0,0.00258222920820117,0.01933443918824196,0.017724716399203647
banknote_authentication,73,0.2,0.0,clean,0.0,xgb_weighted,n/a,1.0,1.0,1.0,1.0,1.0,1.0,1.0,0.0007661726558580995,0.009053190238773823,0.008605817800218407
banknote_authentication,73,0.2,0.0,clean,0.0,xgb_ros,n/a,1.0,1.0,1.0,1.0,1.0,1.0,1.0,0.001672746380791068,0.011418101377785206,0.010292152139273557
banknote_authentication,73,0.2,0.0,clean,0.0,xgb_smote,n/a,0.9967320261437909,0.9934640522875817,1.0,0.9963198394111743,0.991869918699187,1.0,0.9999999999999999,0.002213727915659547,0.012761649675667286,0.008047862737016244
banknote_authentication,73,0.2,0.0,clean,0.0,tabpfn_none,n/a,1.0,1.0,1.0,1.0,1.0,1.0,1.0,2.0226860186767226e-08,2.4635948648210615e-05,2.4670269442801576e-05
banknote_authentication,73,0.2,0.0,clean,0.0,tabpfn_threshold,observed,1.0,1.0,1.0,1.0,1.0,1.0,1.0,2.0226860186767226e-08,2.4635948648210615e-05,2.4670269442801576e-05
banknote_authentication,73,0.2,0.0,clean,0.0,tabpfn_threshold,oracle,1.0,1.0,1.0,1.0,1.0,1.0,1.0,2.0226860186767226e-08,2.4635948648210615e-05,2.4670269442801576e-05
banknote_authentication,73,0.2,0.0,clean,0.0,tabpfn_distpfn,observed,1.0,1.0,1.0,1.0,1.0,1.0,1.0,6.727145032178559e-15,5.690679467654953e-09,5.690676018921649e-09
banknote_authentication,73,0.2,0.0,clean,0.0,tabpfn_distpfn,oracle,1.0,1.0,1.0,1.0,1.0,1.0,1.0,6.727145032178559e-15,5.690679467654953e-09,5.690676018921649e-09
banknote_authentication,73,0.2,0.0,clean,0.0,tabpfn_distpfn_t,observed,1.0,1.0,1.0,1.0,1.0,1.0,1.0,3.6384624153771086e-10,2.621084860435944e-06,2.620902900144072e-06
banknote_authentication,73,0.2,0.0,clean,0.0,tabpfn_distpfn_t,oracle,1.0,1.0,1.0,1.0,1.0,1.0,1.0,3.6384624153771086e-10,2.621084860435944e-06,2.620902900144072e-06
banknote_authentication,73,0.2,0.0,clean,0.0,tabpfn_downsample,n/a,1.0,1.0,1.0,1.0,1.0,1.0,1.0,2.1394578652689233e-05,0.0003504563937895,0.00033917685053893367
banknote_authentication,73,0.2,0.05,majority_to_minority,0.05185185185185185,xgb_none,n/a,0.9934640522875817,0.9869281045751634,0.9998677948175568,0.992645485665383,0.9838709677419355,1.0,0.9998928533161898,0.006613865494728088,0.032275352627038956,0.024077724509618502
banknote_authentication,73,0.2,0.05,majority_to_minority,0.05185185185185185,xgb_weighted,n/a,0.9901960784313726,0.9803921568627451,0.9998032786885246,0.9889766304565679,0.976,1.0,0.9998392799742848,0.006753254681825638,0.025980394333600998,0.01504785916344686
banknote_authentication,73,0.2,0.05,majority_to_minority,0.05185185185185185,xgb_ros,n/a,0.9901960784313726,0.9803921568627451,0.9998677948175568,0.9889766304565679,0.976,1.0,0.9998928533161899,0.006279523018747568,0.025113316252827644,0.017046066156842492
banknote_authentication,73,0.2,0.05,majority_to_minority,0.05185185185185185,xgb_smote,n/a,0.9836601307189543,0.9673202614379085,1.0,0.9816541915168981,0.9606299212598425,1.0,1.0,0.007903654128313065,0.02724834345281124,0.01818514733151956
banknote_authentication,73,0.2,0.05,majority_to_minority,0.05185185185185185,tabpfn_none,n/a,1.0,1.0,1.0,1.0,1.0,1.0,1.0,0.00014175967953633517,0.006628562696278095,0.006555656319992109
banknote_authentication,73,0.2,0.05,majority_to_minority,0.05185185185185185,tabpfn_threshold,observed,1.0,1.0,1.0,1.0,1.0,1.0,1.0,0.00014175967953633517,0.006628562696278095,0.006555656319992109
banknote_authentication,73,0.2,0.05,majority_to_minority,0.05185185185185185,tabpfn_threshold,oracle,1.0,1.0,1.0,1.0,1.0,1.0,1.0,0.00014175967953633517,0.006628562696278095,0.006555656319992109
banknote_authentication,73,0.2,0.05,majority_to_minority,0.05185185185185185,tabpfn_distpfn,observed,1.0,1.0,1.0,1.0,1.0,1.0,1.0,6.623096622004352e-06,0.0005754493544291174,0.0005720720460734692
banknote_authentication,73,0.2,0.05,majority_to_minority,0.05185185185185185,tabpfn_distpfn,oracle,1.0,1.0,1.0,1.0,1.0,1.0,1.0,7.542208613788682e-06,0.0006150645045238099,0.0006112134303513566
banknote_authentication,73,0.2,0.05,majority_to_minority,0.05185185185185185,tabpfn_distpfn_t,observed,1.0,1.0,1.0,1.0,1.0,1.0,1.0,6.933573921342328e-06,0.0007463088527481248,0.0007427750919011312
banknote_authentication,73,0.2,0.05,majority_to_minority,0.05185185185185185,tabpfn_distpfn_t,oracle,1.0,1.0,1.0,1.0,1.0,1.0,1.0,6.860454400347083e-06,0.0006855938650999328,0.0006820941508387303
banknote_authentication,73,0.2,0.05,majority_to_minority,0.05185185185185185,tabpfn_downsample,n/a,1.0,1.0,1.0,1.0,1.0,1.0,1.0,0.001291167107410729,0.02487349323928356,0.02419717477126555
banknote_authentication,73,0.2,0.05,minority_to_majority,0.046875,xgb_none,n/a,0.9877049180327868,0.9754098360655737,1.0,0.9889215646779197,1.0,0.9754098360655737,1.0,0.012986776418983936,0.05211695283651352,0.04072415115311742
banknote_authentication,73,0.2,0.05,minority_to_majority,0.046875,xgb_weighted,n/a,0.9959016393442623,0.9918032786885246,1.0,0.9963137223361618,1.0,0.9918032786885246,1.0,0.005408010445535183,0.025911198928952217,0.021644473883577372
banknote_authentication,73,0.2,0.05,minority_to_majority,0.046875,xgb_ros,n/a,0.9918032786885246,0.9836065573770492,1.0,0.9926210153482882,1.0,0.9836065573770492,1.0,0.00547021022066474,0.025028718635439873,0.020370537852868437
banknote_authentication,73,0.2,0.05,minority_to_majority,0.046875,xgb_smote,n/a,0.9959016393442623,0.9918032786885246,1.0,0.9963137223361618,1.0,0.9918032786885246,1.0,0.0057999445125460625,0.025470348075032234,0.020507785568691112
banknote_authentication,73,0.2,0.05,minority_to_majority,0.046875,tabpfn_none,n/a,1.0,1.0,1.0,1.0,1.0,1.0,1.0,0.0016327445628121495,0.01706303469836712,0.016149410049494523
banknote_authentication,73,0.2,0.05,minority_to_majority,0.046875,tabpfn_threshold,observed,1.0,1.0,1.0,1.0,1.0,1.0,1.0,0.0016327445628121495,0.01706303469836712,0.016149410049494523
banknote_authentication,73,0.2,0.05,minority_to_majority,0.046875,tabpfn_threshold,oracle,1.0,1.0,1.0,1.0,1.0,1.0,1.0,0.0016327445628121495,0.01706303469836712,0.016149410049494523
banknote_authentication,73,0.2,0.05,minority_to_majority,0.046875,tabpfn_distpfn,observed,1.0,1.0,1.0,1.0,1.0,1.0,1.0,6.660019178120432e-06,0.0005435809433038506,0.0005402033152289329
banknote_authentication,73,0.2,0.05,minority_to_majority,0.046875,tabpfn_distpfn,oracle,1.0,1.0,1.0,1.0,1.0,1.0,1.0,7.484330540062015e-06,0.0005767455638449789,0.0005729466440522535
banknote_authentication,73,0.2,0.05,minority_to_majority,0.046875,tabpfn_distpfn_t,observed,1.0,1.0,1.0,1.0,1.0,1.0,1.0,4.777525750446205e-05,0.002512501241414834,0.002488085743474353
banknote_authentication,73,0.2,0.05,minority_to_majority,0.046875,tabpfn_distpfn_t,oracle,1.0,1.0,1.0,1.0,1.0,1.0,1.0,5.23141683389064e-05,0.002627128501655645,0.002600364197352179
banknote_authentication,73,0.2,0.05,minority_to_majority,0.046875,tabpfn_downsample,n/a,1.0,1.0,1.0,1.0,1.0,1.0,1.0,7.032297162368195e-07,0.00010289731289958581,0.0001025285167766428
banknote_authentication,73,0.2,0.1,majority_to_minority,0.09859154929577464,xgb_none,n/a,0.9795081967213115,0.9590163934426229,0.9997397866250326,0.9815011637449718,1.0,0.9590163934426229,0.9997857066323799,0.00883821677416563,0.04042069986462593,0.027020508765496994
banknote_authentication,73,0.2,0.1,majority_to_minority,0.09859154929577464,xgb_weighted,n/a,0.9959016393442623,0.9918032786885246,0.9996157786885247,0.9963137223361618,1.0,0.9918032786885246,0.9996785599485696,0.0068162111565470695,0.03195750340819359,0.02120474781163714
banknote_authentication,73,0.2,0.1,majority_to_minority,0.09859154929577464,xgb_ros,n/a,0.9836065573770492,0.9672131147540983,0.9998032786885247,0.9852150537634408,1.0,0.9672131147540983,0.9998392799742848,0.0092737702652812,0.03788939118385315,0.022340507669882343
banknote_authentication,73,0.2,0.1,majority_to_minority,0.09859154929577464,xgb_smote,n/a,0.9869281045751634,0.9738562091503268,0.9991312241350402,0.9853129673146763,0.9682539682539683,1.0,0.9993035465552341,0.011968878097832203,0.04555991291999817,0.021344040144573556
banknote_authentication,73,0.2,0.1,majority_to_minority,0.09859154929577464,tabpfn_none,n/a,1.0,1.0,1.0,1.0,1.0,1.0,1.0,0.00025002832990139723,0.011392961256206036,0.011265689723870972
banknote_authentication,73,0.2,0.1,majority_to_minority,0.09859154929577464,tabpfn_threshold,observed,1.0,1.0,1.0,1.0,1.0,1.0,1.0,0.00025002832990139723,0.011392961256206036,0.011265689723870972
banknote_authentication,73,0.2,0.1,majority_to_minority,0.09859154929577464,tabpfn_threshold,oracle,1.0,1.0,1.0,1.0,1.0,1.0,1.0,0.00025002832990139723,0.011392961256206036,0.011265689723870972
banknote_authentication,73,0.2,0.1,majority_to_minority,0.09859154929577464,tabpfn_distpfn,observed,1.0,1.0,1.0,1.0,1.0,1.0,1.0,3.1294386957763878e-06,0.0009245063899977447,0.0009229337228967629
banknote_authentication,73,0.2,0.1,majority_to_minority,0.09859154929577464,tabpfn_distpfn,oracle,1.0,1.0,1.0,1.0,1.0,1.0,1.0,4.06195793412111e-06,0.0010541131964713476,0.0010520704666076642
banknote_authentication,73,0.2,0.1,majority_to_minority,0.09859154929577464,tabpfn_distpfn_t,observed,1.0,1.0,1.0,1.0,1.0,1.0,1.0,4.759113660182559e-06,0.001336058840818588,0.001333668486244607
banknote_authentication,73,0.2,0.1,majority_to_minority,0.09859154929577464,tabpfn_distpfn_t,oracle,1.0,1.0,1.0,1.0,1.0,1.0,1.0,3.6194076721157906e-06,0.0011033086805701876,0.0011014906064647375
banknote_authentication,73,0.2,0.1,majority_to_minority,0.09859154929577464,tabpfn_downsample,n/a,1.0,1.0,1.0,1.0,1.0,1.0,1.0,0.003297543153166771,0.04347846284508705,0.041719791997562754
banknote_authentication,73,0.2,0.1,minority_to_majority,0.1015625,xgb_none,n/a,0.9549180327868853,0.9098360655737705,0.9996157786885246,0.9590446920567011,1.0,0.9098360655737705,0.9996785599485697,0.03112332709133625,0.10679761320352554,0.06507457201961767
banknote_authentication,73,0.2,0.1,minority_to_majority,0.1015625,xgb_weighted,n/a,0.959016393442623,0.9180327868852459,0.9997397866250326,0.962809693822352,1.0,0.9180327868852459,0.9997857066323798,0.01992328092455864,0.06935003399848938,0.04088789241219109
banknote_authentication,73,0.2,0.1,minority_to_majority,0.1015625,xgb_ros,n/a,0.9672131147540983,0.9344262295081968,0.9998677948175568,0.9703119939544425,1.0,0.9344262295081968,0.9998928533161898,0.022292137145996094,0.07517058402299881,0.04524635088376024
banknote_authentication,73,0.2,0.1,minority_to_majority,0.1015625,xgb_smote,n/a,0.9631147540983607,0.9262295081967213,0.9997397866250325,0.9665653495440729,1.0,0.9262295081967213,0.9997857066323798,0.01931765116751194,0.06669601798057556,0.03827819418839433
banknote_authentication,73,0.2,0.1,minority_to_majority,0.1015625,tabpfn_none,n/a,1.0,1.0,1.0,1.0,1.0,1.0,1.0,0.004172236658632755,0.04366490989923477,0.041410700754865755
banknote_authentication,73,0.2,0.1,minority_to_majority,0.1015625,tabpfn_threshold,observed,1.0,1.0,1.0,1.0,1.0,1.0,1.0,0.004172236658632755,0.04366490989923477,0.041410700754865755
banknote_authentication,73,0.2,0.1,minority_to_majority,0.1015625,tabpfn_threshold,oracle,1.0,1.0,1.0,1.0,1.0,1.0,1.0,0.004172236658632755,0.04366490989923477,0.041410700754865755
banknote_authentication,73,0.2,0.1,minority_to_majority,0.1015625,tabpfn_distpfn,observed,1.0,1.0,1.0,1.0,1.0,1.0,1.0,4.637956960492154e-06,0.0011539894382185353,0.001151660759238336
banknote_authentication,73,0.2,0.1,minority_to_majority,0.1015625,tabpfn_distpfn,oracle,1.0,1.0,1.0,1.0,1.0,1.0,1.0,6.03008475030704e-06,0.0013165780049321772,0.0013135485821972063
banknote_authentication,73,0.2,0.1,minority_to_majority,0.1015625,tabpfn_distpfn_t,observed,1.0,1.0,1.0,1.0,1.0,1.0,1.0,8.995916107909704e-05,0.006013487608798327,0.00596798534322213
banknote_authentication,73,0.2,0.1,minority_to_majority,0.1015625,tabpfn_distpfn_t,oracle,1.0,1.0,1.0,1.0,1.0,1.0,1.0,0.00010958770070856736,0.006639445815414562,0.0065839467460243545
banknote_authentication,73,0.2,0.1,minority_to_majority,0.1015625,tabpfn_downsample,n/a,0.9918032786885246,0.9836065573770492,1.0,0.9926210153482882,1.0,0.9836065573770492,1.0,0.0038778686430305243,0.020742688328027725,0.017976550780850545
banknote_authentication,73,0.2,0.2,majority_to_minority,0.2,xgb_none,n/a,0.9860977177756348,0.9803921568627451,0.9992972786071677,0.9852909713307659,0.9758064516129032,0.9918032786885246,0.9994106932390442,0.011086820624768734,0.05011157691478729,0.031035623943263833
banknote_authentication,73,0.2,0.2,majority_to_minority,0.2,xgb_weighted,n/a,0.9860977177756348,0.9803921568627451,0.9997397866250326,0.9852909713307659,0.9758064516129032,0.9918032786885246,0.9997857066323798,0.011684823781251907,0.04892842099070549,0.030819933834401035
banknote_authentication,73,0.2,0.2,majority_to_minority,0.2,xgb_ros,n/a,0.9828297439194257,0.9738562091503268,0.9996157786885246,0.9816277174276132,0.968,0.9918032786885246,0.9996785599485696,0.011872251518070698,0.04760226234793663,0.03170521643351425
banknote_authentication,73,0.2,0.2,majority_to_minority,0.2,xgb_smote,n/a,0.9795617700632165,0.9673202614379085,0.9967361959977625,0.9779694509720145,0.9603174603174603,0.9918032786885246,0.997589199614272,0.019007697701454163,0.07628154754638672,0.03243088061159309
banknote_authentication,73,0.2,0.2,majority_to_minority,0.2,tabpfn_none,n/a,1.0,1.0,1.0,1.0,1.0,1.0,1.0,0.0014823749661445618,0.027720922604203224,0.026948012817989697
banknote_authentication,73,0.2,0.2,majority_to_minority,0.2,tabpfn_threshold,observed,1.0,1.0,1.0,1.0,1.0,1.0,1.0,0.0014823749661445618,0.027720922604203224,0.026948012817989697
banknote_authentication,73,0.2,0.2,majority_to_minority,0.2,tabpfn_threshold,oracle,1.0,1.0,1.0,1.0,1.0,1.0,1.0,0.0014823749661445618,0.027720922604203224,0.026948012817989697
banknote_authentication,73,0.2,0.2,majority_to_minority,0.2,tabpfn_distpfn,observed,1.0,1.0,1.0,1.0,1.0,1.0,1.0,6.97389205118808e-05,0.005022752036969502,0.004987447323574562
banknote_authentication,73,0.2,0.2,majority_to_minority,0.2,tabpfn_distpfn,oracle,1.0,1.0,1.0,1.0,1.0,1.0,1.0,0.00012244343747870278,0.006680481473482009,0.006618245117696742
banknote_authentication,73,0.2,0.2,majority_to_minority,0.2,tabpfn_distpfn_t,observed,1.0,1.0,1.0,1.0,1.0,1.0,1.0,0.00011288513893595683,0.006725957890609848,0.006668681679853607
banknote_authentication,73,0.2,0.2,majority_to_minority,0.2,tabpfn_distpfn_t,oracle,1.0,1.0,1.0,1.0,1.0,1.0,1.0,0.00010283792859048263,0.006049242864521116,0.005997009669431779
banknote_authentication,73,0.2,0.2,majority_to_minority,0.2,tabpfn_downsample,n/a,1.0,1.0,1.0,1.0,1.0,1.0,1.0,0.011957945302128792,0.08743496984243393,0.0807751680504192
banknote_authentication,73,0.2,0.2,minority_to_majority,0.203125,xgb_none,n/a,0.8852459016393442,0.7704918032786885,0.9997984322506378,0.8932690175205145,1.0,0.7704918032786885,0.9998392799742848,0.07185019552707672,0.22484755516052246,0.11900418467142365
banknote_authentication,73,0.2,0.2,minority_to_majority,0.203125,xgb_weighted,n/a,0.9180327868852459,0.8360655737704918,0.999732867078857,0.924682296231376,1.0,0.8360655737704918,0.9997857066323798,0.052445437759160995,0.16992215812206268,0.0861688777245581
banknote_authentication,73,0.2,0.2,minority_to_majority,0.203125,xgb_ros,n/a,0.9139344262295082,0.8278688524590164,0.9999333599893376,0.9208047064631588,1.0,0.8278688524590164,0.999946426658095,0.05443940311670303,0.1735161542892456,0.08663408116860823
banknote_authentication,73,0.2,0.2,minority_to_majority,0.203125,xgb_smote,n/a,0.959016393442623,0.9180327868852459,0.9997984322506377,0.962809693822352,1.0,0.9180327868852459,0.9998392799742848,0.028303636237978935,0.09563801437616348,0.052212089726870706
banknote_authentication,73,0.2,0.2,minority_to_majority,0.203125,tabpfn_none,n/a,1.0,1.0,1.0,1.0,1.0,1.0,1.0,0.015708748251199722,0.09178810566663742,0.08274375651466967
banknote_authentication,73,0.2,0.2,minority_to_majority,0.203125,tabpfn_threshold,observed,1.0,1.0,1.0,1.0,1.0,1.0,1.0,0.015708748251199722,0.09178810566663742,0.08274375651466967
banknote_authentication,73,0.2,0.2,minority_to_majority,0.203125,tabpfn_threshold,oracle,1.0,1.0,1.0,1.0,1.0,1.0,1.0,0.015708748251199722,0.09178810566663742,0.08274375651466967
banknote_authentication,73,0.2,0.2,minority_to_majority,0.203125,tabpfn_distpfn,observed,1.0,1.0,1.0,1.0,1.0,1.0,1.0,5.1411392783638594e-05,0.004555296633102925,0.004529372336364642
banknote_authentication,73,0.2,0.2,minority_to_majority,0.203125,tabpfn_distpfn,oracle,1.0,1.0,1.0,1.0,1.0,1.0,1.0,8.86624487260605e-05,0.005995298137106625,0.005950470882889625
banknote_authentication,73,0.2,0.2,minority_to_majority,0.203125,tabpfn_distpfn_t,observed,1.0,1.0,1.0,1.0,1.0,1.0,1.0,0.0003649356710113626,0.01269928308426238,0.01251306001233435
banknote_authentication,73,0.2,0.2,minority_to_majority,0.203125,tabpfn_distpfn_t,oracle,1.0,1.0,1.0,1.0,1.0,1.0,1.0,0.0005632689543879701,0.015829053646917512,0.015540166830278536
banknote_authentication,73,0.2,0.2,minority_to_majority,0.203125,tabpfn_downsample,n/a,1.0,1.0,1.0,1.0,1.0,1.0,1.0,0.0018423661822453141,0.019341614097356796,0.018215921126327222
banknote_authentication,73,0.2,0.3,majority_to_minority,0.3005464480874317,xgb_none,n/a,0.9787313832636879,0.9738562091503268,0.9941702455852471,0.9779364569961488,0.967741935483871,0.9836065573770492,0.9950176792028287,0.02545943483710289,0.10175666213035583,0.04358889440921218
banknote_authentication,73,0.2,0.3,majority_to_minority,0.3005464480874317,xgb_weighted,n/a,0.9721954355512696,0.9607843137254902,0.9925874113942347,0.9706259346293526,0.9523809523809523,0.9836065573770492,0.9929818922104361,0.030270850285887718,0.1151968240737915,0.042514607317068354
banknote_authentication,73,0.2,0.3,majority_to_minority,0.3005464480874317,xgb_ros,n/a,0.9656594878388514,0.9477124183006536,0.9941224067738839,0.9633333333333334,0.9375,0.9836065573770492,0.9949105325190187,0.029552556574344635,0.11212553828954697,0.03804788726297294
banknote_authentication,73,0.2,0.3,majority_to_minority,0.3005464480874317,xgb_smote,n/a,0.9395156969891783,0.8954248366013072,0.989523120090901,0.9342943612615482,0.8823529411764706,0.9836065573770492,0.9894996249866066,0.0458650141954422,0.15928643941879272,0.05891407062384217
banknote_authentication,73,0.2,0.3,majority_to_minority,0.3005464480874317,tabpfn_none,n/a,1.0,1.0,1.0,1.0,1.0,1.0,1.0,0.0046767545863986015,0.05219819024205208,0.04969904493201862
banknote_authentication,73,0.2,0.3,majority_to_minority,0.3005464480874317,tabpfn_threshold,observed,1.0,1.0,1.0,1.0,1.0,1.0,1.0,0.0046767545863986015,0.05219819024205208,0.04969904493201862
banknote_authentication,73,0.2,0.3,majority_to_minority,0.3005464480874317,tabpfn_threshold,oracle,1.0,1.0,1.0,1.0,1.0,1.0,1.0,0.0046767545863986015,0.05219819024205208,0.04969904493201862
banknote_authentication,73,0.2,0.3,majority_to_minority,0.3005464480874317,tabpfn_distpfn,observed,1.0,1.0,1.0,1.0,1.0,1.0,1.0,0.00038339898372649465,0.014115339099028894,0.01391995758979252
banknote_authentication,73,0.2,0.3,majority_to_minority,0.3005464480874317,tabpfn_distpfn,oracle,1.0,1.0,1.0,1.0,1.0,1.0,1.0,0.0009506924479834153,0.022417881203333462,0.021927984953991415
banknote_authentication,73,0.2,0.3,majority_to_minority,0.3005464480874317,tabpfn_distpfn_t,observed,1.0,1.0,1.0,1.0,1.0,1.0,1.0,0.0007360838897442261,0.019802152345108855,0.01942431089862537
banknote_authentication,73,0.2,0.3,majority_to_minority,0.3005464480874317,tabpfn_distpfn_t,oracle,1.0,1.0,1.0,1.0,1.0,1.0,1.0,0.0009080622858760253,0.021843716433167553,0.02137602700544039
banknote_authentication,73,0.2,0.3,majority_to_minority,0.3005464480874317,tabpfn_downsample,n/a,1.0,1.0,1.0,1.0,1.0,1.0,1.0,0.02577899396419525,0.13412749767303467,0.11897659280083397
banknote_authentication,73,0.2,0.3,minority_to_majority,0.296875,xgb_none,n/a,0.8237704918032787,0.6475409836065574,0.9991189571785148,0.8314302413434261,1.0,0.6475409836065574,0.999303546555234,0.11341211199760437,0.3628081679344177,0.1684890125488693
banknote_authentication,73,0.2,0.3,minority_to_majority,0.296875,xgb_weighted,n/a,0.860655737704918,0.7213114754098361,0.9977159683041443,0.8690476190476191,1.0,0.7213114754098361,0.9981785063752276,0.09173975884914398,0.30445966124534607,0.13290008901533756
banknote_authentication,73,0.2,0.3,minority_to_majority,0.296875,xgb_ros,n/a,0.8483606557377049,0.6967213114754098,0.9980478424048544,0.8566921592653625,1.0,0.6967213114754098,0.998446373084753,0.0992126539349556,0.32563316822052,0.14456643329763957
banknote_authentication,73,0.2,0.3,minority_to_majority,0.296875,xgb_smote,n/a,0.9385245901639344,0.8770491803278688,0.9987217888070085,0.9438844223156349,1.0,0.8770491803278688,0.9989821065038037,0.0559232272207737,0.1952754557132721,0.09268033201721582
banknote_authentication,73,0.2,0.3,minority_to_majority,0.296875,tabpfn_none,n/a,1.0,1.0,1.0,1.0,1.0,1.0,1.0,0.038565743714571,0.15471185743808746,0.13047336124959244
banknote_authentication,73,0.2,0.3,minority_to_majority,0.296875,tabpfn_threshold,observed,1.0,1.0,1.0,1.0,1.0,1.0,1.0,0.038565743714571,0.15471185743808746,0.13047336124959244
banknote_authentication,73,0.2,0.3,minority_to_majority,0.296875,tabpfn_threshold,oracle,1.0,1.0,1.0,1.0,1.0,1.0,1.0,0.038565743714571,0.15471185743808746,0.13047336124959244
banknote_authentication,73,0.2,0.3,minority_to_majority,0.296875,tabpfn_distpfn,observed,1.0,1.0,1.0,1.0,1.0,1.0,1.0,0.00036391084387540565,0.01260833385618854,0.012422544133613139
banknote_authentication,73,0.2,0.3,minority_to_majority,0.296875,tabpfn_distpfn,oracle,1.0,1.0,1.0,1.0,1.0,1.0,1.0,0.000822247845885354,0.019111984974862724,0.018687709694183163
banknote_authentication,73,0.2,0.3,minority_to_majority,0.296875,tabpfn_distpfn_t,observed,1.0,1.0,1.0,1.0,1.0,1.0,1.0,0.0010730663132542287,0.02220662168750476,0.021651336373220746
banknote_authentication,73,0.2,0.3,minority_to_majority,0.296875,tabpfn_distpfn_t,oracle,1.0,1.0,1.0,1.0,1.0,1.0,1.0,0.002153053447319635,0.031791916015880765,0.03066112757179296
banknote_authentication,73,0.2,0.3,minority_to_majority,0.296875,tabpfn_downsample,n/a,1.0,1.0,1.0,1.0,1.0,1.0,0.9999999999999999,0.001473583048209548,0.025314535945653915,0.024540741992267696
banknote_authentication,73,0.1,0.0,clean,0.0,xgb_none,n/a,0.9426229508196722,0.8852459016393442,0.9999333599893376,0.9476902173913044,1.0,0.8852459016393442,0.999946426658095,0.029764438048005104,0.09434796124696732,0.0558542871272022
banknote_authentication,73,0.1,0.0,clean,0.0,xgb_weighted,n/a,0.9795081967213115,0.9590163934426229,0.9999333599893376,0.9815011637449718,1.0,0.9590163934426229,0.999946426658095,0.014565634541213512,0.04963493347167969,0.02570095041089437
banknote_authentication,73,0.1,0.0,clean,0.0,xgb_ros,n/a,0.9754098360655737,0.9508196721311475,0.9999333599893376,0.9777795733678086,1.0,0.9508196721311475,0.999946426658095,0.017255522310733795,0.056899961084127426,0.028380724303424358
banknote_authentication,73,0.1,0.0,clean,0.0,xgb_smote,n/a,0.9836065573770492,0.9672131147540983,1.0,0.9852150537634408,1.0,0.9672131147540983,1.0,0.012467404827475548,0.042730510234832764,0.022995916323905644
banknote_authentication,73,0.1,0.0,clean,0.0,tabpfn_none,n/a,1.0,1.0,1.0,1.0,1.0,1.0,1.0,6.45528075438051e-08,6.115676660556346e-05,6.114536977044985e-05
banknote_authentication,73,0.1,0.0,clean,0.0,tabpfn_threshold,observed,1.0,1.0,1.0,1.0,1.0,1.0,1.0,6.45528075438051e-08,6.115676660556346e-05,6.114536977044985e-05
banknote_authentication,73,0.1,0.0,clean,0.0,tabpfn_threshold,oracle,1.0,1.0,1.0,1.0,1.0,1.0,1.0,6.45528075438051e-08,6.115676660556346e-05,6.114536977044985e-05
banknote_authentication,73,0.1,0.0,clean,0.0,tabpfn_distpfn,observed,1.0,1.0,1.0,1.0,1.0,1.0,1.0,1.6742899618820668e-11,2.5234578551597077e-07,2.523374137931925e-07
banknote_authentication,73,0.1,0.0,clean,0.0,tabpfn_distpfn,oracle,1.0,1.0,1.0,1.0,1.0,1.0,1.0,1.6742899618820668e-11,2.5234578551597077e-07,2.523374137931925e-07
banknote_authentication,73,0.1,0.0,clean,0.0,tabpfn_distpfn_t,observed,1.0,1.0,1.0,1.0,1.0,1.0,1.0,1.9267432491525605e-10,3.1241472222513425e-06,3.1240508793524382e-06
banknote_authentication,73,0.1,0.0,clean,0.0,tabpfn_distpfn_t,oracle,1.0,1.0,1.0,1.0,1.0,1.0,1.0,1.9267432491525605e-10,3.1241472222513425e-06,3.1240508793524382e-06
banknote_authentication,73,0.1,0.0,clean,0.0,tabpfn_downsample,n/a,1.0,1.0,1.0,1.0,1.0,1.0,1.0,3.385300806257874e-05,0.0011042619589716196,0.0010867451203309677
banknote_authentication,73,0.1,0.05,majority_to_minority,0.04477611940298507,xgb_none,n/a,0.9426229508196722,0.8852459016393442,1.0,0.9476902173913044,1.0,0.8852459016393442,1.0,0.03297598659992218,0.10115683078765869,0.05567666473713788
banknote_authentication,73,0.1,0.05,majority_to_minority,0.04477611940298507,xgb_weighted,n/a,0.9754098360655737,0.9508196721311475,0.999661246228688,0.9777795733678086,1.0,0.9508196721311475,0.9997321332904746,0.014317510649561882,0.04648984223604202,0.027089589861306277
banknote_authentication,73,0.1,0.05,majority_to_minority,0.04477611940298507,xgb_ros,n/a,0.9713114754098361,0.9426229508196722,1.0,0.9740499588843505,1.0,0.9426229508196722,1.0,0.017053334042429924,0.05343398079276085,0.026784257445145735
banknote_authentication,73,0.1,0.05,majority_to_minority,0.04477611940298507,xgb_smote,n/a,0.9795081967213115,0.9590163934426229,0.9996772944365562,0.9815011637449718,1.0,0.9590163934426229,0.9997321332904746,0.010832092724740505,0.039584580808877945,0.019057365452701393
banknote_authentication,73,0.1,0.05,majority_to_minority,0.04477611940298507,tabpfn_none,n/a,1.0,1.0,1.0,1.0,1.0,1.0,1.0,1.756218625814654e-05,0.002115393988788128,0.00210653939623047
banknote_authentication,73,0.1,0.05,majority_to_minority,0.04477611940298507,tabpfn_threshold,observed,1.0,1.0,1.0,1.0,1.0,1.0,1.0,1.756218625814654e-05,0.002115393988788128,0.00210653939623047
banknote_authentication,73,0.1,0.05,majority_to_minority,0.04477611940298507,tabpfn_threshold,oracle,1.0,1.0,1.0,1.0,1.0,1.0,1.0,1.756218625814654e-05,0.002115393988788128,0.00210653939623047
banknote_authentication,73,0.1,0.05,majority_to_minority,0.04477611940298507,tabpfn_distpfn,observed,1.0,1.0,1.0,1.0,1.0,1.0,1.0,1.045474395073846e-07,8.286651343686746e-05,8.281415776674418e-05
banknote_authentication,73,0.1,0.05,majority_to_minority,0.04477611940298507,tabpfn_distpfn,oracle,1.0,1.0,1.0,1.0,1.0,1.0,1.0,1.1573175813720992e-07,8.709854629689186e-05,8.704058494494304e-05
banknote_authentication,73,0.1,0.05,majority_to_minority,0.04477611940298507,tabpfn_distpfn_t,observed,1.0,1.0,1.0,1.0,1.0,1.0,1.0,5.016418732873659e-08,4.847588531081505e-05,4.8450770289539306e-05
banknote_authentication,73,0.1,0.05,majority_to_minority,0.04477611940298507,tabpfn_distpfn_t,oracle,1.0,1.0,1.0,1.0,1.0,1.0,1.0,4.5965154658361696e-08,4.5552655712363876e-05,4.5529644157440554e-05
banknote_authentication,73,0.1,0.05,majority_to_minority,0.04477611940298507,tabpfn_downsample,n/a,0.9901960784313726,0.9803921568627451,1.0,0.9889766304565679,0.976,1.0,1.0,0.010101525112986565,0.049141716212034225,0.0321746682172472
banknote_authentication,73,0.1,0.05,minority_to_majority,0.046875,xgb_none,n/a,0.9508196721311475,0.9016393442622951,0.9999333599893377,0.9552700065061809,1.0,0.9016393442622951,0.9999464266580949,0.0329514816403389,0.10910508781671524,0.060582210963422596
banknote_authentication,73,0.1,0.05,minority_to_majority,0.046875,xgb_weighted,n/a,0.9795081967213115,0.9590163934426229,1.0,0.9815011637449718,1.0,0.9590163934426229,1.0,0.016287729144096375,0.05408192425966263,0.03099610310047865
banknote_authentication,73,0.1,0.05,minority_to_majority,0.046875,xgb_ros,n/a,0.9754098360655737,0.9508196721311475,1.0,0.9777795733678086,1.0,0.9508196721311475,1.0,0.018314111977815628,0.05877532809972763,0.03446409122849053
banknote_authentication,73,0.1,0.05,minority_to_majority,0.046875,xgb_smote,n/a,0.9877049180327868,0.9754098360655737,1.0,0.9889215646779197,1.0,0.9754098360655737,1.0,0.00803200714290142,0.030800674110651016,0.018038325091315942
banknote_authentication,73,0.1,0.05,minority_to_majority,0.046875,tabpfn_none,n/a,0.9877049180327868,0.9754098360655737,1.0,0.9889215646779197,1.0,0.9754098360655737,1.0,0.007282131351530552,0.028144080191850662,0.022524640355761884
banknote_authentication,73,0.1,0.05,minority_to_majority,0.046875,tabpfn_threshold,observed,1.0,1.0,1.0,1.0,1.0,1.0,1.0,0.007282131351530552,0.028144080191850662,0.022524640355761884
banknote_authentication,73,0.1,0.05,minority_to_majority,0.046875,tabpfn_threshold,oracle,1.0,1.0,1.0,1.0,1.0,1.0,1.0,0.007282131351530552,0.028144080191850662,0.022524640355761884
banknote_authentication,73,0.1,0.05,minority_to_majority,0.046875,tabpfn_distpfn,observed,1.0,1.0,1.0,1.0,1.0,1.0,1.0,0.0004710747070579621,0.0031530510327273946,0.0028721963637424156
banknote_authentication,73,0.1,0.05,minority_to_majority,0.046875,tabpfn_distpfn,oracle,1.0,1.0,1.0,1.0,1.0,1.0,1.0,0.0005110500238860296,0.0033091033502193217,0.0030021391487272935
banknote_authentication,73,0.1,0.05,minority_to_majority,0.046875,tabpfn_distpfn_t,observed,1.0,1.0,1.0,1.0,1.0,1.0,1.0,0.0003657503692702949,0.0036326671990253505,0.0034251207738948434
banknote_authentication,73,0.1,0.05,minority_to_majority,0.046875,tabpfn_distpfn_t,oracle,1.0,1.0,1.0,1.0,1.0,1.0,1.0,0.00040112731350791286,0.0038170344138138113,0.003587934960757034
banknote_authentication,73,0.1,0.05,minority_to_majority,0.046875,tabpfn_downsample,n/a,1.0,1.0,1.0,1.0,1.0,1.0,1.0,5.154056634637527e-05,0.0007366457721218467,0.0007087806459854949
banknote_authentication,73,0.1,0.1,majority_to_minority,0.09859154929577464,xgb_none,n/a,0.9795081967213115,0.9590163934426229,1.0,0.9815011637449718,1.0,0.9590163934426229,1.0,0.01477479375898838,0.05752284824848175,0.04621682022444226
banknote_authentication,73,0.1,0.1,majority_to_minority,0.09859154929577464,xgb_weighted,n/a,0.9959016393442623,0.9918032786885246,1.0,0.9963137223361618,1.0,0.9918032786885246,1.0,0.006011467892676592,0.029552681371569633,0.023503492979163473
banknote_authentication,73,0.1,0.1,majority_to_minority,0.09859154929577464,xgb_ros,n/a,0.9885353048323154,0.9836065573770492,0.9998661737490796,0.9889411670084851,0.9917355371900827,0.9836065573770492,0.9998928533161898,0.00731300376355648,0.03300508111715317,0.02774542290040038
banknote_authentication,73,0.1,0.1,majority_to_minority,0.09859154929577464,xgb_smote,n/a,0.9844369441765777,0.9754098360655737,0.9995956810569071,0.9852420306965761,0.9916666666666667,0.9754098360655737,0.9996785599485696,0.008487796410918236,0.03196839615702629,0.01879302124408158
banknote_authentication,73,0.1,0.1,majority_to_minority,0.09859154929577464,tabpfn_none,n/a,1.0,1.0,1.0,1.0,1.0,1.0,1.0,0.00018944914336316288,0.004618961829692125,0.004518704068931666
banknote_authentication,73,0.1,0.1,majority_to_minority,0.09859154929577464,tabpfn_threshold,observed,0.9967320261437909,0.9934640522875817,1.0,0.9963198394111743,0.991869918699187,1.0,1.0,0.00018944914336316288,0.004618961829692125,0.004518704068931666
banknote_authentication,73,0.1,0.1,majority_to_minority,0.09859154929577464,tabpfn_threshold,oracle,0.9934640522875817,0.9869281045751634,1.0,0.992645485665383,0.9838709677419355,1.0,1.0,0.00018944914336316288,0.004618961829692125,0.004518704068931666
banknote_authentication,73,0.1,0.1,majority_to_minority,0.09859154929577464,tabpfn_distpfn,observed,1.0,1.0,1.0,1.0,1.0,1.0,1.0,0.0001210497728615717,0.0015804600411069662,0.0015150462251515273
banknote_authentication,73,0.1,0.1,majority_to_minority,0.09859154929577464,tabpfn_distpfn,oracle,1.0,1.0,1.0,1.0,1.0,1.0,1.0,0.0001486038342537047,0.0017653164525964216,0.0016843136206218644
banknote_authentication,73,0.1,0.1,majority_to_minority,0.09859154929577464,tabpfn_distpfn_t,observed,1.0,1.0,1.0,1.0,1.0,1.0,1.0,9.031559968265689e-05,0.0011099402356744173,0.001061266850208482
banknote_authentication,73,0.1,0.1,majority_to_minority,0.09859154929577464,tabpfn_distpfn_t,oracle,1.0,1.0,1.0,1.0,1.0,1.0,1.0,0.0001117579068759525,0.001209958701834287,0.0011491593635685996
banknote_authentication,73,0.1,0.1,majority_to_minority,0.09859154929577464,tabpfn_downsample,n/a,0.9901960784313726,0.9803921568627451,1.0,0.9889766304565679,0.976,1.0,1.0,0.01407494768500328,0.06006419658660889,0.05009726402434436
banknote_authentication,73,0.1,0.1,minority_to_majority,0.09375,xgb_none,n/a,0.889344262295082,0.7786885245901639,0.9970213886401573,0.8972474778926391,1.0,0.7786885245901639,0.9975356262723668,0.0817086473107338,0.28590017557144165,0.11259000965140081
banknote_authentication,73,0.1,0.1,minority_to_majority,0.09375,xgb_weighted,n/a,0.9262295081967213,0.8524590163934426,0.9961393379119174,0.9323992133726646,1.0,0.8524590163934426,0.9965713061180757,0.05417558178305626,0.2072565108537674,0.07108674399554732
banknote_authentication,73,0.1,0.1,minority_to_majority,0.09375,xgb_ros,n/a,0.9385245901639344,0.8770491803278688,0.9970379690063194,0.9438844223156349,1.0,0.8770491803278688,0.9972677595628415,0.04812442511320114,0.18709306418895721,0.06657821293158286
banknote_authentication,73,0.1,0.1,minority_to_majority,0.09375,xgb_smote,n/a,0.9426229508196722,0.8852459016393442,0.9993078867494105,0.9476902173913044,1.0,0.8852459016393442,0.9994642665809493,0.041360631585121155,0.13376006484031677,0.05749989947812124
banknote_authentication,73,0.1,0.1,minority_to_majority,0.09375,tabpfn_none,n/a,1.0,1.0,1.0,1.0,1.0,1.0,1.0000000000000002,0.009039349853992462,0.050178445875644684,0.04431403573911997
banknote_authentication,73,0.1,0.1,minority_to_majority,0.09375,tabpfn_threshold,observed,1.0,1.0,1.0,1.0,1.0,1.0,1.0000000000000002,0.009039349853992462,0.050178445875644684,0.04431403573911997
banknote_authentication,73,0.1,0.1,minority_to_majority,0.09375,tabpfn_threshold,oracle,1.0,1.0,1.0,1.0,1.0,1.0,1.0000000000000002,0.009039349853992462,0.050178445875644684,0.04431403573911997
banknote_authentication,73,0.1,0.1,minority_to_majority,0.09375,tabpfn_distpfn,observed,1.0,1.0,1.0,1.0,1.0,1.0,1.0000000000000002,9.294790585376459e-05,0.0021051398326506652,0.0020564735138484938
banknote_authentication,73,0.1,0.1,minority_to_majority,0.09375,tabpfn_distpfn,oracle,1.0,1.0,1.0,1.0,1.0,1.0,1.0000000000000002,0.00011378709953607556,0.002340767774529079,0.0022808934109551154
banknote_authentication,73,0.1,0.1,minority_to_majority,0.09375,tabpfn_distpfn_t,observed,1.0,1.0,1.0,1.0,1.0,1.0,1.0000000000000002,0.00014514108161231093,0.004415681029834765,0.00434007573309141
banknote_authentication,73,0.1,0.1,minority_to_majority,0.09375,tabpfn_distpfn_t,oracle,1.0,1.0,1.0,1.0,1.0,1.0,1.0000000000000002,0.00017627256825590096,0.004865047323171124,0.0047728156516980485
banknote_authentication,73,0.1,0.1,minority_to_majority,0.09375,tabpfn_downsample,n/a,1.0,1.0,1.0,1.0,1.0,1.0,1.0,0.0011688865488395095,0.008151086047291756,0.007384559515948323
banknote_authentication,73,0.1,0.2,majority_to_minority,0.2,xgb_none,n/a,0.98033858352084,0.9672131147540983,0.9986355303033522,0.9815359411298661,0.9915966386554622,0.9672131147540983,0.9989285331618987,0.017311928793787956,0.06598334014415741,0.03966033295135606
banknote_authentication,73,0.1,0.2,majority_to_minority,0.2,xgb_weighted,n/a,0.9860977177756348,0.9803921568627451,0.9978143597397005,0.9852909713307659,0.9758064516129032,0.9918032786885246,0.9982856530590378,0.013085436075925827,0.04926116019487381,0.032384273707866666
banknote_authentication,73,0.1,0.2,majority_to_minority,0.2,xgb_ros,n/a,0.9787313832636879,0.9738562091503268,0.9976849601277291,0.9779364569961488,0.967741935483871,0.9836065573770492,0.9981785063752278,0.015238216146826744,0.05357225239276886,0.02636717985468832
banknote_authentication,73,0.1,0.2,majority_to_minority,0.2,xgb_smote,n/a,0.9869281045751634,0.9738562091503268,0.9990623814450231,0.9853129673146763,0.9682539682539683,1.0,0.9992499732133291,0.014264671131968498,0.05671466514468193,0.03130155673081226
banknote_authentication,73,0.1,0.2,majority_to_minority,0.2,tabpfn_none,n/a,1.0,1.0,1.0,1.0,1.0,1.0,1.0,0.0012635844759643078,0.01491740345954895,0.01410014933483167
banknote_authentication,73,0.1,0.2,majority_to_minority,0.2,tabpfn_threshold,observed,0.9934640522875817,0.9869281045751634,1.0,0.992645485665383,0.9838709677419355,1.0,1.0,0.0012635844759643078,0.01491740345954895,0.01410014933483167
banknote_authentication,73,0.1,0.2,majority_to_minority,0.2,tabpfn_threshold,oracle,0.9934640522875817,0.9869281045751634,1.0,0.992645485665383,0.9838709677419355,1.0,1.0,0.0012635844759643078,0.01491740345954895,0.01410014933483167
banknote_authentication,73,0.1,0.2,majority_to_minority,0.2,tabpfn_distpfn,observed,0.9934640522875817,0.9869281045751634,1.0,0.992645485665383,0.9838709677419355,1.0,1.0,0.0037804595565346347,0.010664244854596822,0.006628978090782433
banknote_authentication,73,0.1,0.2,majority_to_minority,0.2,tabpfn_distpfn,oracle,0.9934640522875817,0.9869281045751634,1.0,0.992645485665383,0.9838709677419355,1.0,1.0,0.004299249506835182,0.012419040309867702,0.007368086813330015
banknote_authentication,73,0.1,0.2,majority_to_minority,0.2,tabpfn_distpfn_t,observed,0.9934640522875817,0.9869281045751634,1.0,0.992645485665383,0.9838709677419355,1.0,1.0,0.004227309170145541,0.010814317998504883,0.00590761473327408
banknote_authentication,73,0.1,0.2,majority_to_minority,0.2,tabpfn_distpfn_t,oracle,0.9934640522875817,0.9869281045751634,1.0,0.992645485665383,0.9838709677419355,1.0,1.0,0.004748320888677034,0.012224330861691637,0.006098752279586224
banknote_authentication,73,0.1,0.2,majority_to_minority,0.2,tabpfn_downsample,n/a,0.9934640522875817,0.9869281045751634,1.0,0.992645485665383,0.9838709677419355,1.0,1.0,0.015679672360420227,0.09654514491558075,0.08457510059530084
banknote_authentication,73,0.1,0.2,minority_to_majority,0.203125,xgb_none,n/a,0.8278688524590163,0.6557377049180327,0.9999333599893377,0.8356947763741891,1.0,0.6557377049180327,0.999946426658095,0.11146123707294464,0.3363264799118042,0.1579436711763794
banknote_authentication,73,0.1,0.2,minority_to_majority,0.203125,xgb_weighted,n/a,0.860655737704918,0.7213114754098361,0.9997306907521957,0.8690476190476191,1.0,0.7213114754098361,0.9997857066323798,0.08897464722394943,0.26875996589660645,0.11742593147368593
banknote_authentication,73,0.1,0.2,minority_to_majority,0.203125,xgb_ros,n/a,0.8524590163934427,0.7049180327868853,0.999664561067928,0.86082995951417,1.0,0.7049180327868853,0.9997321332904747,0.1023671105504036,0.31859779357910156,0.12531488459218634
banknote_authentication,73,0.1,0.2,minority_to_majority,0.203125,xgb_smote,n/a,0.9016393442622951,0.8032786885245902,0.9998661737490796,0.9090909090909091,1.0,0.8032786885245902,0.9998928533161898,0.06251674145460129,0.20048542320728302,0.08575135241685945
banknote_authentication,73,0.1,0.2,minority_to_majority,0.203125,tabpfn_none,n/a,1.0,1.0,1.0,1.0,1.0,1.0,1.0000000000000002,0.02436388097703457,0.1113886758685112,0.09584145509775474
banknote_authentication,73,0.1,0.2,minority_to_majority,0.203125,tabpfn_threshold,observed,1.0,1.0,1.0,1.0,1.0,1.0,1.0000000000000002,0.02436388097703457,0.1113886758685112,0.09584145509775474
banknote_authentication,73,0.1,0.2,minority_to_majority,0.203125,tabpfn_threshold,oracle,1.0,1.0,1.0,1.0,1.0,1.0,1.0000000000000002,0.02436388097703457,0.1113886758685112,0.09584145509775474
banknote_authentication,73,0.1,0.2,minority_to_majority,0.203125,tabpfn_distpfn,observed,1.0,1.0,1.0,1.0,1.0,1.0,1.0000000000000002,0.00014316550603286424,0.004626819409416054,0.004552637749878189
banknote_authentication,73,0.1,0.2,minority_to_majority,0.203125,tabpfn_distpfn,oracle,1.0,1.0,1.0,1.0,1.0,1.0,1.0000000000000002,0.00022897150661510746,0.005909182579330715,0.005789416398721298
banknote_authentication,73,0.1,0.2,minority_to_majority,0.203125,tabpfn_distpfn_t,observed,1.0,1.0,1.0,1.0,1.0,1.0,1.0000000000000002,0.0002695552524731045,0.008945435039844582,0.008806438598582536
banknote_authentication,73,0.1,0.2,minority_to_majority,0.203125,tabpfn_distpfn_t,oracle,1.0,1.0,1.0,1.0,1.0,1.0,1.0000000000000002,0.00042116650101472027,0.01119703434208541,0.010978068693704704
banknote_authentication,73,0.1,0.2,minority_to_majority,0.203125,tabpfn_downsample,n/a,1.0,1.0,1.0,1.0,1.0,1.0,1.0,2.541172034398187e-05,0.0009710567537695169,0.0009579681727865881
banknote_authentication,73,0.1,0.3,majority_to_minority,0.2967032967032967,xgb_none,n/a,0.96067716704168,0.9344262295081968,0.9962699172717513,0.9629659556130145,0.9827586206896551,0.9344262295081968,0.9968927461695061,0.026295922696590424,0.09381721168756485,0.037423021705313156
banknote_authentication,73,0.1,0.3,majority_to_minority,0.2967032967032967,xgb_weighted,n/a,0.9574627665273759,0.9477124183006536,0.993377430026108,0.9559389019440291,0.9365079365079365,0.9672131147540983,0.9946962391513982,0.029274847358465195,0.09580937027931213,0.01549827497113835
banknote_authentication,73,0.1,0.3,majority_to_minority,0.2967032967032967,xgb_ros,n/a,0.968097074895532,0.9607843137254902,0.9948716429359541,0.9669298913697038,0.952,0.9754098360655737,0.9958748526733098,0.02488032355904579,0.0844419077038765,0.023000458512793885
banknote_authentication,73,0.1,0.3,majority_to_minority,0.2967032967032967,xgb_smote,n/a,0.9550251794706954,0.934640522875817,0.9942007800766574,0.952364455222588,0.9224806201550387,0.9754098360655737,0.9949641058609235,0.03881917893886566,0.13023366034030914,0.055785320577296356
banknote_authentication,73,0.1,0.3,majority_to_minority,0.2967032967032967,tabpfn_none,n/a,1.0,1.0,1.0,1.0,1.0,1.0,1.0,0.0008085892186500132,0.022105606272816658,0.021690672256729823
banknote_authentication,73,0.1,0.3,majority_to_minority,0.2967032967032967,tabpfn_threshold,observed,1.0,1.0,1.0,1.0,1.0,1.0,1.0,0.0008085892186500132,0.022105606272816658,0.021690672256729823
banknote_authentication,73,0.1,0.3,majority_to_minority,0.2967032967032967,tabpfn_threshold,oracle,1.0,1.0,1.0,1.0,1.0,1.0,1.0,0.0008085892186500132,0.022105606272816658,0.021690672256729823
banknote_authentication,73,0.1,0.3,majority_to_minority,0.2967032967032967,tabpfn_distpfn,observed,1.0,1.0,1.0,1.0,1.0,1.0,1.0,5.0244971009878456e-05,0.005094102720930621,0.005068786525912126
banknote_authentication,73,0.1,0.3,majority_to_minority,0.2967032967032967,tabpfn_distpfn,oracle,1.0,1.0,1.0,1.0,1.0,1.0,1.0,0.00011055264800210673,0.007576400213737624,0.0075204908355036735
banknote_authentication,73,0.1,0.3,majority_to_minority,0.2967032967032967,tabpfn_distpfn_t,observed,1.0,1.0,1.0,1.0,1.0,1.0,1.0,9.057816854377233e-06,0.002119857951363147,0.00211531072849802
banknote_authentication,73,0.1,0.3,majority_to_minority,0.2967032967032967,tabpfn_distpfn_t,oracle,1.0,1.0,1.0,1.0,1.0,1.0,1.0,6.078754704614967e-06,0.0015682029943177949,0.0015651482632160934
banknote_authentication,73,0.1,0.3,majority_to_minority,0.2967032967032967,tabpfn_downsample,n/a,0.9934640522875817,0.9869281045751634,1.0,0.992645485665383,0.9838709677419355,1.0,1.0,0.03044634684920311,0.1483946144580841,0.1294968397508968
banknote_authentication,73,0.1,0.3,minority_to_majority,0.296875,xgb_none,n/a,0.8114754098360656,0.6229508196721312,0.9969075153198599,0.8184974747474747,1.0,0.6229508196721312,0.9973213329047467,0.11623448133468628,0.36993658542633057,0.17311160802841186
banknote_authentication,73,0.1,0.3,minority_to_majority,0.296875,xgb_weighted,n/a,0.8688524590163935,0.7377049180327869,0.9960366646699963,0.8771910237802836,1.0,0.7377049180327869,0.9964641594342655,0.07939741760492325,0.2755131423473358,0.11701042926277626
banknote_authentication,73,0.1,0.3,minority_to_majority,0.296875,xgb_ros,n/a,0.8934426229508197,0.7868852459016393,0.9960416127958774,0.9012103459710401,1.0,0.7868852459016393,0.9965177327761705,0.0714954286813736,0.25203269720077515,0.10742970916357908
banknote_authentication,73,0.1,0.3,minority_to_majority,0.296875,xgb_smote,n/a,0.9385245901639344,0.8770491803278688,0.9959593556581253,0.9438844223156349,1.0,0.8770491803278688,0.9963570127504555,0.0424087792634964,0.16584603488445282,0.0674674907115034
banknote_authentication,73,0.1,0.3,minority_to_majority,0.296875,tabpfn_none,n/a,1.0,1.0,1.0,1.0,1.0,1.0,1.0,0.041285544633865356,0.16093330085277557,0.13469607632213
banknote_authentication,73,0.1,0.3,minority_to_majority,0.296875,tabpfn_threshold,observed,1.0,1.0,1.0,1.0,1.0,1.0,1.0,0.041285544633865356,0.16093330085277557,0.13469607632213
banknote_authentication,73,0.1,0.3,minority_to_majority,0.296875,tabpfn_threshold,oracle,1.0,1.0,1.0,1.0,1.0,1.0,1.0,0.041285544633865356,0.16093330085277557,0.13469607632213
banknote_authentication,73,0.1,0.3,minority_to_majority,0.296875,tabpfn_distpfn,observed,1.0,1.0,1.0,1.0,1.0,1.0,1.0,0.00010049458048688776,0.006514982596741092,0.006464181945455347
banknote_authentication,73,0.1,0.3,minority_to_majority,0.296875,tabpfn_distpfn,oracle,1.0,1.0,1.0,1.0,1.0,1.0,1.0,0.00021360009536704796,0.009535472812365168,0.009426949318786704
banknote_authentication,73,0.1,0.3,minority_to_majority,0.296875,tabpfn_distpfn_t,observed,1.0,1.0,1.0,1.0,1.0,1.0,1.0,0.00031276840886700254,0.01179750795403182,0.011638202962355343
banknote_authentication,73,0.1,0.3,minority_to_majority,0.296875,tabpfn_distpfn_t,oracle,1.0,1.0,1.0,1.0,1.0,1.0,1.0,0.00062224297080783,0.016731088044570228,0.016411692476253306
banknote_authentication,73,0.1,0.3,minority_to_majority,0.296875,tabpfn_downsample,n/a,1.0,1.0,1.0,1.0,1.0,1.0,1.0,0.002097831107676029,0.025097614154219627,0.02391109993850643
banknote_authentication,73,0.05,0.0,clean,0.0,xgb_none,n/a,0.9426229508196722,0.8852459016393442,0.997258043156742,0.9476902173913044,1.0,0.8852459016393442,0.9977499196399872,0.05311797559261322,0.2027052789926529,0.08425538337196817
banknote_authentication,73,0.05,0.0,clean,0.0,xgb_weighted,n/a,0.9467213114754098,0.8934426229508197,0.9972762153466148,0.9514852963128826,1.0,0.8934426229508197,0.997749919639987,0.03780066594481468,0.1452437788248062,0.04990758234804327
banknote_authentication,73,0.05,0.0,clean,0.0,xgb_ros,n/a,0.9344262295081966,0.8688524590163934,0.9969820569433229,0.94006756020486,1.0,0.8688524590163934,0.9975356262723668,0.04494927078485489,0.16475820541381836,0.05653261890126901
banknote_authentication,73,0.05,0.0,clean,0.0,xgb_smote,n/a,0.959016393442623,0.9180327868852459,0.9981358071697496,0.962809693822352,1.0,0.9180327868852459,0.9984999464266581,0.03131815418601036,0.12061473727226257,0.04043758145956829
banknote_authentication,73,0.05,0.0,clean,0.0,tabpfn_none,n/a,1.0,1.0,1.0,1.0,1.0,1.0,1.0,1.7173526885017054e-06,0.00022409275698009878,0.00022322070520286534
banknote_authentication,73,0.05,0.0,clean,0.0,tabpfn_threshold,observed,1.0,1.0,1.0,1.0,1.0,1.0,1.0,1.7173526885017054e-06,0.00022409275698009878,0.00022322070520286534
banknote_authentication,73,0.05,0.0,clean,0.0,tabpfn_threshold,oracle,1.0,1.0,1.0,1.0,1.0,1.0,1.0,1.7173526885017054e-06,0.00022409275698009878,0.00022322070520286534
banknote_authentication,73,0.05,0.0,clean,0.0,tabpfn_distpfn,observed,1.0,1.0,1.0,1.0,1.0,1.0,1.0,1.000371930650531e-10,7.175876929522374e-07,7.175376688810235e-07
banknote_authentication,73,0.05,0.0,clean,0.0,tabpfn_distpfn,oracle,1.0,1.0,1.0,1.0,1.0,1.0,1.0,1.000371930650531e-10,7.175876929522374e-07,7.175376688810235e-07
banknote_authentication,73,0.05,0.0,clean,0.0,tabpfn_distpfn_t,observed,1.0,1.0,1.0,1.0,1.0,1.0,1.0,2.465953670469557e-09,7.704939907236122e-06,7.703706537008262e-06
banknote_authentication,73,0.05,0.0,clean,0.0,tabpfn_distpfn_t,oracle,1.0,1.0,1.0,1.0,1.0,1.0,1.0,2.465953670469557e-09,7.704939907236122e-06,7.703706537008262e-06
banknote_authentication,73,0.05,0.0,clean,0.0,tabpfn_downsample,n/a,0.977124183006536,0.954248366013072,1.0,0.9743500912737012,0.9457364341085271,1.0,1.0,0.016609301790595055,0.06307857483625412,0.02166533946101978
banknote_authentication,73,0.05,0.05,majority_to_minority,0.058823529411764705,xgb_none,n/a,0.9549180327868853,0.9098360655737705,0.997052485481988,0.9590446920567011,1.0,0.9098360655737705,0.9974284795885567,0.04213898628950119,0.16183994710445404,0.07763253992592747
banknote_authentication,73,0.05,0.05,majority_to_minority,0.058823529411764705,xgb_weighted,n/a,0.9713114754098361,0.9426229508196722,0.9982120838422722,0.9740499588843505,1.0,0.9426229508196722,0.9984999464266581,0.02475249208509922,0.08925234526395798,0.03667995800687508
banknote_authentication,73,0.05,0.05,majority_to_minority,0.058823529411764705,xgb_ros,n/a,0.9713114754098361,0.9426229508196722,0.9945684247587024,0.9740499588843505,1.0,0.9426229508196722,0.9941069323904425,0.024722229689359665,0.10975336283445358,0.03655670002102852
banknote_authentication,73,0.05,0.05,majority_to_minority,0.058823529411764705,xgb_smote,n/a,0.9811689703203685,0.9754098360655737,0.9973841929226541,0.9815686116808086,0.9834710743801653,0.9754098360655737,0.997642772956177,0.015045568346977234,0.06394562125205994,0.018687853569334202
banknote_authentication,73,0.05,0.05,majority_to_minority,0.058823529411764705,tabpfn_none,n/a,1.0,1.0,1.0,1.0,1.0,1.0,1.0,3.350418774061836e-05,0.0014244539197534323,0.0014068973280320113
banknote_authentication,73,0.05,0.05,majority_to_minority,0.058823529411764705,tabpfn_threshold,observed,0.9967320261437909,0.9934640522875817,1.0,0.9963198394111743,0.991869918699187,1.0,1.0,3.350418774061836e-05,0.0014244539197534323,0.0014068973280320113
banknote_authentication,73,0.05,0.05,majority_to_minority,0.058823529411764705,tabpfn_threshold,oracle,0.9967320261437909,0.9934640522875817,1.0,0.9963198394111743,0.991869918699187,1.0,1.0,3.350418774061836e-05,0.0014244539197534323,0.0014068973280320113
banknote_authentication,73,0.05,0.05,majority_to_minority,0.058823529411764705,tabpfn_distpfn,observed,1.0,1.0,1.0,1.0,1.0,1.0,1.0,6.283490165237385e-05,0.0005774316918786076,0.0005429746212757497
banknote_authentication,73,0.05,0.05,majority_to_minority,0.058823529411764705,tabpfn_distpfn,oracle,1.0,1.0,1.0,1.0,1.0,1.0,1.0,7.018645118705645e-05,0.0006131022736669772,0.000574398229012394
banknote_authentication,73,0.05,0.05,majority_to_minority,0.058823529411764705,tabpfn_distpfn_t,observed,1.0,1.0,1.0,1.0,1.0,1.0,1.0,3.012136578416099e-05,0.00036671946887578943,0.00035067801767751374
banknote_authentication,73,0.05,0.05,majority_to_minority,0.058823529411764705,tabpfn_distpfn_t,oracle,1.0,1.0,1.0,1.0,1.0,1.0,1.0,3.503544236721376e-05,0.0003943073903901539,0.00037555206554214894
banknote_authentication,73,0.05,0.05,majority_to_minority,0.058823529411764705,tabpfn_downsample,n/a,0.9836601307189543,0.9673202614379085,1.0,0.9816541915168981,0.9606299212598425,1.0,1.0,0.014546714723110199,0.06034987047314644,0.04493331603028558
banknote_authentication,73,0.05,0.05,minority_to_majority,0.0625,xgb_none,n/a,0.8852459016393442,0.7704918032786885,0.9962331917174185,0.8932690175205145,1.0,0.7704918032786885,0.9967855994856959,0.08520635217428207,0.3120122253894806,0.12021834933114323
banknote_authentication,73,0.05,0.05,minority_to_majority,0.0625,xgb_weighted,n/a,0.9098360655737705,0.819672131147541,0.9949526839785543,0.9169138650845968,1.0,0.819672131147541,0.9956069859637844,0.06251142919063568,0.24640031158924103,0.08252290627834472
banknote_authentication,73,0.05,0.05,minority_to_majority,0.0625,xgb_ros,n/a,0.9057377049180328,0.8114754098360656,0.993326845784447,0.9130093936101445,1.0,0.8114754098360656,0.9943747990999678,0.07423149794340134,0.294972687959671,0.09379240994426338
banknote_authentication,73,0.05,0.05,minority_to_majority,0.0625,xgb_smote,n/a,0.9344262295081966,0.8688524590163934,0.9974877666965473,0.94006756020486,1.0,0.8688524590163934,0.9979642130076074,0.05505887046456337,0.21689625084400177,0.06732915214855563
banknote_authentication,73,0.05,0.05,minority_to_majority,0.0625,tabpfn_none,n/a,1.0,1.0,1.0,1.0,1.0,1.0,0.9999999999999999,0.0048234169371426105,0.024696221575140953,0.02155860399086536
banknote_authentication,73,0.05,0.05,minority_to_majority,0.0625,tabpfn_threshold,observed,1.0,1.0,1.0,1.0,1.0,1.0,0.9999999999999999,0.0048234169371426105,0.024696221575140953,0.02155860399086536
banknote_authentication,73,0.05,0.05,minority_to_majority,0.0625,tabpfn_threshold,oracle,1.0,1.0,1.0,1.0,1.0,1.0,0.9999999999999999,0.0048234169371426105,0.024696221575140953,0.02155860399086536
banknote_authentication,73,0.05,0.05,minority_to_majority,0.0625,tabpfn_distpfn,observed,1.0,1.0,1.0,1.0,1.0,1.0,0.9999999999999999,1.2056126116852433e-05,0.0005635288730019836,0.0005573576649605142
banknote_authentication,73,0.05,0.05,minority_to_majority,0.0625,tabpfn_distpfn,oracle,1.0,1.0,1.0,1.0,1.0,1.0,0.9999999999999999,1.3739180337973633e-05,0.0006019230543804705,0.0005948791472237375
banknote_authentication,73,0.05,0.05,minority_to_majority,0.0625,tabpfn_distpfn_t,observed,1.0,1.0,1.0,1.0,1.0,1.0,0.9999999999999999,2.076605894451549e-05,0.001158874151784524,0.0011482816902545984
banknote_authentication,73,0.05,0.05,minority_to_majority,0.0625,tabpfn_distpfn_t,oracle,1.0,1.0,1.0,1.0,1.0,1.0,0.9999999999999999,2.357935671507677e-05,0.001234547082315471,0.0012225031871681143
banknote_authentication,73,0.05,0.05,minority_to_majority,0.0625,tabpfn_downsample,n/a,0.9959016393442623,0.9918032786885246,1.0,0.9963137223361618,1.0,0.9918032786885246,1.0,0.0015148208476603031,0.008719501085579395,0.007648291427811439
banknote_authentication,73,0.05,0.1,majority_to_minority,0.1111111111111111,xgb_none,n/a,0.9262295081967213,0.8524590163934426,0.9986553586909971,0.9323992133726646,1.0,0.8524590163934426,0.9989285331618987,0.05769787356257439,0.19543282687664032,0.0983675172112205
banknote_authentication,73,0.05,0.1,majority_to_minority,0.1111111111111111,xgb_weighted,n/a,0.9721418622093646,0.9508196721311475,0.9982907618575148,0.9741016292429603,0.9914529914529915,0.9508196721311475,0.9986606664523733,0.025670019909739494,0.09479988366365433,0.040435044274411414
banknote_authentication,73,0.05,0.1,majority_to_minority,0.1111111111111111,xgb_ros,n/a,0.9631147540983607,0.9262295081967213,0.9981108662843439,0.9665653495440729,1.0,0.9262295081967213,0.998446373084753,0.030160030350089073,0.11609151214361191,0.04595210270448165
banknote_authentication,73,0.05,0.1,majority_to_minority,0.1111111111111111,xgb_smote,n/a,0.9738026358084217,0.9672131147540983,0.996914442963788,0.974196056353132,0.9752066115702479,0.9672131147540983,0.9975356262723668,0.019177565351128578,0.0656963586807251,0.024558952056210132
banknote_authentication,73,0.05,0.1,majority_to_minority,0.1111111111111111,tabpfn_none,n/a,1.0,1.0,1.0,1.0,1.0,1.0,1.0,3.2535575883230194e-05,0.0033315164037048817,0.0033149826543574985
banknote_authentication,73,0.05,0.1,majority_to_minority,0.1111111111111111,tabpfn_threshold,observed,1.0,1.0,1.0,1.0,1.0,1.0,1.0,3.2535575883230194e-05,0.0033315164037048817,0.0033149826543574985
banknote_authentication,73,0.05,0.1,majority_to_minority,0.1111111111111111,tabpfn_threshold,oracle,1.0,1.0,1.0,1.0,1.0,1.0,1.0,3.2535575883230194e-05,0.0033315164037048817,0.0033149826543574985
banknote_authentication,73,0.05,0.1,majority_to_minority,0.1111111111111111,tabpfn_distpfn,observed,1.0,1.0,1.0,1.0,1.0,1.0,1.0,3.5992537034952895e-07,0.00025927398920836824,0.0002590934969380993
banknote_authentication,73,0.05,0.1,majority_to_minority,0.1111111111111111,tabpfn_distpfn,oracle,1.0,1.0,1.0,1.0,1.0,1.0,1.0,4.609995483496771e-07,0.0002933096034535446,0.0002930783361171223
banknote_authentication,73,0.05,0.1,majority_to_minority,0.1111111111111111,tabpfn_distpfn_t,observed,1.0,1.0,1.0,1.0,1.0,1.0,1.0,3.34676809964816e-08,3.2685470038084724e-05,3.266872079109319e-05
banknote_authentication,73,0.05,0.1,majority_to_minority,0.1111111111111111,tabpfn_distpfn_t,oracle,1.0,1.0,1.0,1.0,1.0,1.0,1.0,2.6798601099133966e-08,2.9190037617945007e-05,2.917662727916635e-05
banknote_authentication,73,0.05,0.1,majority_to_minority,0.1111111111111111,tabpfn_downsample,n/a,0.9967320261437909,0.9934640522875817,1.0,0.9963198394111743,0.991869918699187,1.0,1.0,0.012272997759282589,0.08607769757509232,0.07864621671763332
banknote_authentication,73,0.05,0.1,minority_to_majority,0.09375,xgb_none,n/a,0.8688524590163935,0.7377049180327869,0.9988747275831623,0.8771910237802836,1.0,0.7377049180327869,0.9990356798457087,0.08534377813339233,0.276742547750473,0.1192181320860982
banknote_authentication,73,0.05,0.1,minority_to_majority,0.09375,xgb_weighted,n/a,0.889344262295082,0.7786885245901639,0.9995552166730207,0.8972474778926391,1.0,0.7786885245901639,0.9996249866066645,0.06457052379846573,0.1903899908065796,0.09094502867792141
banknote_authentication,73,0.05,0.1,minority_to_majority,0.09375,xgb_ros,n/a,0.9262295081967213,0.8524590163934426,0.9973633110633329,0.9323992133726646,1.0,0.8524590163934426,0.9977499196399872,0.05841415375471115,0.20169775187969208,0.07831015153872695
banknote_authentication,73,0.05,0.1,minority_to_majority,0.09375,xgb_smote,n/a,0.959016393442623,0.9180327868852459,0.9989674013165981,0.962809693822352,1.0,0.9180327868852459,0.9991428265295188,0.03432673588395119,0.11974070966243744,0.0429719934290783
banknote_authentication,73,0.05,0.1,minority_to_majority,0.09375,tabpfn_none,n/a,0.9754098360655737,0.9508196721311475,1.0,0.9777795733678086,1.0,0.9508196721311475,1.0,0.018841780722141266,0.07262983918190002,0.04012455515309491
banknote_authentication,73,0.05,0.1,minority_to_majority,0.09375,tabpfn_threshold,observed,1.0,1.0,1.0,1.0,1.0,1.0,1.0,0.018841780722141266,0.07262983918190002,0.04012455515309491
banknote_authentication,73,0.05,0.1,minority_to_majority,0.09375,tabpfn_threshold,oracle,1.0,1.0,1.0,1.0,1.0,1.0,1.0,0.018841780722141266,0.07262983918190002,0.04012455515309491
banknote_authentication,73,0.05,0.1,minority_to_majority,0.09375,tabpfn_distpfn,observed,0.9795081967213115,0.9590163934426229,1.0,0.9815011637449718,1.0,0.9590163934426229,1.0,0.013126240977988026,0.037862219217714765,0.016139454134019043
banknote_authentication,73,0.05,0.1,minority_to_majority,0.09375,tabpfn_distpfn,oracle,0.9795081967213115,0.9590163934426229,1.0,0.9815011637449718,1.0,0.9590163934426229,1.0,0.01350232580163596,0.03954644205381908,0.016450689968107376
banknote_authentication,73,0.05,0.1,minority_to_majority,0.09375,tabpfn_distpfn_t,observed,0.9836065573770492,0.9672131147540983,1.0,0.9852150537634408,1.0,0.9672131147540983,1.0,0.014034091322367208,0.04865761153721746,0.016928844962361342
banknote_authentication,73,0.05,0.1,minority_to_majority,0.09375,tabpfn_distpfn_t,oracle,0.9836065573770492,0.9672131147540983,1.0,0.9852150537634408,1.0,0.9672131147540983,1.0,0.014315419072565727,0.050856239493723775,0.01727287538764942
banknote_authentication,73,0.05,0.1,minority_to_majority,0.09375,tabpfn_downsample,n/a,1.0,1.0,1.0,1.0,1.0,1.0,1.0,0.0009967611404135823,0.004013666883111,0.003268648123961281
banknote_authentication,73,0.05,0.2,majority_to_minority,0.2,xgb_none,n/a,0.9139344262295082,0.8278688524590164,0.9968144242576974,0.9208047064631588,1.0,0.8278688524590164,0.9972677595628415,0.05820021033287048,0.20255446434020996,0.1020250316099687
banknote_authentication,73,0.05,0.2,majority_to_minority,0.2,xgb_weighted,n/a,0.9508196721311475,0.9016393442622951,0.9982879405465939,0.9552700065061809,1.0,0.9016393442622951,0.9986070931104682,0.03583456948399544,0.11914093047380447,0.05521674065427347
banknote_authentication,73,0.05,0.2,majority_to_minority,0.2,xgb_ros,n/a,0.9426229508196722,0.8852459016393442,0.9982336991022607,0.9476902173913044,1.0,0.8852459016393442,0.9986070931104682,0.04484053701162338,0.149669349193573,0.06548679652200504
banknote_authentication,73,0.05,0.2,majority_to_minority,0.2,xgb_smote,n/a,0.969704275152684,0.9590163934426229,0.9937770752390401,0.9704840613931522,0.975,0.9590163934426229,0.994481945783778,0.027328379452228546,0.0941372886300087,0.025516113923354563
banknote_authentication,73,0.05,0.2,majority_to_minority,0.2,tabpfn_none,n/a,1.0,1.0,1.0,1.0,1.0,1.0,1.0,0.0002526009629946202,0.0077147274278104305,0.007579699720848691
banknote_authentication,73,0.05,0.2,majority_to_minority,0.2,tabpfn_threshold,observed,0.9967320261437909,0.9934640522875817,1.0,0.9963198394111743,0.991869918699187,1.0,1.0,0.0002526009629946202,0.0077147274278104305,0.007579699720848691
banknote_authentication,73,0.05,0.2,majority_to_minority,0.2,tabpfn_threshold,oracle,0.9934640522875817,0.9869281045751634,1.0,0.992645485665383,0.9838709677419355,1.0,1.0,0.0002526009629946202,0.0077147274278104305,0.007579699720848691
banknote_authentication,73,0.05,0.2,majority_to_minority,0.2,tabpfn_distpfn,observed,1.0,1.0,1.0,1.0,1.0,1.0,1.0,7.656064616410235e-05,0.001980954599440997,0.0019398976116457556
banknote_authentication,73,0.05,0.2,majority_to_minority,0.2,tabpfn_distpfn,oracle,1.0,1.0,1.0,1.0,1.0,1.0,1.0,0.00011660675202313372,0.0024898971153992132,0.002426333671307669
banknote_authentication,73,0.05,0.2,majority_to_minority,0.2,tabpfn_distpfn_t,observed,1.0,1.0,1.0,1.0,1.0,1.0,1.0,3.0133621032483012e-05,0.0005311389998454711,0.0005151443242215783
banknote_authentication,73,0.05,0.2,majority_to_minority,0.2,tabpfn_distpfn_t,oracle,1.0,1.0,1.0,1.0,1.0,1.0,1.0,5.1339397986520995e-05,0.0006361144242878815,0.0006083007118155055
banknote_authentication,73,0.05,0.2,majority_to_minority,0.2,tabpfn_downsample,n/a,1.0,1.0,1.0,1.0,1.0,1.0,1.0,0.02011493220925331,0.10695190727710724,0.09439613634889776
banknote_authentication,73,0.05,0.2,minority_to_majority,0.1875,xgb_none,n/a,0.8073770491803278,0.6147540983606558,0.9951795228619298,0.8141384219381371,1.0,0.6147540983606558,0.9960891460409299,0.13705216348171234,0.4825497269630432,0.19291911858218633
banknote_authentication,73,0.05,0.2,minority_to_majority,0.1875,xgb_weighted,n/a,0.8729508196721312,0.7459016393442623,0.9960520974436381,0.8812359816664577,1.0,0.7459016393442623,0.9966784528018858,0.09689987450838089,0.3519079089164734,0.1246196710098196
banknote_authentication,73,0.05,0.2,minority_to_majority,0.1875,xgb_ros,n/a,0.8688524590163935,0.7377049180327869,0.9981888813580558,0.8771910237802836,1.0,0.7377049180327869,0.9984999464266581,0.08987400680780411,0.317490816116333,0.11618232052942568
banknote_authentication,73,0.05,0.2,minority_to_majority,0.1875,xgb_smote,n/a,0.8770491803278688,0.7540983606557377,0.9971832009841112,0.8852636849132176,1.0,0.7540983606557377,0.997642772956177,0.07957977056503296,0.2751765251159668,0.10528958030722357
banknote_authentication,73,0.05,0.2,minority_to_majority,0.1875,tabpfn_none,n/a,0.9426229508196722,0.8852459016393442,1.0,0.9476902173913044,1.0,0.8852459016393442,1.0,0.03833553194999695,0.1382671296596527,0.10899123436083424
banknote_authentication,73,0.05,0.2,minority_to_majority,0.1875,tabpfn_threshold,observed,1.0,1.0,1.0,1.0,1.0,1.0,1.0,0.03833553194999695,0.1382671296596527,0.10899123436083424
banknote_authentication,73,0.05,0.2,minority_to_majority,0.1875,tabpfn_threshold,oracle,1.0,1.0,1.0,1.0,1.0,1.0,1.0,0.03833553194999695,0.1382671296596527,0.10899123436083424
banknote_authentication,73,0.05,0.2,minority_to_majority,0.1875,tabpfn_distpfn,observed,1.0,1.0,1.0,1.0,1.0,1.0,1.0,0.0009176451468296497,0.007445797111605329,0.006882375801814724
banknote_authentication,73,0.05,0.2,minority_to_majority,0.1875,tabpfn_distpfn,oracle,1.0,1.0,1.0,1.0,1.0,1.0,1.0,0.001255302664993531,0.009081301716911145,0.008283280250136848
banknote_authentication,73,0.05,0.2,minority_to_majority,0.1875,tabpfn_distpfn_t,observed,1.0,1.0,1.0,1.0,1.0,1.0,1.0,0.0005293370077763004,0.008023249854814772,0.007725720582823747
banknote_authentication,73,0.05,0.2,minority_to_majority,0.1875,tabpfn_distpfn_t,oracle,1.0,1.0,1.0,1.0,1.0,1.0,1.0,0.0007875735358860512,0.0099142734863014,0.00945899033561849
banknote_authentication,73,0.05,0.2,minority_to_majority,0.1875,tabpfn_downsample,n/a,0.9959016393442623,0.9918032786885246,1.0,0.9963137223361618,1.0,0.9918032786885246,1.0,0.007632238324731588,0.045905616134405136,0.0409322823617946
banknote_authentication,73,0.05,0.3,majority_to_minority,0.30434782608695654,xgb_none,n/a,0.8934426229508197,0.7868852459016393,0.9838594269705211,0.9012103459710401,1.0,0.7868852459016393,0.9853744776599164,0.07515744864940643,0.27109387516975403,0.10264368506995114
banknote_authentication,73,0.05,0.3,majority_to_minority,0.30434782608695654,xgb_weighted,n/a,0.9123272259723562,0.8442622950819673,0.9877544426699892,0.9175928952816825,0.9716981132075472,0.8442622950819673,0.9899282117218472,0.06079898402094841,0.20041482150554657,0.06909134291789748
banknote_authentication,73,0.05,0.3,majority_to_minority,0.30434782608695654,xgb_ros,n/a,0.9065680917175614,0.819672131147541,0.9863684785495663,0.9132622975548882,0.9900990099009901,0.819672131147541,0.9885888781742206,0.06768441200256348,0.22630038857460022,0.07426496027884158
banknote_authentication,73,0.05,0.3,majority_to_minority,0.30434782608695654,xgb_smote,n/a,0.9525340190721097,0.9508196721311475,0.9828479233314898,0.9521579123452659,0.943089430894309,0.9508196721311475,0.9837137040608593,0.044365428388118744,0.15998409688472748,0.047965569753538474
banknote_authentication,73,0.05,0.3,majority_to_minority,0.30434782608695654,tabpfn_none,n/a,1.0,1.0,1.0,1.0,1.0,1.0,1.0,0.0021511008962988853,0.018488721922039986,0.017150733437050474
banknote_authentication,73,0.05,0.3,majority_to_minority,0.30434782608695654,tabpfn_threshold,observed,1.0,1.0,1.0,1.0,1.0,1.0,1.0,0.0021511008962988853,0.018488721922039986,0.017150733437050474
banknote_authentication,73,0.05,0.3,majority_to_minority,0.30434782608695654,tabpfn_threshold,oracle,1.0,1.0,1.0,1.0,1.0,1.0,1.0,0.0021511008962988853,0.018488721922039986,0.017150733437050474
banknote_authentication,73,0.05,0.3,majority_to_minority,0.30434782608695654,tabpfn_distpfn,observed,1.0,1.0,1.0,1.0,1.0,1.0,1.0,2.6601170708633042e-05,0.0027932741426378144,0.002779839324308768
banknote_authentication,73,0.05,0.3,majority_to_minority,0.30434782608695654,tabpfn_distpfn,oracle,1.0,1.0,1.0,1.0,1.0,1.0,1.0,4.824460047293464e-05,0.003853343788017337,0.0038288916638263937
banknote_authentication,73,0.05,0.3,majority_to_minority,0.30434782608695654,tabpfn_distpfn_t,observed,1.0,1.0,1.0,1.0,1.0,1.0,1.0,1.5697969714141118e-05,0.00077154766120453,0.0007635479927091239
banknote_authentication,73,0.05,0.3,majority_to_minority,0.30434782608695654,tabpfn_distpfn_t,oracle,1.0,1.0,1.0,1.0,1.0,1.0,1.0,7.960241688572388e-06,0.0005626202719847323,0.0005585877883348174
banknote_authentication,73,0.05,0.3,majority_to_minority,0.30434782608695654,tabpfn_downsample,n/a,0.9869281045751634,0.9738562091503268,1.0,0.9853129673146763,0.9682539682539683,1.0,1.0,0.04006774723529816,0.1690577268600464,0.14029944138093425
banknote_authentication,73,0.05,0.3,minority_to_majority,0.3125,xgb_none,n/a,0.7336065573770492,0.4672131147540984,0.9939893819890312,0.7308346760228283,1.0,0.4672131147540984,0.9948033858352083,0.1739371418952942,0.5675148963928223,0.2244661561636762
banknote_authentication,73,0.05,0.3,minority_to_majority,0.3125,xgb_weighted,n/a,0.8155737704918034,0.6311475409836066,0.9867263442999824,0.8228321092642701,1.0,0.6311475409836066,0.9871423979427837,0.13087794184684753,0.5176280736923218,0.16505158959464594
banknote_authentication,73,0.05,0.3,minority_to_majority,0.3125,xgb_ros,n/a,0.8073770491803278,0.6147540983606558,0.9879628099184603,0.8141384219381371,1.0,0.6147540983606558,0.9886960248580307,0.1351446509361267,0.5195754170417786,0.16974598077549172
banknote_authentication,73,0.05,0.3,minority_to_majority,0.3125,xgb_smote,n/a,0.9180327868852459,0.8360655737704918,0.9912580373483173,0.924682296231376,1.0,0.8360655737704918,0.9918568520304297,0.06262539327144623,0.26517122983932495,0.08581455261446537
banknote_authentication,73,0.05,0.3,minority_to_majority,0.3125,tabpfn_none,n/a,0.9262295081967213,0.8524590163934426,1.0,0.9323992133726646,1.0,0.8524590163934426,1.0,0.06059814617037773,0.18806207180023193,0.1360859754631846
banknote_authentication,73,0.05,0.3,minority_to_majority,0.3125,tabpfn_threshold,observed,1.0,1.0,1.0,1.0,1.0,1.0,1.0,0.06059814617037773,0.18806207180023193,0.1360859754631846
banknote_authentication,73,0.05,0.3,minority_to_majority,0.3125,tabpfn_threshold,oracle,1.0,1.0,1.0,1.0,1.0,1.0,1.0,0.06059814617037773,0.18806207180023193,0.1360859754631846
banknote_authentication,73,0.05,0.3,minority_to_majority,0.3125,tabpfn_distpfn,observed,1.0,1.0,1.0,1.0,1.0,1.0,1.0,0.0027438377554787003,0.015303368368281056,0.013525161205470867
banknote_authentication,73,0.05,0.3,minority_to_majority,0.3125,tabpfn_distpfn,oracle,0.9918032786885246,0.9836065573770492,1.0,0.9926210153482882,1.0,0.9836065573770492,1.0,0.004548921203825562,0.02146010016310476,0.018279558095182974
banknote_authentication,73,0.05,0.3,minority_to_majority,0.3125,tabpfn_distpfn_t,observed,1.0,1.0,1.0,1.0,1.0,1.0,1.0,0.001410223075354349,0.012799584228794113,0.011966941069406028
banknote_authentication,73,0.05,0.3,minority_to_majority,0.3125,tabpfn_distpfn_t,oracle,1.0,1.0,1.0,1.0,1.0,1.0,1.0,0.002777530666624773,0.01887503708880132,0.01711036195797634
banknote_authentication,73,0.05,0.3,minority_to_majority,0.3125,tabpfn_downsample,n/a,0.9738562091503268,0.9477124183006536,1.0,0.9707041653350379,0.9384615384615385,1.0,1.0,0.017990650609135628,0.05160561949014664,0.0248218930559233
