dataset,method,prior_mode,r,c,direction,balanced_accuracy_mean,balanced_accuracy_std,worst_class_recall_mean,worst_class_recall_std,auprc_mean,auprc_std,macro_f1_mean,macro_f1_std,minority_precision_mean,minority_precision_std,minority_recall_mean,minority_recall_std,auroc_mean,auroc_std,brier_mean,brier_std,log_loss_mean,log_loss_std,ece_mean,ece_std,realized_c_mean,n_seeds
banknote_authentication,tabpfn_distpfn,observed,0.05,0.0,clean,1.0,0.0,1.0,0.0,1.0,0.0,1.0,0.0,1.0,0.0,1.0,0.0,1.0,0.0,3.5284734329654676e-06,3.3466263434318583e-06,0.0002844537490213667,7.113428666925966e-05,0.0002826469359194,6.970292324399677e-05,0.0,3
banknote_authentication,tabpfn_distpfn,observed,0.05,0.05,majority_to_minority,0.9978213507625272,0.0018867655855870618,0.9956427015250545,0.0037735311711740594,1.0,0.0,0.9975465596074496,0.0021247417066194963,0.9945799457994579,0.004693904627557975,1.0,0.0,1.0,0.0,0.002914949683021667,0.0010354777542331507,0.0162790766382774,0.004942425881747147,0.013669947424210733,0.004839276688854158,0.0588235294117647,3
banknote_authentication,tabpfn_distpfn,observed,0.05,0.05,minority_to_majority,0.9931693989071039,0.01183094813913156,0.9863387978142075,0.023661896278263435,0.9999553912496931,7.726462199357891e-05,0.993833721248324,0.010680308091535362,1.0,0.0,0.9863387978142075,0.023661896278263435,0.9999642844387299,6.18611667406298e-05,0.004874713323586588,0.008218024764912023,0.0162994754971096,0.02227364751662728,0.008188672792607867,0.008361003509511248,0.0625,3
banknote_authentication,tabpfn_distpfn,observed,0.05,0.1,majority_to_minority,0.9989106753812637,0.0018867655855870217,0.9978213507625272,0.0037735311711740434,1.0,0.0,0.9987732798037249,0.0021247417066194564,0.997289972899729,0.00469390462755799,1.0,0.0,1.0,0.0,0.0031150167853469662,0.0019846151586743366,0.032933540886783096,0.005018932949530589,0.030920184853622967,0.0036878006337682893,0.1111111111111111,3
banknote_authentication,tabpfn_distpfn,observed,0.05,0.1,minority_to_majority,0.9931693989071038,0.008531418030598918,0.9863387978142076,0.0170628360611978,1.0,0.0,0.9938429253665341,0.007695926653323008,1.0,0.0,0.9863387978142076,0.0170628360611978,1.0,0.0,0.0034798515309012665,0.002572820285565808,0.014116394607335067,0.00467048362678018,0.0111246237050381,0.0020771747118494242,0.09375,3
banknote_authentication,tabpfn_distpfn,observed,0.05,0.2,majority_to_minority,0.9989106753812637,0.0018867655855870538,0.9978213507625272,0.0037735311711740755,1.0,0.0,0.9987732798037249,0.0021247417066194885,0.997289972899729,0.004693904627557958,1.0,0.0,1.0,0.0,0.008133231658872668,0.0017410035413670945,0.059687572065684,0.0032998433394999683,0.054819330920857605,0.003313190426835436,0.20000000000000004,3
banknote_authentication,tabpfn_distpfn,observed,0.05,0.2,minority_to_majority,1.0,0.0,1.0,0.0,1.0,0.0,1.0,0.0,1.0,0.0,1.0,0.0,1.0,0.0,0.0009542029280660667,0.000574609213304701,0.014207458150227366,0.003653455052448437,0.0136852181115086,0.00335972448367417,0.1875,3
banknote_authentication,tabpfn_distpfn,observed,0.05,0.3,majority_to_minority,0.9989106753812637,0.0018867655855870698,0.9978213507625272,0.0037735311711740915,1.0,0.0,0.9987732798037249,0.0021247417066195045,0.997289972899729,0.004693904627557943,1.0,0.0,1.0,0.0,0.015964009966956,0.002441828640178917,0.0958672099946955,0.006384638453389894,0.08644583636810836,0.00546210088647216,0.3043478260869565,3
banknote_authentication,tabpfn_distpfn,observed,0.05,0.3,minority_to_majority,0.9931693989071039,0.011830948139131608,0.9863387978142075,0.023661896278263435,1.0,0.0,0.993833721248324,0.010680308091535362,1.0,0.0,0.9863387978142075,0.023661896278263435,1.0,0.0,0.004650963257199366,0.004172123598450189,0.031209975243564933,0.009259612480233615,0.0275329821578493,0.005222183135587822,0.3125,3
banknote_authentication,tabpfn_distpfn,observed,0.1,0.0,clean,1.0,0.0,1.0,0.0,1.0,0.0,1.0,0.0,1.0,0.0,1.0,0.0,1.0,0.0,2.0706177993009466e-06,2.3409686841982053e-06,0.00019469559461310001,0.00012744050173860895,0.00019364544939459998,0.0001262667971672347,0.0,3
banknote_authentication,tabpfn_distpfn,observed,0.1,0.05,majority_to_minority,1.0,0.0,1.0,0.0,1.0,0.0,1.0,0.0,1.0,0.0,1.0,0.0,1.0,0.0,0.0005916053976711334,0.0004761766729748385,0.011262670434827066,0.0020631911471494734,0.010905507825346133,0.0017322765327513479,0.044776119402985,3
banknote_authentication,tabpfn_distpfn,observed,0.1,0.05,minority_to_majority,1.0,0.0,1.0,0.0,1.0,0.0,1.0,0.0,1.0,0.0,1.0,0.0,1.0,0.0,0.0004897314003128667,0.0003498602061261697,0.005066580712247334,0.000722663469289892,0.004785883479934967,0.0005551770605406671,0.046875,3
banknote_authentication,tabpfn_distpfn,observed,0.1,0.1,majority_to_minority,0.9989106753812637,0.0018867655855870698,0.9978213507625272,0.0037735311711740915,1.0,0.0,0.9987732798037249,0.0021247417066195045,0.997289972899729,0.004693904627557943,1.0,0.0,1.0,0.0,0.0038107077215398335,0.0018257559072202975,0.028833501833223932,0.005087208293730261,0.026397935856111433,0.005059953580553384,0.09859154929577459,3
banknote_authentication,tabpfn_distpfn,observed,0.1,0.1,minority_to_majority,1.0,0.0,1.0,0.0,1.0,0.0,1.0,0.0,1.0,0.0,1.0,0.0,1.0,1.5700924586837752e-16,0.0004786474545597,0.00034551102565250123,0.008936189199761167,0.001486541466932537,0.008664151197638933,0.0012709629194370532,0.09375,3
banknote_authentication,tabpfn_distpfn,observed,0.1,0.2,majority_to_minority,0.9945533769063181,0.004991912521738382,0.9891067538126362,0.009983825043476743,1.0,0.0,0.9938740387073169,0.005613437089288527,0.9866236559139785,0.012234499136841643,1.0,0.0,1.0,0.0,0.010269437582403666,0.0038196588664914364,0.07008630086915484,0.008106111297652673,0.06256274771449394,0.004854721111477187,0.20000000000000004,3
banknote_authentication,tabpfn_distpfn,observed,0.1,0.2,minority_to_majority,1.0,0.0,1.0,0.0,1.0,0.0,1.0,0.0,1.0,0.0,1.0,0.0,1.0,1.5700924586837752e-16,0.0009620702180559333,0.0002254684833665487,0.0193098529484026,0.0017932290276064472,0.018804118901373,0.0016747644302177243,0.203125,3
banknote_authentication,tabpfn_distpfn,observed,0.1,0.3,majority_to_minority,1.0,0.0,1.0,0.0,1.0,0.0,1.0,0.0,1.0,0.0,1.0,0.0,1.0,0.0,0.0151663722271098,0.0008022433803683752,0.09708997681900154,0.006885823136364273,0.08839915679869532,0.0066108954032982874,0.2967032967032967,3
banknote_authentication,tabpfn_distpfn,observed,0.1,0.3,minority_to_majority,1.0,0.0,1.0,0.0,1.0,0.0,1.0,0.0,1.0,0.0,1.0,0.0,1.0,0.0,0.002693450040174867,0.0005693351081025529,0.033358077118138936,0.0012674733243501534,0.03190353483594207,0.0009798498252997104,0.296875,3
banknote_authentication,tabpfn_distpfn,observed,0.2,0.0,clean,1.0,0.0,1.0,0.0,1.0,0.0,1.0,0.0,1.0,0.0,1.0,0.0,1.0,0.0,1.3858685853565274e-08,1.897042982737647e-08,3.511809355236328e-05,9.02721224771442e-06,3.511115635240289e-05,9.017722060062654e-06,0.0,3
banknote_authentication,tabpfn_distpfn,observed,0.2,0.05,majority_to_minority,1.0,0.0,1.0,0.0,1.0,0.0,1.0,0.0,1.0,0.0,1.0,0.0,1.0,0.0,0.0008455017117990001,0.000260171245345673,0.017489026517100298,0.001973002669079388,0.017035770416748534,0.0018307892474860646,0.051851851851851795,3
banknote_authentication,tabpfn_distpfn,observed,0.2,0.05,minority_to_majority,1.0,0.0,1.0,0.0,1.0,0.0,1.0,0.0,1.0,0.0,1.0,0.0,1.0,0.0,0.0003688790648209214,0.0003858707579877211,0.0062968496281488,0.0008434621368704747,0.006078028404210167,0.0006119900093822777,0.046875,3
banknote_authentication,tabpfn_distpfn,observed,0.2,0.1,majority_to_minority,0.9934640522875817,0.011320593513522033,0.9869281045751634,0.02264118702704409,1.0,0.0,0.9926666666666666,0.01270170592217177,0.984375,0.027063293868263706,1.0,0.0,1.0,0.0,0.008699660559184733,0.011609643834101575,0.0647529226499879,0.05677594562415454,0.037655237797429596,0.011668669505059785,0.09859154929577459,3
banknote_authentication,tabpfn_distpfn,observed,0.2,0.1,minority_to_majority,1.0,0.0,1.0,0.0,1.0,0.0,1.0,0.0,1.0,0.0,1.0,0.0,1.0,0.0,0.0009133029628877999,0.0007311427846581031,0.015673667902689967,0.001931769199776418,0.015177506299759334,0.0015111833116462595,0.1015625,3
banknote_authentication,tabpfn_distpfn,observed,0.2,0.2,majority_to_minority,1.0,0.0,1.0,0.0,1.0,0.0,1.0,0.0,1.0,0.0,1.0,0.0,1.0,0.0,0.0091693340850243,0.0006397525098434537,0.07415521872249763,0.003448508593423877,0.06906573964330359,0.0031141724014532245,0.20000000000000004,3
banknote_authentication,tabpfn_distpfn,observed,0.2,0.2,minority_to_majority,1.0,0.0,1.0,0.0,1.0,0.0,1.0,0.0,1.0,0.0,1.0,0.0,1.0,0.0,0.0023187358829856665,3.3335986260236164e-05,0.0330164790609667,0.00037273358965751643,0.03179561011549167,0.0003558084384784563,0.203125,3
banknote_authentication,tabpfn_distpfn,observed,0.2,0.3,majority_to_minority,1.0,0.0,1.0,0.0,1.0,0.0,1.0,0.0,1.0,0.0,1.0,0.0,1.0,0.0,0.0218837535247072,0.0005293670725989671,0.12143567387978012,0.002175515787289883,0.10868595665892004,0.0018488152369805608,0.3005464480874317,3
banknote_authentication,tabpfn_distpfn,observed,0.2,0.3,minority_to_majority,1.0,0.0,1.0,0.0,1.0,0.0,1.0,0.0,1.0,0.0,1.0,0.0,1.0,0.0,0.007343325084280633,0.00046151162426957983,0.06084347100726447,0.001840419275532165,0.056811909066485033,0.001569200749703331,0.296875,3
banknote_authentication,tabpfn_distpfn,observed,0.5,0.0,clean,1.0,0.0,1.0,0.0,1.0,0.0,1.0,0.0,1.0,0.0,1.0,0.0,1.0,0.0,2.2101237526099725e-10,5.251181714835669e-11,1.3500551286415142e-05,3.871259521634074e-07,1.350044077802736e-05,3.870998647151681e-07,0.0,3
banknote_authentication,tabpfn_distpfn,observed,0.5,0.05,majority_to_minority,1.0,0.0,1.0,0.0,1.0,0.0,1.0,0.0,1.0,0.0,1.0,0.0,1.0,0.0,0.0009411864085975,0.00036280888858549436,0.0207173885115355,0.001314065194379091,0.02020516452202317,0.0010780021896649365,0.0504451038575667,3
banknote_authentication,tabpfn_distpfn,observed,0.5,0.05,minority_to_majority,1.0,0.0,1.0,0.0,1.0,0.0,1.0,0.0,1.0,0.0,1.0,0.0,1.0,0.0,0.0010220801349964334,4.662637397061403e-05,0.02098801451147267,0.00016937241953133073,0.020457794154134165,0.0001947848251573415,0.05000000000000001,3
banknote_authentication,tabpfn_distpfn,observed,0.5,0.1,majority_to_minority,1.0,0.0,1.0,0.0,1.0,0.0,1.0,0.0,1.0,0.0,1.0,0.0,1.0,0.0,0.0033978375192781,4.117784874291263e-05,0.04480398687603667,6.406791872795227e-05,0.0430077133755545,5.0561246742189864e-05,0.1011235955056179,3
banknote_authentication,tabpfn_distpfn,observed,0.5,0.1,minority_to_majority,1.0,0.0,1.0,0.0,1.0,0.0,1.0,0.0,1.0,0.0,1.0,0.0,1.0,0.0,0.0048464541523287,4.746269164777295e-05,0.047798237279667,0.000261290777380269,0.045173901294568296,0.00023458504060129074,0.10000000000000002,3
banknote_authentication,tabpfn_distpfn,observed,0.5,0.2,majority_to_minority,1.0,0.0,1.0,0.0,1.0,0.0,1.0,0.0,1.0,0.0,1.0,0.0,1.0,0.0,0.022322720603626636,0.0006458110529191367,0.12302300176409824,0.0004410809589980883,0.10998206102294313,0.0001486412057247182,0.20000000000000004,3
banknote_authentication,tabpfn_distpfn,observed,0.5,0.2,minority_to_majority,1.0,0.0,1.0,0.0,1.0,0.0,1.0,0.0,1.0,0.0,1.0,0.0,1.0,0.0,0.0191111477156598,0.002220477645861967,0.10162610525464781,0.0047654937295269085,0.09030455264531077,0.0030878616099452656,0.20000000000000004,3
banknote_authentication,tabpfn_distpfn,observed,0.5,0.3,majority_to_minority,0.9705882352941178,0.014244767789348666,0.9411764705882354,0.028489535578697222,1.0,0.0,0.9670819018627462,0.015855164758436718,0.9319734192126464,0.030461770635929253,1.0,0.0,1.0,0.0,0.08924306628105898,0.00022125230987053707,0.28357309607570663,0.0007330538524053714,0.21944335714903193,0.0011142817371475062,0.299781181619256,3
banknote_authentication,tabpfn_distpfn,observed,0.5,0.3,minority_to_majority,0.9972677595628415,0.004732379255652643,0.9945355191256832,0.00946475851130535,1.0,0.0,0.9975403384494294,0.004260258775011949,1.0,0.0,0.9945355191256832,0.00946475851130535,1.0,0.0,0.044471946369857934,0.0005047139210136625,0.16795123866166808,0.0019653726906879126,0.13922875598810835,0.0019055508440476352,0.3,3
banknote_authentication,tabpfn_distpfn,oracle,0.05,0.0,clean,1.0,0.0,1.0,0.0,1.0,0.0,1.0,0.0,1.0,0.0,1.0,0.0,1.0,0.0,3.5284734329654676e-06,3.3466263434318583e-06,0.0002844537490213667,7.113428666925966e-05,0.0002826469359194,6.970292324399677e-05,0.0,3
banknote_authentication,tabpfn_distpfn,oracle,0.05,0.05,majority_to_minority,0.9978213507625272,0.0018867655855870618,0.9956427015250545,0.0037735311711740594,1.0,0.0,0.9975465596074496,0.0021247417066194963,0.9945799457994579,0.004693904627557975,1.0,0.0,1.0,0.0,0.0031169754969032,0.0011105190456919233,0.01713636232626167,0.005193500198750514,0.014336201791710667,0.00505711701132834,0.0588235294117647,3
banknote_authentication,tabpfn_distpfn,oracle,0.05,0.05,minority_to_majority,0.9931693989071039,0.01183094813913156,0.9863387978142075,0.023661896278263435,0.9999553912496931,7.726462199357891e-05,0.993833721248324,0.010680308091535362,1.0,0.0,0.9863387978142075,0.023661896278263435,0.9999642844387299,6.18611667406298e-05,0.0049725582362255645,0.008389013247067164,0.0167605342901583,0.022929244289937326,0.008345868835453633,0.008489126752197335,0.0625,3
banknote_authentication,tabpfn_distpfn,oracle,0.05,0.1,majority_to_minority,0.9989106753812637,0.0018867655855870217,0.9978213507625272,0.0037735311711740434,1.0,0.0,0.9987732798037249,0.0021247417066194564,0.997289972899729,0.00469390462755799,1.0,0.0,1.0,0.0,0.0037590266399710665,0.0022349287203246014,0.0369571547456873,0.005467288747188294,0.0345178697274301,0.003963844308605272,0.1111111111111111,3
banknote_authentication,tabpfn_distpfn,oracle,0.05,0.1,minority_to_majority,0.9890710382513661,0.00946475851130535,0.9781420765027322,0.01892951702261064,1.0,0.0,0.9901433691756272,0.008536092689631621,1.0,0.0,0.9781420765027322,0.01892951702261064,1.0,0.0,0.003795661587264833,0.002738245864828002,0.015082250073251069,0.004899465281677913,0.011728477735685333,0.0020346779333351057,0.09375,3
banknote_authentication,tabpfn_distpfn,oracle,0.05,0.2,majority_to_minority,0.9967320261437909,0.003267973856209222,0.9934640522875817,0.006535947712418277,1.0,0.0,0.9963217750255192,0.0036772575493802208,0.9919136288137075,0.008064604970238996,1.0,0.0,1.0,0.0,0.011597339811069,0.0023171679231666093,0.07363242136057054,0.004021088793928301,0.06649447726205913,0.003995701376823093,0.20000000000000004,3
banknote_authentication,tabpfn_distpfn,oracle,0.05,0.2,minority_to_majority,1.0,0.0,1.0,0.0,1.0,0.0,1.0,0.0,1.0,0.0,1.0,0.0,1.0,0.0,0.0013241919182947334,0.0008178759298845982,0.016830207182601833,0.004376879641942013,0.016092211711141266,0.00395475907904312,0.1875,3
banknote_authentication,tabpfn_distpfn,oracle,0.05,0.3,majority_to_minority,0.9978213507625272,0.0037735311711740915,0.9956427015250545,0.007547062342348014,1.0,0.0,0.9975484952217943,0.004246130830850074,0.9946236559139785,0.009312101115961625,1.0,0.0,1.0,0.0,0.028548923396423034,0.0036018822594943104,0.1345857322392505,0.009077051570186226,0.11677790254395033,0.007568033103219244,0.3043478260869565,3
banknote_authentication,tabpfn_distpfn,oracle,0.05,0.3,minority_to_majority,0.9931693989071039,0.011830948139131608,0.9863387978142075,0.023661896278263435,1.0,0.0,0.993833721248324,0.010680308091535362,1.0,0.0,0.9863387978142075,0.023661896278263435,1.0,0.0,0.007029689831878401,0.005073436279076657,0.0424922882017433,0.011645811790710236,0.03664035450414247,0.0060154041978102155,0.3125,3
banknote_authentication,tabpfn_distpfn,oracle,0.1,0.0,clean,1.0,0.0,1.0,0.0,1.0,0.0,1.0,0.0,1.0,0.0,1.0,0.0,1.0,0.0,2.0706177993009466e-06,2.3409686841982053e-06,0.00019469559461310001,0.00012744050173860895,0.00019364544939459998,0.0001262667971672347,0.0,3
banknote_authentication,tabpfn_distpfn,oracle,0.1,0.05,majority_to_minority,1.0,0.0,1.0,0.0,1.0,0.0,1.0,0.0,1.0,0.0,1.0,0.0,1.0,0.0,0.0006408518377162667,0.0005062069285543155,0.0118260748328982,0.002154169530353752,0.011437495616083933,0.0017982875379713788,0.044776119402985,3
banknote_authentication,tabpfn_distpfn,oracle,0.1,0.05,minority_to_majority,1.0,0.0,1.0,0.0,1.0,0.0,1.0,0.0,1.0,0.0,1.0,0.0,1.0,0.0,0.0005328370531294666,0.0003793983462503803,0.0052929605688718,0.000763741776509657,0.0049856564854632674,0.0005788719000832866,0.046875,3
banknote_authentication,tabpfn_distpfn,oracle,0.1,0.1,majority_to_minority,0.9978213507625272,0.0037735311711740915,0.9956427015250545,0.007547062342348014,1.0,0.0,0.9975484952217943,0.004246130830850074,0.9946236559139785,0.009312101115961625,1.0,0.0,1.0,0.0,0.004486277771179366,0.002057917390594101,0.032008501887390635,0.00567216855751522,0.02909284307567527,0.005687979052614719,0.09859154929577459,3
banknote_authentication,tabpfn_distpfn,oracle,0.1,0.1,minority_to_majority,1.0,0.0,1.0,0.0,1.0,0.0,1.0,0.0,1.0,0.0,1.0,0.0,1.0,1.5700924586837752e-16,0.000529000167691,0.0003374767917803873,0.009751473711557967,0.0015204767032458617,0.009456710695326833,0.0013164501394528844,0.09375,3
banknote_authentication,tabpfn_distpfn,oracle,0.1,0.2,majority_to_minority,0.9923747276688454,0.008224220517724066,0.9847494553376906,0.016448441035448316,1.0,0.0,0.9914332257274271,0.009232786840523463,0.981500296333926,0.01979181237772627,1.0,0.0,1.0,0.0,0.014364512612660599,0.004615688833750366,0.08750675033774243,0.009309219825916284,0.07691759493039196,0.005098109753862162,0.20000000000000004,3
banknote_authentication,tabpfn_distpfn,oracle,0.1,0.2,minority_to_majority,1.0,0.0,1.0,0.0,1.0,0.0,1.0,0.0,1.0,0.0,1.0,0.0,1.0,1.5700924586837752e-16,0.0014773807492126333,0.00037203104904843035,0.024044662307863434,0.0023853882276976975,0.023258442574107734,0.0021850077191637126,0.203125,3
banknote_authentication,tabpfn_distpfn,oracle,0.1,0.3,majority_to_minority,0.9989106753812637,0.0018867655855870698,0.9978213507625272,0.0037735311711740915,1.0,0.0,0.9987732798037249,0.0021247417066195045,0.997289972899729,0.004693904627557943,1.0,0.0,1.0,0.0,0.0284124337462224,0.001995382901719809,0.138694137595105,0.010065210614700337,0.12153004111351695,0.009260480465341989,0.2967032967032967,3
banknote_authentication,tabpfn_distpfn,oracle,0.1,0.3,minority_to_majority,1.0,0.0,1.0,0.0,1.0,0.0,1.0,0.0,1.0,0.0,1.0,0.0,1.0,0.0,0.005205588544745567,0.000937404231005315,0.04729429212011583,0.0012157400429950384,0.04439828384442407,0.0007038154841318125,0.296875,3
banknote_authentication,tabpfn_distpfn,oracle,0.2,0.0,clean,1.0,0.0,1.0,0.0,1.0,0.0,1.0,0.0,1.0,0.0,1.0,0.0,1.0,0.0,1.3858685853565274e-08,1.897042982737647e-08,3.511809355236328e-05,9.02721224771442e-06,3.511115635240289e-05,9.017722060062654e-06,0.0,3
banknote_authentication,tabpfn_distpfn,oracle,0.2,0.05,majority_to_minority,1.0,0.0,1.0,0.0,1.0,0.0,1.0,0.0,1.0,0.0,1.0,0.0,1.0,0.0,0.0009542045104770333,0.0002924390102819237,0.018664345096306267,0.00209985201934594,0.01815088714142933,0.001939166586495251,0.051851851851851795,3
banknote_authentication,tabpfn_distpfn,oracle,0.2,0.05,minority_to_majority,1.0,0.0,1.0,0.0,1.0,0.0,1.0,0.0,1.0,0.0,1.0,0.0,1.0,0.0,0.00040435502373126664,0.00041797960224260574,0.006644168630425833,0.0008768877792950986,0.006402537945998834,0.0006224447555703434,0.046875,3
banknote_authentication,tabpfn_distpfn,oracle,0.2,0.1,majority_to_minority,0.9934640522875817,0.011320593513522033,0.9869281045751634,0.02264118702704409,1.0,0.0,0.9926666666666666,0.01270170592217177,0.984375,0.027063293868263706,1.0,0.0,1.0,0.0,0.0092832763509002,0.011672614822977512,0.06995512995458274,0.058317017899777446,0.0416786581661418,0.011684974848098724,0.09859154929577459,3
banknote_authentication,tabpfn_distpfn,oracle,0.2,0.1,minority_to_majority,1.0,0.0,1.0,0.0,1.0,0.0,1.0,0.0,1.0,0.0,1.0,0.0,1.0,0.0,0.0011521909060787667,0.0008998530467175858,0.017775769967492368,0.002137785175704955,0.017143886310590734,0.0016107546028871031,0.1015625,3
banknote_authentication,tabpfn_distpfn,oracle,0.2,0.2,majority_to_minority,1.0,0.0,1.0,0.0,1.0,0.0,1.0,0.0,1.0,0.0,1.0,0.0,1.0,0.0,0.014850097465772802,0.0009591807457209335,0.09665145620812621,0.004457631469331617,0.08816807011237081,0.003930300283357208,0.20000000000000004,3
banknote_authentication,tabpfn_distpfn,oracle,0.2,0.2,minority_to_majority,1.0,0.0,1.0,0.0,1.0,0.0,1.0,0.0,1.0,0.0,1.0,0.0,1.0,0.0,0.0038312122178031003,7.960146580934728e-05,0.042902972209304106,0.0006211886310284311,0.0408547714195265,0.0005793412503039444,0.203125,3
banknote_authentication,tabpfn_distpfn,oracle,0.2,0.3,majority_to_minority,0.9978213507625272,0.0037735311711740915,0.9956427015250545,0.007547062342348014,1.0,0.0,0.9975484952217943,0.004246130830850074,0.9946236559139785,0.009312101115961625,1.0,0.0,1.0,0.0,0.044450723419988736,0.0008333688980867618,0.1830946670654198,0.003194044363726997,0.15525036964577632,0.0026034710710272865,0.3005464480874317,3
banknote_authentication,tabpfn_distpfn,oracle,0.2,0.3,minority_to_majority,1.0,0.0,1.0,0.0,1.0,0.0,1.0,0.0,1.0,0.0,1.0,0.0,1.0,0.0,0.014976175859825266,0.0008458985252098253,0.08967450739932374,0.0025401947350684176,0.08108916414864786,0.0020067237073139238,0.296875,3
banknote_authentication,tabpfn_distpfn,oracle,0.5,0.0,clean,1.0,0.0,1.0,0.0,1.0,0.0,1.0,0.0,1.0,0.0,1.0,0.0,1.0,0.0,2.2101237526099725e-10,5.251181714835669e-11,1.3500551286415142e-05,3.871259521634074e-07,1.350044077802736e-05,3.870998647151681e-07,0.0,3
banknote_authentication,tabpfn_distpfn,oracle,0.5,0.05,majority_to_minority,1.0,0.0,1.0,0.0,1.0,0.0,1.0,0.0,1.0,0.0,1.0,0.0,1.0,0.0,0.0011379217026205332,0.00041758565077727695,0.0229678533343272,0.0014291860217933339,0.0223455804522824,0.0011517757011190021,0.0504451038575667,3
banknote_authentication,tabpfn_distpfn,oracle,0.5,0.05,minority_to_majority,1.0,0.0,1.0,0.0,1.0,0.0,1.0,0.0,1.0,0.0,1.0,0.0,1.0,0.0,0.0012341883468532,5.5041590122357986e-05,0.023126385302554602,0.00018768446838888974,0.022483757858749166,0.0002180697969823834,0.05000000000000001,3
banknote_authentication,tabpfn_distpfn,oracle,0.5,0.1,majority_to_minority,1.0,0.0,1.0,0.0,1.0,0.0,1.0,0.0,1.0,0.0,1.0,0.0,1.0,0.0,0.0051237686104643665,5.838098930622741e-05,0.05556281865462127,8.147148054170737e-05,0.0528181244760475,6.706214632532778e-05,0.1011235955056179,3
banknote_authentication,tabpfn_distpfn,oracle,0.5,0.1,minority_to_majority,1.0,0.0,1.0,0.0,1.0,0.0,1.0,0.0,1.0,0.0,1.0,0.0,1.0,0.0,0.006886425516402,6.566531574685846e-05,0.057699469561898774,0.00031126184638252734,0.05391069546925414,0.00027370314513332363,0.10000000000000002,3
banknote_authentication,tabpfn_distpfn,oracle,0.5,0.2,majority_to_minority,0.9978213507625272,0.0037735311711740755,0.9956427015250545,0.007547062342348038,1.0,0.0,0.9975484952217943,0.004246130830850074,0.9946236559139785,0.009312101115961618,1.0,0.0,1.0,0.0,0.04775323312659153,0.0006846370901416488,0.19158032712726367,0.0002364216486292078,0.16135703971036472,0.000727446696907409,0.20000000000000004,3
banknote_authentication,tabpfn_distpfn,oracle,0.5,0.2,minority_to_majority,0.9931693989071039,0.011830948139131593,0.9863387978142075,0.023661896278263456,1.0,0.0,0.993833721248324,0.010680308091535362,1.0,0.0,0.9863387978142075,0.023661896278263456,1.0,0.0,0.03483294362939073,0.0031136411903475926,0.14447621573556038,0.006075554021707149,0.12249768558405948,0.0033297416296086493,0.20000000000000004,3
banknote_authentication,tabpfn_distpfn,oracle,0.5,0.3,majority_to_minority,0.514161220043573,0.012372349337255518,0.028322440087145972,0.024744698674510995,1.0,0.0,0.3378772027097931,0.02669480931704805,0.4507972809154632,0.0062589940782477715,1.0,0.0,1.0,0.0,0.21234332869263559,0.0016842975590821792,0.5396158133070026,0.001877162223094893,0.3416950600984841,0.0017858570607111194,0.299781181619256,3
banknote_authentication,tabpfn_distpfn,oracle,0.5,0.3,minority_to_majority,0.9398907103825137,0.0688638424105386,0.8797814207650273,0.13772768482107714,1.0,0.0,0.9440576911841062,0.064749977157114,1.0,0.0,0.8797814207650273,0.13772768482107714,1.0,0.0,0.09396495563046264,0.001565187114766313,0.27329446964075815,0.0034041536508236997,0.2030602625848398,0.00278054937996748,0.3,3
banknote_authentication,tabpfn_distpfn_t,observed,0.05,0.0,clean,1.0,0.0,1.0,0.0,1.0,0.0,1.0,0.0,1.0,0.0,1.0,0.0,1.0,0.0,4.625803001625076e-06,4.430108837846174e-06,0.0003181594407774333,8.328462469802393e-05,0.0003157818649444,8.130231243234725e-05,0.0,3
banknote_authentication,tabpfn_distpfn_t,observed,0.05,0.05,majority_to_minority,0.9978213507625272,0.0018867655855870618,0.9956427015250545,0.0037735311711740594,1.0,0.0,0.9975465596074496,0.0021247417066194963,0.9945799457994579,0.004693904627557975,1.0,0.0,1.0,0.0,0.0034070481493146,0.0012564956323971059,0.018318520921368733,0.005665201425655415,0.015251084692435302,0.005456952082834824,0.0588235294117647,3
banknote_authentication,tabpfn_distpfn_t,observed,0.05,0.05,minority_to_majority,0.9931693989071039,0.01183094813913156,0.9863387978142075,0.023661896278263435,0.9999553912496931,7.726462199357891e-05,0.993833721248324,0.010680308091535362,1.0,0.0,0.9863387978142075,0.023661896278263435,0.9999642844387299,6.18611667406298e-05,0.004565645477632704,0.007656612739120815,0.014955408658464633,0.020221626594414906,0.007745710665685267,0.007886278610731089,0.0625,3
banknote_authentication,tabpfn_distpfn_t,observed,0.05,0.1,majority_to_minority,0.9989106753812637,0.0018867655855870217,0.9978213507625272,0.0037735311711740434,1.0,0.0,0.9987732798037249,0.0021247417066194564,0.997289972899729,0.00469390462755799,1.0,0.0,1.0,0.0,0.003846825689216033,0.0022792151800127523,0.03747218478942737,0.005535617670143344,0.03497348447899113,0.003980596003464781,0.1111111111111111,3
banknote_authentication,tabpfn_distpfn_t,observed,0.05,0.1,minority_to_majority,0.9972677595628415,0.004732379255652643,0.9945355191256832,0.00946475851130535,1.0,0.0,0.9975403384494294,0.004260258775011949,1.0,0.0,0.9945355191256832,0.00946475851130535,1.0,0.0,0.0027932749122983,0.0021709072637645425,0.012051888066453067,0.004150122413468684,0.009805738255158401,0.002161115484705383,0.09375,3
banknote_authentication,tabpfn_distpfn_t,observed,0.05,0.2,majority_to_minority,0.9978213507625272,0.0018867655855871097,0.9956427015250545,0.0037735311711741075,1.0,0.0,0.9975465596074496,0.0021247417066195444,0.9945799457994579,0.004693904627557926,1.0,0.0,1.0,0.0,0.0099777691933755,0.001926158481212476,0.06738698545303203,0.003751641454547042,0.061326303714091264,0.003948293907292384,0.20000000000000004,3
banknote_authentication,tabpfn_distpfn_t,observed,0.05,0.2,minority_to_majority,1.0,0.0,1.0,0.0,1.0,0.0,1.0,0.0,1.0,0.0,1.0,0.0,1.0,0.0,0.0006140760612471333,0.0003169128127706945,0.011135259357268966,0.0026453095142290922,0.010804907308383765,0.0024802755708961616,0.1875,3
banknote_authentication,tabpfn_distpfn_t,observed,0.05,0.3,majority_to_minority,0.9989106753812637,0.0018867655855870698,0.9978213507625272,0.0037735311711740915,1.0,0.0,0.9987732798037249,0.0021247417066195045,0.997289972899729,0.004693904627557943,1.0,0.0,1.0,0.0,0.019203514407513198,0.0025443871435215752,0.10662285294449296,0.006348686224600938,0.09511210881336246,0.0055047759677625315,0.3043478260869565,3
banknote_authentication,tabpfn_distpfn_t,observed,0.05,0.3,minority_to_majority,0.9945355191256832,0.00946475851130535,0.9890710382513661,0.01892951702261063,1.0,0.0,0.9950716845878137,0.008536092689631621,1.0,0.0,0.9890710382513661,0.01892951702261063,1.0,0.0,0.0029140398570800335,0.002850904305785255,0.022166735185573966,0.006476802936215368,0.020064788920872666,0.004082860546398759,0.3125,3
banknote_authentication,tabpfn_distpfn_t,observed,0.1,0.0,clean,1.0,0.0,1.0,0.0,1.0,0.0,1.0,0.0,1.0,0.0,1.0,0.0,1.0,0.0,1.8878216386971349e-06,1.838553911836398e-06,0.0001937834515861333,0.00011295124721034828,0.00019282689419613334,0.00011205369001664974,0.0,3
banknote_authentication,tabpfn_distpfn_t,observed,0.1,0.05,majority_to_minority,1.0,0.0,1.0,0.0,1.0,0.0,1.0,0.0,1.0,0.0,1.0,0.0,1.0,0.0,0.0007111241701532666,0.0005465343104164608,0.012607426824285367,0.0022683272381591266,0.0121739093030365,0.0018781366414912383,0.044776119402985,3
banknote_authentication,tabpfn_distpfn_t,observed,0.1,0.05,minority_to_majority,1.0,0.0,1.0,0.0,1.0,0.0,1.0,0.0,1.0,0.0,1.0,0.0,1.0,0.0,0.0003774535482531,0.0002718707178024567,0.0044424707096408665,0.0006042405777188091,0.004229910947570367,0.0004811073785288222,0.046875,3
banknote_authentication,tabpfn_distpfn_t,observed,0.1,0.1,majority_to_minority,0.9978213507625272,0.0037735311711740915,0.9956427015250545,0.007547062342348014,1.0,0.0,0.9975484952217943,0.004246130830850074,0.9946236559139785,0.009312101115961625,1.0,0.0,1.0,0.0,0.004456590386444967,0.0020439090221693107,0.03187389084822947,0.005629831083694606,0.028979667372205697,0.0056509989214315335,0.09859154929577459,3
banknote_authentication,tabpfn_distpfn_t,observed,0.1,0.1,minority_to_majority,1.0,0.0,1.0,0.0,1.0,0.0,1.0,0.0,1.0,0.0,1.0,0.0,1.0,1.5700924586837752e-16,0.00042287457633183334,0.00038782410213278703,0.007635412612712801,0.0014526120567568274,0.0073807811175380005,0.0011928679508962305,0.09375,3
banknote_authentication,tabpfn_distpfn_t,observed,0.1,0.2,majority_to_minority,0.9945533769063181,0.004991912521738382,0.9891067538126362,0.009983825043476743,1.0,0.0,0.9938740387073169,0.005613437089288527,0.9866236559139785,0.012234499136841643,1.0,0.0,1.0,0.0,0.011578097402350898,0.004044827865134057,0.07592964633357914,0.008309715791004492,0.0674282572552613,0.004774692391606088,0.20000000000000004,3
banknote_authentication,tabpfn_distpfn_t,observed,0.1,0.2,minority_to_majority,1.0,0.0,1.0,0.0,1.0,0.0,1.0,0.0,1.0,0.0,1.0,0.0,1.0,1.5700924586837752e-16,0.0006070511339894,0.00011908095380486279,0.015138527901212132,0.0012394630545311234,0.0148223163374481,0.0011768300651228696,0.203125,3
banknote_authentication,tabpfn_distpfn_t,observed,0.1,0.3,majority_to_minority,1.0,0.0,1.0,0.0,1.0,0.0,1.0,0.0,1.0,0.0,1.0,0.0,1.0,0.0,0.017094677359351433,0.0008907024717948605,0.1038018401075607,0.007159069819736779,0.09391980372616447,0.006862792134246769,0.2967032967032967,3
banknote_authentication,tabpfn_distpfn_t,observed,0.1,0.3,minority_to_majority,1.0,0.0,1.0,0.0,1.0,0.0,1.0,0.0,1.0,0.0,1.0,0.0,1.0,0.0,0.0014616125121409,0.000360352281714311,0.024202672377926,0.0014431090196494053,0.023428525711056598,0.0012607722439833676,0.296875,3
banknote_authentication,tabpfn_distpfn_t,observed,0.2,0.0,clean,1.0,0.0,1.0,0.0,1.0,0.0,1.0,0.0,1.0,0.0,1.0,0.0,1.0,0.0,1.4108147383188878e-08,1.9171329139229925e-08,3.698381225647379e-05,8.84911789433818e-06,3.697674997327801e-05,8.839526947582141e-06,0.0,3
banknote_authentication,tabpfn_distpfn_t,observed,0.2,0.05,majority_to_minority,1.0,0.0,1.0,0.0,1.0,0.0,1.0,0.0,1.0,0.0,1.0,0.0,1.0,0.0,0.0009787896395727668,0.00029784372050830076,0.018924203390033232,0.0021093782550125947,0.018397094577560332,0.0019455531747606543,0.051851851851851795,3
banknote_authentication,tabpfn_distpfn_t,observed,0.2,0.05,minority_to_majority,1.0,0.0,1.0,0.0,1.0,0.0,1.0,0.0,1.0,0.0,1.0,0.0,1.0,0.0,0.0003068731195278323,0.0003273900761807243,0.005667464596789633,0.0007773812955124788,0.005488000751107401,0.0005866571467238395,0.046875,3
banknote_authentication,tabpfn_distpfn_t,observed,0.2,0.1,majority_to_minority,0.9934640522875817,0.011320593513522033,0.9869281045751634,0.02264118702704409,1.0,0.0,0.9926666666666666,0.01270170592217177,0.984375,0.027063293868263706,1.0,0.0,1.0,0.0,0.008957322298425068,0.011566096606493968,0.06703305974136912,0.05676405292701868,0.03950987315220433,0.011186441367345298,0.09859154929577459,3
banknote_authentication,tabpfn_distpfn_t,observed,0.2,0.1,minority_to_majority,1.0,0.0,1.0,0.0,1.0,0.0,1.0,0.0,1.0,0.0,1.0,0.0,1.0,0.0,0.0006924501264157667,0.0005665154668996951,0.013526262243595566,0.0016876503225177928,0.013153919445444966,0.001367721061168531,0.1015625,3
banknote_authentication,tabpfn_distpfn_t,observed,0.2,0.2,majority_to_minority,1.0,0.0,1.0,0.0,1.0,0.0,1.0,0.0,1.0,0.0,1.0,0.0,1.0,0.0,0.009870543808047966,0.0006540974416699795,0.0771911657062182,0.003462896843024265,0.0716909333379206,0.003122427624069212,0.20000000000000004,3
banknote_authentication,tabpfn_distpfn_t,observed,0.2,0.2,minority_to_majority,1.0,0.0,1.0,0.0,1.0,0.0,1.0,0.0,1.0,0.0,1.0,0.0,1.0,0.0,0.0015733481140148666,7.021925342181896e-06,0.027001820232245264,0.00018459771399327886,0.0261808175801663,0.0001829156397720594,0.203125,3
banknote_authentication,tabpfn_distpfn_t,observed,0.2,0.3,majority_to_minority,1.0,0.0,1.0,0.0,1.0,0.0,1.0,0.0,1.0,0.0,1.0,0.0,1.0,0.0,0.0221898348618921,0.00049935954382725,0.1223905194370843,0.0020765074568844864,0.10944781115792801,0.0017716018896011003,0.3005464480874317,3
banknote_authentication,tabpfn_distpfn_t,observed,0.2,0.3,minority_to_majority,1.0,0.0,1.0,0.0,1.0,0.0,1.0,0.0,1.0,0.0,1.0,0.0,1.0,0.0,0.0046071622979965,0.0002988586854033783,0.04753417664876136,0.0014682387815898338,0.04505561200532484,0.001297953521738234,0.296875,3
banknote_authentication,tabpfn_distpfn_t,observed,0.5,0.0,clean,1.0,0.0,1.0,0.0,1.0,0.0,1.0,0.0,1.0,0.0,1.0,0.0,1.0,0.0,2.101309503569769e-10,4.621717875428071e-11,1.3407403486121226e-05,3.638896440834449e-07,1.3407298418675712e-05,3.6386669488883287e-07,0.0,3
banknote_authentication,tabpfn_distpfn_t,observed,0.5,0.05,majority_to_minority,1.0,0.0,1.0,0.0,1.0,0.0,1.0,0.0,1.0,0.0,1.0,0.0,1.0,0.0,0.0010028603228842334,0.000377869994999507,0.021447509220297267,0.001324268352338508,0.020900931102771764,0.0010765230640972555,0.0504451038575667,3
banknote_authentication,tabpfn_distpfn_t,observed,0.5,0.05,minority_to_majority,1.0,0.0,1.0,0.0,1.0,0.0,1.0,0.0,1.0,0.0,1.0,0.0,1.0,0.0,0.0008750062098894333,4.080889320240433e-05,0.019380301862030432,0.00015354189372308386,0.018927642475200533,0.0001755816365301319,0.05000000000000001,3
banknote_authentication,tabpfn_distpfn_t,observed,0.5,0.1,majority_to_minority,1.0,0.0,1.0,0.0,1.0,0.0,1.0,0.0,1.0,0.0,1.0,0.0,1.0,0.0,0.003420388783621333,4.1349710954226304e-05,0.044958738893553035,6.124528963469387e-05,0.04315019915127,4.73387063479717e-05,0.1011235955056179,3
banknote_authentication,tabpfn_distpfn_t,observed,0.5,0.1,minority_to_majority,1.0,0.0,1.0,0.0,1.0,0.0,1.0,0.0,1.0,0.0,1.0,0.0,1.0,0.0,0.004021817880258933,3.852073449580234e-05,0.0432915432144104,0.0002303140488680728,0.041129593729144834,0.00020882971115777116,0.10000000000000002,3
banknote_authentication,tabpfn_distpfn_t,observed,0.5,0.2,majority_to_minority,1.0,0.0,1.0,0.0,1.0,0.0,1.0,0.0,1.0,0.0,1.0,0.0,1.0,0.0,0.019584985318653398,0.0006233267723767199,0.11429132021661514,0.00048321129145763227,0.102968599371438,6.839627486204293e-05,0.20000000000000004,3
banknote_authentication,tabpfn_distpfn_t,observed,0.5,0.2,minority_to_majority,1.0,0.0,1.0,0.0,1.0,0.0,1.0,0.0,1.0,0.0,1.0,0.0,1.0,0.0,0.015201526763739833,0.001853519453497717,0.08924262289790656,0.004131939722487412,0.08040604760475734,0.0027899376662559893,0.20000000000000004,3
banknote_authentication,tabpfn_distpfn_t,observed,0.5,0.3,majority_to_minority,0.9847494553376906,0.008224220517724066,0.9694989106753812,0.016448441035448295,1.0,0.0,0.982883256151994,0.009209414416494083,0.9634124410367684,0.01921893535269653,1.0,0.0,1.0,0.0,0.0716822727350946,0.0002753178646220713,0.2455852940264361,0.000661880749963251,0.19614808704704925,0.0008343630799663804,0.299781181619256,3
banknote_authentication,tabpfn_distpfn_t,observed,0.5,0.3,minority_to_majority,1.0,0.0,1.0,0.0,1.0,0.0,1.0,0.0,1.0,0.0,1.0,0.0,1.0,0.0,0.034486437305655065,0.0003054323468153018,0.14399648231115048,0.0015213142226052805,0.12247857136293887,0.001555915044443126,0.3,3
banknote_authentication,tabpfn_distpfn_t,oracle,0.05,0.0,clean,1.0,0.0,1.0,0.0,1.0,0.0,1.0,0.0,1.0,0.0,1.0,0.0,1.0,0.0,4.625803001625076e-06,4.430108837846174e-06,0.0003181594407774333,8.328462469802393e-05,0.0003157818649444,8.130231243234725e-05,0.0,3
banknote_authentication,tabpfn_distpfn_t,oracle,0.05,0.05,majority_to_minority,0.9978213507625272,0.0018867655855870618,0.9956427015250545,0.0037735311711740594,1.0,0.0,0.9975465596074496,0.0021247417066194963,0.9945799457994579,0.004693904627557975,1.0,0.0,1.0,0.0,0.0036504861069002665,0.001375579765140733,0.019309628036786364,0.005972648044459055,0.0160122854602787,0.005708535664655912,0.0588235294117647,3
banknote_authentication,tabpfn_distpfn_t,oracle,0.05,0.05,minority_to_majority,0.9931693989071039,0.01183094813913156,0.9863387978142075,0.023661896278263435,0.9999553912496931,7.726462199357891e-05,0.993833721248324,0.010680308091535362,1.0,0.0,0.9863387978142075,0.023661896278263435,0.9999642844387299,6.18611667406298e-05,0.0046669506289073,0.007844317653239516,0.015380332857156433,0.020888605994373064,0.007885165934749,0.008050925965809523,0.0625,3
banknote_authentication,tabpfn_distpfn_t,oracle,0.05,0.1,majority_to_minority,0.9989106753812637,0.0018867655855870217,0.9978213507625272,0.0037735311711740434,1.0,0.0,0.9987732798037249,0.0021247417066194564,0.997289972899729,0.00469390462755799,1.0,0.0,1.0,0.0,0.004661282865661201,0.0025630127499958123,0.04215057240191824,0.006031191515898964,0.03911159258765317,0.004278660591936112,0.1111111111111111,3
banknote_authentication,tabpfn_distpfn_t,oracle,0.05,0.1,minority_to_majority,0.9972677595628415,0.004732379255652643,0.9945355191256832,0.00946475851130535,1.0,0.0,0.9975403384494294,0.004260258775011949,1.0,0.0,0.9945355191256832,0.00946475851130535,1.0,0.0,0.003070938532530033,0.0023466777066537283,0.012854582335172067,0.004410157315185781,0.0103138420816203,0.002181134619704339,0.09375,3
banknote_authentication,tabpfn_distpfn_t,oracle,0.05,0.2,majority_to_minority,0.9945533769063181,0.004991912521738382,0.9891067538126362,0.009983825043476743,1.0,0.0,0.9938740387073169,0.005613437089288473,0.9866236559139785,0.012234499136841643,1.0,0.0,1.0,0.0,0.014281274854863668,0.002473327029106646,0.08348844804187694,0.004609019050871675,0.0745489083139179,0.004871516920487206,0.20000000000000004,3
banknote_authentication,tabpfn_distpfn_t,oracle,0.05,0.2,minority_to_majority,1.0,0.0,1.0,0.0,1.0,0.0,1.0,0.0,1.0,0.0,1.0,0.0,1.0,0.0,0.0007985802298348333,0.00046653950828573753,0.012944243916528432,0.0031674961964319637,0.012510856922799332,0.002928655701119747,0.1875,3
banknote_authentication,tabpfn_distpfn_t,oracle,0.05,0.3,majority_to_minority,0.9967320261437909,0.003267973856209208,0.9934640522875817,0.0065359477124182636,1.0,0.0,0.9963217750255192,0.003677257549380193,0.9919136288137075,0.008064604970239038,1.0,0.0,1.0,0.0,0.034266848585783834,0.0036042697807585644,0.15028506305204584,0.008969922432313194,0.1284576713350285,0.0076538624190921715,0.3043478260869565,3
banknote_authentication,tabpfn_distpfn_t,oracle,0.05,0.3,minority_to_majority,0.9931693989071039,0.011830948139131608,0.9863387978142075,0.023661896278263435,1.0,0.0,0.993833721248324,0.010680308091535362,1.0,0.0,0.9863387978142075,0.023661896278263435,1.0,0.0,0.004468388175842033,0.004039047140755236,0.030302319681462436,0.008848555577518558,0.026798934645943868,0.0049596192248746495,0.3125,3
banknote_authentication,tabpfn_distpfn_t,oracle,0.1,0.0,clean,1.0,0.0,1.0,0.0,1.0,0.0,1.0,0.0,1.0,0.0,1.0,0.0,1.0,0.0,1.8878216386971349e-06,1.838553911836398e-06,0.0001937834515861333,0.00011295124721034828,0.00019282689419613334,0.00011205369001664974,0.0,3
banknote_authentication,tabpfn_distpfn_t,oracle,0.1,0.05,majority_to_minority,1.0,0.0,1.0,0.0,1.0,0.0,1.0,0.0,1.0,0.0,1.0,0.0,1.0,0.0,0.0007718423872020668,0.0005807735976919886,0.0132589355902165,0.0023698315960766552,0.012786381023650033,0.001950051186582595,0.044776119402985,3
banknote_authentication,tabpfn_distpfn_t,oracle,0.1,0.05,minority_to_majority,1.0,0.0,1.0,0.0,1.0,0.0,1.0,0.0,1.0,0.0,1.0,0.0,1.0,0.0,0.00041252521224170003,0.000297405654175702,0.004641584831134333,0.0006448234217034456,0.004407896816116533,0.0005065548008316446,0.046875,3
banknote_authentication,tabpfn_distpfn_t,oracle,0.1,0.1,majority_to_minority,0.9956427015250545,0.0037735311711741075,0.9912854030501089,0.007547062342348014,1.0,0.0,0.9950969904435887,0.004246130830850074,0.989247311827957,0.009312101115961586,1.0,0.0,1.0,0.0,0.0052568919781908335,0.002293375827667885,0.03548244970289257,0.006306367668432852,0.032008357347468167,0.006387463207456197,0.09859154929577459,3
banknote_authentication,tabpfn_distpfn_t,oracle,0.1,0.1,minority_to_majority,1.0,0.0,1.0,0.0,1.0,0.0,1.0,0.0,1.0,0.0,1.0,0.0,1.0,1.5700924586837752e-16,0.0004476684146300333,0.0003601589598749395,0.0083129900774387,0.0014524326406878622,0.008052607445785434,0.001220487584546512,0.09375,3
banknote_authentication,tabpfn_distpfn_t,oracle,0.1,0.2,majority_to_minority,0.9923747276688454,0.008224220517724066,0.9847494553376906,0.016448441035448316,1.0,0.0,0.9914332257274271,0.009232786840523463,0.981500296333926,0.01979181237772627,1.0,0.0,1.0,0.0,0.016349442910621032,0.004851071121188299,0.09525071203166167,0.009486662227819218,0.08318319872251434,0.004919705890896427,0.20000000000000004,3
banknote_authentication,tabpfn_distpfn_t,oracle,0.1,0.2,minority_to_majority,1.0,0.0,1.0,0.0,1.0,0.0,1.0,0.0,1.0,0.0,1.0,0.0,1.0,1.5700924586837752e-16,0.0009265324329021,0.00020290630821845435,0.01895249207335323,0.001634413853506937,0.018465931041543267,0.0015284160979258726,0.203125,3
banknote_authentication,tabpfn_distpfn_t,oracle,0.1,0.3,majority_to_minority,0.9989106753812637,0.0018867655855870698,0.9978213507625272,0.0037735311711740915,1.0,0.0,0.9987732798037249,0.0021247417066195045,0.997289972899729,0.004693904627557943,1.0,0.0,1.0,0.0,0.03215701050561373,0.0022328303979867637,0.14910869647784955,0.010492124558476246,0.129428756323166,0.009599130325519067,0.2967032967032967,3
banknote_authentication,tabpfn_distpfn_t,oracle,0.1,0.3,minority_to_majority,1.0,0.0,1.0,0.0,1.0,0.0,1.0,0.0,1.0,0.0,1.0,0.0,1.0,0.0,0.0030317507089992,0.0006360266783628533,0.03548458130499637,0.0013114116649558718,0.03383947665556427,0.0009792620533579468,0.296875,3
banknote_authentication,tabpfn_distpfn_t,oracle,0.2,0.0,clean,1.0,0.0,1.0,0.0,1.0,0.0,1.0,0.0,1.0,0.0,1.0,0.0,1.0,0.0,1.4108147383188878e-08,1.9171329139229925e-08,3.698381225647379e-05,8.84911789433818e-06,3.697674997327801e-05,8.839526947582141e-06,0.0,3
banknote_authentication,tabpfn_distpfn_t,oracle,0.2,0.05,majority_to_minority,1.0,0.0,1.0,0.0,1.0,0.0,1.0,0.0,1.0,0.0,1.0,0.0,1.0,0.0,0.0011084478710832,0.00033569790464205477,0.020239886837942866,0.002248305943575109,0.019640509116541,0.0020626015038840563,0.051851851851851795,3
banknote_authentication,tabpfn_distpfn_t,oracle,0.2,0.05,minority_to_majority,1.0,0.0,1.0,0.0,1.0,0.0,1.0,0.0,1.0,0.0,1.0,0.0,1.0,0.0,0.0003383518862031002,0.00035729570638867985,0.0059914198112571,0.0008102868462972246,0.0057920716037539,0.0005987203590920662,0.046875,3
banknote_authentication,tabpfn_distpfn_t,oracle,0.2,0.1,majority_to_minority,0.9934640522875817,0.011320593513522033,0.9869281045751634,0.02264118702704409,1.0,0.0,0.9926666666666666,0.01270170592217177,0.984375,0.027063293868263706,1.0,0.0,1.0,0.0,0.0096213350104124,0.011602662006039313,0.07264434060400277,0.058228777824170914,0.0438774516611799,0.011108134782818236,0.09859154929577459,3
banknote_authentication,tabpfn_distpfn_t,oracle,0.2,0.1,minority_to_majority,1.0,0.0,1.0,0.0,1.0,0.0,1.0,0.0,1.0,0.0,1.0,0.0,1.0,0.0,0.0008901641224055667,0.0007121523614044103,0.0154670884765591,0.0018892179319050955,0.0149840382530681,0.0014801810361702885,0.1015625,3
banknote_authentication,tabpfn_distpfn_t,oracle,0.2,0.2,majority_to_minority,1.0,0.0,1.0,0.0,1.0,0.0,1.0,0.0,1.0,0.0,1.0,0.0,1.0,0.0,0.0160835878885172,0.0009778631159707792,0.10104798641197883,0.004475086206620804,0.09180908475593787,0.003939065226864535,0.20000000000000004,3
banknote_authentication,tabpfn_distpfn_t,oracle,0.2,0.2,minority_to_majority,1.0,0.0,1.0,0.0,1.0,0.0,1.0,0.0,1.0,0.0,1.0,0.0,1.0,0.0,0.0027313596428113333,4.1649725529714534e-05,0.035950745003956334,0.00041421779535614285,0.034506128638726666,0.0003929221321908357,0.203125,3
banknote_authentication,tabpfn_distpfn_t,oracle,0.2,0.3,majority_to_minority,0.9978213507625272,0.0037735311711740915,0.9956427015250545,0.007547062342348014,1.0,0.0,0.9975484952217943,0.004246130830850074,0.9946236559139785,0.009312101115961625,1.0,0.0,1.0,0.0,0.045131921361840736,0.0007604749871665806,0.18476918804844364,0.0030214101256060893,0.15644353499245373,0.002486106221510053,0.3005464480874317,3
banknote_authentication,tabpfn_distpfn_t,oracle,0.2,0.3,minority_to_majority,1.0,0.0,1.0,0.0,1.0,0.0,1.0,0.0,1.0,0.0,1.0,0.0,1.0,0.0,0.010467328751585667,0.0006138055683149381,0.07365845138267486,0.0021048345903040356,0.06779968072453933,0.001732501740554151,0.296875,3
banknote_authentication,tabpfn_distpfn_t,oracle,0.5,0.0,clean,1.0,0.0,1.0,0.0,1.0,0.0,1.0,0.0,1.0,0.0,1.0,0.0,1.0,0.0,2.101309503569769e-10,4.621717875428071e-11,1.3407403486121226e-05,3.638896440834449e-07,1.3407298418675712e-05,3.6386669488883287e-07,0.0,3
banknote_authentication,tabpfn_distpfn_t,oracle,0.5,0.05,majority_to_minority,1.0,0.0,1.0,0.0,1.0,0.0,1.0,0.0,1.0,0.0,1.0,0.0,1.0,0.0,0.0012108445177463334,0.0004339275386321944,0.023761890075114134,0.001439420271450728,0.023098789402420133,0.0011488573918465742,0.0504451038575667,3
banknote_authentication,tabpfn_distpfn_t,oracle,0.5,0.05,minority_to_majority,1.0,0.0,1.0,0.0,1.0,0.0,1.0,0.0,1.0,0.0,1.0,0.0,1.0,0.0,0.0010537736384254334,4.818094865841927e-05,0.021319802235945703,0.0001691409550668879,0.020772825487474198,0.00019545707830316198,0.05000000000000001,3
banknote_authentication,tabpfn_distpfn_t,oracle,0.5,0.1,majority_to_minority,1.0,0.0,1.0,0.0,1.0,0.0,1.0,0.0,1.0,0.0,1.0,0.0,1.0,0.0,0.005156266766509033,5.858592846226288e-05,0.055748247096873836,7.768454988011713e-05,0.052985517476987265,6.308918324657543e-05,0.1011235955056179,3
banknote_authentication,tabpfn_distpfn_t,oracle,0.5,0.1,minority_to_majority,1.0,0.0,1.0,0.0,1.0,0.0,1.0,0.0,1.0,0.0,1.0,0.0,1.0,0.0,0.005683271206537333,5.290540892835405e-05,0.05204178087356277,0.0002721404738150147,0.048943186560941175,0.00024220190355495302,0.10000000000000002,3
banknote_authentication,tabpfn_distpfn_t,oracle,0.5,0.2,majority_to_minority,0.9978213507625272,0.0037735311711740755,0.9956427015250545,0.007547062342348038,1.0,0.0,0.9975484952217943,0.004246130830850074,0.9946236559139785,0.009312101115961618,1.0,0.0,1.0,0.0,0.042422579389540804,0.0007254687982803068,0.17845396841991493,0.00032834569864415546,0.15200647324883354,0.0005721458020424337,0.20000000000000004,3
banknote_authentication,tabpfn_distpfn_t,oracle,0.5,0.2,minority_to_majority,0.9986338797814208,0.0023661896278263216,0.9972677595628415,0.004732379255652675,1.0,0.0,0.9987712407787206,0.0021282734015247023,1.0,0.0,0.9972677595628415,0.004732379255652675,1.0,0.0,0.027428494520697233,0.002613573759835554,0.12533057275819776,0.005163895477348844,0.10850188805532719,0.0029943236914367496,0.20000000000000004,3
banknote_authentication,tabpfn_distpfn_t,oracle,0.5,0.3,majority_to_minority,0.5740740740740741,0.06888632572445481,0.14814814814814814,0.13777265144890957,1.0,0.0,0.4477673155855495,0.1176552646597798,0.4858620966366745,0.042639555593202566,1.0,0.0,1.0,0.0,0.1756359510875497,0.0010745949917722868,0.4618732745379231,0.001084886251775929,0.31019819859078684,0.0014954371253220727,0.299781181619256,3
banknote_authentication,tabpfn_distpfn_t,oracle,0.5,0.3,minority_to_majority,0.9890710382513662,0.010313981468949027,0.9781420765027322,0.020627962937898304,1.0,0.0,0.9901409094742971,0.009309502510710575,1.0,0.0,0.9781420765027322,0.020627962937898304,1.0,0.0,0.0719476581901472,0.0008956630692649624,0.22802650343907338,0.002419591791128326,0.1774670711601886,0.0022443199175502665,0.3,3
banknote_authentication,tabpfn_downsample,,0.05,0.0,clean,0.9912854030501089,0.012372349337255449,0.982570806100218,0.024744698674510967,1.0,0.0,0.9902233102282919,0.013869217911445823,0.9792021176025715,0.02926582536478536,1.0,0.0,1.0,0.0,0.006256686756387307,0.009027168134965962,0.025043734970192067,0.033253709843555225,0.010723598851032067,0.010210853464450864,0.0,3
banknote_authentication,tabpfn_downsample,,0.05,0.05,majority_to_minority,0.9814814814814815,0.009983825043476832,0.9629629629629629,0.019967650086953614,0.9999109556929522,0.00015422926393144143,0.9792309151857097,0.011156513589124221,0.9559758770611687,0.02271164415161588,1.0,0.0,0.99992856887746,0.00012372233348110736,0.0159770896037419,0.006803981047209271,0.05842469508449233,0.0166920879452375,0.041072721214908466,0.0069973824011412555,0.0588235294117647,3
banknote_authentication,tabpfn_downsample,,0.05,0.05,minority_to_majority,0.9833833351191115,0.01132301234786661,0.9667666702382228,0.022646024695733256,0.9999328107502126,0.0001163751943542996,0.9816726292237332,0.013193881404261495,0.9638621794871794,0.03214359702390372,0.9972677595628415,0.004732379255652675,0.999946426658095,9.279175011083254e-05,0.011677085266758966,0.009138099642276415,0.03734264057129613,0.025979440180968417,0.017751273174671334,0.009580144272752491,0.0625,3
banknote_authentication,tabpfn_downsample,,0.05,0.1,majority_to_minority,0.9858387799564271,0.009983825043476722,0.971677559912854,0.019967650086953517,1.0,0.0,0.9841080407339245,0.011188542813562817,0.9660787580225189,0.023544467856990957,1.0,0.0,1.0,0.0,0.015295209052661999,0.002689810429261248,0.0826238319277763,0.002993227789979392,0.07084560767719233,0.006884604807769883,0.1111111111111111,3
banknote_authentication,tabpfn_downsample,,0.05,0.1,minority_to_majority,0.9967320261437909,0.003267973856209208,0.9934640522875817,0.006535947712418236,0.9999559316058523,7.63286976718587e-05,0.9963217750255192,0.0036772575493801652,0.9919136288137075,0.008064604970239038,1.0,0.0,0.9999642844387299,6.18611667406298e-05,0.0035447360714896997,0.002338877017391116,0.011927093068758601,0.006943444139360421,0.0084682410896868,0.004528963101546079,0.09375,3
banknote_authentication,tabpfn_downsample,,0.05,0.2,majority_to_minority,0.9978213507625272,0.0037735311711740434,0.9956427015250545,0.007547062342348014,1.0,0.0,0.9975484952217943,0.004246130830850074,0.9946236559139785,0.009312101115961674,1.0,0.0,1.0,0.0,0.018856008847554468,0.0014565174637091254,0.1067505925893783,0.0016752995584097107,0.09515499337152993,0.0012903579147480195,0.20000000000000004,3
banknote_authentication,tabpfn_downsample,,0.05,0.2,minority_to_majority,0.9931872566877389,0.008501396175625581,0.9863745133754777,0.017002792351251322,1.0,0.0,0.9926559712843533,0.009704459247810661,0.9868766404199475,0.022730325558646763,0.9972677595628415,0.004732379255652675,1.0,0.0,0.008028354961425,0.005825801025792179,0.03309484943747517,0.01635839827460618,0.0256152705656308,0.014097402457967409,0.1875,3
banknote_authentication,tabpfn_downsample,,0.05,0.3,majority_to_minority,0.9607843137254902,0.051047383502657764,0.9215686274509803,0.10209476700531572,0.9997299536056059,0.0004677340754914309,0.9562887004485526,0.05674022325428721,0.9182521716477575,0.10043437539280925,1.0,0.0,0.9997857066323798,0.00037116700044335417,0.0512109336753686,0.025361293984953584,0.1964227010806401,0.059019272468021695,0.1439790660142898,0.01075947112958671,0.3043478260869565,3
banknote_authentication,tabpfn_downsample,,0.05,0.3,minority_to_majority,0.9863745133754778,0.01310701490221831,0.9771063252259009,0.02674299092296098,0.9996903413479359,0.000536344518378341,0.9853238321037149,0.014647999060017125,0.9740226986128625,0.031869002553250536,0.9945355191256832,0.00946475851130535,0.9997499910711096,0.0004330281671839359,0.0101296694289582,0.008694776937886482,0.03234121234466627,0.02133824342478529,0.017641056729339497,0.008034906599688882,0.3125,3
banknote_authentication,tabpfn_downsample,,0.1,0.0,clean,0.9912854030501089,0.015094124684696125,0.982570806100218,0.03018824936939222,1.0,0.0,0.990234721778346,0.016913958029950587,0.9794871794871794,0.03552924733474625,1.0,0.0,1.0,0.0,0.007106986144208326,0.01202716538514688,0.02661492885090407,0.04247879339891885,0.009827378564161401,0.01357752841824822,0.0,3
banknote_authentication,tabpfn_downsample,,0.1,0.05,majority_to_minority,0.9967320261437909,0.005660296756761017,0.9934640522875817,0.011320593513522034,1.0,0.0,0.9963255434855226,0.0063643453732771865,0.992,0.01385640646055103,1.0,0.0,1.0,0.0,0.004293682635761734,0.005037710765526509,0.0329132433980703,0.014146326074069957,0.026761435338041966,0.004906509836980307,0.044776119402985,3
banknote_authentication,tabpfn_downsample,,0.1,0.05,minority_to_majority,0.9989106753812637,0.0018867655855870698,0.9978213507625272,0.0037735311711740915,1.0,0.0,0.9987732798037249,0.0021247417066195045,0.997289972899729,0.004693904627557943,1.0,0.0,1.0,0.0,0.0012584361284097918,0.0011473186687183058,0.004931453887062734,0.0038739207714939394,0.0040019428715899336,0.002998751960865714,0.046875,3
banknote_authentication,tabpfn_downsample,,0.1,0.1,majority_to_minority,0.9923747276688454,0.0018867655855869415,0.9847494553376906,0.0037735311711739952,1.0,0.0,0.9914225339291113,0.002118214542427112,0.981247311827957,0.004544305344589413,1.0,0.0,1.0,0.0,0.011005993932485502,0.002732523211617956,0.06017060950398437,0.005062407570403493,0.05239469010721546,0.0054895779437982,0.09859154929577459,3
banknote_authentication,tabpfn_downsample,,0.1,0.1,minority_to_majority,1.0,0.0,1.0,0.0,1.0,0.0,1.0,0.0,1.0,0.0,1.0,0.0,1.0,0.0,0.0008155386894941,0.00032363977835192704,0.005830479087308001,0.002984618987630426,0.0052929413105558,0.0029486342546042863,0.09375,3
banknote_authentication,tabpfn_downsample,,0.1,0.2,majority_to_minority,0.9847494553376905,0.01509412468469614,0.9694989106753814,0.03018824936939222,1.0,0.0,0.9829046800229317,0.016871570279379078,0.9639947865754318,0.03442655564082822,1.0,0.0,1.0,0.0,0.0219419741382201,0.009982460901014118,0.111420601606369,0.02263070328759426,0.09136247200496267,0.0075474040526606135,0.20000000000000004,3
banknote_authentication,tabpfn_downsample,,0.1,0.2,minority_to_majority,1.0,0.0,1.0,0.0,1.0,0.0,1.0,0.0,1.0,0.0,1.0,0.0,1.0,0.0,0.0010621984844570939,0.0012495776615249205,0.010408616702382734,0.010928897209783519,0.0097913836109254,0.010195395906026668,0.203125,3
banknote_authentication,tabpfn_downsample,,0.1,0.3,majority_to_minority,0.9869281045751633,0.017292492229180372,0.9738562091503269,0.034584984458360675,1.0,0.0,0.9853561848011374,0.0193473100314449,0.9693711306614533,0.0399059710781057,1.0,0.0,1.0,0.0,0.031051255141695336,0.002651281694060021,0.14409898718198136,0.003994492604568756,0.12411938179171446,0.006702566484935805,0.2967032967032967,3
banknote_authentication,tabpfn_downsample,,0.1,0.3,minority_to_majority,0.9879995714132647,0.011502185278319737,0.980356441301475,0.017333052949382474,0.9994461645343001,0.0009592711656257772,0.9877253377865136,0.011263917217069394,0.9838624338624339,0.015879628252337415,0.9890710382513661,0.018929517022610677,0.9995714132647594,0.0007423340008867083,0.0086940815672278,0.006905322037659884,0.0455117095261812,0.017921178626561327,0.036508650224599364,0.011771655881661885,0.296875,3
banknote_authentication,tabpfn_downsample,,0.2,0.0,clean,1.0,0.0,1.0,0.0,1.0,0.0,1.0,0.0,1.0,0.0,1.0,0.0,1.0,0.0,3.9108029124435006e-05,5.032825753011898e-05,0.0004721199366030939,0.0004985779772438315,0.0004510449297164985,0.00047138278916421315,0.0,3
banknote_authentication,tabpfn_downsample,,0.2,0.05,majority_to_minority,0.9978213507625272,0.0037735311711740915,0.9956427015250545,0.007547062342348014,1.0,0.0,0.9975484952217943,0.004246130830850074,0.9946236559139785,0.009312101115961625,1.0,0.0,1.0,0.0,0.0024167587398551,0.0022735109419251237,0.02739145606756203,0.005982496525651162,0.0258406109882123,0.004301248122913754,0.051851851851851795,3
banknote_authentication,tabpfn_downsample,,0.2,0.05,minority_to_majority,0.9972677595628415,0.004732379255652692,0.9945355191256832,0.00946475851130535,1.0,0.0,0.9975403384494294,0.004260258775011949,1.0,0.0,0.9945355191256832,0.00946475851130535,1.0,0.0,0.0010319146365418122,0.0013997062107974252,0.0058274444963899,0.005170011910944766,0.004995882448211766,0.0042638256837738975,0.046875,3
banknote_authentication,tabpfn_downsample,,0.2,0.1,majority_to_minority,0.9934640522875817,0.011320593513522033,0.9869281045751634,0.02264118702704409,1.0,0.0,0.9926666666666666,0.01270170592217177,0.984375,0.027063293868263706,1.0,0.0,1.0,0.0,0.007473418954759767,0.007038309459947952,0.05346096555391944,0.016437454857440317,0.046387490621118764,0.007336852600774347,0.09859154929577459,3
banknote_authentication,tabpfn_downsample,,0.2,0.1,minority_to_majority,0.9972677595628415,0.004732379255652675,0.9945355191256832,0.00946475851130535,1.0,0.0,0.9975403384494294,0.004260258775011926,1.0,0.0,0.9945355191256832,0.00946475851130535,1.0,0.0,0.00194873890238034,0.0019021096632351364,0.011786488816142034,0.008388322918337535,0.010432759626331034,0.007025939298781939,0.1015625,3
banknote_authentication,tabpfn_downsample,,0.2,0.2,majority_to_minority,1.0,0.0,1.0,0.0,1.0,0.0,1.0,0.0,1.0,0.0,1.0,0.0,1.0,0.0,0.013686100952327201,0.00151089857442929,0.09304389854272203,0.0048735475512069375,0.08523329228162761,0.003865705212633779,0.20000000000000004,3
banknote_authentication,tabpfn_downsample,,0.2,0.2,minority_to_majority,1.0,0.0,1.0,0.0,1.0,0.0,1.0,0.0,1.0,0.0,1.0,0.0,1.0,0.0,0.0017644636488208668,0.0009539903832944116,0.019915956693390933,0.008607724750330469,0.0188962516915335,0.008078479854906886,0.203125,3
banknote_authentication,tabpfn_downsample,,0.2,0.3,majority_to_minority,0.9978213507625272,0.0037735311711740915,0.9956427015250545,0.007547062342348014,1.0,0.0,0.9975484952217943,0.004246130830850074,0.9946236559139785,0.009312101115961625,1.0,0.0,1.0,0.0,0.027158753325541768,0.0018680557902293787,0.14013469715913132,0.008027406412409184,0.12016637676141477,0.0012635461735127373,0.3005464480874317,3
banknote_authentication,tabpfn_downsample,,0.2,0.3,minority_to_majority,1.0,0.0,1.0,0.0,1.0,0.0,1.0,0.0,1.0,0.0,1.0,0.0,1.0,0.0,0.0011658754665404,0.00026663985670049764,0.018712804031868733,0.006358522357378853,0.01808142948775743,0.006259623482411844,0.296875,3
banknote_authentication,tabpfn_downsample,,0.5,0.0,clean,1.0,0.0,1.0,0.0,1.0,0.0,1.0,0.0,1.0,0.0,1.0,0.0,1.0,0.0,2.7246189563771373e-10,1.6269653377232626e-10,1.3622436199511867e-05,6.912134533059367e-07,1.3680923623200436e-05,7.048201556463685e-07,0.0,3
banknote_authentication,tabpfn_downsample,,0.5,0.05,minority_to_majority,1.0,0.0,1.0,0.0,1.0,0.0,1.0,0.0,1.0,0.0,1.0,0.0,1.0,0.0,0.0005135668131211667,5.730184761204304e-06,0.014892692988117498,0.00032409344411344645,0.014629169923789568,0.0003259929417877009,0.05000000000000001,3
banknote_authentication,tabpfn_downsample,,0.5,0.1,minority_to_majority,1.0,0.0,1.0,0.0,1.0,0.0,1.0,0.0,1.0,0.0,1.0,0.0,1.0,0.0,0.0025454285399367,0.00041703866948937556,0.03408093750476834,0.002702274471356452,0.03273340430127223,0.002475811608646329,0.10000000000000002,3
banknote_authentication,tabpfn_downsample,,0.5,0.2,minority_to_majority,1.0,0.0,1.0,0.0,1.0,0.0,1.0,0.0,1.0,0.0,1.0,0.0,1.0,0.0,0.006218738388270101,0.0010290432061891815,0.055034025261799464,0.004266003700639355,0.05162083227319464,0.0036622614032793556,0.20000000000000004,3
banknote_authentication,tabpfn_downsample,,0.5,0.3,minority_to_majority,1.0,0.0,1.0,0.0,1.0,0.0,1.0,0.0,1.0,0.0,1.0,0.0,1.0,0.0,0.013512481003999667,0.0010067725272964439,0.08428659041722614,0.0035273618916047246,0.07656774897878864,0.0029667111584697247,0.3,3
banknote_authentication,tabpfn_none,,0.05,0.0,clean,1.0,0.0,1.0,0.0,1.0,0.0,1.0,0.0,1.0,0.0,1.0,0.0,1.0,0.0,1.1597756762663872e-05,9.437971449717828e-06,0.0005436313658719333,0.00029269485959367177,0.0005376514021344667,0.0002892394902799431,0.0,3
banknote_authentication,tabpfn_none,,0.05,0.05,majority_to_minority,0.9986338797814208,0.0023661896278262978,0.9972677595628415,0.004732379255652692,1.0,0.0,0.9987712407787206,0.0021282734015247023,1.0,0.0,0.9972677595628415,0.004732379255652692,1.0,0.0,0.000976802277970473,0.0013893926409554978,0.004974544824411433,0.004917059514088041,0.004275938487103666,0.0038940457345546645,0.0588235294117647,3
banknote_authentication,tabpfn_none,,0.05,0.05,minority_to_majority,0.9877049180327869,0.017864339932543744,0.9754098360655737,0.03572867986508747,0.9999553912496931,7.726462199357891e-05,0.9888752387635348,0.01618155444125955,1.0,0.0,0.9754098360655737,0.03572867986508747,0.9999642844387299,6.18611667406298e-05,0.011600570132335,0.01090091027971095,0.0542297717183828,0.04388955119458961,0.0268808631532451,0.004609212979062138,0.0625,3
banknote_authentication,tabpfn_none,,0.05,0.1,majority_to_minority,1.0,0.0,1.0,0.0,1.0,0.0,1.0,0.0,1.0,0.0,1.0,0.0,1.0,0.0,0.00022886650670744338,0.00022991821070065895,0.004938311564425567,0.0019842619245264907,0.004812524664413234,0.0018552063426034915,0.1111111111111111,3
banknote_authentication,tabpfn_none,,0.05,0.1,minority_to_majority,0.9795081967213114,0.0040983606557377095,0.9590163934426229,0.008196721311475474,1.0,0.0,0.9814985969587404,0.003717740862372096,1.0,0.0,0.9590163934426229,0.008196721311475474,1.0,0.0,0.019236084073781936,0.0003513881539012131,0.07878638058900829,0.006248555371384043,0.05053066267937093,0.01122991306527159,0.09375,3
banknote_authentication,tabpfn_none,,0.05,0.2,majority_to_minority,0.9945355191256832,0.00946475851130535,0.9890710382513661,0.018929517022610677,1.0,0.0,0.9950716845878137,0.008536092689631621,1.0,0.0,0.9890710382513661,0.018929517022610677,1.0,0.0,0.002251887014911767,0.003335367292874143,0.0122415064834058,0.00773212926333507,0.010150408533712166,0.004417430569397217,0.20000000000000004,3
banknote_authentication,tabpfn_none,,0.05,0.2,minority_to_majority,0.9562841530054644,0.034856149787358154,0.9125683060109289,0.0697122995747163,1.0,0.0,0.9600810721110257,0.03189646873828135,1.0,0.0,0.9125683060109289,0.0697122995747163,1.0,0.0,0.033010368545850065,0.010613503475123558,0.12059591213862098,0.019915430176476297,0.09484888606122693,0.012399500696728434,0.1875,3
banknote_authentication,tabpfn_none,,0.05,0.3,majority_to_minority,1.0,0.0,1.0,0.0,1.0,0.0,1.0,0.0,1.0,0.0,1.0,0.0,1.0,0.0,0.0009465204687633,0.0010440632666752062,0.014336183977623734,0.0035962472355145483,0.013771739125703267,0.0029265740283001963,0.3043478260869565,3
banknote_authentication,tabpfn_none,,0.05,0.3,minority_to_majority,0.9234972677595629,0.016563327394784267,0.8469945355191256,0.0331266547895687,1.0,0.0,0.9297643430994813,0.015605247688152635,1.0,0.0,0.8469945355191256,0.0331266547895687,1.0,0.0,0.06586289281646407,0.004573958552306283,0.2124066352844238,0.023678825405309842,0.15124499960072255,0.013338989342997414,0.3125,3
banknote_authentication,tabpfn_none,,0.1,0.0,clean,1.0,0.0,1.0,0.0,1.0,0.0,1.0,0.0,1.0,0.0,1.0,0.0,1.0,0.0,6.042243469057406e-05,9.802844532595788e-05,0.0007431934597358545,0.0009005172601744866,0.0007099385916179832,0.0008469425964378032,0.0,3
banknote_authentication,tabpfn_none,,0.1,0.05,majority_to_minority,1.0,0.0,1.0,0.0,1.0,0.0,1.0,0.0,1.0,0.0,1.0,0.0,1.0,0.0,2.5625219677749556e-05,2.2861849019188223e-05,0.0021300874262426667,0.0003006305606436022,0.0021167245552394668,0.0002888589159727261,0.044776119402985,3
banknote_authentication,tabpfn_none,,0.1,0.05,minority_to_majority,0.9904371584699453,0.008531418030598918,0.9808743169398907,0.01706283606119777,1.0,0.0,0.9913788728137868,0.007692686868736835,1.0,0.0,0.9808743169398907,0.01706283606119777,1.0,0.0,0.0064495750702916995,0.00244224302684449,0.026123187194267868,0.002083113739919614,0.02094920376952243,0.0020857103025138193,0.046875,3
banknote_authentication,tabpfn_none,,0.1,0.1,majority_to_minority,1.0,0.0,1.0,0.0,1.0,0.0,1.0,0.0,1.0,0.0,1.0,0.0,1.0,0.0,0.00021381678622366668,0.0001202081847422981,0.006016035098582467,0.0012446358973479,0.0059031543101776,0.001220427738890041,0.09859154929577459,3
banknote_authentication,tabpfn_none,,0.1,0.1,minority_to_majority,1.0,0.0,1.0,0.0,1.0,0.0,1.0,0.0,1.0,0.0,1.0,0.0,1.0,1.5700924586837752e-16,0.007897444379826334,0.002321503779891554,0.04873936747511223,0.003999245907741822,0.04380112793854834,0.002343701708250174,0.09375,3
banknote_authentication,tabpfn_none,,0.1,0.2,majority_to_minority,1.0,0.0,1.0,0.0,1.0,0.0,1.0,0.0,1.0,0.0,1.0,0.0,1.0,0.0,0.0009185771632473334,0.000587950547248295,0.014136125954488868,0.0024214427965519535,0.013575443399674899,0.002064945653055842,0.20000000000000004,3
banknote_authentication,tabpfn_none,,0.1,0.2,minority_to_majority,0.9986338797814208,0.0023661896278262978,0.9972677595628415,0.004732379255652643,1.0,0.0,0.9987712407787206,0.0021282734015247023,1.0,0.0,0.9972677595628415,0.004732379255652643,1.0,1.5700924586837752e-16,0.020567237089077567,0.003315768237043226,0.10238092641035713,0.007869718560062687,0.08958001683252703,0.0054756817324461415,0.203125,3
banknote_authentication,tabpfn_none,,0.1,0.3,majority_to_minority,1.0,0.0,1.0,0.0,1.0,0.0,1.0,0.0,1.0,0.0,1.0,0.0,1.0,0.0,0.0008015678031369666,3.0460853466125883e-05,0.020952848096688532,0.0011250354600252077,0.020539534299662567,0.0011323175563595746,0.2967032967032967,3
banknote_authentication,tabpfn_none,,0.1,0.3,minority_to_majority,0.9781420765027322,0.022572010439697126,0.9562841530054644,0.04514402087939428,1.0,0.0,0.9801819519338909,0.020509499068345927,1.0,0.0,0.9562841530054644,0.04514402087939428,1.0,0.0,0.043496565272410664,0.002242590450794722,0.16209009289741513,0.0010250213748191708,0.13263359000757294,0.002519334763276469,0.296875,3
banknote_authentication,tabpfn_none,,0.2,0.0,clean,1.0,0.0,1.0,0.0,1.0,0.0,1.0,0.0,1.0,0.0,1.0,0.0,1.0,0.0,7.050586869894461e-08,1.002847174575548e-07,3.4733153370325454e-05,1.9222015505376676e-05,3.4730044918074835e-05,1.917725674411718e-05,0.0,3
banknote_authentication,tabpfn_none,,0.2,0.05,majority_to_minority,1.0,0.0,1.0,0.0,1.0,0.0,1.0,0.0,1.0,0.0,1.0,0.0,1.0,0.0,0.00010429892912117833,3.24993567774963e-05,0.0058801807463168656,0.0006493249756051189,0.005826619551940367,0.0006325305404628424,0.051851851851851795,3
banknote_authentication,tabpfn_none,,0.2,0.05,minority_to_majority,0.9972677595628415,0.004732379255652692,0.9945355191256832,0.00946475851130535,1.0,0.0,0.9975403384494294,0.004260258775011949,1.0,0.0,0.9945355191256832,0.00946475851130535,1.0,0.0,0.0019309675359787668,0.0012927593019276048,0.018192802245418166,0.001477867005348236,0.016867022402990203,0.0006214706396882475,0.046875,3
banknote_authentication,tabpfn_none,,0.2,0.1,majority_to_minority,0.9934640522875817,0.011320593513522033,0.9869281045751634,0.02264118702704409,1.0,0.0,0.9926666666666666,0.01270170592217177,0.984375,0.027063293868263706,1.0,0.0,1.0,0.0,0.006310800478483167,0.010483175317737743,0.0361281223595142,0.04302861049256137,0.0173124560217062,0.010667239080497555,0.09859154929577459,3
banknote_authentication,tabpfn_none,,0.2,0.1,minority_to_majority,1.0,0.0,1.0,0.0,1.0,0.0,1.0,0.0,1.0,0.0,1.0,0.0,1.0,0.0,0.005896935006603533,0.003252515366804424,0.04512923210859293,0.0036276519013623216,0.04157515594318583,0.0012802032555345334,0.1015625,3
banknote_authentication,tabpfn_none,,0.2,0.2,majority_to_minority,1.0,0.0,1.0,0.0,1.0,0.0,1.0,0.0,1.0,0.0,1.0,0.0,1.0,0.0,0.0015457892247164667,0.0001249622938434372,0.028982857863108266,0.0012287539131587617,0.028175871588967002,0.0011740373094843545,0.20000000000000004,3
banknote_authentication,tabpfn_none,,0.2,0.2,minority_to_majority,1.0,0.0,1.0,0.0,1.0,0.0,1.0,0.0,1.0,0.0,1.0,0.0,1.0,0.0,0.015624181367456866,0.00024963472707232345,0.09150365988413489,0.0012053552482227813,0.08251001307738157,0.0010705277508817187,0.203125,3
banknote_authentication,tabpfn_none,,0.2,0.3,majority_to_minority,1.0,0.0,1.0,0.0,1.0,0.0,1.0,0.0,1.0,0.0,1.0,0.0,1.0,0.0,0.0047687583913405334,0.00015890058804997616,0.05315607165296867,0.0008758904248348319,0.05060085126847927,0.0008043786244441123,0.3005464480874317,3
banknote_authentication,tabpfn_none,,0.2,0.3,minority_to_majority,1.0,0.0,1.0,0.0,1.0,0.0,1.0,0.0,1.0,0.0,1.0,0.0,1.0,0.0,0.037866186350584,0.0012991233517094984,0.15286326408386222,0.0028450937146677533,0.12906540535334812,0.0018677759162362096,0.296875,3
banknote_authentication,tabpfn_none,,0.5,0.0,clean,1.0,0.0,1.0,0.0,1.0,0.0,1.0,0.0,1.0,0.0,1.0,0.0,1.0,0.0,1.9772181577189704e-10,3.357274009642183e-11,1.3419597962638363e-05,3.121653699237823e-07,1.3471367161731576e-05,3.068498270853386e-07,0.0,3
banknote_authentication,tabpfn_none,,0.5,0.05,majority_to_minority,1.0,0.0,1.0,0.0,1.0,0.0,1.0,0.0,1.0,0.0,1.0,0.0,1.0,0.0,0.0014127486695845667,0.0004757300513046586,0.0258568233499924,0.0014579796491179652,0.0250803895475286,0.0011327764082292402,0.0504451038575667,3
banknote_authentication,tabpfn_none,,0.5,0.05,minority_to_majority,1.0,0.0,1.0,0.0,1.0,0.0,1.0,0.0,1.0,0.0,1.0,0.0,1.0,0.0,0.0007090088911354,3.419201639099687e-05,0.0174036938697099,0.00013223143102573611,0.0170381751750193,0.00015051211812013092,0.05000000000000001,3
banknote_authentication,tabpfn_none,,0.5,0.1,majority_to_minority,1.0,0.0,1.0,0.0,1.0,0.0,1.0,0.0,1.0,0.0,1.0,0.0,1.0,0.0,0.0052119443813959,5.8897156261107544e-05,0.0560647311309973,6.791595065429909e-05,0.05327108010198126,5.2470247728118235e-05,0.1011235955056179,3
banknote_authentication,tabpfn_none,,0.5,0.1,minority_to_majority,1.0,0.0,1.0,0.0,1.0,0.0,1.0,0.0,1.0,0.0,1.0,0.0,1.0,0.0,0.003510312099630567,3.065985459863331e-05,0.04028934240341183,0.0001953159453401713,0.038411545192679,0.00017832642045472816,0.10000000000000002,3
banknote_authentication,tabpfn_none,,0.5,0.2,majority_to_minority,1.0,0.0,1.0,0.0,1.0,0.0,1.0,0.0,1.0,0.0,1.0,0.0,1.0,0.0,0.030958388000726634,0.0007572276539621192,0.14831802745660141,0.0005258131326993242,0.12968228661652761,0.00023077702233195203,0.20000000000000004,3
banknote_authentication,tabpfn_none,,0.5,0.2,minority_to_majority,1.0,0.0,1.0,0.0,1.0,0.0,1.0,0.0,1.0,0.0,1.0,0.0,1.0,0.0,0.015042727502683734,0.001652032667422416,0.0887337798873583,0.003497227552935832,0.07999954563272967,0.002287878360596275,0.20000000000000004,3
banknote_authentication,tabpfn_none,,0.5,0.3,majority_to_minority,0.954248366013072,0.02287581699346397,0.9084967320261438,0.045751633986928116,1.0,0.0,0.9489211501704095,0.025382699296496565,0.8986043884095309,0.045045827714366556,1.0,0.0,1.0,0.0,0.10517679403225577,0.00016962110672054086,0.317011425892512,0.0008277617019795291,0.23869522515571476,0.0007396793705762726,0.299781181619256,3
banknote_authentication,tabpfn_none,,0.5,0.3,minority_to_majority,1.0,0.0,1.0,0.0,1.0,0.0,1.0,0.0,1.0,0.0,1.0,0.0,1.0,0.0,0.03649948288997013,0.00022690942750547182,0.1489710410435994,0.001023421012592746,0.12603106631237918,0.0012058027980495758,0.3,3
banknote_authentication,tabpfn_threshold,observed,0.05,0.0,clean,1.0,0.0,1.0,0.0,1.0,0.0,1.0,0.0,1.0,0.0,1.0,0.0,1.0,0.0,1.1597756762663872e-05,9.437971449717828e-06,0.0005436313658719333,0.00029269485959367177,0.0005376514021344667,0.0002892394902799431,0.0,3
banknote_authentication,tabpfn_threshold,observed,0.05,0.05,majority_to_minority,0.9978213507625272,0.0018867655855870618,0.9956427015250545,0.0037735311711740594,1.0,0.0,0.9975465596074496,0.0021247417066194963,0.9945799457994579,0.004693904627557975,1.0,0.0,1.0,0.0,0.000976802277970473,0.0013893926409554978,0.004974544824411433,0.004917059514088041,0.004275938487103666,0.0038940457345546645,0.0588235294117647,3
banknote_authentication,tabpfn_threshold,observed,0.05,0.05,minority_to_majority,0.9931693989071039,0.01183094813913156,0.9863387978142075,0.023661896278263435,0.9999553912496931,7.726462199357891e-05,0.993833721248324,0.010680308091535362,1.0,0.0,0.9863387978142075,0.023661896278263435,0.9999642844387299,6.18611667406298e-05,0.011600570132335,0.01090091027971095,0.0542297717183828,0.04388955119458961,0.0268808631532451,0.004609212979062138,0.0625,3
banknote_authentication,tabpfn_threshold,observed,0.05,0.1,majority_to_minority,0.9989106753812637,0.0018867655855870217,0.9978213507625272,0.0037735311711740434,1.0,0.0,0.9987732798037249,0.0021247417066194564,0.997289972899729,0.00469390462755799,1.0,0.0,1.0,0.0,0.00022886650670744338,0.00022991821070065895,0.004938311564425567,0.0019842619245264907,0.004812524664413234,0.0018552063426034915,0.1111111111111111,3
banknote_authentication,tabpfn_threshold,observed,0.05,0.1,minority_to_majority,0.9972677595628415,0.004732379255652643,0.9945355191256832,0.00946475851130535,1.0,0.0,0.9975403384494294,0.004260258775011949,1.0,0.0,0.9945355191256832,0.00946475851130535,1.0,0.0,0.019236084073781936,0.0003513881539012131,0.07878638058900829,0.006248555371384043,0.05053066267937093,0.01122991306527159,0.09375,3
banknote_authentication,tabpfn_threshold,observed,0.05,0.2,majority_to_minority,0.9967320261437909,0.003267973856209222,0.9934640522875817,0.006535947712418277,1.0,0.0,0.9963217750255192,0.0036772575493802208,0.9919136288137075,0.008064604970238996,1.0,0.0,1.0,0.0,0.002251887014911767,0.003335367292874143,0.0122415064834058,0.00773212926333507,0.010150408533712166,0.004417430569397217,0.20000000000000004,3
banknote_authentication,tabpfn_threshold,observed,0.05,0.2,minority_to_majority,1.0,0.0,1.0,0.0,1.0,0.0,1.0,0.0,1.0,0.0,1.0,0.0,1.0,0.0,0.033010368545850065,0.010613503475123558,0.12059591213862098,0.019915430176476297,0.09484888606122693,0.012399500696728434,0.1875,3
banknote_authentication,tabpfn_threshold,observed,0.05,0.3,majority_to_minority,0.9978213507625272,0.0037735311711740915,0.9956427015250545,0.007547062342348014,1.0,0.0,0.9975484952217943,0.004246130830850074,0.9946236559139785,0.009312101115961625,1.0,0.0,1.0,0.0,0.0009465204687633,0.0010440632666752062,0.014336183977623734,0.0035962472355145483,0.013771739125703267,0.0029265740283001963,0.3043478260869565,3
banknote_authentication,tabpfn_threshold,observed,0.05,0.3,minority_to_majority,0.9986338797814208,0.0023661896278262978,0.9972677595628415,0.004732379255652692,1.0,0.0,0.9987712407787206,0.0021282734015247023,1.0,0.0,0.9972677595628415,0.004732379255652692,1.0,0.0,0.06586289281646407,0.004573958552306283,0.2124066352844238,0.023678825405309842,0.15124499960072255,0.013338989342997414,0.3125,3
banknote_authentication,tabpfn_threshold,observed,0.1,0.0,clean,1.0,0.0,1.0,0.0,1.0,0.0,1.0,0.0,1.0,0.0,1.0,0.0,1.0,0.0,6.042243469057406e-05,9.802844532595788e-05,0.0007431934597358545,0.0009005172601744866,0.0007099385916179832,0.0008469425964378032,0.0,3
banknote_authentication,tabpfn_threshold,observed,0.1,0.05,majority_to_minority,1.0,0.0,1.0,0.0,1.0,0.0,1.0,0.0,1.0,0.0,1.0,0.0,1.0,0.0,2.5625219677749556e-05,2.2861849019188223e-05,0.0021300874262426667,0.0003006305606436022,0.0021167245552394668,0.0002888589159727261,0.044776119402985,3
banknote_authentication,tabpfn_threshold,observed,0.1,0.05,minority_to_majority,1.0,0.0,1.0,0.0,1.0,0.0,1.0,0.0,1.0,0.0,1.0,0.0,1.0,0.0,0.0064495750702916995,0.00244224302684449,0.026123187194267868,0.002083113739919614,0.02094920376952243,0.0020857103025138193,0.046875,3
banknote_authentication,tabpfn_threshold,observed,0.1,0.1,majority_to_minority,0.9967320261437909,0.003267973856209222,0.9934640522875817,0.006535947712418277,1.0,0.0,0.9963217750255192,0.0036772575493802208,0.9919136288137075,0.008064604970238996,1.0,0.0,1.0,0.0,0.00021381678622366668,0.0001202081847422981,0.006016035098582467,0.0012446358973479,0.0059031543101776,0.001220427738890041,0.09859154929577459,3
banknote_authentication,tabpfn_threshold,observed,0.1,0.1,minority_to_majority,1.0,0.0,1.0,0.0,1.0,0.0,1.0,0.0,1.0,0.0,1.0,0.0,1.0,1.5700924586837752e-16,0.007897444379826334,0.002321503779891554,0.04873936747511223,0.003999245907741822,0.04380112793854834,0.002343701708250174,0.09375,3
banknote_authentication,tabpfn_threshold,observed,0.1,0.2,majority_to_minority,0.9945533769063181,0.004991912521738382,0.9891067538126362,0.009983825043476743,1.0,0.0,0.9938740387073169,0.005613437089288527,0.9866236559139785,0.012234499136841643,1.0,0.0,1.0,0.0,0.0009185771632473334,0.000587950547248295,0.014136125954488868,0.0024214427965519535,0.013575443399674899,0.002064945653055842,0.20000000000000004,3
banknote_authentication,tabpfn_threshold,observed,0.1,0.2,minority_to_majority,1.0,0.0,1.0,0.0,1.0,0.0,1.0,0.0,1.0,0.0,1.0,0.0,1.0,1.5700924586837752e-16,0.020567237089077567,0.003315768237043226,0.10238092641035713,0.007869718560062687,0.08958001683252703,0.0054756817324461415,0.203125,3
banknote_authentication,tabpfn_threshold,observed,0.1,0.3,majority_to_minority,1.0,0.0,1.0,0.0,1.0,0.0,1.0,0.0,1.0,0.0,1.0,0.0,1.0,0.0,0.0008015678031369666,3.0460853466125883e-05,0.020952848096688532,0.0011250354600252077,0.020539534299662567,0.0011323175563595746,0.2967032967032967,3
banknote_authentication,tabpfn_threshold,observed,0.1,0.3,minority_to_majority,1.0,0.0,1.0,0.0,1.0,0.0,1.0,0.0,1.0,0.0,1.0,0.0,1.0,0.0,0.043496565272410664,0.002242590450794722,0.16209009289741513,0.0010250213748191708,0.13263359000757294,0.002519334763276469,0.296875,3
banknote_authentication,tabpfn_threshold,observed,0.2,0.0,clean,1.0,0.0,1.0,0.0,1.0,0.0,1.0,0.0,1.0,0.0,1.0,0.0,1.0,0.0,7.050586869894461e-08,1.002847174575548e-07,3.4733153370325454e-05,1.9222015505376676e-05,3.4730044918074835e-05,1.917725674411718e-05,0.0,3
banknote_authentication,tabpfn_threshold,observed,0.2,0.05,majority_to_minority,1.0,0.0,1.0,0.0,1.0,0.0,1.0,0.0,1.0,0.0,1.0,0.0,1.0,0.0,0.00010429892912117833,3.24993567774963e-05,0.0058801807463168656,0.0006493249756051189,0.005826619551940367,0.0006325305404628424,0.051851851851851795,3
banknote_authentication,tabpfn_threshold,observed,0.2,0.05,minority_to_majority,1.0,0.0,1.0,0.0,1.0,0.0,1.0,0.0,1.0,0.0,1.0,0.0,1.0,0.0,0.0019309675359787668,0.0012927593019276048,0.018192802245418166,0.001477867005348236,0.016867022402990203,0.0006214706396882475,0.046875,3
banknote_authentication,tabpfn_threshold,observed,0.2,0.1,majority_to_minority,0.9934640522875817,0.011320593513522033,0.9869281045751634,0.02264118702704409,1.0,0.0,0.9926666666666666,0.01270170592217177,0.984375,0.027063293868263706,1.0,0.0,1.0,0.0,0.006310800478483167,0.010483175317737743,0.0361281223595142,0.04302861049256137,0.0173124560217062,0.010667239080497555,0.09859154929577459,3
banknote_authentication,tabpfn_threshold,observed,0.2,0.1,minority_to_majority,1.0,0.0,1.0,0.0,1.0,0.0,1.0,0.0,1.0,0.0,1.0,0.0,1.0,0.0,0.005896935006603533,0.003252515366804424,0.04512923210859293,0.0036276519013623216,0.04157515594318583,0.0012802032555345334,0.1015625,3
banknote_authentication,tabpfn_threshold,observed,0.2,0.2,majority_to_minority,1.0,0.0,1.0,0.0,1.0,0.0,1.0,0.0,1.0,0.0,1.0,0.0,1.0,0.0,0.0015457892247164667,0.0001249622938434372,0.028982857863108266,0.0012287539131587617,0.028175871588967002,0.0011740373094843545,0.20000000000000004,3
banknote_authentication,tabpfn_threshold,observed,0.2,0.2,minority_to_majority,1.0,0.0,1.0,0.0,1.0,0.0,1.0,0.0,1.0,0.0,1.0,0.0,1.0,0.0,0.015624181367456866,0.00024963472707232345,0.09150365988413489,0.0012053552482227813,0.08251001307738157,0.0010705277508817187,0.203125,3
banknote_authentication,tabpfn_threshold,observed,0.2,0.3,majority_to_minority,1.0,0.0,1.0,0.0,1.0,0.0,1.0,0.0,1.0,0.0,1.0,0.0,1.0,0.0,0.0047687583913405334,0.00015890058804997616,0.05315607165296867,0.0008758904248348319,0.05060085126847927,0.0008043786244441123,0.3005464480874317,3
banknote_authentication,tabpfn_threshold,observed,0.2,0.3,minority_to_majority,1.0,0.0,1.0,0.0,1.0,0.0,1.0,0.0,1.0,0.0,1.0,0.0,1.0,0.0,0.037866186350584,0.0012991233517094984,0.15286326408386222,0.0028450937146677533,0.12906540535334812,0.0018677759162362096,0.296875,3
banknote_authentication,tabpfn_threshold,observed,0.5,0.0,clean,1.0,0.0,1.0,0.0,1.0,0.0,1.0,0.0,1.0,0.0,1.0,0.0,1.0,0.0,1.9772181577189704e-10,3.357274009642183e-11,1.3419597962638363e-05,3.121653699237823e-07,1.3471367161731576e-05,3.068498270853386e-07,0.0,3
banknote_authentication,tabpfn_threshold,observed,0.5,0.05,majority_to_minority,1.0,0.0,1.0,0.0,1.0,0.0,1.0,0.0,1.0,0.0,1.0,0.0,1.0,0.0,0.0014127486695845667,0.0004757300513046586,0.0258568233499924,0.0014579796491179652,0.0250803895475286,0.0011327764082292402,0.0504451038575667,3
banknote_authentication,tabpfn_threshold,observed,0.5,0.05,minority_to_majority,1.0,0.0,1.0,0.0,1.0,0.0,1.0,0.0,1.0,0.0,1.0,0.0,1.0,0.0,0.0007090088911354,3.419201639099687e-05,0.0174036938697099,0.00013223143102573611,0.0170381751750193,0.00015051211812013092,0.05000000000000001,3
banknote_authentication,tabpfn_threshold,observed,0.5,0.1,majority_to_minority,1.0,0.0,1.0,0.0,1.0,0.0,1.0,0.0,1.0,0.0,1.0,0.0,1.0,0.0,0.0052119443813959,5.8897156261107544e-05,0.0560647311309973,6.791595065429909e-05,0.05327108010198126,5.2470247728118235e-05,0.1011235955056179,3
banknote_authentication,tabpfn_threshold,observed,0.5,0.1,minority_to_majority,1.0,0.0,1.0,0.0,1.0,0.0,1.0,0.0,1.0,0.0,1.0,0.0,1.0,0.0,0.003510312099630567,3.065985459863331e-05,0.04028934240341183,0.0001953159453401713,0.038411545192679,0.00017832642045472816,0.10000000000000002,3
banknote_authentication,tabpfn_threshold,observed,0.5,0.2,majority_to_minority,1.0,0.0,1.0,0.0,1.0,0.0,1.0,0.0,1.0,0.0,1.0,0.0,1.0,0.0,0.030958388000726634,0.0007572276539621192,0.14831802745660141,0.0005258131326993242,0.12968228661652761,0.00023077702233195203,0.20000000000000004,3
banknote_authentication,tabpfn_threshold,observed,0.5,0.2,minority_to_majority,1.0,0.0,1.0,0.0,1.0,0.0,1.0,0.0,1.0,0.0,1.0,0.0,1.0,0.0,0.015042727502683734,0.001652032667422416,0.0887337798873583,0.003497227552935832,0.07999954563272967,0.002287878360596275,0.20000000000000004,3
banknote_authentication,tabpfn_threshold,observed,0.5,0.3,majority_to_minority,0.9945533769063181,0.004991912521738382,0.9891067538126362,0.009983825043476743,1.0,0.0,0.9938740387073169,0.005613437089288473,0.9866236559139785,0.012234499136841643,1.0,0.0,1.0,0.0,0.10517679403225577,0.00016962110672054086,0.317011425892512,0.0008277617019795291,0.23869522515571476,0.0007396793705762726,0.299781181619256,3
banknote_authentication,tabpfn_threshold,observed,0.5,0.3,minority_to_majority,1.0,0.0,1.0,0.0,1.0,0.0,1.0,0.0,1.0,0.0,1.0,0.0,1.0,0.0,0.03649948288997013,0.00022690942750547182,0.1489710410435994,0.001023421012592746,0.12603106631237918,0.0012058027980495758,0.3,3
banknote_authentication,tabpfn_threshold,oracle,0.05,0.0,clean,1.0,0.0,1.0,0.0,1.0,0.0,1.0,0.0,1.0,0.0,1.0,0.0,1.0,0.0,1.1597756762663872e-05,9.437971449717828e-06,0.0005436313658719333,0.00029269485959367177,0.0005376514021344667,0.0002892394902799431,0.0,3
banknote_authentication,tabpfn_threshold,oracle,0.05,0.05,majority_to_minority,0.9967320261437908,0.0,0.9934640522875816,0.0,1.0,0.0,0.9963198394111744,0.0,0.991869918699187,0.0,1.0,0.0,1.0,0.0,0.000976802277970473,0.0013893926409554978,0.004974544824411433,0.004917059514088041,0.004275938487103666,0.0038940457345546645,0.0588235294117647,3
banknote_authentication,tabpfn_threshold,oracle,0.05,0.05,minority_to_majority,0.9931693989071039,0.01183094813913156,0.9863387978142075,0.023661896278263435,0.9999553912496931,7.726462199357891e-05,0.993833721248324,0.010680308091535362,1.0,0.0,0.9863387978142075,0.023661896278263435,0.9999642844387299,6.18611667406298e-05,0.011600570132335,0.01090091027971095,0.0542297717183828,0.04388955119458961,0.0268808631532451,0.004609212979062138,0.0625,3
banknote_authentication,tabpfn_threshold,oracle,0.05,0.1,majority_to_minority,0.9989106753812637,0.0018867655855870217,0.9978213507625272,0.0037735311711740434,1.0,0.0,0.9987732798037249,0.0021247417066194564,0.997289972899729,0.00469390462755799,1.0,0.0,1.0,0.0,0.00022886650670744338,0.00022991821070065895,0.004938311564425567,0.0019842619245264907,0.004812524664413234,0.0018552063426034915,0.1111111111111111,3
banknote_authentication,tabpfn_threshold,oracle,0.05,0.1,minority_to_majority,0.9972677595628415,0.004732379255652643,0.9945355191256832,0.00946475851130535,1.0,0.0,0.9975403384494294,0.004260258775011949,1.0,0.0,0.9945355191256832,0.00946475851130535,1.0,0.0,0.019236084073781936,0.0003513881539012131,0.07878638058900829,0.006248555371384043,0.05053066267937093,0.01122991306527159,0.09375,3
banknote_authentication,tabpfn_threshold,oracle,0.05,0.2,majority_to_minority,0.9945533769063181,0.004991912521738382,0.9891067538126362,0.009983825043476743,1.0,0.0,0.9938740387073169,0.005613437089288473,0.9866236559139785,0.012234499136841643,1.0,0.0,1.0,0.0,0.002251887014911767,0.003335367292874143,0.0122415064834058,0.00773212926333507,0.010150408533712166,0.004417430569397217,0.20000000000000004,3
banknote_authentication,tabpfn_threshold,oracle,0.05,0.2,minority_to_majority,1.0,0.0,1.0,0.0,1.0,0.0,1.0,0.0,1.0,0.0,1.0,0.0,1.0,0.0,0.033010368545850065,0.010613503475123558,0.12059591213862098,0.019915430176476297,0.09484888606122693,0.012399500696728434,0.1875,3
banknote_authentication,tabpfn_threshold,oracle,0.05,0.3,majority_to_minority,0.9923747276688454,0.010505066188445416,0.9847494553376906,0.021010132376890926,1.0,0.0,0.9914399464703915,0.011783887997394042,0.981664972899729,0.02504839506490197,1.0,0.0,1.0,0.0,0.0009465204687633,0.0010440632666752062,0.014336183977623734,0.0035962472355145483,0.013771739125703267,0.0029265740283001963,0.3043478260869565,3
banknote_authentication,tabpfn_threshold,oracle,0.05,0.3,minority_to_majority,0.9959016393442622,0.007098568883479053,0.9918032786885246,0.014197137766958082,1.0,0.0,0.9963071882259732,0.00639613761540297,1.0,0.0,0.9918032786885246,0.014197137766958082,1.0,0.0,0.06586289281646407,0.004573958552306283,0.2124066352844238,0.023678825405309842,0.15124499960072255,0.013338989342997414,0.3125,3
banknote_authentication,tabpfn_threshold,oracle,0.1,0.0,clean,1.0,0.0,1.0,0.0,1.0,0.0,1.0,0.0,1.0,0.0,1.0,0.0,1.0,0.0,6.042243469057406e-05,9.802844532595788e-05,0.0007431934597358545,0.0009005172601744866,0.0007099385916179832,0.0008469425964378032,0.0,3
banknote_authentication,tabpfn_threshold,oracle,0.1,0.05,majority_to_minority,0.9989106753812637,0.0018867655855870217,0.9978213507625272,0.0037735311711740434,1.0,0.0,0.9987732798037249,0.0021247417066194564,0.997289972899729,0.00469390462755799,1.0,0.0,1.0,0.0,2.5625219677749556e-05,2.2861849019188223e-05,0.0021300874262426667,0.0003006305606436022,0.0021167245552394668,0.0002888589159727261,0.044776119402985,3
banknote_authentication,tabpfn_threshold,oracle,0.1,0.05,minority_to_majority,1.0,0.0,1.0,0.0,1.0,0.0,1.0,0.0,1.0,0.0,1.0,0.0,1.0,0.0,0.0064495750702916995,0.00244224302684449,0.026123187194267868,0.002083113739919614,0.02094920376952243,0.0020857103025138193,0.046875,3
banknote_authentication,tabpfn_threshold,oracle,0.1,0.1,majority_to_minority,0.9956427015250545,0.0037735311711741075,0.9912854030501089,0.007547062342348014,1.0,0.0,0.9950969904435887,0.004246130830850074,0.989247311827957,0.009312101115961586,1.0,0.0,1.0,0.0,0.00021381678622366668,0.0001202081847422981,0.006016035098582467,0.0012446358973479,0.0059031543101776,0.001220427738890041,0.09859154929577459,3
banknote_authentication,tabpfn_threshold,oracle,0.1,0.1,minority_to_majority,1.0,0.0,1.0,0.0,1.0,0.0,1.0,0.0,1.0,0.0,1.0,0.0,1.0,1.5700924586837752e-16,0.007897444379826334,0.002321503779891554,0.04873936747511223,0.003999245907741822,0.04380112793854834,0.002343701708250174,0.09375,3
banknote_authentication,tabpfn_threshold,oracle,0.1,0.2,majority_to_minority,0.9923747276688454,0.008224220517724066,0.9847494553376906,0.016448441035448316,1.0,0.0,0.9914332257274271,0.009232786840523463,0.981500296333926,0.01979181237772627,1.0,0.0,1.0,0.0,0.0009185771632473334,0.000587950547248295,0.014136125954488868,0.0024214427965519535,0.013575443399674899,0.002064945653055842,0.20000000000000004,3
banknote_authentication,tabpfn_threshold,oracle,0.1,0.2,minority_to_majority,1.0,0.0,1.0,0.0,1.0,0.0,1.0,0.0,1.0,0.0,1.0,0.0,1.0,1.5700924586837752e-16,0.020567237089077567,0.003315768237043226,0.10238092641035713,0.007869718560062687,0.08958001683252703,0.0054756817324461415,0.203125,3
banknote_authentication,tabpfn_threshold,oracle,0.1,0.3,majority_to_minority,0.9989106753812637,0.0018867655855870698,0.9978213507625272,0.0037735311711740915,1.0,0.0,0.9987732798037249,0.0021247417066195045,0.997289972899729,0.004693904627557943,1.0,0.0,1.0,0.0,0.0008015678031369666,3.0460853466125883e-05,0.020952848096688532,0.0011250354600252077,0.020539534299662567,0.0011323175563595746,0.2967032967032967,3
banknote_authentication,tabpfn_threshold,oracle,0.1,0.3,minority_to_majority,1.0,0.0,1.0,0.0,1.0,0.0,1.0,0.0,1.0,0.0,1.0,0.0,1.0,0.0,0.043496565272410664,0.002242590450794722,0.16209009289741513,0.0010250213748191708,0.13263359000757294,0.002519334763276469,0.296875,3
banknote_authentication,tabpfn_threshold,oracle,0.2,0.0,clean,1.0,0.0,1.0,0.0,1.0,0.0,1.0,0.0,1.0,0.0,1.0,0.0,1.0,0.0,7.050586869894461e-08,1.002847174575548e-07,3.4733153370325454e-05,1.9222015505376676e-05,3.4730044918074835e-05,1.917725674411718e-05,0.0,3
banknote_authentication,tabpfn_threshold,oracle,0.2,0.05,majority_to_minority,1.0,0.0,1.0,0.0,1.0,0.0,1.0,0.0,1.0,0.0,1.0,0.0,1.0,0.0,0.00010429892912117833,3.24993567774963e-05,0.0058801807463168656,0.0006493249756051189,0.005826619551940367,0.0006325305404628424,0.051851851851851795,3
banknote_authentication,tabpfn_threshold,oracle,0.2,0.05,minority_to_majority,1.0,0.0,1.0,0.0,1.0,0.0,1.0,0.0,1.0,0.0,1.0,0.0,1.0,0.0,0.0019309675359787668,0.0012927593019276048,0.018192802245418166,0.001477867005348236,0.016867022402990203,0.0006214706396882475,0.046875,3
banknote_authentication,tabpfn_threshold,oracle,0.2,0.1,majority_to_minority,0.9934640522875817,0.011320593513522033,0.9869281045751634,0.02264118702704409,1.0,0.0,0.9926666666666666,0.01270170592217177,0.984375,0.027063293868263706,1.0,0.0,1.0,0.0,0.006310800478483167,0.010483175317737743,0.0361281223595142,0.04302861049256137,0.0173124560217062,0.010667239080497555,0.09859154929577459,3
banknote_authentication,tabpfn_threshold,oracle,0.2,0.1,minority_to_majority,1.0,0.0,1.0,0.0,1.0,0.0,1.0,0.0,1.0,0.0,1.0,0.0,1.0,0.0,0.005896935006603533,0.003252515366804424,0.04512923210859293,0.0036276519013623216,0.04157515594318583,0.0012802032555345334,0.1015625,3
banknote_authentication,tabpfn_threshold,oracle,0.2,0.2,majority_to_minority,1.0,0.0,1.0,0.0,1.0,0.0,1.0,0.0,1.0,0.0,1.0,0.0,1.0,0.0,0.0015457892247164667,0.0001249622938434372,0.028982857863108266,0.0012287539131587617,0.028175871588967002,0.0011740373094843545,0.20000000000000004,3
banknote_authentication,tabpfn_threshold,oracle,0.2,0.2,minority_to_majority,1.0,0.0,1.0,0.0,1.0,0.0,1.0,0.0,1.0,0.0,1.0,0.0,1.0,0.0,0.015624181367456866,0.00024963472707232345,0.09150365988413489,0.0012053552482227813,0.08251001307738157,0.0010705277508817187,0.203125,3
banknote_authentication,tabpfn_threshold,oracle,0.2,0.3,majority_to_minority,0.9978213507625272,0.0037735311711740915,0.9956427015250545,0.007547062342348014,1.0,0.0,0.9975484952217943,0.004246130830850074,0.9946236559139785,0.009312101115961625,1.0,0.0,1.0,0.0,0.0047687583913405334,0.00015890058804997616,0.05315607165296867,0.0008758904248348319,0.05060085126847927,0.0008043786244441123,0.3005464480874317,3
banknote_authentication,tabpfn_threshold,oracle,0.2,0.3,minority_to_majority,1.0,0.0,1.0,0.0,1.0,0.0,1.0,0.0,1.0,0.0,1.0,0.0,1.0,0.0,0.037866186350584,0.0012991233517094984,0.15286326408386222,0.0028450937146677533,0.12906540535334812,0.0018677759162362096,0.296875,3
banknote_authentication,tabpfn_threshold,oracle,0.5,0.0,clean,1.0,0.0,1.0,0.0,1.0,0.0,1.0,0.0,1.0,0.0,1.0,0.0,1.0,0.0,1.9772181577189704e-10,3.357274009642183e-11,1.3419597962638363e-05,3.121653699237823e-07,1.3471367161731576e-05,3.068498270853386e-07,0.0,3
banknote_authentication,tabpfn_threshold,oracle,0.5,0.05,majority_to_minority,1.0,0.0,1.0,0.0,1.0,0.0,1.0,0.0,1.0,0.0,1.0,0.0,1.0,0.0,0.0014127486695845667,0.0004757300513046586,0.0258568233499924,0.0014579796491179652,0.0250803895475286,0.0011327764082292402,0.0504451038575667,3
banknote_authentication,tabpfn_threshold,oracle,0.5,0.05,minority_to_majority,1.0,0.0,1.0,0.0,1.0,0.0,1.0,0.0,1.0,0.0,1.0,0.0,1.0,0.0,0.0007090088911354,3.419201639099687e-05,0.0174036938697099,0.00013223143102573611,0.0170381751750193,0.00015051211812013092,0.05000000000000001,3
banknote_authentication,tabpfn_threshold,oracle,0.5,0.1,majority_to_minority,1.0,0.0,1.0,0.0,1.0,0.0,1.0,0.0,1.0,0.0,1.0,0.0,1.0,0.0,0.0052119443813959,5.8897156261107544e-05,0.0560647311309973,6.791595065429909e-05,0.05327108010198126,5.2470247728118235e-05,0.1011235955056179,3
banknote_authentication,tabpfn_threshold,oracle,0.5,0.1,minority_to_majority,1.0,0.0,1.0,0.0,1.0,0.0,1.0,0.0,1.0,0.0,1.0,0.0,1.0,0.0,0.003510312099630567,3.065985459863331e-05,0.04028934240341183,0.0001953159453401713,0.038411545192679,0.00017832642045472816,0.10000000000000002,3
banknote_authentication,tabpfn_threshold,oracle,0.5,0.2,majority_to_minority,1.0,0.0,1.0,0.0,1.0,0.0,1.0,0.0,1.0,0.0,1.0,0.0,1.0,0.0,0.030958388000726634,0.0007572276539621192,0.14831802745660141,0.0005258131326993242,0.12968228661652761,0.00023077702233195203,0.20000000000000004,3
banknote_authentication,tabpfn_threshold,oracle,0.5,0.2,minority_to_majority,1.0,0.0,1.0,0.0,1.0,0.0,1.0,0.0,1.0,0.0,1.0,0.0,1.0,0.0,0.015042727502683734,0.001652032667422416,0.0887337798873583,0.003497227552935832,0.07999954563272967,0.002287878360596275,0.20000000000000004,3
banknote_authentication,tabpfn_threshold,oracle,0.5,0.3,majority_to_minority,0.954248366013072,0.02287581699346397,0.9084967320261438,0.045751633986928116,1.0,0.0,0.9489211501704095,0.025382699296496565,0.8986043884095309,0.045045827714366556,1.0,0.0,1.0,0.0,0.10517679403225577,0.00016962110672054086,0.317011425892512,0.0008277617019795291,0.23869522515571476,0.0007396793705762726,0.299781181619256,3
banknote_authentication,tabpfn_threshold,oracle,0.5,0.3,minority_to_majority,1.0,0.0,1.0,0.0,1.0,0.0,1.0,0.0,1.0,0.0,1.0,0.0,1.0,0.0,0.03649948288997013,0.00022690942750547182,0.1489710410435994,0.001023421012592746,0.12603106631237918,0.0012058027980495758,0.3,3
banknote_authentication,xgb_none,,0.05,0.0,clean,0.9139344262295083,0.02559425409179672,0.8278688524590164,0.051188508183593384,0.9975674425860422,0.000609865889195776,0.920636652324163,0.024160420493629847,1.0,0.0,0.8278688524590164,0.051188508183593384,0.9979999285688774,0.0005285420403211328,0.06444266686836873,0.00983400935951287,0.2234803736209869,0.01983312622511915,0.0978088214197619,0.012129424824361313,0.0,3
banknote_authentication,xgb_none,,0.05,0.05,majority_to_minority,0.9289617486338798,0.029076224936875398,0.8579234972677595,0.05815244987375067,0.9980908229364166,0.0013422557609293498,0.934756758745871,0.027333069866210147,1.0,0.0,0.8579234972677595,0.05815244987375067,0.9983749419622129,0.0011667842582891938,0.05381054555376363,0.01617697437823875,0.183962936202685,0.045940389393924946,0.09093750912921894,0.015647710939050534,0.0588235294117647,3
banknote_authentication,xgb_none,,0.05,0.05,minority_to_majority,0.8852459016393442,0.012295081967213073,0.7704918032786886,0.02459016393442623,0.9917195100767282,0.010628693999757008,0.8932210077210079,0.011961093418711257,1.0,0.0,0.7704918032786886,0.02459016393442623,0.9912318297082039,0.012014093170276581,0.08165997018416721,0.014619133460273865,0.3133205125729243,0.10691595659362307,0.1188570561355939,0.0048599643368897475,0.0625,3
banknote_authentication,xgb_none,,0.05,0.1,majority_to_minority,0.9330601092896175,0.006260349310048956,0.8661202185792348,0.012520698620097944,0.997024517737059,0.003423825491371043,0.9387837319643865,0.005849245022154455,1.0,0.0,0.8661202185792348,0.012520698620097944,0.9972856173434765,0.003320394883353481,0.050721718619267074,0.0070388811192491334,0.181997075676918,0.02671641524334244,0.08481597039397014,0.012190027968945664,0.1111111111111111,3
banknote_authentication,xgb_none,,0.05,0.1,minority_to_majority,0.8551912568306012,0.020216733042279732,0.7103825136612022,0.04043346608455945,0.9957870509854927,0.004935261784584274,0.8634187912675845,0.020437056172640453,1.0,0.0,0.7103825136612022,0.04043346608455945,0.9965534483374406,0.004024186578371103,0.09526054064432772,0.022356498235592947,0.33550026019414264,0.1179929064690863,0.13698584711574238,0.024310131703996152,0.09375,3
banknote_authentication,xgb_none,,0.05,0.2,majority_to_minority,0.9234972677595628,0.010313981468949115,0.8469945355191256,0.0206279629378982,0.9964433471247585,0.0015596300602246972,0.9298064250716758,0.009692986178443531,1.0,0.0,0.8469945355191256,0.0206279629378982,0.9968748883888711,0.0014338585782454386,0.05215061704317723,0.005249270848372875,0.18500962356726328,0.01769062182887531,0.08692230392586098,0.013274667144583696,0.20000000000000004,3
banknote_authentication,xgb_none,,0.05,0.2,minority_to_majority,0.814207650273224,0.015516143021312207,0.6284153005464481,0.03103228604262442,0.9968238733395509,0.0014861117718448335,0.8212766002345537,0.016308338304328502,1.0,0.0,0.6284153005464481,0.03103228604262442,0.9973927640272867,0.0011667842582892191,0.13155140727758405,0.0066322689482903275,0.45506521066029865,0.023888815499431195,0.181993106880197,0.010105012491780226,0.1875,3
banknote_authentication,xgb_none,,0.05,0.3,majority_to_minority,0.9169434622665095,0.021384259842067994,0.8360655737704917,0.045637412810082094,0.9906638856180378,0.005903775743043835,0.9233249152741321,0.02002099123474279,0.9969135802469137,0.00534583582582978,0.8360655737704917,0.045637412810082094,0.9917675631272544,0.005553138115889184,0.05689861004551247,0.01608908600031529,0.19983384013175956,0.06289544725465585,0.08494924049147146,0.016808302010062167,0.3043478260869565,3
banknote_authentication,xgb_none,,0.05,0.3,minority_to_majority,0.75,0.01878104793014687,0.5,0.037562095860293784,0.9863611501973422,0.007031242867392204,0.7499938795824223,0.021801615869674926,1.0,0.0,0.5,0.037562095860293784,0.9865173756205579,0.008705516953964473,0.17769879102706906,0.009860284407696884,0.6431712706883749,0.07263592751041674,0.22781149166382172,0.006318116304194285,0.3125,3
banknote_authentication,xgb_none,,0.1,0.0,clean,0.9549180327868853,0.014776849489606468,0.9098360655737706,0.029553698979213033,0.9995648502563976,0.0003901204219754625,0.9590033942606119,0.013570653299998266,1.0,0.0,0.9098360655737706,0.029553698979213033,0.9996249866066645,0.00035130389608400227,0.02920929590861,0.006369459425140581,0.0987998470664024,0.014388867790092505,0.05249845794260954,0.005595061858993623,0.0,3
banknote_authentication,xgb_none,,0.1,0.05,majority_to_minority,0.9603825136612022,0.015516143021312162,0.9207650273224045,0.0310322860426245,0.9999333599893375,6.66400106624776e-05,0.9640173900766991,0.014262731904454007,1.0,0.0,0.9207650273224045,0.0310322860426245,0.999946426658095,5.35733419050749e-05,0.025546246518691335,0.006767865742453158,0.08397222061951949,0.016372434970591872,0.05013629426107257,0.008481758407922164,0.044776119402985,3
banknote_authentication,xgb_none,,0.1,0.05,minority_to_majority,0.9453551912568307,0.013174386285509489,0.8907103825136612,0.026348772571019044,0.9998030288921771,0.00012809464729426846,0.9501846583894976,0.01222363765722372,1.0,0.0,0.8907103825136612,0.026348772571019044,0.9998392799742848,0.00010714668380992776,0.038024630397558164,0.008153660172925464,0.12594752262036,0.025504706415547584,0.0675361463337233,0.009662526900493584,0.046875,3
banknote_authentication,xgb_none,,0.1,0.1,majority_to_minority,0.9740437158469947,0.00946475851130535,0.948087431693989,0.01892951702261063,0.9996165973485716,0.0004997774587814108,0.9765225590113388,0.008623196349455232,1.0,0.0,0.948087431693989,0.01892951702261063,0.9996964177292046,0.0003948952531786405,0.0187920170525709,0.005845972589579668,0.0690537144740422,0.014311795809802175,0.04737870706809736,0.004340067963984835,0.09859154929577459,3
banknote_authentication,xgb_none,,0.1,0.1,minority_to_majority,0.9098360655737706,0.01786433993254378,0.819672131147541,0.035728679865087515,0.9984478033672888,0.0012657371851187151,0.9168255942236746,0.017064904911083388,1.0,0.0,0.819672131147541,0.035728679865087515,0.9987142397942783,0.0010429616593771193,0.06324886158108707,0.016026732452231563,0.21464379131793973,0.06260025766012965,0.10034407901380094,0.011147991087578357,0.09375,3
banknote_authentication,xgb_none,,0.1,0.2,majority_to_minority,0.9789724633022608,0.005447186609247564,0.9644808743169399,0.004732379255652755,0.9982794710708826,0.001923436555465206,0.9803004374917065,0.0056348867443975666,0.9915966386554622,0.008403361344537785,0.9644808743169399,0.004732379255652755,0.9986785242330084,0.0014625947519156168,0.016806854556004166,0.00682674042967846,0.06327328955133753,0.022296225069141015,0.035365544019097604,0.0041394457921142104,0.20000000000000004,3
banknote_authentication,xgb_none,,0.1,0.2,minority_to_majority,0.837431693989071,0.04382244517034268,0.6748633879781419,0.08764489034068543,0.9988097984939608,0.0009742920350679985,0.8447695612488785,0.04465900633647942,1.0,0.0,0.6748633879781419,0.08764489034068543,0.9989642487231687,0.0008543786359445561,0.1031223485867182,0.020366937483262272,0.32027218739191693,0.05381690610251726,0.15069905642871598,0.026067526381886773,0.203125,3
banknote_authentication,xgb_none,,0.1,0.3,majority_to_minority,0.9677667059537841,0.013742824020926928,0.9398907103825138,0.025041397240195846,0.9967546293874353,0.0018490942801103166,0.9703302343996024,0.012890868475683822,0.9942528735632185,0.009954314986028003,0.9398907103825138,0.025041397240195846,0.9971427550983963,0.0017279652144588796,0.024539496749639466,0.005805772329677464,0.09020599474509554,0.017886359162943264,0.03684670913625843,0.000534654412555444,0.2967032967032967,3
banknote_authentication,xgb_none,,0.1,0.3,minority_to_majority,0.8169398907103824,0.025041397240195794,0.633879781420765,0.05008279448039167,0.9919429635601741,0.009058025212086079,0.8239804028055451,0.026245673992478517,1.0,0.0,0.633879781420765,0.05008279448039167,0.9915354119789993,0.01053598463814404,0.11667281637589133,0.012517483870026337,0.4078322649002075,0.09560339980302815,0.17011511718120534,0.008320320852680746,0.296875,3
banknote_authentication,xgb_none,,0.2,0.0,clean,0.9931693989071038,0.008531418030598911,0.9863387978142076,0.017062836061197777,0.9999777866631124,3.847462809471687e-05,0.9938429253665341,0.007695926653323008,1.0,0.0,0.9863387978142076,0.017062836061197777,0.9999821422193649,3.0930583370379e-05,0.007947107932219867,0.005273402664936507,0.0328233068188031,0.013957940867521296,0.02317378808546693,0.004719480572275444,0.0,3
banknote_authentication,xgb_none,,0.2,0.05,majority_to_minority,0.9937229901067894,0.0020614137410493454,0.987445980213579,0.0041228274820985225,0.9997460070938929,0.0002697232650790626,0.9938600744499443,0.0021249566257359664,0.9946236559139785,0.009312101115961618,0.9918032786885246,0.008196721311475419,0.9997857066323798,0.00023352078343207296,0.007214047480374499,0.00204375878473378,0.03370974895854787,0.008039932769336358,0.022611278442835236,0.002472850249353442,0.051851851851851795,3
banknote_authentication,xgb_none,,0.2,0.05,minority_to_majority,0.9767759562841531,0.012520698620097852,0.9535519125683058,0.02504139724019582,1.0,0.0,0.9789960259889879,0.011386697289383393,1.0,0.0,0.9535519125683058,0.02504139724019582,1.0,0.0,0.01634107002367573,0.004841815138628274,0.05970739200711247,0.012456828374075359,0.041895912951705104,0.0016496965729909227,0.046875,3
banknote_authentication,xgb_none,,0.2,0.1,majority_to_minority,0.9784367298832102,0.005780523870684976,0.9623379406407372,0.004313568998907354,0.998513955157339,0.001796023325570765,0.9791140507125884,0.0075818421738509485,0.9841269841269842,0.027492869961410676,0.9699453551912568,0.012520698620098004,0.9988035286974536,0.0014318555152256255,0.014522481399277832,0.00573332025107898,0.05411653096477187,0.013552808477833191,0.029531390898381166,0.0028703532015615066,0.09859154929577459,3
banknote_authentication,xgb_none,,0.2,0.1,minority_to_majority,0.9521857923497268,0.0023661896278263216,0.9043715846994536,0.0047323792556525635,0.9998497128926207,0.0002053147136467342,0.956528235023021,0.002179315718699164,1.0,0.0,0.9043715846994536,0.0047323792556525635,0.9998749955355549,0.00017221419981063976,0.032500193764766004,0.0033719522426272695,0.10943115005890523,0.01009413638789305,0.06557923322120167,0.003919723029299771,0.1015625,3
banknote_authentication,xgb_none,,0.2,0.2,majority_to_minority,0.984195864138005,0.0016985791130919908,0.9738562091503268,0.006535947712418416,0.998618301587252,0.0010072395458318945,0.9828576267584257,0.002107379789016254,0.9681454576242485,0.007589310695292661,0.9945355191256832,0.0047323792556527074,0.9988928176006285,0.0008059776489443339,0.014883233234286267,0.004481124697997253,0.060651550690333005,0.011663975026716306,0.030505208891223736,0.0050492648183769,0.20000000000000004,3
banknote_authentication,xgb_none,,0.2,0.2,minority_to_majority,0.9098360655737704,0.02459016393442616,0.819672131147541,0.0491803278688524,0.9997994923965111,0.0001999796381077081,0.9167501476033237,0.023399700893491835,1.0,0.0,0.819672131147541,0.0491803278688524,0.9998392799742848,0.00016072002571521082,0.057182079801956796,0.015874548362974597,0.18472675979137418,0.04531252211729068,0.10206276531133683,0.017576451016559764,0.203125,3
banknote_authentication,xgb_none,,0.2,0.3,majority_to_minority,0.9765527340262152,0.0024785029839693765,0.9629272474016929,0.013588632904736057,0.9970626628765645,0.0029151367853962606,0.9755012227920171,0.004154535771432349,0.9631789357595809,0.02278124708212904,0.9836065573770493,0.01639344262295081,0.9974463373691917,0.00249351152365084,0.021829646701613997,0.0031438920048806602,0.0858772645394007,0.013838156979804181,0.044499924853444034,0.008582817607143061,0.3005464480874317,3
banknote_authentication,xgb_none,,0.2,0.3,minority_to_majority,0.8360655737704917,0.017864339932543768,0.6721311475409836,0.035728679865087445,0.9987392752283083,0.00039287436481186033,0.8440244374025019,0.01824561348152603,1.0,0.0,0.6721311475409836,0.035728679865087445,0.9990178220650737,0.0002950589599959772,0.1034641837080319,0.009175078358513935,0.33106006185213727,0.027768985582612676,0.1546278412752982,0.013647240387967897,0.296875,3
banknote_authentication,xgb_none,,0.5,0.0,clean,0.9986338797814208,0.0023661896278262978,0.9972677595628415,0.004732379255652692,1.0,0.0,0.9987712407787206,0.0021282734015247023,1.0,0.0,0.9972677595628415,0.004732379255652692,1.0,0.0,0.0016080026010361333,0.001346250553168887,0.012703546943763832,0.003582892240416639,0.011277563355185732,0.002052443975753601,0.0,3
banknote_authentication,xgb_none,,0.5,0.05,majority_to_minority,0.9880174291938998,0.0037735311711739952,0.9760348583877997,0.007547062342348151,0.9996397182042114,0.0005138032364294302,0.986535817476678,0.004227612092943062,0.9708766404199475,0.008873919098095732,1.0,0.0,0.9997142755098397,0.0004056507979428723,0.010153709445148667,0.003859162980041172,0.046792771667241995,0.01583399802362008,0.029045745491078367,0.0023812250711471444,0.0504451038575667,3
banknote_authentication,xgb_none,,0.5,0.05,minority_to_majority,0.9849726775956285,0.011830948139131672,0.9699453551912569,0.02366189627826332,0.9998908667949248,0.00018902425598311135,0.9864306631936423,0.010722004448590169,1.0,0.0,0.9699453551912569,0.02366189627826332,0.9999107110968248,0.00015465291685140623,0.010117464698851067,0.006217252570010154,0.04075875257452324,0.017928276462789047,0.027931399399019497,0.012214122356073082,0.05000000000000001,3
banknote_authentication,xgb_none,,0.5,0.1,majority_to_minority,0.9782135076252724,0.007547062342348127,0.9564270152505446,0.015094124684696076,0.9994859966241313,0.0003793626496850264,0.9755737659949175,0.008434395755482193,0.9483923483923483,0.017200667360472457,1.0,0.0,0.9995892710453945,0.00030463091734039393,0.02302699225644267,0.006412070957417964,0.0868388712406158,0.01615176458334907,0.0533451854776252,0.007830363705817578,0.1011235955056179,3
banknote_authentication,xgb_none,,0.5,0.1,minority_to_majority,0.9685792349726775,0.01656332739478429,0.9371584699453552,0.03312665478956868,0.9999328107502126,0.00011637519435434768,0.971511673051324,0.015133031257401513,1.0,0.0,0.9371584699453552,0.03312665478956868,0.999946426658095,9.279175011083254e-05,0.020574412929515,0.00577917083462322,0.07241066172718996,0.0134049916761126,0.05320894045981037,0.0048547353158690755,0.10000000000000002,3
banknote_authentication,xgb_none,,0.5,0.2,majority_to_minority,0.9019607843137254,0.014244767789348581,0.8039215686274509,0.028489535578697246,0.9993570214498068,0.0005335867169325876,0.8908920300760069,0.01582824755515239,0.8030788463968187,0.023395478709912862,1.0,0.0,0.9994821243615842,0.00042970139703252307,0.07262989133596413,0.010405150563263901,0.2279275407393773,0.03423565192941729,0.13305296093677024,0.009196079520843952,0.20000000000000004,3
banknote_authentication,xgb_none,,0.5,0.2,minority_to_majority,0.9469981070752528,0.018328706605366157,0.8961748633879781,0.033126654789568714,0.9995695923730462,0.0007454878778490569,0.9514704537602404,0.017310295564174787,0.9968553459119498,0.005446700652732261,0.8961748633879781,0.033126654789568714,0.9996785599485696,0.0005567505006649711,0.03398584698637323,0.00929168393144426,0.11459990094105399,0.02378338998817003,0.07633803779626207,0.008482095493308896,0.20000000000000004,3
banknote_authentication,xgb_none,,0.5,0.3,majority_to_minority,0.7745098039215685,0.02552369175132898,0.5490196078431372,0.05104738350265783,0.9940502593981889,0.005143609093819996,0.7439117645773181,0.030769428939048354,0.6394732251875109,0.026770084882259054,1.0,0.0,0.9948391013964785,0.004446694953811101,0.17499938110510505,0.02443248079164557,0.538420170545578,0.08548047403393096,0.2524955142086202,0.019185896036952952,0.299781181619256,3
banknote_authentication,xgb_none,,0.5,0.3,minority_to_majority,0.8633879781420765,0.024703744972711963,0.726775956284153,0.04940748994542387,0.9984574587129261,0.0006592251063358074,0.871550468863437,0.024541490906862595,1.0,0.0,0.726775956284153,0.04940748994542387,0.9987320975749133,0.0005392931487031876,0.0829073712229728,0.010591300296140698,0.25301054616769153,0.023206215170379543,0.12895485806645765,0.012117989896497094,0.3,3
banknote_authentication,xgb_ros,,0.05,0.0,clean,0.9289617486338798,0.004732379255652675,0.8579234972677595,0.00946475851130535,0.9966077478785972,0.001773577439412038,0.9349553289833965,0.004427322107807453,1.0,0.0,0.8579234972677595,0.00946475851130535,0.9971070395371263,0.0016495022306162177,0.05132847030957533,0.005529088384646712,0.18283321956793464,0.02156018128805528,0.0686138116681214,0.010887130253052909,0.0,3
banknote_authentication,xgb_ros,,0.05,0.05,majority_to_minority,0.9551948283867281,0.024451584768294815,0.912568306010929,0.045144020879394314,0.9971556578661954,0.0023361212489812935,0.9589793193564201,0.022942195690029327,0.9968553459119498,0.005446700652732261,0.912568306010929,0.045144020879394314,0.9971963284403015,0.002723472554857706,0.0304128297915061,0.012102876256120587,0.11054746558268862,0.03343950398339964,0.04565120617774393,0.01374875756844467,0.0588235294117647,3
banknote_authentication,xgb_ros,,0.05,0.05,minority_to_majority,0.907103825136612,0.030760465161742332,0.814207650273224,0.06152093032348473,0.9917906870473114,0.007547181198590207,0.9140525002796656,0.029324286300672173,1.0,0.0,0.814207650273224,0.06152093032348473,0.99217829208186,0.007815651051506528,0.0635892165203889,0.027501103234841374,0.2559699167807897,0.1250481970087362,0.08326360397323057,0.023969699768215672,0.0625,3
banknote_authentication,xgb_ros,,0.05,0.1,majority_to_minority,0.9459087824565163,0.014950570315867157,0.8961748633879781,0.026348772571019013,0.9975994515741807,0.0026272168908937185,0.9502699268448719,0.01422184845886647,0.993939393939394,0.010497277621629515,0.8961748633879781,0.026348772571019013,0.9980177863495125,0.00217484015109652,0.03562961829205347,0.0056411149284625465,0.11732300867636997,0.013841695063250878,0.049854720992346564,0.0074144192247557385,0.1111111111111111,3
banknote_authentication,xgb_ros,,0.05,0.1,minority_to_majority,0.9057377049180327,0.03549284441739497,0.8114754098360656,0.07098568883479005,0.9944491947663936,0.0067083148948854365,0.9126422694136488,0.03422003073930638,1.0,0.0,0.8114754098360656,0.07098568883479005,0.9951426836672739,0.0059621457459729105,0.0683182391027609,0.02690130713033963,0.25844345490137727,0.14095047091615673,0.09132176412551686,0.025903952947389192,0.09375,3
banknote_authentication,xgb_ros,,0.05,0.2,majority_to_minority,0.9508196721311476,0.010843243078133653,0.9016393442622951,0.02168648615626714,0.9980210938239243,0.0009463955528126537,0.9552469544160865,0.009983997556598699,1.0,0.0,0.9016393442622951,0.02168648615626714,0.9983749419622129,0.0008024087266924304,0.035806480174263265,0.007845152665122543,0.12520756324132284,0.02451367657560738,0.0520467677277823,0.01225647081336573,0.20000000000000004,3
banknote_authentication,xgb_ros,,0.05,0.2,minority_to_majority,0.860655737704918,0.014197137766958082,0.7213114754098361,0.028394275533916054,0.9980858389662397,0.0005021261311793513,0.8689721599040982,0.01423548981404569,1.0,0.0,0.7213114754098361,0.028394275533916054,0.9984463730847529,0.00040446986152750105,0.09952746083339054,0.01156101366932285,0.3529683252175649,0.052783684521279725,0.12566685774730457,0.00897511054110335,0.1875,3
banknote_authentication,xgb_ros,,0.05,0.3,majority_to_minority,0.9344440872888318,0.025773863266201735,0.8797814207650273,0.057571878430889276,0.9926559037899124,0.005542516728546557,0.9388621178464865,0.023449751219015696,0.985094557444453,0.009304384634701651,0.8797814207650273,0.057571878430889276,0.9939283545840922,0.004707854264983706,0.04347498466571167,0.02217603803777613,0.1437698851029078,0.07534898590770325,0.052782596961566834,0.02084119819735067,0.3043478260869565,3
banknote_authentication,xgb_ros,,0.05,0.3,minority_to_majority,0.7827868852459017,0.03572867986508754,0.5655737704918032,0.07145735973017504,0.9814701758609438,0.009269801419636941,0.7866947696534207,0.04015978645286184,1.0,0.0,0.5655737704918032,0.07145735973017504,0.9813029036751312,0.010613337410261024,0.15225309630235032,0.021933358083144734,0.6162123878796896,0.1370207578195878,0.18450924138792532,0.023686958951017613,0.3125,3
banknote_authentication,xgb_ros,,0.1,0.0,clean,0.9781420765027322,0.002366189627826514,0.9562841530054644,0.0047323792556525635,0.9997612178246982,0.00024359387205976615,0.9802606336192508,0.0021486612060686704,1.0,0.0,0.9562841530054644,0.0047323792556525635,0.9998035644130149,0.00020282539897135794,0.016098347492515968,0.0015935243128751327,0.056309316307306234,0.006370259988274955,0.027789512361879532,0.0011930371177187875,0.0,3
banknote_authentication,xgb_ros,,0.1,0.05,majority_to_minority,0.9767759562841528,0.00946475851130535,0.953551912568306,0.018929517022610566,0.9997361098571326,0.0003031086470649704,0.9790071608155402,0.008586125608199163,1.0,0.0,0.953551912568306,0.018929517022610566,0.9997857066323798,0.0002455038945117221,0.0139340970975657,0.005445479894658412,0.0470292766888936,0.013565860783476106,0.022551627769275998,0.00581218895383667,0.044776119402985,3
banknote_authentication,xgb_ros,,0.1,0.05,minority_to_majority,0.9617486338797815,0.017062836061197687,0.9234972677595629,0.03412567212239566,0.9998014811326971,0.0001752270902549558,0.9652605949045184,0.015667795315275734,1.0,0.0,0.9234972677595629,0.03412567212239566,0.9998392799742848,0.00014174173958342152,0.024751427893837233,0.008118355793466205,0.07970945785442983,0.02410438474475668,0.04036426716625236,0.009750272747570576,0.046875,3
banknote_authentication,xgb_ros,,0.1,0.1,majority_to_minority,0.9896246294510518,0.002638770350596575,0.983606557377049,0.008196721311475447,0.9997318899181945,0.00023399170803739593,0.9901654657248193,0.0021375461670480396,0.9945129386262025,0.004752055251942986,0.983606557377049,0.008196721311475447,0.9997857066323798,0.0001855835002215529,0.007745146751403767,0.0008615209685715211,0.0325730902453263,0.002281389399357611,0.0233058301647278,0.003917403477928534,0.09859154929577459,3
banknote_authentication,xgb_ros,,0.1,0.1,minority_to_majority,0.9398907103825137,0.0023661896278264097,0.8797814207650273,0.004732379255652643,0.9986639709285955,0.0014613877819890091,0.9451530206741913,0.0021972768114183854,1.0,0.0,0.8797814207650273,0.004732379255652643,0.9988035286974535,0.001368306921996553,0.042092297226190505,0.005983916337717316,0.14823291947444275,0.037587924634916885,0.06376317918159513,0.004207644009586445,0.09375,3
banknote_authentication,xgb_ros,,0.1,0.2,majority_to_minority,0.9800975034822672,0.019255815983668448,0.9738562091503268,0.02614379084967322,0.996749690091479,0.003805149406804543,0.979191892777775,0.020209656177647025,0.968249936499873,0.03149913542905838,0.9863387978142075,0.012520698620097989,0.9975356262723669,0.0028409029430114066,0.014512685515607332,0.012064063814954843,0.0540881610165039,0.037114388018076705,0.020857229752635365,0.00524125236086633,0.20000000000000004,3
banknote_authentication,xgb_ros,,0.1,0.2,minority_to_majority,0.8756830601092895,0.033379212357569965,0.7513661202185792,0.06675842471514,0.9992795904764894,0.0003608551627516038,0.8835607616749827,0.03251485890466788,1.0,0.0,0.7513661202185792,0.06675842471514,0.9994106932390442,0.0002982837438568765,0.08191917339960733,0.021338598829508285,0.2596521129210789,0.06068215861259215,0.11057444796135478,0.021392627254060284,0.203125,3
banknote_authentication,xgb_ros,,0.1,0.3,majority_to_minority,0.9743562270081075,0.01017584462685698,0.9639987142397942,0.015046004163893848,0.9960947556449252,0.0020208032004208295,0.9742169900757838,0.009748726784227552,0.9702857663568434,0.01624491478068032,0.9726775956284154,0.02062796293789818,0.9967677417050608,0.0017354234955898498,0.0207890206947922,0.006955401712034344,0.07398592432339983,0.021379545583969685,0.019734554283998167,0.003706135255279662,0.2967032967032967,3
banknote_authentication,xgb_ros,,0.1,0.3,minority_to_majority,0.8756830601092895,0.027288229993768037,0.7513661202185792,0.05457645998753601,0.9911049688961704,0.009039691799105999,0.8836640853384687,0.02703178798187072,1.0,0.0,0.7513661202185792,0.05457645998753601,0.9905175184828029,0.011001335002697248,0.08392529934644695,0.019387520284558132,0.31448285281658167,0.11224597883017945,0.11711445430547669,0.01575956638452684,0.296875,3
banknote_authentication,xgb_ros,,0.2,0.0,clean,0.9945355191256832,0.006260349310049005,0.9890710382513661,0.012520698620097992,1.0,0.0,0.9950784290046938,0.0056415773066986015,1.0,0.0,0.9890710382513661,0.012520698620097992,1.0,0.0,0.0044032035705943336,0.0037711311812255333,0.0189739366372426,0.009957549760482588,0.0141841152643389,0.0044184359603704525,0.0,3
banknote_authentication,xgb_ros,,0.2,0.05,majority_to_minority,0.992910461087896,0.0028628339430960947,0.9879995714132649,0.006588214257869358,0.9998261497478168,0.00013301550926709914,0.9926413394269277,0.00366855195947986,0.9892677595628415,0.012199247637765588,0.9945355191256832,0.004732379255652675,0.9998571377549199,0.0001115218043216197,0.005393936298787534,0.0008767196078637042,0.023497476552923502,0.0034304593034777168,0.015146055248650566,0.0022328651914542436,0.051851851851851795,3
banknote_authentication,xgb_ros,,0.2,0.05,minority_to_majority,0.9849726775956283,0.008531418030598967,0.9699453551912568,0.017062836061197757,1.0,0.0,0.9864407177980055,0.00772548062881332,1.0,0.0,0.9699453551912568,0.017062836061197757,1.0,0.0,0.008993093700458567,0.005215027123212212,0.034058974434932034,0.012391269967024993,0.025062782183910365,0.0054171722993687724,0.046875,3
banknote_authentication,xgb_ros,,0.2,0.1,majority_to_minority,0.9855441265759491,0.010355961642339215,0.9738204935890568,0.017312839727299276,0.9986113295526883,0.0021196955907565643,0.9852835870994242,0.011002145732495736,0.981541941403666,0.025258690628471414,0.9863387978142076,0.017062836061197805,0.9988928176006286,0.0016859296053620674,0.012108287618805932,0.008506896457718457,0.04897534350554144,0.028765824529565755,0.02201058117503467,0.003632043289697541,0.09859154929577459,3
banknote_authentication,xgb_ros,,0.2,0.1,minority_to_majority,0.9631147540983607,0.007098568883479053,0.9262295081967213,0.014197137766958082,0.9998659736857552,0.00013494609669864073,0.9665562266551954,0.006505179783701675,1.0,0.0,0.9262295081967213,0.014197137766958082,0.9998928533161898,0.00010714668381017756,0.024737347538272503,0.004498706272726659,0.08021823068459827,0.01216622476746141,0.0457712277177382,0.004802549677459435,0.1015625,3
banknote_authentication,xgb_ros,,0.2,0.2,majority_to_minority,0.9776599164255866,0.004640128759179463,0.9607843137254902,0.013071895424836666,0.997868187509425,0.0025541283103624524,0.9755492502954363,0.005565242246843175,0.9530724813244498,0.014771775204715752,0.9945355191256832,0.0047323792556527074,0.9983749419622129,0.0018988960009335947,0.017843182819584934,0.005606911597622835,0.0676182024180889,0.01960571713520149,0.03314217844131317,0.0033776189007693287,0.20000000000000004,3
banknote_authentication,xgb_ros,,0.2,0.2,minority_to_majority,0.935792349726776,0.02504139724019589,0.8715846994535519,0.05008279448039167,0.999549939543915,0.0004572609693454623,0.9412031108709474,0.023280654023351614,1.0,0.0,0.8715846994535519,0.05008279448039167,0.9996249866066645,0.00038632286247341466,0.0394391734153032,0.016251417663360544,0.13179602722326914,0.048129594949001014,0.06793089254674584,0.01974271902202761,0.203125,3
banknote_authentication,xgb_ros,,0.2,0.3,majority_to_minority,0.9670256080574307,0.0031131367107623178,0.9477124183006534,0.0065359477124183885,0.9964895194717878,0.0026399938762408427,0.9645592250678957,0.0021675499950660976,0.9377473847893695,0.006576857651301114,0.9863387978142075,0.012520698620097989,0.9969284617307762,0.002320618421745521,0.02765421134730177,0.0020408168567217096,0.10129386434952414,0.010723989674741603,0.04055646513899163,0.011250851452304339,0.3005464480874317,3
banknote_authentication,xgb_ros,,0.2,0.3,minority_to_majority,0.8756830601092895,0.024014201955255422,0.7513661202185792,0.048028403910510754,0.9973133836793756,0.0006492383651045546,0.8837238409189724,0.023744473760358733,1.0,0.0,0.7513661202185792,0.048028403910510754,0.9977856352012573,0.0006021541947957682,0.08484926819801326,0.012509419056920294,0.28279922405878705,0.037220158904777347,0.12417888264877323,0.017727265272937182,0.296875,3
banknote_authentication,xgb_ros,,0.5,0.0,clean,0.9986338797814208,0.0023661896278262978,0.9972677595628415,0.004732379255652692,1.0,0.0,0.9987712407787206,0.0021282734015247023,1.0,0.0,0.9972677595628415,0.004732379255652692,1.0,0.0,0.0016156353522091332,0.0013275919011140535,0.012694705588122168,0.003375767066742057,0.011247561794677402,0.001734822812216715,0.0,3
banknote_authentication,xgb_ros,,0.5,0.05,majority_to_minority,0.9891067538126362,0.0018867655855869976,0.9782135076252724,0.0037735311711740434,0.9996432527453788,0.00030343583141052074,0.9877554094092709,0.0021152169011912133,0.9734179894179894,0.004472173513722746,1.0,0.0,0.9997142755098397,0.00024157557874342209,0.009993134842564633,0.0036736482166459276,0.04547418281435963,0.0135578842631535,0.027199482158052134,0.00306550483390764,0.0504451038575667,3
banknote_authentication,xgb_ros,,0.5,0.05,minority_to_majority,0.9877049180327869,0.014776849489606565,0.9754098360655737,0.029553698979213002,0.9999120308160888,0.0001523670960344632,0.9888903247442129,0.01337122648688133,1.0,0.0,0.9754098360655737,0.029553698979213002,0.9999285688774598,0.00012372233348114742,0.009256789615998634,0.006801578366232762,0.0371100946019093,0.018989016317078465,0.027450337193793365,0.01315804330620648,0.05000000000000001,3
banknote_authentication,xgb_ros,,0.5,0.1,majority_to_minority,0.977124183006536,0.006535947712418361,0.9542483660130717,0.013071895424836583,0.9996450394710564,0.00030741851307279806,0.974355402124754,0.007296135416279311,0.9458880217640111,0.01466669320537285,1.0,0.0,0.9997142755098397,0.0002474446669621827,0.020994381979107832,0.0042043800648476435,0.0798073510328928,0.00991446814765263,0.052406076714396434,0.00980937918662605,0.1011235955056179,3
banknote_authentication,xgb_ros,,0.5,0.1,minority_to_majority,0.9672131147540984,0.014197137766957947,0.9344262295081968,0.028394275533915974,0.9999555733262251,3.847462809471687e-05,0.9702781471360483,0.012935740593278015,1.0,0.0,0.9344262295081968,0.028394275533915974,0.9999642844387298,3.093058337038701e-05,0.021280989671746867,0.006411693367687628,0.07317252953847246,0.015035742579766594,0.05153872647576707,0.007351492200792043,0.10000000000000002,3
banknote_authentication,xgb_ros,,0.5,0.2,majority_to_minority,0.9183006535947712,0.013071895424836666,0.8366013071895425,0.02614379084967322,0.9990769965991304,0.0008881878582636374,0.9090409141548766,0.014497689529682252,0.8303419486011728,0.02260270541868958,1.0,0.0,0.9991963998714238,0.0008089397230548403,0.06097695107261337,0.010208344505169062,0.19396833082040144,0.030486738212649852,0.11544681526946297,0.010401847954441452,0.20000000000000004,3
banknote_authentication,xgb_ros,,0.5,0.2,minority_to_majority,0.9603825136612022,0.017062836061197854,0.9207650273224043,0.03412567212239555,0.9997932626045154,0.0003580796728037911,0.9640103840381852,0.01561190722065753,1.0,0.0,0.9207650273224043,0.03412567212239555,0.9998392799742848,0.0002783752503325216,0.0289096528043349,0.008958212114952603,0.10000516225894286,0.02183421791700676,0.06789424217503627,0.013987618956016017,0.20000000000000004,3
banknote_authentication,xgb_ros,,0.5,0.3,majority_to_minority,0.8148148148148149,0.021759242217252825,0.6296296296296297,0.043518484434505754,0.9922780621970104,0.007268159345409064,0.7919656053479706,0.02547306257601052,0.6834606091188385,0.025151696696679073,1.0,0.0,0.9933390478231366,0.006233951461019525,0.15088449915250138,0.022303485673219367,0.472957303126653,0.08822699447188811,0.22111331806489912,0.01645661958654162,0.299781181619256,3
banknote_authentication,xgb_ros,,0.5,0.3,minority_to_majority,0.8797814207650273,0.027288229993767944,0.7595628415300547,0.05457645998753599,0.9981337712177739,0.0021385457214393422,0.8876993804136483,0.026578878349776992,1.0,0.0,0.7595628415300547,0.05457645998753599,0.9984820886460231,0.001714625946081067,0.0727056053777535,0.010912620347865625,0.22413228948911032,0.029533605873355837,0.11465398603260062,0.011454399588012403,0.3,3
banknote_authentication,xgb_smote,,0.05,0.0,clean,0.9631147540983607,0.01878104793014687,0.9262295081967213,0.03756209586029382,0.9972199588410176,0.003333692105779674,0.9665033479662251,0.017165559854525118,1.0,0.0,0.9262295081967213,0.03756209586029382,0.9974999107110968,0.003122610521003525,0.0283389684433738,0.014142207016528303,0.11166996260484056,0.06337054673609917,0.037953551458477,0.01737820588832142,0.0,3
banknote_authentication,xgb_smote,,0.05,0.05,majority_to_minority,0.9748741026465231,0.01307098969659213,0.9562841530054644,0.026348772571019016,0.9975598151323348,0.0007037654377589466,0.9765578859624341,0.01197633582980844,0.9915663815185346,0.008269654555068073,0.9562841530054644,0.026348772571019016,0.9978213507625272,0.0007658052659877465,0.016710903805990964,0.0032952314689971033,0.06451994180679317,0.0012255076240498368,0.022880780586239033,0.005416554116984395,0.0588235294117647,3
banknote_authentication,xgb_smote,,0.05,0.05,minority_to_majority,0.9480874316939891,0.027288229993768103,0.8961748633879781,0.054576459987535936,0.9972045143660085,0.0024832088212566636,0.9526026668518143,0.02509992591307689,1.0,0.0,0.8961748633879781,0.054576459987535936,0.9972320440015715,0.0028309511075504754,0.0389807640264431,0.020064244803813733,0.14859023441871003,0.08017984017862011,0.05039694962740843,0.021358887018433376,0.0625,3
banknote_authentication,xgb_smote,,0.05,0.1,majority_to_minority,0.9765170184649451,0.002862833943096176,0.9617486338797813,0.004732379255652788,0.9982915785923364,0.0012039937997599557,0.9778399335810883,0.0036525846115958685,0.9889106784330206,0.01260181324962973,0.9617486338797813,0.004732379255652788,0.9986249508911031,0.0009528427138079807,0.0160674123714367,0.003301491772260074,0.053790622701247494,0.012177012704731482,0.0201374180005355,0.006443755886058318,0.1111111111111111,3
banknote_authentication,xgb_smote,,0.05,0.1,minority_to_majority,0.9371584699453552,0.03437088968691019,0.8743169398907105,0.06874177937382038,0.9959834363586677,0.005192723564043576,0.9423374699517016,0.03225332869435411,1.0,0.0,0.8743169398907105,0.06874177937382038,0.9965713061180755,0.004500479597667928,0.0509769407411416,0.02976677623173969,0.19657607624928153,0.14146318487921053,0.06470545645295217,0.03428234791308835,0.09375,3
banknote_authentication,xgb_smote,,0.05,0.2,majority_to_minority,0.9650701810778957,0.006039726080910461,0.9562841530054644,0.012520698620097878,0.9959344736048683,0.0018972256880109579,0.9655805621931423,0.005665138495713921,0.9669120493725946,0.007838425510612205,0.9562841530054644,0.012520698620097878,0.9965713061180757,0.0018254285907425795,0.0221686158329248,0.0046159848897073755,0.07371295367678003,0.018982310676633866,0.025426206015276134,0.0025974227312108057,0.20000000000000004,3
banknote_authentication,xgb_smote,,0.05,0.2,minority_to_majority,0.9098360655737704,0.03278688524590172,0.819672131147541,0.06557377049180334,0.9970719002988474,0.0027838515048941447,0.9166225891297063,0.03121428552074881,1.0,0.0,0.819672131147541,0.06557377049180334,0.997589199614272,0.0022773396878637605,0.06355846424897506,0.020898483738554147,0.22759794195493063,0.08856646966366644,0.0841466560894905,0.02257104105903088,0.1875,3
banknote_authentication,xgb_smote,,0.05,0.3,majority_to_minority,0.9577217043465837,0.006368377273072481,0.951962570091789,0.0019795573356978543,0.9895599898493326,0.006389157513999223,0.9570807745200919,0.005671430144134023,0.9461178491566337,0.0041278771654463114,0.9590163934426229,0.014197137766957945,0.990463945140898,0.006386472673193784,0.03640353493392463,0.007895268725251476,0.12610784421364463,0.031005477567663454,0.034784340623653265,0.01316598353883792,0.3043478260869565,3
banknote_authentication,xgb_smote,,0.05,0.3,minority_to_majority,0.8879781420765028,0.02728822999376804,0.7759562841530054,0.054576459987535984,0.9899087291567549,0.005290355662970774,0.895695078390775,0.026369847327082294,1.0,0.0,0.7759562841530054,0.054576459987535984,0.990624665166613,0.005436308509342372,0.08519448339939113,0.021732229548085392,0.3438001573085785,0.07788506836675814,0.10650621523770187,0.019752529867609163,0.3125,3
banknote_authentication,xgb_smote,,0.1,0.0,clean,0.9740437158469946,0.016563327394784333,0.9480874316939891,0.033126654789568784,0.9998430136820816,0.00017073109822497208,0.9764915998611943,0.015109465376175975,1.0,0.0,0.9480874316939891,0.033126654789568784,0.9998749955355549,0.00013482328717569764,0.017069904444118298,0.00675492080713473,0.055648149301608364,0.018357177132674374,0.026650067508559264,0.005162458682828351,0.0,3
banknote_authentication,xgb_smote,,0.1,0.05,majority_to_minority,0.9904371584699455,0.009464758511305271,0.9808743169398907,0.01892951702261078,0.9998483630847043,0.00016222797030912843,0.9913762028057652,0.00855203469001066,1.0,0.0,0.9808743169398907,0.01892951702261078,0.9998749955355549,0.0001348232871758833,0.006287193934743566,0.003950844736443688,0.02621518634259697,0.011586158234985194,0.015232997919348101,0.004592816401991358,0.044776119402985,3
banknote_authentication,xgb_smote,,0.1,0.05,minority_to_majority,0.9822404371584699,0.006260349310049005,0.9644808743169399,0.012520698620097852,0.9996981970290447,0.0004662183300194036,0.9839720639363897,0.005674042683242877,1.0,0.0,0.9644808743169399,0.012520698620097852,0.9997499910711096,0.0003875590987930683,0.013459747036298065,0.004936946790185586,0.04996558775504426,0.016642652931154817,0.023949595163152936,0.00644630316477526,0.046875,3
banknote_authentication,xgb_smote,,0.1,0.1,majority_to_minority,0.9828118861387907,0.006685747730740289,0.9754455516268438,0.008143206712057966,0.9992837746862183,0.0007249873366216002,0.9828206673679065,0.007625186529035248,0.9811340679522499,0.018302672125812238,0.9808743169398907,0.004732379255652755,0.9994285510196793,0.0005778309827979664,0.009638403076678468,0.004244322458766981,0.03702128119766703,0.01373871151752625,0.020997196538655966,0.003787478422209806,0.09859154929577459,3
banknote_authentication,xgb_smote,,0.1,0.1,minority_to_majority,0.9658469945355191,0.022572010439697084,0.9316939890710382,0.0451440208793942,0.9996155536277548,0.00026808649198166787,0.9689745920078888,0.02064818352161639,1.0,0.0,0.9316939890710382,0.0451440208793942,0.9996964177292046,0.00020282539897148013,0.025644495151936966,0.014004634574010992,0.0864539432028929,0.041634430880927185,0.04001005886066137,0.015218015841139194,0.09375,3
banknote_authentication,xgb_smote,,0.1,0.2,majority_to_minority,0.982570806100218,0.007547062342348038,0.9651416122004357,0.01509412468469614,0.9991899400406936,0.0007544125013431253,0.9804433666547969,0.008434395755482193,0.9583231583231583,0.017200667360472547,1.0,0.0,0.9993571198971392,0.0005965674877135311,0.0140054933726787,0.005312618285900785,0.05393435060977934,0.017809021236066373,0.02971217626197767,0.0029831617329191622,0.20000000000000004,3
banknote_authentication,xgb_smote,,0.1,0.2,minority_to_majority,0.9398907103825138,0.03337921235756996,0.8797814207650273,0.06675842471513994,0.999867422065782,0.00013195820431647048,0.9449003168972278,0.031239003470661664,1.0,0.0,0.8797814207650273,0.06675842471513994,0.9998928533161898,0.0001071466838101498,0.03986643813550467,0.020322732828140684,0.13124177853266392,0.06191778201234973,0.062214178863179,0.020602579230998442,0.203125,3
banknote_authentication,xgb_smote,,0.1,0.3,majority_to_minority,0.9528465302332226,0.018925315404772342,0.9302832244008714,0.013605660127229698,0.9930327859858096,0.005294096324879136,0.949935065992575,0.01846182510891198,0.9176677120934178,0.016569274314199942,0.9754098360655737,0.024590163934426174,0.9939283545840923,0.004799027284264451,0.0377096980810165,0.012854925192328533,0.12653995305299756,0.036141730937646374,0.048531384743524274,0.008425345502137627,0.2967032967032967,3
banknote_authentication,xgb_smote,,0.1,0.3,minority_to_majority,0.9207650273224045,0.04569871225048559,0.8415300546448087,0.09139742450097114,0.9931669458242472,0.007210840660324162,0.9267067127175399,0.04354665352072212,1.0,0.0,0.8415300546448087,0.09139742450097114,0.9928211721847209,0.008349882704219023,0.0527982680747906,0.028366201101518475,0.20509760081768028,0.11378614798367805,0.07509653779960264,0.026730291693962897,0.296875,3
banknote_authentication,xgb_smote,,0.2,0.0,clean,0.9948123147255258,0.006368377273072405,0.9896246294510518,0.012736754546144828,1.0,0.0,0.995080468029698,0.005642248076989932,0.997289972899729,0.004693904627557958,0.9918032786885246,0.014197137766958082,1.0,0.0,0.004509123197446233,0.00318759717628658,0.019406002946197935,0.008535789844747402,0.013686332668770401,0.0053273806383849435,0.0,3
banknote_authentication,xgb_smote,,0.2,0.05,majority_to_minority,0.9907318118504232,0.006338487106565478,0.9836422729383192,0.014135276600217508,0.9997900754880406,0.00030769738061856705,0.9902005264470377,0.007626636555843055,0.9841443999827891,0.02077244791240146,0.9945355191256832,0.004732379255652675,0.9998214221936498,0.0002642710201605069,0.006288084511955533,0.0024156816791135655,0.025421145682533536,0.005958830181760824,0.0164078993237379,0.0031848218683122767,0.051851851851851795,3
banknote_authentication,xgb_smote,,0.2,0.05,minority_to_majority,0.9904371584699455,0.009464758511305287,0.9808743169398907,0.018929517022610767,1.0,0.0,0.9913762028057652,0.00855203469001066,1.0,0.0,0.9808743169398907,0.018929517022610767,1.0,0.0,0.007096960674971267,0.004282738318835744,0.028496003399292563,0.009635284316095146,0.021864865436359765,0.004470899841434205,0.046875,3
banknote_authentication,xgb_smote,,0.2,0.1,majority_to_minority,0.982570806100218,0.007547062342348038,0.9651416122004357,0.01509412468469614,0.9981479572741608,0.0015968077749598337,0.9804433666547969,0.008434395755482193,0.9583231583231583,0.017200667360472547,1.0,0.0,0.9985356619879281,0.0012383826884949133,0.0167111065238714,0.007515080880473343,0.062411971390247296,0.02893199675620781,0.026795804991640765,0.005362596381505332,0.09859154929577459,3
banknote_authentication,xgb_smote,,0.2,0.1,minority_to_majority,0.9685792349726777,0.00946475851130535,0.9371584699453551,0.01892951702261064,0.9998686534580373,0.00013012440910680986,0.9715439542777058,0.008623196349455263,1.0,0.0,0.9371584699453551,0.01892951702261064,0.99989285331619,0.00010714668381012205,0.020232528448104834,0.003626352186261315,0.0680559563140074,0.008797820949080519,0.038809525144258165,0.004001814926608132,0.1015625,3
banknote_authentication,xgb_smote,,0.2,0.2,majority_to_minority,0.968132790456802,0.010031754303913955,0.9389978213507626,0.02474469867451093,0.9979997983232752,0.0010964766310083834,0.964637030819706,0.011688228458269263,0.9293528181980656,0.027033718159574525,0.9972677595628415,0.004732379255652675,0.998464230865388,0.0007620482264849188,0.026689926162362033,0.006674235290190974,0.0963700488209724,0.017792818660280218,0.04718104387323053,0.013335460413274573,0.20000000000000004,3
banknote_authentication,xgb_smote,,0.2,0.2,minority_to_majority,0.9590163934426229,0.024590163934426257,0.918032786885246,0.049180327868852514,0.9997111267839598,0.00034101347538517305,0.9626974359302176,0.022573956122737587,1.0,0.0,0.918032786885246,0.049180327868852514,0.9997678488517447,0.00027491703843608316,0.026045644034941935,0.014717437670456864,0.08769731968641277,0.03941247040856142,0.05046656673294347,0.012448323247912903,0.203125,3
banknote_authentication,xgb_smote,,0.2,0.3,majority_to_minority,0.9515161255759135,0.012277065088956034,0.9084967320261438,0.01729249222918034,0.9956021824744079,0.005267905072819817,0.9464503137267134,0.012787442317295441,0.8967190410547623,0.018278711818046297,0.9945355191256832,0.00946475851130535,0.9957677059894996,0.005429969404853027,0.04068329061071077,0.005528650277459711,0.14103148629268006,0.020510889453395426,0.06817794853313397,0.011349427234841522,0.3005464480874317,3
banknote_authentication,xgb_smote,,0.2,0.3,minority_to_majority,0.9289617486338798,0.010313981468949034,0.8579234972677595,0.0206279629378982,0.9983487966704571,0.0008993556163171899,0.9349353317175405,0.009667244475148402,1.0,0.0,0.8579234972677595,0.0206279629378982,0.9986249508911031,0.0008113015958855588,0.050281114876270266,0.00818445128652243,0.17030396560827887,0.03638658494367205,0.0789459236214558,0.012938992575979663,0.296875,3
banknote_authentication,xgb_smote,,0.5,0.0,clean,0.9986338797814208,0.0023661896278262978,0.9972677595628415,0.004732379255652692,1.0,0.0,0.9987712407787206,0.0021282734015247023,1.0,0.0,0.9972677595628415,0.004732379255652692,1.0,0.0,0.0015666236286051,0.0012370343025093012,0.012550946325063669,0.0032675095544133434,0.011185578501811498,0.0018250797602829,0.0,3
banknote_authentication,xgb_smote,,0.5,0.05,majority_to_minority,0.9869281045751634,0.003267973856209125,0.9738562091503268,0.006535947712418416,0.9996173227907921,0.0005001747886995072,0.9853145964293808,0.003661219741672166,0.968294629837937,0.0076851200474013,1.0,0.0,0.9996964177292047,0.00039489525317852446,0.0097684697248041,0.0038349907406180087,0.0448027209689219,0.014414929401249133,0.027361102871822533,0.0021508886455044486,0.0504451038575667,3
banknote_authentication,xgb_smote,,0.5,0.05,minority_to_majority,0.9849726775956285,0.012520698620097989,0.9699453551912568,0.025041397240195832,0.9999553912496931,7.726462199354686e-05,0.9864284152994772,0.01133934019804382,1.0,0.0,0.9699453551912568,0.025041397240195832,0.9999642844387299,6.186116674059775e-05,0.010409426176920467,0.008864810245638694,0.040069113795955937,0.02410743210819424,0.028548265270267898,0.013650076419435676,0.05000000000000001,3
banknote_authentication,xgb_smote,,0.5,0.1,majority_to_minority,0.9760348583877995,0.0123723493372556,0.9520697167755992,0.02474469867451101,0.9995750603607059,0.0002736943746327768,0.97315387425942,0.013823169911517628,0.9438467113886961,0.028068126770455032,1.0,0.0,0.9996607021679345,0.000216514083591996,0.02070783451199527,0.006921091477910027,0.07857502127687133,0.017391814688528122,0.047674344606471734,0.009896683677198795,0.1011235955056179,3
banknote_authentication,xgb_smote,,0.5,0.1,minority_to_majority,0.9754098360655737,0.007098568883479029,0.9508196721311476,0.014197137766958027,0.9999109556929522,0.00015422926393144143,0.9777716571773806,0.006446170533970505,1.0,0.0,0.9508196721311476,0.014197137766958027,0.99992856887746,0.00012372233348110736,0.01848995778709647,0.006029084727971241,0.06729826455314951,0.015335302590052237,0.04684069927443154,0.005769505475695162,0.10000000000000002,3
banknote_authentication,xgb_smote,,0.5,0.2,majority_to_minority,0.9248366013071895,0.023565694610875796,0.8496732026143792,0.0471313892217515,0.9988348251686698,0.0007835882096985346,0.916285588134468,0.02612774747851797,0.8427966471872583,0.042758922812174235,1.0,0.0,0.9990356798457087,0.0006316203858648672,0.0569010662535826,0.013726669122360632,0.18256850540637967,0.041098747312728216,0.10582946044251769,0.015067937713973655,0.20000000000000004,3
banknote_authentication,xgb_smote,,0.5,0.2,minority_to_majority,0.9565609486053073,0.018083489583265663,0.9153005464480874,0.033126654789568735,0.999602315388534,0.0006888099524473012,0.9602819203900479,0.016913012790387923,0.9969418960244649,0.0052967914604552585,0.9153005464480874,0.033126654789568735,0.9996964177292046,0.0005258199172949126,0.027285032595197333,0.009431508926636018,0.09380882730086643,0.025781293140858617,0.06388046502389687,0.008375384027591547,0.20000000000000004,3
banknote_authentication,xgb_smote,,0.5,0.3,majority_to_minority,0.8529411764705882,0.0246726615531724,0.7058823529411765,0.049345323106344784,0.9955185410643788,0.005231938561891908,0.835800521439944,0.02804660336934597,0.7315275387263339,0.032811910431949184,1.0,0.0,0.9965355905568057,0.003919406556904726,0.1210780044396718,0.01901502051224137,0.37972203890482586,0.06989395390304741,0.18680917084668622,0.015979004893446,0.299781181619256,3
banknote_authentication,xgb_smote,,0.5,0.3,minority_to_majority,0.889344262295082,0.028394275533915974,0.778688524590164,0.056788551067832024,0.9983693209163077,0.001117891855606569,0.8970063239599746,0.027315034105123693,1.0,0.0,0.778688524590164,0.056788551067832024,0.9986428086717383,0.0009222294606003762,0.0681374780833721,0.010813723869174214,0.21284273266792295,0.027687007675479453,0.10772926268591121,0.011627974308656877,0.3,3
banknote_authentication,xgb_weighted,,0.05,0.0,clean,0.9398907103825137,0.006260349310049014,0.8797814207650273,0.012520698620097932,0.9970697450643776,0.001978504226351292,0.9451457596111258,0.005812435228702167,1.0,0.0,0.8797814207650273,0.012520698620097932,0.9974999107110968,0.0017811289888626594,0.043468456715345334,0.004949859489944184,0.15723027785619095,0.015897702343534326,0.0600072323248693,0.009077132050864793,0.0,3
banknote_authentication,xgb_weighted,,0.05,0.05,majority_to_minority,0.9549180327868853,0.02492935463236978,0.9098360655737704,0.04985870926473956,0.9986007133156058,0.00041786601461869913,0.9589203887371526,0.023043928755525713,1.0,0.0,0.9098360655737704,0.04985870926473956,0.9988392442587234,0.00034856997206945457,0.028899444267153702,0.009483162385162398,0.09799452871084206,0.025225952194342944,0.04477346208567417,0.013378011038156569,0.0588235294117647,3
banknote_authentication,xgb_weighted,,0.05,0.05,minority_to_majority,0.9180327868852459,0.025594254091796748,0.8360655737704917,0.05118850818359344,0.9917326680937771,0.008885175098400777,0.924519061791177,0.02408180440191433,1.0,0.0,0.8360655737704917,0.05118850818359344,0.9913657630629665,0.010156505785161642,0.057163509229818936,0.022355000321764514,0.23543962091207501,0.1173351593056198,0.0767595023881982,0.016528587573840955,0.0625,3
banknote_authentication,xgb_weighted,,0.05,0.1,majority_to_minority,0.9563020107860996,0.02013025599442129,0.9234972677595629,0.028785939215444624,0.997320118057799,0.003274924029840998,0.959170879678983,0.019697980730063926,0.9853515871214986,0.018471032035644087,0.9234972677595629,0.028785939215444624,0.9977677774206222,0.0027880451080388572,0.032285794615745496,0.009939813652980647,0.10909786572058994,0.031064012505385565,0.048291173049559134,0.006876533415447789,0.1111111111111111,3
banknote_authentication,xgb_weighted,,0.05,0.1,minority_to_majority,0.9016393442622951,0.028688524590163918,0.8032786885245901,0.05737704918032788,0.9969160093481054,0.004272323630538837,0.9088631985142769,0.027316222405419196,1.0,0.0,0.8032786885245901,0.05737704918032788,0.9974999107110968,0.0034513597316026805,0.06904116521279013,0.021392116984022314,0.24461732804775238,0.11711756988350112,0.09275499078078249,0.01997304353297311,0.09375,3
banknote_authentication,xgb_weighted,,0.05,0.2,majority_to_minority,0.9521857923497269,0.010313981468949183,0.9043715846994536,0.02062796293789818,0.9983134785649096,8.400063462301102e-05,0.9565085244805194,0.009498320826634923,1.0,0.0,0.9043715846994536,0.02062796293789818,0.9986070931104681,5.357334190495e-05,0.0332975735267003,0.0031680085365597276,0.11126119891802466,0.006825037643498645,0.0487475143683453,0.005925525150534522,0.20000000000000004,3
banknote_authentication,xgb_weighted,,0.05,0.2,minority_to_majority,0.8633879781420765,0.016563327394784402,0.726775956284153,0.03312665478956876,0.9981298121189709,0.0018068802389438145,0.8716687984948809,0.016570847338489004,1.0,0.0,0.726775956284153,0.03312665478956876,0.9984463730847529,0.0015369107776471208,0.09533644219239547,0.005416693679650341,0.326513131459554,0.022008226009892783,0.12179284272489672,0.008054815498920405,0.1875,3
banknote_authentication,xgb_weighted,,0.05,0.3,majority_to_minority,0.9442837244187293,0.02804078306550524,0.9016393442622951,0.05118850818359346,0.993565281306484,0.005050852515216615,0.947810139081055,0.02644097164372304,0.9819181795304687,0.009763713184123694,0.9016393442622951,0.05118850818359346,0.9947855280545733,0.004218822723674173,0.03765221312642093,0.02015767106558746,0.12495781232913329,0.06576124994631515,0.04434199432080436,0.02168681572010757,0.3043478260869565,3
banknote_authentication,xgb_weighted,,0.05,0.3,minority_to_majority,0.8087431693989071,0.01936809682890414,0.6174863387978142,0.03873619365780834,0.9838554688801048,0.005947728474032768,0.8154066618723358,0.020757519467166464,1.0,0.0,0.6174863387978142,0.03873619365780834,0.983302975106254,0.008179779763024336,0.13724320133527113,0.009795919223698284,0.5504939953486124,0.06815879549991823,0.16995739851598482,0.011177999314120078,0.3125,3
banknote_authentication,xgb_weighted,,0.1,0.0,clean,0.9713114754098361,0.01084324307813356,0.9426229508196721,0.021686486156267015,0.9996121724427179,0.0004463103815508475,0.9740301436450441,0.00989375709230381,1.0,0.0,0.9426229508196721,0.021686486156267015,0.9996607021679346,0.0004056507979428332,0.016561840350429166,0.003397893302593187,0.05664127692580217,0.008664850081212566,0.027682426133277704,0.004017356552299204,0.0,3
banknote_authentication,xgb_weighted,,0.1,0.05,majority_to_minority,0.9795081967213113,0.007098568883479053,0.9590163934426229,0.014197137766957899,0.9996913931560303,0.0002283905188619082,0.981493570471179,0.006432831682201023,1.0,0.0,0.9590163934426229,0.014197137766957899,0.9997499910711096,0.00018814339356492955,0.0129647942570348,0.005065400889782967,0.04392624708513413,0.01374486598561607,0.022839121762663065,0.006761630954569005,0.044776119402985,3
banknote_authentication,xgb_weighted,,0.1,0.05,minority_to_majority,0.9685792349726775,0.012520698620097944,0.9371584699453551,0.025041397240195808,0.9997582858511773,0.0002314169772936351,0.9715319382286745,0.011438033099634426,1.0,0.0,0.9371584699453551,0.025041397240195808,0.9998035644130147,0.00018814339356505863,0.021395031362771932,0.006146180653467134,0.07197870065768557,0.01994477058272623,0.03615083095758697,0.007607041117914896,0.046875,3
banknote_authentication,xgb_weighted,,0.1,0.1,majority_to_minority,0.9896246294510519,0.0055710050766733755,0.983606557377049,0.00819672131147546,0.9998667141052388,0.00023085794165888832,0.9901675393300625,0.005627613183687559,0.9945355191256832,0.00946475851130535,0.983606557377049,0.00819672131147546,0.9998928533161898,0.0001855835002216891,0.007511617460598499,0.0018323712632177295,0.031127415597438767,0.003849634123789951,0.019973930561858533,0.0030567311528960956,0.09859154929577459,3
banknote_authentication,xgb_weighted,,0.1,0.1,minority_to_majority,0.9412568306010929,0.013174386285509548,0.8825136612021858,0.026348772571019054,0.9983991686803967,0.001967988515595914,0.9463848387305761,0.012258845594129323,1.0,0.0,0.8825136612021858,0.026348772571019054,0.9985892353298332,0.0017576084572633462,0.04097402095794673,0.01154569959298487,0.14611570785442984,0.05373320650928076,0.060922625945373,0.00911911183472613,0.09375,3
banknote_authentication,xgb_weighted,,0.1,0.2,majority_to_minority,0.983919068538162,0.017273609299953932,0.9760348583877997,0.0264147181982182,0.9967942882522293,0.003819317844890383,0.9828747682213664,0.01845236134511013,0.9711021505376344,0.03151444647229397,0.9918032786885246,0.008196721311475419,0.997607057394907,0.0027947284059417175,0.013176201765115,0.010548574943545568,0.05217390942076836,0.03385389797400554,0.023968341410385768,0.007442815667636542,0.20000000000000004,3
banknote_authentication,xgb_weighted,,0.1,0.2,minority_to_majority,0.8784153005464481,0.024014201955255426,0.7568306010928962,0.04802840391051078,0.9994731601115588,0.00029931508052917965,0.8864160121460157,0.023387704321555288,1.0,0.0,0.7568306010928962,0.04802840391051078,0.9995714132647594,0.00024550389451178273,0.07622139280041053,0.017810252775838607,0.2370527535676956,0.04698747434468949,0.1070997461095226,0.021776325934670805,0.203125,3
banknote_authentication,xgb_weighted,,0.1,0.3,majority_to_minority,0.9705346619522125,0.016713015230020143,0.9590878245651631,0.024244309911532067,0.9956912315142991,0.002676395166235487,0.9705335049728337,0.016840429130762523,0.9677179189374311,0.027031853076798885,0.9672131147540984,0.02459016393442623,0.9964105860923604,0.0022276462966134033,0.021795636974275067,0.008967184054488205,0.07650822897752124,0.025206488796453423,0.021484200584165933,0.0052572609948360926,0.2967032967032967,3
banknote_authentication,xgb_weighted,,0.1,0.3,minority_to_majority,0.8743169398907105,0.017062836061197805,0.7486338797814208,0.03412567212239561,0.9903102072748439,0.009928734638421805,0.8824829962663142,0.016721662010168562,1.0,0.0,0.7486338797814208,0.03412567212239561,0.9896067716704168,0.012016800338328288,0.08329755067825313,0.01549983097831326,0.32004309693972266,0.10967885646449277,0.11673635519702323,0.011978831656322145,0.296875,3
banknote_authentication,xgb_weighted,,0.2,0.0,clean,0.9931693989071038,0.006260349310049014,0.9863387978142075,0.012520698620097971,1.0,0.0,0.9938475266754025,0.005640140053494679,1.0,0.0,0.9863387978142075,0.012520698620097971,1.0,0.0,0.004360680196744633,0.003814216741754196,0.01895791757851833,0.010257963544633077,0.014374498260969433,0.0052828293316915746,0.0,3
banknote_authentication,xgb_weighted,,0.2,0.05,majority_to_minority,0.9918211364691597,0.0014073415433477215,0.9879995714132649,0.006588214257869358,0.9997617437087096,0.00013026237944533748,0.9914146538108914,0.0021113901598638434,0.9865355191256832,0.009124027204898355,0.9945355191256832,0.004732379255652675,0.9998035644130149,0.00011152180432159303,0.0058315629139542,0.0009031819015518224,0.024020050962765965,0.0037438560362190797,0.015407142150356866,0.0013068798978950887,0.051851851851851795,3
banknote_authentication,xgb_weighted,,0.2,0.05,minority_to_majority,0.9863387978142076,0.008531418030598918,0.9726775956284154,0.017062836061197847,1.0,0.0,0.9876766466148581,0.007706980766095826,1.0,0.0,0.9726775956284154,0.017062836061197847,1.0,0.0,0.008664952591061535,0.003817935102769705,0.0339107848703861,0.009840259377312545,0.023250641021313034,0.0015360243049737298,0.046875,3
banknote_authentication,xgb_weighted,,0.2,0.1,majority_to_minority,0.9855441265759491,0.012132863845347688,0.978731383263688,0.016073877529120973,0.9983899582992516,0.002226803217363366,0.9852936079913333,0.013226644487746226,0.9813721631903451,0.025444902525459,0.9863387978142076,0.004732379255652675,0.9987142397942783,0.001763857027017484,0.012251053471118165,0.0092165394679534,0.04897680754462871,0.030001678695996452,0.025331437801095535,0.0057089646497003,0.09859154929577459,3
banknote_authentication,xgb_weighted,,0.2,0.1,minority_to_majority,0.9549180327868854,0.004098360655737723,0.9098360655737706,0.008196721311475363,0.999825293024433,0.0001513119533259185,0.9590414641284113,0.003769844694553025,1.0,0.0,0.9098360655737706,0.008196721311475363,0.9998571377549199,0.00012372233348109936,0.0235762720306714,0.0039106864689628755,0.07724444071451816,0.010127532801359205,0.04335975238799363,0.0029031704952674152,0.1015625,3
banknote_authentication,xgb_weighted,,0.2,0.2,majority_to_minority,0.9798385656630595,0.006553507451109056,0.9651416122004358,0.013605660127229625,0.9983521126558218,0.001231920935489147,0.9779858793324777,0.007312162557823591,0.958081317204301,0.015839636404121112,0.9945355191256832,0.0047323792556527074,0.9986963820136433,0.0009736994807111223,0.01799648068845267,0.005745805479978277,0.06826426212986304,0.017371520288450883,0.031045459872393835,0.0018767433010259097,0.20000000000000004,3
banknote_authentication,xgb_weighted,,0.2,0.2,minority_to_majority,0.9480874316939891,0.030760465161742325,0.8961748633879781,0.06152093032348463,0.9995637365239155,0.00014648098806510773,0.95255625209641,0.028424569233316294,1.0,0.0,0.8961748633879781,0.06152093032348463,0.9996428443872997,0.00012372233348103526,0.03862158892055347,0.0146919833294712,0.13031759113073343,0.04412281625412766,0.0673074913696583,0.01935249491866265,0.203125,3
banknote_authentication,xgb_weighted,,0.2,0.3,majority_to_minority,0.9702935819136398,0.0026082295811067587,0.954248366013072,0.017292492229180296,0.9965589328174457,0.003596430396236799,0.9682103153429713,0.004145935523582606,0.9454335986594051,0.018711200187412694,0.9863387978142075,0.012520698620097989,0.9968570306082359,0.003470433507967138,0.026802889381845763,0.003424640632705963,0.09967520336310066,0.014442042189301434,0.04298928406879753,0.01038529046713933,0.3005464480874317,3
banknote_authentication,xgb_weighted,,0.2,0.3,minority_to_majority,0.8825136612021858,0.0189295170226107,0.7650273224043715,0.03785903404522132,0.9979810072196124,0.00046245463328859035,0.8904894369965662,0.018569159047109495,1.0,0.0,0.7650273224043715,0.03785903404522132,0.9983749419622129,0.0003875590987929455,0.080981728931268,0.009335971732511255,0.2666851927836736,0.035425318531606034,0.11786228724219124,0.013474321441329698,0.296875,3
banknote_authentication,xgb_weighted,,0.5,0.0,clean,0.9986338797814208,0.0023661896278262978,0.9972677595628415,0.004732379255652692,1.0,0.0,0.9987712407787206,0.0021282734015247023,1.0,0.0,0.9972677595628415,0.004732379255652692,1.0,0.0,0.0015757350289883334,0.001235393401803344,0.0125798778608441,0.0032507657685973044,0.011261561900151434,0.0019112412081067566,0.0,3
banknote_authentication,xgb_weighted,,0.5,0.05,majority_to_minority,0.9912854030501089,0.00499191252173831,0.982570806100218,0.009983825043476705,0.9995924728833145,0.000593743243678657,0.9902031457274729,0.005605003400488608,0.9787079623177184,0.01203860763516249,1.0,0.0,0.9996785599485696,0.00046704156686398996,0.009758121178795834,0.003962664321491497,0.0459351011862357,0.015489209466216841,0.028261357482635568,0.0019182391677692423,0.0504451038575667,3
banknote_authentication,xgb_weighted,,0.5,0.05,minority_to_majority,0.9877049180327869,0.014776849489606565,0.9754098360655737,0.029553698979213002,0.9999120308160888,0.0001523670960344632,0.9888903247442129,0.01337122648688133,1.0,0.0,0.9754098360655737,0.029553698979213002,0.99992856887746,0.00012372233348111538,0.009595857312281866,0.0063602779307328425,0.03887685512502987,0.01825223450774991,0.027244835298959897,0.01134834732186573,0.05000000000000001,3
banknote_authentication,xgb_weighted,,0.5,0.1,majority_to_minority,0.9782135076252724,0.010505066188445551,0.9564270152505446,0.02101013237689106,0.9994915019796546,0.00026113816986369815,0.9755809064584229,0.011743106374368123,0.9485864161284008,0.02400955112749751,1.0,0.0,0.9995892710453944,0.00021651408359198455,0.020736740902066165,0.005745869126071863,0.08077427248160039,0.014759687983726412,0.051614337847991375,0.008825598817824408,0.1011235955056179,3
banknote_authentication,xgb_weighted,,0.5,0.1,minority_to_majority,0.9726775956284154,0.018480531773864314,0.9453551912568305,0.03696106354772865,0.9999777866631124,3.847462809471687e-05,0.9752385554297799,0.01681968913970016,1.0,0.0,0.9453551912568305,0.03696106354772865,0.999982142219365,3.093058337027484e-05,0.0187017793456713,0.005755143538779126,0.06668607269724207,0.012950442110029523,0.049889090356953165,0.005557848857527558,0.10000000000000002,3
banknote_authentication,xgb_weighted,,0.5,0.2,majority_to_minority,0.9237472766884531,0.014736110303342743,0.8474945533769063,0.02947222060668559,0.999040532279594,0.0007889469154663998,0.9150799259276682,0.016337591469606026,0.8399869568761719,0.025985438825482966,1.0,0.0,0.9992142576520591,0.0006480676921184448,0.05791138485074037,0.00927649572739841,0.18915826578934983,0.030105135241907898,0.11487790743509928,0.00839941004815337,0.20000000000000004,3
banknote_authentication,xgb_weighted,,0.5,0.2,minority_to_majority,0.9592931890424659,0.014316851256398262,0.9207650273224043,0.02504139724019586,0.999547737315786,0.0007833419474261506,0.9628101053396558,0.01351460549269564,0.9969696969696971,0.005248638810814757,0.9207650273224043,0.02504139724019586,0.9996607021679346,0.0005876810840353582,0.028848913808663668,0.008804705537340822,0.09910479933023449,0.023014863186634964,0.06592264597163046,0.007860097052036833,0.20000000000000004,3
banknote_authentication,xgb_weighted,,0.5,0.3,majority_to_minority,0.840958605664488,0.037164971915538074,0.681917211328976,0.07432994383107613,0.9949023548321768,0.005176713561582139,0.8219618675160597,0.04233588758899766,0.7170263672664371,0.04914953348230885,1.0,0.0,0.9957498482088646,0.0042442576377978965,0.1233529647191365,0.023354588491620396,0.3727004627386729,0.06893532554834886,0.20129463970209613,0.019734193350048064,0.299781181619256,3
banknote_authentication,xgb_weighted,,0.5,0.3,minority_to_majority,0.8756830601092895,0.022572010439697067,0.7513661202185792,0.045144020879394245,0.9986952716004582,0.000478034708760981,0.8837505561344797,0.022202736177326595,1.0,0.0,0.7513661202185792,0.045144020879394245,0.9989285331618986,0.0003863228624733647,0.07305803398291266,0.010193202964010512,0.22115617493788398,0.021985075859179696,0.11448080013872992,0.012363306951832492,0.3,3
blood_transfusion,tabpfn_distpfn,observed,0.05,0.0,clean,0.5,0.0,0.0,0.0,0.45569613667923975,0.028181973745902457,0.4318181818181818,0.0,0.0,0.0,0.0,0.0,0.7230344379467186,0.013297226638344501,0.2085056204350069,0.00872765200144149,0.7580833397218142,0.012826038931345847,0.1918589204208224,0.009980115162507745,0.0,3
blood_transfusion,tabpfn_distpfn,observed,0.05,0.05,majority_to_minority,0.5,0.0,0.0,0.0,0.4425719902386282,0.07617894496435132,0.4318181818181818,0.0,0.0,0.0,0.0,0.0,0.6876218323586745,0.039587643541764486,0.21914638503162762,0.005683780057217265,0.7822264036999091,0.047686531942223484,0.20155917003441473,0.007495080243300993,0.0666666666666666,3
blood_transfusion,tabpfn_distpfn,observed,0.05,0.05,minority_to_majority,0.5,0.0,0.0,0.0,0.4526646091067485,0.04067852085561873,0.4318181818181818,0.0,0.0,0.0,0.0,0.0,0.7116634178037687,0.007137685056959537,0.21958822373668788,0.0046147159026802475,0.8073409387993985,0.02948797187582063,0.2054382086168335,0.003134417464164138,0.0714285714285714,3
blood_transfusion,tabpfn_distpfn,observed,0.05,0.1,majority_to_minority,0.5,0.0,0.0,0.0,0.4211416468510866,0.01014609571798691,0.4318181818181818,0.0,0.0,0.0,0.0,0.0,0.6875406107862249,0.02531954693243127,0.2128262134622612,0.005037497338769107,0.7389800486363645,0.04351488614414098,0.1946126507032727,0.00947284696532439,0.125,3
blood_transfusion,tabpfn_distpfn,observed,0.05,0.1,minority_to_majority,0.5,0.0,0.0,0.0,0.4985942792292642,0.02088273579352433,0.4318181818181818,0.0,0.0,0.0,0.0,0.0,0.7067089018843404,0.011506763680544933,0.2167405165997445,0.0031979142679936664,0.7767507136024799,0.024110986847317006,0.20194176456393298,0.0042034519327506315,0.0714285714285714,3
blood_transfusion,tabpfn_distpfn,observed,0.05,0.2,majority_to_minority,0.5,0.0,0.0,0.0,0.447651822757453,0.11722338031635891,0.4318181818181818,0.0,0.0,0.0,0.0,0.0,0.6884340480831709,0.07103780765267027,0.21446568513496675,0.0035807505371682007,0.733652511825801,0.024764425647615433,0.19239650714906817,0.0034076916597663154,0.2222222222222222,3
blood_transfusion,tabpfn_distpfn,observed,0.05,0.2,minority_to_majority,0.5,0.0,0.0,0.0,0.3904907584833813,0.08042055928108617,0.4318181818181818,0.0,0.0,0.0,0.0,0.0,0.6691845354126057,0.07942968363569598,0.2199722084402824,0.007093029637807266,0.8267846049585037,0.06126167136431018,0.20695341121084274,0.006630313429775042,0.2142857142857142,3
blood_transfusion,tabpfn_distpfn,observed,0.05,0.3,majority_to_minority,0.5,0.0,0.0,0.0,0.47998097786427074,0.040738886310095555,0.4318181818181818,0.0,0.0,0.0,0.0,0.0,0.7315627030539312,0.03042501453010297,0.2007629558509646,0.0019974128388668914,0.6642624874417834,0.016841222816204225,0.17611669954905898,0.002450988953306955,0.3,3
blood_transfusion,tabpfn_distpfn,observed,0.05,0.3,minority_to_majority,0.5,0.0,0.0,0.0,0.4250035079217889,0.09308522830839819,0.4318181818181818,0.0,0.0,0.0,0.0,0.0,0.6935510071474984,0.041536854296196954,0.22700003408746025,0.001660445001810993,0.8838020639342573,0.025278122823380888,0.21532463824985917,0.0017326275739732453,0.2857142857142857,3
blood_transfusion,tabpfn_distpfn,observed,0.1,0.0,clean,0.5,0.0,0.0,0.0,0.48585712179784507,0.06535822765047306,0.4318181818181818,0.0,0.0,0.0,0.0,0.0,0.7349740090968161,0.03717590870420165,0.18686734571709626,0.0024499704381133226,0.5996897198066851,0.009754260088078207,0.15315797918517113,0.011355022470847536,0.0,3
blood_transfusion,tabpfn_distpfn,observed,0.1,0.05,majority_to_minority,0.5,0.0,0.0,0.0,0.486472680519509,0.071769705093687,0.4318181818181818,0.0,0.0,0.0,0.0,0.0,0.7119883040935672,0.034547369323514564,0.19426208574852544,0.003977738862808939,0.6266942325740436,0.04335518142746392,0.1584668314072932,0.012876057017647552,0.0344827586206896,3
blood_transfusion,tabpfn_distpfn,observed,0.1,0.05,minority_to_majority,0.5,0.0,0.0,0.0,0.44164342635512965,0.07467831165761254,0.4318181818181818,0.0,0.0,0.0,0.0,0.0,0.6921702404158544,0.05115165106796935,0.1967983606046764,0.008967232194357395,0.6327004131207121,0.04908220081469487,0.1602311985868939,0.017346923637898477,0.0357142857142857,3
blood_transfusion,tabpfn_distpfn,observed,0.1,0.1,majority_to_minority,0.49707602339181284,0.0050644760455230645,0.0,0.0,0.43702977897099604,0.0752699772741553,0.4303724265556326,0.00250412157004528,0.0,0.0,0.0,0.0,0.7176738141650422,0.033129068722671025,0.19442401203125037,0.013219080645384757,0.612591262449355,0.05005775781803924,0.15783311392354507,0.022737975105750066,0.09677419354838708,3
blood_transfusion,tabpfn_distpfn,observed,0.1,0.1,minority_to_majority,0.5,0.0,0.0,0.0,0.5011158057899535,0.03475222987607401,0.4318181818181818,0.0,0.0,0.0,0.0,0.0,0.711582196231319,0.019163859536075863,0.18783538282449083,0.009942519728698553,0.615139565532675,0.0324594991511702,0.14967604976171134,0.015998402653159348,0.1071428571428571,3
blood_transfusion,tabpfn_distpfn,observed,0.1,0.2,majority_to_minority,0.5017056530214424,0.002954277693221717,0.009259259259259233,0.01603750747748956,0.4734804469681601,0.06000396467681893,0.4394653877412498,0.013245349194695433,0.1111111111111111,0.19245008972987526,0.009259259259259233,0.01603750747748956,0.7207602339181287,0.017630367316940867,0.1809139940868935,0.005265317681980716,0.5640684688574256,0.024171987803293195,0.12780991486921298,0.023020434219884433,0.20000000000000004,3
blood_transfusion,tabpfn_distpfn,observed,0.1,0.2,minority_to_majority,0.5,0.0,0.0,0.0,0.5058938296276548,0.036740560457669255,0.4318181818181818,0.0,0.0,0.0,0.0,0.0,0.7205977907732294,0.012502121397123088,0.19979474379338502,0.0140726473490229,0.6746061185980884,0.02246912012299307,0.17250177029675293,0.020747543133031336,0.2142857142857142,3
blood_transfusion,tabpfn_distpfn,observed,0.1,0.3,majority_to_minority,0.5,0.0,0.0,0.0,0.4747575562754129,0.1028321958172102,0.4318181818181818,0.0,0.0,0.0,0.0,0.0,0.7121507472384665,0.050284501154989024,0.18234966361573132,0.006371942578863308,0.5593418999356982,0.016234964973976845,0.11180365396091833,0.016883921275640867,0.3,3
blood_transfusion,tabpfn_distpfn,observed,0.1,0.3,minority_to_majority,0.5,0.0,0.0,0.0,0.44490459049736186,0.0504874441693989,0.4318181818181818,0.0,0.0,0.0,0.0,0.0,0.7118258609486681,0.02128001323102085,0.1989516915667752,0.009175105615325535,0.6783222185356378,0.04014207871358024,0.17324685050652391,0.015090992914576573,0.2857142857142857,3
blood_transfusion,tabpfn_distpfn,observed,0.2,0.0,clean,0.5416666666666666,0.0240562612162344,0.0833333333333333,0.04811252243246885,0.5031138986048783,0.04285246614677552,0.5125326083983199,0.04293152174146946,1.0,0.0,0.0833333333333333,0.04811252243246885,0.7245776478232617,0.017008745605283315,0.16462235226844021,0.01051025811870828,0.5202361682747051,0.030463999843640076,0.07011064191578997,0.03443893470411382,0.0,3
blood_transfusion,tabpfn_distpfn,observed,0.2,0.05,majority_to_minority,0.5701754385964912,0.02201494202686491,0.16666666666666666,0.0734930919740164,0.5308299666167146,0.01888245634908706,0.5651383543516638,0.03602764617268177,0.7319444444444444,0.14768663647260913,0.16666666666666666,0.0734930919740164,0.737248213125406,0.009837790082710057,0.157776264444602,0.0022250128028939394,0.5065237182274628,0.01995500144085939,0.06452035480040347,0.01890207897486762,0.05000000000000001,3
blood_transfusion,tabpfn_distpfn,observed,0.2,0.05,minority_to_majority,0.5309454191033138,0.027217468905761707,0.06481481481481481,0.05782405554072591,0.5115518523374402,0.061231919257908156,0.49312575994661784,0.05404134726559374,0.6,0.5291502622129182,0.06481481481481481,0.05782405554072591,0.7253086419753086,0.02121994217357228,0.16597719927336738,0.010008521873295892,0.5202890895673286,0.027987226617805488,0.08992391761172795,0.03125715920702227,0.0526315789473684,3
blood_transfusion,tabpfn_distpfn,observed,0.2,0.1,majority_to_minority,0.5577485380116959,0.05144557985354651,0.13888888888888887,0.12729376930432887,0.5220918736994776,0.025903851168639237,0.5386291153920495,0.09426884384575401,0.45,0.3968626966596886,0.13888888888888887,0.12729376930432887,0.7348115659519169,0.01042811926232803,0.15837038791338634,0.0071034027130716,0.49015460906447084,0.014590094861264892,0.06065678741743483,0.011667415365295811,0.09523809523809519,3
blood_transfusion,tabpfn_distpfn,observed,0.2,0.1,minority_to_majority,0.5355750487329435,0.06161779188719684,0.07407407407407407,0.12830005981991682,0.5295284344755485,0.02493606558438574,0.49485046543870076,0.1091751177478303,0.2962962962962963,0.5132002392796673,0.07407407407407407,0.12830005981991682,0.7366796621182585,0.01329722663834447,0.16545617904374424,0.007404626572689868,0.5261413191007347,0.004967391466721731,0.10465423671721347,0.015923012977320964,0.1052631578947368,3
blood_transfusion,tabpfn_distpfn,observed,0.2,0.2,majority_to_minority,0.5670077972709552,0.032962351994319426,0.1574074074074074,0.08486251286955261,0.4815898204039009,0.10244452844821902,0.5593047839335717,0.052357399760163556,0.7333333333333334,0.23094010767585033,0.1574074074074074,0.08486251286955261,0.692738791423002,0.053534336193779404,0.16409225876036007,0.010187348018468302,0.5087054196830928,0.02133772945244431,0.06941874074721384,0.00327122526747083,0.19718309859154917,3
blood_transfusion,tabpfn_distpfn,observed,0.2,0.2,minority_to_majority,0.5063352826510722,0.019080674415645166,0.0185185185185185,0.03207501495497917,0.49397491433126767,0.04034527166257667,0.4490150602042928,0.03361208190558888,0.3333333333333333,0.5773502691896258,0.0185185185185185,0.03207501495497917,0.7119883040935672,0.04816725156888219,0.17144254629615316,0.0036174064016965745,0.5324353599494355,0.0056220667097808645,0.1078043553747956,0.007970199574763562,0.1929824561403508,3
blood_transfusion,tabpfn_distpfn,observed,0.2,0.3,majority_to_minority,0.5326510721247564,0.016037507477489613,0.07407407407407403,0.03207501495497924,0.4547268448796032,0.039504425911403275,0.5007729658696858,0.028649372658940662,0.7111111111111111,0.07698003589195014,0.07407407407407403,0.03207501495497924,0.6744639376218324,0.026138365234142202,0.1680651916268071,0.0031820065907130256,0.5147831837807139,0.008670584821120698,0.06669646412043694,0.007814915931036323,0.2962962962962963,3
blood_transfusion,tabpfn_distpfn,observed,0.2,0.3,minority_to_majority,0.5,0.0,0.0,0.0,0.5301375394009279,0.040611952167952645,0.4318181818181818,0.0,0.0,0.0,0.0,0.0,0.7478882391163092,0.028812859139362056,0.17931782119839698,0.0021710564701369235,0.5605480989410964,0.019215166410682185,0.1271644796118269,0.008975495929335631,0.2982456140350877,3
blood_transfusion,tabpfn_distpfn,observed,0.5,0.0,clean,0.675682261208577,0.030990473870535367,0.5555555555555556,0.1272937693043289,0.5382189343969238,0.018462146967523286,0.6584120973385413,0.03256593792840351,0.4696735062588721,0.06338229670716401,0.5648148148148149,0.13981174880131014,0.7369233268356075,0.006181516634793208,0.18873425287995627,0.01929991142818099,0.5613182934385949,0.04693683155840601,0.17812314738581048,0.042267019978538094,0.0,3
blood_transfusion,tabpfn_distpfn,observed,0.5,0.05,majority_to_minority,0.6917641325536062,0.004466448045765913,0.6364522417153996,0.004220396704602511,0.5340916293522986,0.04541855045457253,0.6503428475683867,0.0215520048908025,0.42541566804463105,0.030742329051252806,0.6759259259259259,0.06415002990995845,0.748619233268356,0.008640940893062218,0.19572749621614616,0.013588707379194704,0.5733763219661412,0.031194416468087727,0.19437312961224787,0.027125425778312017,0.04697986577181199,3
blood_transfusion,tabpfn_distpfn,observed,0.5,0.05,minority_to_majority,0.6851851851851851,0.008812447037049238,0.5370370370370371,0.03207501495497922,0.5285006470140327,0.02744378018805353,0.6810863818406956,0.013995198306955222,0.5077971124482752,0.04040402424143833,0.5370370370370371,0.03207501495497922,0.7431773879142299,0.008608816192460747,0.1762321013455095,0.006530182455018386,0.5308480214987944,0.017651416093479436,0.14504919356524226,0.010151453966329658,0.04929577464788729,3
blood_transfusion,tabpfn_distpfn,observed,0.5,0.1,majority_to_minority,0.6864035087719298,0.023081364625507295,0.5921052631578947,0.0359006700520721,0.5607082866414598,0.005107347721310523,0.6379045540117575,0.06113312216938457,0.426596279537456,0.0975808210769884,0.6944444444444445,0.1001542020962219,0.7515432098765432,0.007318397210420728,0.20641884740867736,0.016900345955672542,0.6000498593509703,0.03429351743215117,0.22472053160512115,0.026028885863512968,0.1012658227848101,3
blood_transfusion,tabpfn_distpfn,observed,0.5,0.1,minority_to_majority,0.6544834307992203,0.022934274102417374,0.48148148148148145,0.08018753738744801,0.5210738836251403,0.02187235250213984,0.6520943949043723,0.023382443195382033,0.477187332259796,0.056316599563600044,0.48148148148148145,0.08018753738744801,0.7294509421702404,0.019460534518692715,0.1725059833952273,0.012141630496257941,0.5235359119805681,0.03002070595296803,0.13107908323421733,0.023166116025946006,0.09859154929577459,3
blood_transfusion,tabpfn_distpfn,observed,0.5,0.2,majority_to_minority,0.6186647173489278,0.007394732410084655,0.45029239766081863,0.074604390772942,0.5354595895670621,0.024764067369244813,0.518397247599285,0.026569260167559165,0.31201437451437447,0.008751370090782888,0.7870370370370371,0.0801875373874481,0.7248213125406108,0.021523448513047164,0.2618567249071558,0.011829696280402783,0.7243508369461212,0.021610979995540357,0.31197740389238576,0.017431967833566635,0.2022471910112359,3
blood_transfusion,tabpfn_distpfn,observed,0.5,0.2,minority_to_majority,0.6413255360623782,0.02878236292401416,0.3703703703703704,0.08018753738744805,0.5283135275372328,0.03994522152595847,0.655020401298389,0.02887121648066696,0.5735713088654265,0.016595694922354885,0.3703703703703704,0.08018753738744805,0.7456140350877193,0.012587706091478992,0.16331887590580071,0.007072031321832242,0.5035820952259397,0.019418014355757247,0.09108030289761283,0.0364155659475588,0.19718309859154917,3
blood_transfusion,tabpfn_distpfn,observed,0.5,0.3,majority_to_minority,0.5185185185185185,0.017970169656425238,0.05555555555555553,0.04831202234461491,0.4536155004229878,0.04701079806783559,0.24840269252989886,0.046841521765255266,0.24728014518834093,0.007268561425329614,0.9814814814814815,0.01603750747748965,0.6948505523066926,0.025222044719286452,0.3787500103727413,0.030346486494774567,1.0092049084233288,0.0980672141998648,0.4599926643434897,0.031092837517787842,0.3004926108374384,3
blood_transfusion,tabpfn_distpfn,observed,0.5,0.3,minority_to_majority,0.5733430799220273,0.04275118124216453,0.1759259259259259,0.11226255234242728,0.517108646867348,0.009415563640098303,0.5664188083160049,0.07160761754018934,0.7537878787878788,0.2133016397772892,0.1759259259259259,0.11226255234242728,0.7269330734243015,0.008954747428269808,0.1598870493010003,0.0045119209348357765,0.49553310563365893,0.018564995941010645,0.0672450397709931,0.03221236070921416,0.3028169014084507,3
blood_transfusion,tabpfn_distpfn,oracle,0.05,0.0,clean,0.5,0.0,0.0,0.0,0.45569613667923975,0.028181973745902457,0.4318181818181818,0.0,0.0,0.0,0.0,0.0,0.7230344379467186,0.013297226638344501,0.2085056204350069,0.00872765200144149,0.7580833397218142,0.012826038931345847,0.1918589204208224,0.009980115162507745,0.0,3
blood_transfusion,tabpfn_distpfn,oracle,0.05,0.05,majority_to_minority,0.5,0.0,0.0,0.0,0.4425719902386282,0.07617894496435132,0.4318181818181818,0.0,0.0,0.0,0.0,0.0,0.6876218323586745,0.039587643541764486,0.21782354488743275,0.0059908102735876465,0.7677844665615323,0.04729892717187509,0.19879989215755914,0.007976773345360188,0.0666666666666666,3
blood_transfusion,tabpfn_distpfn,oracle,0.05,0.05,minority_to_majority,0.5,0.0,0.0,0.0,0.4526646091067485,0.04067852085561873,0.4318181818181818,0.0,0.0,0.0,0.0,0.0,0.7116634178037687,0.007137685056959537,0.22090722258119078,0.004363065576111878,0.8234220342335691,0.029713800280564074,0.2079029793973868,0.002930696558711934,0.0714285714285714,3
blood_transfusion,tabpfn_distpfn,oracle,0.05,0.1,majority_to_minority,0.4985380116959064,0.0025322380227615323,0.0,0.0,0.4211416468510866,0.01014609571798691,0.43109805277105656,0.001247300097627076,0.0,0.0,0.0,0.0,0.6875406107862249,0.02531954693243127,0.20963150745968306,0.005490098379760598,0.7123612077449115,0.04233534435813209,0.18767818245805665,0.01014649708561749,0.125,3
blood_transfusion,tabpfn_distpfn,oracle,0.05,0.1,minority_to_majority,0.5,0.0,0.0,0.0,0.4985942792292642,0.02088273579352433,0.4318181818181818,0.0,0.0,0.0,0.0,0.0,0.7067089018843404,0.011506763680544933,0.2182348962248645,0.003024693409739175,0.7925693178847278,0.024424458690190973,0.20464934479570918,0.003923818263372863,0.0714285714285714,3
blood_transfusion,tabpfn_distpfn,oracle,0.05,0.2,majority_to_minority,0.5,0.0,0.0,0.0,0.447651822757453,0.11722338031635891,0.4318181818181818,0.0,0.0,0.0,0.0,0.0,0.6884340480831709,0.07103780765267027,0.20832131165013792,0.004311919071975742,0.6841537586022595,0.024370497031258074,0.1803080618007071,0.004440071703000077,0.2222222222222222,3
blood_transfusion,tabpfn_distpfn,oracle,0.05,0.2,minority_to_majority,0.5,0.0,0.0,0.0,0.3904907584833813,0.08042055928108617,0.4318181818181818,0.0,0.0,0.0,0.0,0.0,0.6691845354126057,0.07942968363569598,0.2238209217581327,0.005875461974878665,0.8798978646667738,0.0626706773778118,0.2139623371637985,0.005362395067604816,0.2142857142857142,3
blood_transfusion,tabpfn_distpfn,oracle,0.05,0.3,majority_to_minority,0.5,0.0,0.0,0.0,0.47998097786427074,0.040738886310095555,0.4318181818181818,0.0,0.0,0.0,0.0,0.0,0.7315627030539312,0.03042501453010297,0.18939464718036036,0.002338033885164458,0.602028789972768,0.017125811265953278,0.15095232545413695,0.0029648324036854953,0.3,3
blood_transfusion,tabpfn_distpfn,oracle,0.05,0.3,minority_to_majority,0.5,0.0,0.0,0.0,0.4250035079217889,0.09308522830839819,0.4318181818181818,0.0,0.0,0.0,0.0,0.0,0.6935510071474984,0.041536854296196954,0.23062363430726265,0.00121327179784907,0.9607476730726517,0.025715444121806513,0.2224899656303417,0.0012345031061774291,0.2857142857142857,3
blood_transfusion,tabpfn_distpfn,oracle,0.1,0.0,clean,0.5,0.0,0.0,0.0,0.48585712179784507,0.06535822765047306,0.4318181818181818,0.0,0.0,0.0,0.0,0.0,0.7349740090968161,0.03717590870420165,0.18686734571709626,0.0024499704381133226,0.5996897198066851,0.009754260088078207,0.15315797918517113,0.011355022470847536,0.0,3
blood_transfusion,tabpfn_distpfn,oracle,0.1,0.05,majority_to_minority,0.5,0.0,0.0,0.0,0.486472680519509,0.071769705093687,0.4318181818181818,0.0,0.0,0.0,0.0,0.0,0.7119883040935672,0.034547369323514564,0.19309789559326354,0.004125934585814817,0.6206496080779498,0.04300440370579615,0.15562740932848917,0.013348121679635259,0.0344827586206896,3
blood_transfusion,tabpfn_distpfn,oracle,0.1,0.05,minority_to_majority,0.5,0.0,0.0,0.0,0.44164342635512965,0.07467831165761254,0.4318181818181818,0.0,0.0,0.0,0.0,0.0,0.6921702404158544,0.05115165106796935,0.197958818533204,0.008807918565824004,0.6392088240630147,0.04968665473731954,0.16302272389061914,0.01679336094652839,0.0357142857142857,3
blood_transfusion,tabpfn_distpfn,oracle,0.1,0.1,majority_to_minority,0.5017056530214424,0.011426290533814193,0.009259259259259233,0.01603750747748956,0.43702977897099604,0.0752699772741553,0.43992873364045687,0.017935659561644543,0.3333333333333333,0.5773502691896258,0.009259259259259233,0.01603750747748956,0.7176738141650422,0.033129068722671025,0.19122072614165445,0.013728411098650561,0.5962413451643376,0.048911112281751414,0.14654096918696036,0.020332100929534604,0.09677419354838708,3
blood_transfusion,tabpfn_distpfn,oracle,0.1,0.1,minority_to_majority,0.5,0.0,0.0,0.0,0.5011158057899535,0.03475222987607401,0.4318181818181818,0.0,0.0,0.0,0.0,0.0,0.711582196231319,0.019163859536075863,0.19159391957597002,0.00968530107209685,0.6344211491313362,0.03427665879163341,0.1587460413528275,0.014722063474815195,0.1071428571428571,3
blood_transfusion,tabpfn_distpfn,oracle,0.1,0.2,majority_to_minority,0.5065789473684211,0.011395071102426827,0.027777777777777766,0.048112522432468795,0.4734804469681601,0.06000396467681893,0.452533143939394,0.03587936687080415,0.125,0.21650635094610965,0.027777777777777766,0.048112522432468795,0.7207602339181287,0.017630367316940867,0.1738537016359356,0.00383351989378874,0.5361295724147742,0.01712713784761373,0.10529827647021277,0.022663027434773816,0.20000000000000004,3
blood_transfusion,tabpfn_distpfn,oracle,0.1,0.2,minority_to_majority,0.5,0.0,0.0,0.0,0.5058938296276548,0.036740560457669255,0.4318181818181818,0.0,0.0,0.0,0.0,0.0,0.7205977907732294,0.012502121397123088,0.20650198476968237,0.01328324027310215,0.7221111443986681,0.027523393831774684,0.1864593277830935,0.01768008226754788,0.2142857142857142,3
blood_transfusion,tabpfn_distpfn,oracle,0.1,0.3,majority_to_minority,0.5,0.0,0.0,0.0,0.4747575562754129,0.1028321958172102,0.4318181818181818,0.0,0.0,0.0,0.0,0.0,0.7121507472384665,0.050284501154989024,0.17181992249654518,0.006199862352933146,0.5245646320148332,0.017190130938684538,0.07452616913686254,0.01411132808908311,0.3,3
blood_transfusion,tabpfn_distpfn,oracle,0.1,0.3,minority_to_majority,0.5,0.0,0.0,0.0,0.44490459049736186,0.0504874441693989,0.4318181818181818,0.0,0.0,0.0,0.0,0.0,0.7118258609486681,0.02128001323102085,0.20844784482345657,0.0076494632563179,0.7446226399700399,0.04398839678971651,0.19115149568678982,0.012669770380107177,0.2857142857142857,3
blood_transfusion,tabpfn_distpfn,oracle,0.2,0.0,clean,0.5416666666666666,0.0240562612162344,0.0833333333333333,0.04811252243246885,0.5031138986048783,0.04285246614677552,0.5125326083983199,0.04293152174146946,1.0,0.0,0.0833333333333333,0.04811252243246885,0.7245776478232617,0.017008745605283315,0.16462235226844021,0.01051025811870828,0.5202361682747051,0.030463999843640076,0.07011064191578997,0.03443893470411382,0.0,3
blood_transfusion,tabpfn_distpfn,oracle,0.2,0.05,majority_to_minority,0.5765107212475633,0.019835864511631884,0.1851851851851852,0.08018753738744804,0.5308299666167146,0.01888245634908706,0.5748179469109701,0.030805964227373552,0.7309941520467836,0.1772566615933062,0.1851851851851852,0.08018753738744804,0.737248213125406,0.009837790082710057,0.15712914524986335,0.0027897087496180075,0.5037461562312925,0.020984555160672103,0.060587245712788666,0.008642938129465025,0.05000000000000001,3
blood_transfusion,tabpfn_distpfn,oracle,0.2,0.05,minority_to_majority,0.5263157894736842,0.022895409010768725,0.05555555555555553,0.048112522432468795,0.5115518523374402,0.061231919257908156,0.48504608418401524,0.04614203928518791,0.5833333333333334,0.5204164998665332,0.05555555555555553,0.048112522432468795,0.7253086419753086,0.02121994217357228,0.1675184444995792,0.010184745785279106,0.525826672532257,0.029529364590834783,0.09161308001040909,0.024187096603995387,0.0526315789473684,3
blood_transfusion,tabpfn_distpfn,oracle,0.2,0.1,majority_to_minority,0.5672514619883041,0.061979510851554016,0.16666666666666666,0.15466012118972283,0.5220918736994776,0.025903851168639237,0.5514000046745999,0.10714279065935903,0.4158249158249158,0.3603362221224867,0.16666666666666666,0.15466012118972283,0.7348115659519169,0.01042811926232803,0.15723735715121456,0.005507126974588591,0.4865124521049012,0.011492689645475758,0.056399717453169,0.004257607273369303,0.09523809523809519,3
blood_transfusion,tabpfn_distpfn,oracle,0.2,0.1,minority_to_majority,0.5309454191033138,0.053599038148452086,0.0648148148148148,0.1122625523424272,0.5295284344755485,0.02493606558438574,0.48804450757575757,0.09738685293503983,0.2916666666666667,0.5051814855409226,0.0648148148148148,0.1122625523424272,0.7366796621182585,0.01329722663834447,0.1688798153270938,0.008238735246085828,0.5394345429770026,0.008381856755706754,0.11316429176150977,0.01677130963476211,0.1052631578947368,3
blood_transfusion,tabpfn_distpfn,oracle,0.2,0.2,majority_to_minority,0.6130604288499025,0.049472339139960304,0.2962962962962963,0.14254448442908013,0.4815898204039009,0.10244452844821902,0.6194825904528601,0.06257631027108226,0.5912734422262553,0.06419797809750791,0.2962962962962963,0.14254448442908013,0.692738791423002,0.053534336193779404,0.16667847415530965,0.00818317720885668,0.5119321026045368,0.014703864912488117,0.0822543512644315,0.002078099537578354,0.19718309859154917,3
blood_transfusion,tabpfn_distpfn,oracle,0.2,0.2,minority_to_majority,0.5,0.0,0.0,0.0,0.49397491433126767,0.04034527166257667,0.4318181818181818,0.0,0.0,0.0,0.0,0.0,0.7119883040935672,0.04816725156888219,0.17866457451935683,0.0032663324441105815,0.5594861382927575,0.0023276719840395373,0.12007833673071844,0.017130290402422012,0.1929824561403508,3
blood_transfusion,tabpfn_distpfn,oracle,0.2,0.3,majority_to_minority,0.5935672514619883,0.026437341111147865,0.27777777777777773,0.09622504486493766,0.4547268448796032,0.039504425911403275,0.5990118695544069,0.03379082267349969,0.5167701863354037,0.0858222382579671,0.27777777777777773,0.09622504486493766,0.6744639376218324,0.026138365234142202,0.1796688180638395,0.005392583815596529,0.5416716001494574,0.016681267356776098,0.11392889592256061,0.02947876654412631,0.2962962962962963,3
blood_transfusion,tabpfn_distpfn,oracle,0.2,0.3,minority_to_majority,0.5,0.0,0.0,0.0,0.5301375394009279,0.040611952167952645,0.4318181818181818,0.0,0.0,0.0,0.0,0.0,0.7478882391163092,0.028812859139362056,0.19329997778018157,0.0021910644171013534,0.6225092575144652,0.018760593986035776,0.1616953466489471,0.006879258954505926,0.2982456140350877,3
blood_transfusion,tabpfn_distpfn,oracle,0.5,0.0,clean,0.675682261208577,0.030990473870535367,0.5555555555555556,0.1272937693043289,0.5382189343969238,0.018462146967523286,0.6584120973385413,0.03256593792840351,0.4696735062588721,0.06338229670716401,0.5648148148148149,0.13981174880131014,0.7369233268356075,0.006181516634793208,0.18873425287995627,0.01929991142818099,0.5613182934385949,0.04693683155840601,0.17812314738581048,0.042267019978538094,0.0,3
blood_transfusion,tabpfn_distpfn,oracle,0.5,0.05,majority_to_minority,0.6868908382066277,0.020275481542606933,0.6252436647173489,0.041204561060288435,0.5340916293522986,0.04541855045457253,0.6327501287268213,0.036146710968355006,0.40379953379953376,0.04140818811068737,0.7129629629629629,0.06415002990995845,0.748619233268356,0.008640940893062218,0.20431681261412285,0.014805951149652581,0.5927739917296228,0.033441500385346275,0.2084418399484086,0.026201753741037767,0.04697986577181199,3
blood_transfusion,tabpfn_distpfn,oracle,0.5,0.05,minority_to_majority,0.6783625730994153,0.035721613224767905,0.5,0.09622504486493766,0.5285006470140327,0.02744378018805353,0.6795189422446587,0.02766810385587358,0.5239598572931906,0.01463919772205227,0.5,0.09622504486493766,0.7431773879142299,0.008608816192460747,0.1708012121105916,0.005752417186052089,0.5189025750200321,0.01626759303039359,0.11863435174375186,0.018871811439880547,0.04929577464788729,3
blood_transfusion,tabpfn_distpfn,oracle,0.5,0.1,majority_to_minority,0.6686159844054581,0.0262480175623689,0.5818713450292398,0.08337179783265056,0.5607082866414598,0.005107347721310523,0.600091135536661,0.049771204680038976,0.37296181630546954,0.04598886845061857,0.7407407407407408,0.06415002990995845,0.7515432098765432,0.007318397210420728,0.23079845745527874,0.019746171604695623,0.6554811253989079,0.03992218056879701,0.2703728627308251,0.02531302409530055,0.1012658227848101,3
blood_transfusion,tabpfn_distpfn,oracle,0.5,0.1,minority_to_majority,0.6403508771929824,0.019628247927043155,0.3888888888888889,0.07349309197401639,0.5210738836251403,0.02187235250213984,0.6509006912233041,0.015971806880001216,0.538220551378446,0.03953331216628411,0.3888888888888889,0.07349309197401639,0.7294509421702404,0.019460534518692715,0.16422892549043203,0.009699903627091387,0.5052873262075148,0.025859008026660243,0.09018001157036963,0.03253597026959945,0.09859154929577459,3
blood_transfusion,tabpfn_distpfn,oracle,0.5,0.2,majority_to_minority,0.5823586744639376,0.016350973752249108,0.25730994152046777,0.044151078568834844,0.5354595895670621,0.024764067369244813,0.4124760898913882,0.031705490123251266,0.2786860835641323,0.009185395014065165,0.9074074074074074,0.016037507477489603,0.7248213125406108,0.021523448513047164,0.340682065613028,0.013408650970742286,0.913644464459091,0.028708096048563315,0.4187406176829244,0.015161825751992224,0.2022471910112359,3
blood_transfusion,tabpfn_distpfn,oracle,0.5,0.2,minority_to_majority,0.5355750487329435,0.029714110544032443,0.07407407407407403,0.057824055540725956,0.5283135275372328,0.03994522152595847,0.502275001864074,0.05315767701481716,0.8888888888888888,0.19245008972987532,0.07407407407407403,0.057824055540725956,0.7456140350877193,0.012587706091478992,0.15749748234248936,0.002767450587682382,0.4892732272897489,0.009025761977082561,0.06082156125622543,0.021163711810331765,0.19718309859154917,3
blood_transfusion,tabpfn_distpfn,oracle,0.5,0.3,majority_to_minority,0.5,0.0,0.0,0.0,0.4536155004229878,0.04701079806783559,0.19354838709677416,0.0,0.24,0.0,1.0,0.0,0.6948505523066926,0.025222044719286452,0.5373906881858673,0.019827380331893935,1.503730110368875,0.11917244701740809,0.6061134769513908,0.015974448153608753,0.3004926108374384,3
blood_transfusion,tabpfn_distpfn,oracle,0.5,0.3,minority_to_majority,0.5309454191033138,0.02831442729375498,0.06481481481481481,0.05782405554072591,0.517108646867348,0.009415563640098303,0.4932983682983683,0.05516235260717107,0.5833333333333334,0.5204164998665332,0.06481481481481481,0.05782405554072591,0.7269330734243015,0.008954747428269808,0.16516320748064697,0.006708823027733334,0.5123858524157684,0.015459481655901724,0.0792491861881629,0.016132085512259094,0.3028169014084507,3
blood_transfusion,tabpfn_distpfn_t,observed,0.05,0.0,clean,0.5,0.0,0.0,0.0,0.45569613667923975,0.028181973745902457,0.4318181818181818,0.0,0.0,0.0,0.0,0.0,0.7230344379467186,0.013297226638344501,0.23204321411075615,0.005385365420795499,1.1227206220446941,0.06520900621773813,0.229488633556346,0.005977777695756334,0.0,3
blood_transfusion,tabpfn_distpfn_t,observed,0.05,0.05,majority_to_minority,0.5,0.0,0.0,0.0,0.4425719902386282,0.07617894496435132,0.4318181818181818,0.0,0.0,0.0,0.0,0.0,0.6876218323586745,0.039587643541764486,0.23603275710210592,0.0019390783684494742,1.189092348390104,0.09578973293649698,0.2331571056632855,0.0023093170959749493,0.0666666666666666,3
blood_transfusion,tabpfn_distpfn_t,observed,0.05,0.05,minority_to_majority,0.5,0.0,0.0,0.0,0.4526646091067485,0.04067852085561873,0.4318181818181818,0.0,0.0,0.0,0.0,0.0,0.7116634178037687,0.007137685056959537,0.23763152485899017,0.0008121388516555728,1.3309729793569343,0.06741887561742395,0.23635386032829298,0.0009139245638884229,0.0714285714285714,3
blood_transfusion,tabpfn_distpfn_t,observed,0.05,0.1,majority_to_minority,0.5,0.0,0.0,0.0,0.4211416468510866,0.01014609571798691,0.4318181818181818,0.0,0.0,0.0,0.0,0.0,0.6875406107862249,0.02531954693243127,0.23251808926253395,0.0030120533304732237,1.060408489835095,0.09881049215926746,0.2288083973343444,0.004793040838655946,0.125,3
blood_transfusion,tabpfn_distpfn_t,observed,0.05,0.1,minority_to_majority,0.5,0.0,0.0,0.0,0.4985942792292642,0.02088273579352433,0.4318181818181818,0.0,0.0,0.0,0.0,0.0,0.7067089018843404,0.011506763680544933,0.2368174732615035,0.0009950091454429988,1.2597248998395632,0.07130228851353926,0.23525368119497816,0.001374604295912131,0.0714285714285714,3
blood_transfusion,tabpfn_distpfn_t,observed,0.05,0.2,majority_to_minority,0.5,0.0,0.0,0.0,0.447651822757453,0.11722338031635891,0.4318181818181818,0.0,0.0,0.0,0.0,0.0,0.6884340480831709,0.07103780765267027,0.23229107350758146,0.001588969968457084,1.0168565871384894,0.03896973023380094,0.22676195290373555,0.0020589943111207127,0.2222222222222222,3
blood_transfusion,tabpfn_distpfn_t,observed,0.05,0.2,minority_to_majority,0.5,0.0,0.0,0.0,0.3904907584833813,0.08042055928108617,0.4318181818181818,0.0,0.0,0.0,0.0,0.0,0.6691845354126057,0.07942968363569598,0.2382397441913181,0.0013060313602617204,1.4562583282079198,0.1576144310496734,0.23751068911473716,0.0014821169660440604,0.2142857142857142,3
blood_transfusion,tabpfn_distpfn_t,observed,0.05,0.3,majority_to_minority,0.5,0.0,0.0,0.0,0.47998097786427074,0.040738886310095555,0.4318181818181818,0.0,0.0,0.0,0.0,0.0,0.7315627030539312,0.03042501453010297,0.2207592721569861,0.0017300744314766667,0.8386863944456606,0.017186108435868454,0.21188673577007144,0.002273412799367843,0.3,3
blood_transfusion,tabpfn_distpfn_t,observed,0.05,0.3,minority_to_majority,0.5,0.0,0.0,0.0,0.4250035079217889,0.09308522830839819,0.4318181818181818,0.0,0.0,0.0,0.0,0.0,0.6935510071474984,0.041536854296196954,0.23959250291498227,0.00011548670528104007,1.7144679319283906,0.06196826658207365,0.23926903367160826,0.00017318181928994918,0.2857142857142857,3
blood_transfusion,tabpfn_distpfn_t,observed,0.1,0.0,clean,0.5,0.0,0.0,0.0,0.48585712179784507,0.06535822765047306,0.4318181818181818,0.0,0.0,0.0,0.0,0.0,0.7349740090968161,0.03717590870420165,0.19664516024368192,0.005470273135358572,0.6505744922408985,0.012073110869573625,0.17062795535230843,0.02236944183530354,0.0,3
blood_transfusion,tabpfn_distpfn_t,observed,0.1,0.05,majority_to_minority,0.5,0.0,0.0,0.0,0.486472680519509,0.071769705093687,0.4318181818181818,0.0,0.0,0.0,0.0,0.0,0.7119883040935672,0.034547369323514564,0.20439508423013383,0.004247336262327954,0.6885357934895316,0.059258140454538324,0.1806795545363313,0.012930488961892812,0.0344827586206896,3
blood_transfusion,tabpfn_distpfn_t,observed,0.1,0.05,minority_to_majority,0.5,0.0,0.0,0.0,0.44164342635512965,0.07467831165761254,0.4318181818181818,0.0,0.0,0.0,0.0,0.0,0.6921702404158544,0.05115165106796935,0.20852951850694654,0.009917713130055595,0.7138427330837301,0.08423105115686198,0.18664362359402234,0.017688016876426037,0.0357142857142857,3
blood_transfusion,tabpfn_distpfn_t,observed,0.1,0.1,majority_to_minority,0.49707602339181284,0.0050644760455230645,0.0,0.0,0.43702977897099604,0.0752699772741553,0.4303724265556326,0.00250412157004528,0.0,0.0,0.0,0.0,0.7176738141650422,0.033129068722671025,0.20143527794057126,0.01349494234204618,0.6551219528906597,0.06167537056802462,0.1718655370426725,0.017554962435784877,0.09677419354838708,3
blood_transfusion,tabpfn_distpfn_t,observed,0.1,0.1,minority_to_majority,0.5,0.0,0.0,0.0,0.5011158057899535,0.03475222987607401,0.4318181818181818,0.0,0.0,0.0,0.0,0.0,0.711582196231319,0.019163859536075863,0.1997147163387937,0.01217597266164867,0.6852247372736299,0.06270386013370707,0.17599274929902978,0.018813838108116876,0.1071428571428571,3
blood_transfusion,tabpfn_distpfn_t,observed,0.1,0.2,majority_to_minority,0.5017056530214424,0.002954277693221717,0.009259259259259233,0.01603750747748956,0.4734804469681601,0.06000396467681893,0.4394653877412498,0.013245349194695433,0.1111111111111111,0.19245008972987526,0.009259259259259233,0.01603750747748956,0.7207602339181287,0.017630367316940867,0.1840172099522892,0.008520101119398929,0.5784135697865577,0.03925888216692882,0.13509136792171217,0.031313163860417347,0.20000000000000004,3
blood_transfusion,tabpfn_distpfn_t,observed,0.1,0.2,minority_to_majority,0.5,0.0,0.0,0.0,0.5058938296276548,0.036740560457669255,0.4318181818181818,0.0,0.0,0.0,0.0,0.0,0.7205977907732294,0.012502121397123088,0.21607694881169773,0.016300578532391478,0.8250540958165405,0.08447656260446565,0.20396684368034168,0.022313443278019138,0.2142857142857142,3
blood_transfusion,tabpfn_distpfn_t,observed,0.1,0.3,majority_to_minority,0.5,0.0,0.0,0.0,0.4747575562754129,0.1028321958172102,0.4318181818181818,0.0,0.0,0.0,0.0,0.0,0.7121507472384665,0.050284501154989024,0.1820732343375663,0.007019699637620511,0.5584040788083366,0.01673912521238661,0.11014467297015999,0.021352140777038526,0.3,3
blood_transfusion,tabpfn_distpfn_t,observed,0.1,0.3,minority_to_majority,0.5,0.0,0.0,0.0,0.44490459049736186,0.0504874441693989,0.4318181818181818,0.0,0.0,0.0,0.0,0.0,0.7118258609486681,0.02128001323102085,0.21736648603968545,0.009722926643544608,0.8364387072327976,0.08494170769838544,0.20659586987027964,0.012899085138862523,0.2857142857142857,3
blood_transfusion,tabpfn_distpfn_t,observed,0.2,0.0,clean,0.5543372319688109,0.016170233940581945,0.12037037037037036,0.03207501495497923,0.5031138986048783,0.04285246614677552,0.5396503859727945,0.02705358474083225,0.7916666666666666,0.19094065395649334,0.12037037037037036,0.03207501495497923,0.7245776478232617,0.017008745605283315,0.16218409454414184,0.00982540176036002,0.511310776901402,0.02833805620322578,0.06639546581025674,0.02670052269172854,0.0,3
blood_transfusion,tabpfn_distpfn_t,observed,0.2,0.05,majority_to_minority,0.5862573099415205,0.02893665996036476,0.2222222222222222,0.10015420209622192,0.5308299666167146,0.01888245634908706,0.589000451822143,0.03920478694292162,0.6342592592592592,0.1391201777899696,0.2222222222222222,0.10015420209622192,0.737248213125406,0.009837790082710057,0.15661395078723217,0.004458843270519503,0.5004560265687031,0.023653915531219132,0.06501854802751393,0.03040266833073071,0.05000000000000001,3
blood_transfusion,tabpfn_distpfn_t,observed,0.2,0.05,minority_to_majority,0.537280701754386,0.033554144495697366,0.08333333333333333,0.0734930919740164,0.5115518523374402,0.061231919257908156,0.50606563978657,0.06577336382605743,0.5,0.44095855184409843,0.08333333333333333,0.0734930919740164,0.7253086419753086,0.02121994217357228,0.1631608031836108,0.009813397532517169,0.5105714915625971,0.026287026594790965,0.08147251309034033,0.02805960058487,0.0526315789473684,3
blood_transfusion,tabpfn_distpfn_t,observed,0.2,0.1,majority_to_minority,0.5813840155945419,0.05848105504839718,0.2037037037037037,0.15298807075794732,0.5220918736994776,0.025903851168639237,0.5736909929140993,0.09810120958160239,0.7388888888888889,0.2335316617442633,0.2037037037037037,0.15298807075794732,0.7348115659519169,0.01042811926232803,0.15703366232519259,0.004672952546889476,0.48568842160083997,0.010134716338912204,0.05039051787965596,0.006619957005182347,0.09523809523809519,3
blood_transfusion,tabpfn_distpfn_t,observed,0.2,0.1,minority_to_majority,0.5494639376218323,0.05007354405687529,0.1018518518518518,0.10516496936667176,0.5295284344755485,0.02493606558438574,0.5230494061721851,0.08584301737615282,0.9629629629629629,0.06415002990995843,0.1018518518518518,0.10516496936667176,0.7366796621182585,0.01329722663834447,0.16297946878128255,0.006990242814655973,0.5167636484510454,0.003961263831041676,0.09911951546991278,0.02305748848619679,0.1052631578947368,3
blood_transfusion,tabpfn_distpfn_t,observed,0.2,0.2,majority_to_minority,0.6003898635477584,0.051737312852228504,0.25925925925925924,0.13981174880131017,0.4815898204039009,0.10244452844821902,0.6043790620576303,0.06956788169364171,0.5921855921855922,0.06657536449433739,0.25925925925925924,0.13981174880131017,0.692738791423002,0.053534336193779404,0.1654859625891525,0.008652183716578788,0.5098094366107578,0.016139228992961545,0.08327267517054604,0.006471082896586032,0.19718309859154917,3
blood_transfusion,tabpfn_distpfn_t,observed,0.2,0.2,minority_to_majority,0.5109649122807017,0.026947819577729206,0.027777777777777766,0.048112522432468795,0.49397491433126767,0.04034527166257667,0.45766792798906514,0.04857768690323803,0.3333333333333333,0.5773502691896258,0.027777777777777766,0.048112522432468795,0.7119883040935672,0.04816725156888219,0.16932818418703013,0.003692476087058298,0.5248896950929774,0.005655294345239053,0.08717237690468078,0.02354076992959662,0.1929824561403508,3
blood_transfusion,tabpfn_distpfn_t,observed,0.2,0.3,majority_to_minority,0.5623781676413255,0.01372115811432851,0.14814814814814814,0.01603750747748955,0.4547268448796032,0.039504425911403275,0.5562417539923054,0.01803005992325374,0.6944444444444445,0.17347216662217776,0.14814814814814814,0.01603750747748955,0.6744639376218324,0.026138365234142202,0.1708612343469965,0.00285943756918159,0.5215464898068555,0.010164613113820336,0.08744900198151873,0.008495712916381551,0.2962962962962963,3
blood_transfusion,tabpfn_distpfn_t,observed,0.2,0.3,minority_to_majority,0.5,0.0,0.0,0.0,0.5301375394009279,0.040611952167952645,0.4318181818181818,0.0,0.0,0.0,0.0,0.0,0.7478882391163092,0.028812859139362056,0.18055437595640447,0.0026600916896085515,0.5653582477317455,0.018492988750870267,0.13038172391413885,0.01134514068270903,0.2982456140350877,3
blood_transfusion,tabpfn_distpfn_t,observed,0.5,0.0,clean,0.6776315789473685,0.023933780034714754,0.5682261208576999,0.08941266759704498,0.5382189343969238,0.018462146967523286,0.6574288596264997,0.037448893414355325,0.4608415974269633,0.06732856237622253,0.5833333333333334,0.11111111111111113,0.7369233268356075,0.006181516634793208,0.19316680316402404,0.018620141206453153,0.571539238495029,0.045201989739413626,0.17649370524422828,0.041651440057620934,0.0,3
blood_transfusion,tabpfn_distpfn_t,observed,0.5,0.05,majority_to_minority,0.6939571150097464,0.004283234851668387,0.6486354775828459,0.023498174368891216,0.5340916293522986,0.04541855045457253,0.6447971662347894,0.017984118550409822,0.41543681761073065,0.02561170500328277,0.7037037037037037,0.05782405554072593,0.748619233268356,0.008640940893062218,0.1984955898650749,0.012771290121605765,0.579657025638569,0.029205371827810793,0.19748330379334358,0.02638004797157325,0.04697986577181199,3
blood_transfusion,tabpfn_distpfn_t,observed,0.5,0.05,minority_to_majority,0.6866471734892787,0.02490034055715485,0.5925925925925926,0.080187537387448,0.5285006470140327,0.02744378018805353,0.6671003888043662,0.01192261977322403,0.46051282051282055,0.0008882311833686222,0.5925925925925926,0.080187537387448,0.7431773879142299,0.008608816192460747,0.1820933191605668,0.006569705210879731,0.5437153572845195,0.017445059920661827,0.164136337493571,0.010349778348358738,0.04929577464788729,3
blood_transfusion,tabpfn_distpfn_t,observed,0.5,0.1,majority_to_minority,0.6864035087719298,0.023081364625507295,0.5921052631578947,0.0359006700520721,0.5607082866414598,0.005107347721310523,0.6379045540117575,0.06113312216938457,0.426596279537456,0.0975808210769884,0.6944444444444445,0.1001542020962219,0.7515432098765432,0.007318397210420728,0.20577253980131527,0.015368687331882834,0.5986509924419631,0.030820300649780554,0.22365930090201547,0.022961870770623352,0.1012658227848101,3
blood_transfusion,tabpfn_distpfn_t,observed,0.5,0.1,minority_to_majority,0.6642300194931773,0.019956720496533426,0.5185185185185185,0.06415002990995845,0.5210738836251403,0.02187235250213984,0.6572122640933964,0.028045679461561713,0.4737127371273713,0.06777452154944426,0.5185185185185185,0.06415002990995845,0.7294509421702404,0.019460534518692715,0.17882096818298035,0.012787953769131187,0.5374954404391487,0.030674129757870226,0.15016930301483333,0.025159800475477712,0.09859154929577459,3
blood_transfusion,tabpfn_distpfn_t,observed,0.5,0.2,majority_to_minority,0.6345029239766081,0.020191852802533824,0.49122807017543857,0.08039606482378674,0.5354595895670621,0.024764067369244813,0.5429151055023526,0.03508272688122748,0.3270207482175759,0.019388007289906837,0.7777777777777778,0.07349309197401643,0.7248213125406108,0.021523448513047164,0.2491136451351559,0.010145618625939828,0.6953472752878067,0.018132523562734173,0.29173588666351113,0.01599945909408388,0.2022471910112359,3
blood_transfusion,tabpfn_distpfn_t,observed,0.5,0.2,minority_to_majority,0.6683723196881092,0.023735745198490706,0.4537037037037037,0.08018753738744801,0.5283135275372328,0.03994522152595847,0.67689767866952,0.016639009958501545,0.5552584670231729,0.03189934076323225,0.4537037037037037,0.08018753738744801,0.7456140350877193,0.012587706091478992,0.16921479314847268,0.008778244263442135,0.5169797233411353,0.022461656347906842,0.12046883493662819,0.024530303477757833,0.19718309859154917,3
blood_transfusion,tabpfn_distpfn_t,observed,0.5,0.3,majority_to_minority,0.5399610136452241,0.0015216856721243315,0.11695906432748533,0.04501404771444634,0.4536155004229878,0.04701079806783559,0.3047620948228521,0.032912766702650545,0.2562020338303049,0.0013968646198844424,0.9629629629629629,0.04243125643477637,0.6948505523066926,0.025222044719286452,0.34438441454028906,0.02992429300837261,0.9225619834115099,0.08856941773969847,0.4217101097653105,0.032700839278673906,0.3004926108374384,3
blood_transfusion,tabpfn_distpfn_t,observed,0.5,0.3,minority_to_majority,0.6064814814814815,0.028182013034358685,0.26851851851851855,0.09755234956345132,0.517108646867348,0.009415563640098303,0.6158620228428116,0.036497808760469916,0.6455555555555555,0.11644423240014619,0.26851851851851855,0.09755234956345132,0.7269330734243015,0.008954747428269808,0.16314220255613993,0.006753625286430486,0.50297156223038,0.02244350485625159,0.08322964902027141,0.0421480689999734,0.3028169014084507,3
blood_transfusion,tabpfn_distpfn_t,oracle,0.05,0.0,clean,0.5,0.0,0.0,0.0,0.45569613667923975,0.028181973745902457,0.4318181818181818,0.0,0.0,0.0,0.0,0.0,0.7230344379467186,0.013297226638344501,0.23204321411075615,0.005385365420795499,1.1227206220446941,0.06520900621773813,0.229488633556346,0.005977777695756334,0.0,3
blood_transfusion,tabpfn_distpfn_t,oracle,0.05,0.05,majority_to_minority,0.5,0.0,0.0,0.0,0.4425719902386282,0.07617894496435132,0.4318181818181818,0.0,0.0,0.0,0.0,0.0,0.6876218323586745,0.039587643541764486,0.23577660316247362,0.00208764304839524,1.1745559167773536,0.09717204158656753,0.2327100860444945,0.002507237652765662,0.0666666666666666,3
blood_transfusion,tabpfn_distpfn_t,oracle,0.05,0.05,minority_to_majority,0.5,0.0,0.0,0.0,0.4526646091067485,0.04067852085561873,0.4318181818181818,0.0,0.0,0.0,0.0,0.0,0.7116634178037687,0.007137685056959537,0.2377647372730014,0.0007584878340293989,1.344620102614126,0.06611021573029559,0.23656050540339704,0.0008423496141371001,0.0714285714285714,3
blood_transfusion,tabpfn_distpfn_t,oracle,0.05,0.1,majority_to_minority,0.5,0.0,0.0,0.0,0.4211416468510866,0.01014609571798691,0.4318181818181818,0.0,0.0,0.0,0.0,0.0,0.6875406107862249,0.02531954693243127,0.23146565606192174,0.003518197024673853,1.029342835257444,0.10117720058401036,0.2271484811570523,0.005650675044670806,0.125,3
blood_transfusion,tabpfn_distpfn_t,oracle,0.05,0.1,minority_to_majority,0.5,0.0,0.0,0.0,0.4985942792292642,0.02088273579352433,0.4318181818181818,0.0,0.0,0.0,0.0,0.0,0.7067089018843404,0.011506763680544933,0.2370139864733752,0.0009176361080207601,1.27469921042887,0.06979586946363386,0.23554999727253612,0.0012622210079365494,0.0714285714285714,3
blood_transfusion,tabpfn_distpfn_t,oracle,0.05,0.2,majority_to_minority,0.5,0.0,0.0,0.0,0.447651822757453,0.11722338031635891,0.4318181818181818,0.0,0.0,0.0,0.0,0.0,0.6884340480831709,0.07103780765267027,0.23013411793961472,0.0020842512742595748,0.958442508046265,0.04040520328144615,0.22289728762697827,0.0028147590844136926,0.2222222222222222,3
blood_transfusion,tabpfn_distpfn_t,oracle,0.05,0.2,minority_to_majority,0.5,0.0,0.0,0.0,0.3904907584833813,0.08042055928108617,0.4318181818181818,0.0,0.0,0.0,0.0,0.0,0.6691845354126057,0.07942968363569598,0.23853979359210328,0.0010292232534696954,1.4962184598646757,0.14693134980627037,0.23793052296626338,0.0011474889175380758,0.2142857142857142,3
blood_transfusion,tabpfn_distpfn_t,oracle,0.05,0.3,majority_to_minority,0.5,0.0,0.0,0.0,0.47998097786427074,0.040738886310095555,0.4318181818181818,0.0,0.0,0.0,0.0,0.0,0.7315627030539312,0.03042501453010297,0.21258667001561404,0.0023855573989557933,0.7522921000703038,0.01718882917318763,0.19825227575240337,0.003438368958926524,0.3,3
blood_transfusion,tabpfn_distpfn_t,oracle,0.05,0.3,minority_to_majority,0.5,0.0,0.0,0.0,0.4250035079217889,0.09308522830839819,0.4318181818181818,0.0,0.0,0.0,0.0,0.0,0.6935510071474984,0.041536854296196954,0.2396428094080347,9.047637337796158e-05,1.744915983348356,0.05526581540380138,0.23935904736959937,0.00013198940085488124,0.2857142857142857,3
blood_transfusion,tabpfn_distpfn_t,oracle,0.1,0.0,clean,0.5,0.0,0.0,0.0,0.48585712179784507,0.06535822765047306,0.4318181818181818,0.0,0.0,0.0,0.0,0.0,0.7349740090968161,0.03717590870420165,0.19664516024368192,0.005470273135358572,0.6505744922408985,0.012073110869573625,0.17062795535230843,0.02236944183530354,0.0,3
blood_transfusion,tabpfn_distpfn_t,oracle,0.1,0.05,majority_to_minority,0.5,0.0,0.0,0.0,0.486472680519509,0.071769705093687,0.4318181818181818,0.0,0.0,0.0,0.0,0.0,0.7119883040935672,0.034547369323514564,0.2034290822187446,0.00443095349235883,0.6821263591661189,0.059285795683391415,0.17868166446672762,0.013477102613993788,0.0344827586206896,3
blood_transfusion,tabpfn_distpfn_t,oracle,0.1,0.05,minority_to_majority,0.5,0.0,0.0,0.0,0.44164342635512965,0.07467831165761254,0.4318181818181818,0.0,0.0,0.0,0.0,0.0,0.6921702404158544,0.05115165106796935,0.209402143745528,0.009613877543602592,0.7204806935036498,0.08394943723903288,0.18753705599738604,0.018059531001097074,0.0357142857142857,3
blood_transfusion,tabpfn_distpfn_t,oracle,0.1,0.1,majority_to_minority,0.49707602339181284,0.0050644760455230645,0.0,0.0,0.43702977897099604,0.0752699772741553,0.4303724265556326,0.00250412157004528,0.0,0.0,0.0,0.0,0.7176738141650422,0.033129068722671025,0.19851086543826488,0.014287437997008033,0.6372536103404275,0.06105478024013277,0.16656581457634534,0.021785421780107814,0.09677419354838708,3
blood_transfusion,tabpfn_distpfn_t,oracle,0.1,0.1,minority_to_majority,0.5,0.0,0.0,0.0,0.5011158057899535,0.03475222987607401,0.4318181818181818,0.0,0.0,0.0,0.0,0.0,0.711582196231319,0.019163859536075863,0.2029648161445138,0.011286765073336749,0.7064694385119207,0.06271041777741279,0.18248655267839942,0.016656941349766877,0.1071428571428571,3
blood_transfusion,tabpfn_distpfn_t,oracle,0.1,0.2,majority_to_minority,0.5065789473684211,0.011395071102426827,0.027777777777777766,0.048112522432468795,0.4734804469681601,0.06000396467681893,0.452533143939394,0.03587936687080415,0.125,0.21650635094610965,0.027777777777777766,0.048112522432468795,0.7207602339181287,0.017630367316940867,0.1768447509865402,0.0072083998280448825,0.5481014778527217,0.03082189485453732,0.11289892904257275,0.03444180483943986,0.20000000000000004,3
blood_transfusion,tabpfn_distpfn_t,oracle,0.1,0.2,minority_to_majority,0.5,0.0,0.0,0.0,0.5058938296276548,0.036740560457669255,0.4318181818181818,0.0,0.0,0.0,0.0,0.0,0.7205977907732294,0.012502121397123088,0.21983945605386968,0.01363498998147992,0.8671544948629863,0.07992533569840561,0.21053286215276165,0.017394310041830154,0.2142857142857142,3
blood_transfusion,tabpfn_distpfn_t,oracle,0.1,0.3,majority_to_minority,0.5,0.0,0.0,0.0,0.4747575562754129,0.1028321958172102,0.4318181818181818,0.0,0.0,0.0,0.0,0.0,0.7121507472384665,0.050284501154989024,0.17130021496774614,0.006247613568061931,0.5229208843365147,0.016624312881167735,0.0668471710898184,0.02413594166022232,0.3,3
blood_transfusion,tabpfn_distpfn_t,oracle,0.1,0.3,minority_to_majority,0.5,0.0,0.0,0.0,0.44490459049736186,0.0504874441693989,0.4318181818181818,0.0,0.0,0.0,0.0,0.0,0.7118258609486681,0.02128001323102085,0.22250324501746252,0.007121009211794251,0.898104276286062,0.07936269969973593,0.2149598707479268,0.010699859060597696,0.2857142857142857,3
blood_transfusion,tabpfn_distpfn_t,oracle,0.2,0.0,clean,0.5543372319688109,0.016170233940581945,0.12037037037037036,0.03207501495497923,0.5031138986048783,0.04285246614677552,0.5396503859727945,0.02705358474083225,0.7916666666666666,0.19094065395649334,0.12037037037037036,0.03207501495497923,0.7245776478232617,0.017008745605283315,0.16218409454414184,0.00982540176036002,0.511310776901402,0.02833805620322578,0.06639546581025674,0.02670052269172854,0.0,3
blood_transfusion,tabpfn_distpfn_t,oracle,0.2,0.05,majority_to_minority,0.5865009746588694,0.022031117592623183,0.23148148148148143,0.08929306260178665,0.5308299666167146,0.01888245634908706,0.5906676298481593,0.027934555297948586,0.5933333333333333,0.11015141094572199,0.23148148148148143,0.08929306260178665,0.737248213125406,0.009837790082710057,0.15660040645212212,0.005485095880936326,0.4994427450308774,0.025316177761767485,0.053700797230579994,0.01723743195628196,0.05000000000000001,3
blood_transfusion,tabpfn_distpfn_t,oracle,0.2,0.05,minority_to_majority,0.5355750487329435,0.03088684576508935,0.07407407407407407,0.06415002990995841,0.5115518523374402,0.061231919257908156,0.5013780440609709,0.06028463510885669,0.6,0.5291502622129182,0.07407407407407407,0.06415002990995841,0.7253086419753086,0.02121994217357228,0.16426582467135228,0.010064030734660365,0.5144702637297028,0.027723990948859845,0.09307563686216747,0.026739237409114186,0.0526315789473684,3
blood_transfusion,tabpfn_distpfn_t,oracle,0.2,0.1,majority_to_minority,0.5923489278752436,0.06795231887695637,0.23148148148148148,0.17858612520357328,0.5220918736994776,0.025903851168639237,0.5857916756589024,0.10854834091339886,0.7430555555555555,0.23416271250121343,0.23148148148148148,0.17858612520357328,0.7348115659519169,0.01042811926232803,0.1572415436831413,0.0029526114316521727,0.48587426602331335,0.007789542911317541,0.05453625187509673,0.025364833894170664,0.09523809523809519,3
blood_transfusion,tabpfn_distpfn_t,oracle,0.2,0.1,minority_to_majority,0.5355750487329435,0.06161779188719684,0.07407407407407407,0.12830005981991682,0.5295284344755485,0.02493606558438574,0.49485046543870076,0.1091751177478303,0.2962962962962963,0.5132002392796673,0.07407407407407407,0.12830005981991682,0.7366796621182585,0.01329722663834447,0.1656094616767996,0.007785850407941472,0.526818019071615,0.007062074768134996,0.10297564702087077,0.021428861636340918,0.1052631578947368,3
blood_transfusion,tabpfn_distpfn_t,oracle,0.2,0.2,majority_to_minority,0.6293859649122807,0.05507738973938475,0.3611111111111111,0.16896562584161728,0.4815898204039009,0.10244452844821902,0.6326754714760634,0.06063721516871635,0.5634920634920634,0.10479797358885125,0.3611111111111111,0.16896562584161728,0.692738791423002,0.053534336193779404,0.17250926289337531,0.0076054289578227526,0.5236809002020439,0.013357325594514339,0.10464536149313923,0.022528023144592086,0.19718309859154917,3
blood_transfusion,tabpfn_distpfn_t,oracle,0.2,0.2,minority_to_majority,0.5092592592592592,0.016037507477489613,0.0185185185185185,0.03207501495497917,0.49397491433126767,0.04034527166257667,0.45046081546684197,0.03228998866637257,0.3333333333333333,0.5773502691896258,0.0185185185185185,0.03207501495497917,0.7119883040935672,0.04816725156888219,0.17525396324241496,0.0031924789001261545,0.5462177752803243,0.0021591601765578723,0.11373027178480037,0.011047727243904933,0.1929824561403508,3
blood_transfusion,tabpfn_distpfn_t,oracle,0.2,0.3,majority_to_minority,0.641812865497076,0.043147235565420196,0.4444444444444445,0.1469861839480328,0.4547268448796032,0.039504425911403275,0.6392444207555948,0.03403625058492591,0.4775751062284184,0.05457937799828435,0.4444444444444445,0.1469861839480328,0.6744639376218324,0.026138365234142202,0.1927195971132363,0.009296865751639892,0.5702248143646053,0.02449805620995853,0.1665942383956375,0.03645511431514384,0.2962962962962963,3
blood_transfusion,tabpfn_distpfn_t,oracle,0.2,0.3,minority_to_majority,0.5,0.0,0.0,0.0,0.5301375394009279,0.040611952167952645,0.4318181818181818,0.0,0.0,0.0,0.0,0.0,0.7478882391163092,0.028812859139362056,0.191481627983957,0.002488488262899983,0.6134476205320495,0.018669925943335875,0.15762897959620317,0.00803473638831129,0.2982456140350877,3
blood_transfusion,tabpfn_distpfn_t,oracle,0.5,0.0,clean,0.6776315789473685,0.023933780034714754,0.5682261208576999,0.08941266759704498,0.5382189343969238,0.018462146967523286,0.6574288596264997,0.037448893414355325,0.4608415974269633,0.06732856237622253,0.5833333333333334,0.11111111111111113,0.7369233268356075,0.006181516634793208,0.19316680316402404,0.018620141206453153,0.571539238495029,0.045201989739413626,0.17649370524422828,0.041651440057620934,0.0,3
blood_transfusion,tabpfn_distpfn_t,oracle,0.5,0.05,majority_to_minority,0.6900584795321638,0.02218419723025368,0.6345029239766081,0.04831202234461491,0.5340916293522986,0.04541855045457253,0.6342033400856931,0.03797074490804514,0.4045117845117845,0.04240804564957071,0.7222222222222222,0.048112522432468864,0.748619233268356,0.008640940893062218,0.20731065676345892,0.01387861691079322,0.5996027660555099,0.031224468172327127,0.21544444470441468,0.02376619426674694,0.04697986577181199,3
blood_transfusion,tabpfn_distpfn_t,oracle,0.5,0.05,minority_to_majority,0.6851851851851851,0.008812447037049238,0.5370370370370371,0.03207501495497922,0.5285006470140327,0.02744378018805353,0.6810863818406956,0.013995198306955222,0.5077971124482752,0.04040402424143833,0.5370370370370371,0.03207501495497922,0.7431773879142299,0.008608816192460747,0.1759688350010357,0.00581996993865196,0.5302905463682227,0.01615341703072362,0.1438719348657441,0.008134206580875084,0.04929577464788729,3
blood_transfusion,tabpfn_distpfn_t,oracle,0.5,0.1,majority_to_minority,0.6671539961013645,0.024652319434584267,0.5818713450292398,0.08337179783265056,0.5607082866414598,0.005107347721310523,0.5981910687180471,0.04697989620097267,0.3705419735952457,0.04223063238089421,0.7407407407407408,0.06415002990995845,0.7515432098765432,0.007318397210420728,0.23007696176871836,0.017954052860421423,0.6538416375777331,0.03579885691823098,0.26948450132824314,0.022410977373970412,0.1012658227848101,3
blood_transfusion,tabpfn_distpfn_t,oracle,0.5,0.1,minority_to_majority,0.6615497076023392,0.029854645989272063,0.47222222222222227,0.09622504486493766,0.5210738836251403,0.02187235250213984,0.6627510099314268,0.021746093616802378,0.5028378378378379,0.024325450424383933,0.47222222222222227,0.09622504486493766,0.7294509421702404,0.019460534518692715,0.1688540390562677,0.010487520764264138,0.5155634248171018,0.026862683820107213,0.11743922860541345,0.020840201483751236,0.09859154929577459,3
blood_transfusion,tabpfn_distpfn_t,oracle,0.5,0.2,majority_to_minority,0.5787037037037037,0.017790861926190848,0.27777777777777773,0.03652045613098482,0.5354595895670621,0.024764067369244813,0.42188949227895883,0.027196443845742775,0.27799385519973757,0.009746683091279428,0.8796296296296297,0.01603750747748954,0.7248213125406108,0.021523448513047164,0.32433725722078627,0.01174022669524861,0.8726473431728877,0.02369317889119672,0.3991744245061802,0.013883729966290548,0.2022471910112359,3
blood_transfusion,tabpfn_distpfn_t,oracle,0.5,0.2,minority_to_majority,0.5716374269005847,0.030632056783270457,0.16666666666666663,0.05555555555555556,0.5283135275372328,0.03994522152595847,0.5695893781354627,0.04495669092499801,0.6948051948051948,0.18077157022175389,0.16666666666666663,0.05555555555555556,0.7456140350877193,0.012587706091478992,0.15838923046888262,0.00417175484883985,0.491906149866413,0.013033615562196012,0.07301801286337405,0.022824989100513383,0.19718309859154917,3
blood_transfusion,tabpfn_distpfn_t,oracle,0.5,0.3,majority_to_minority,0.5043859649122807,0.00759671406828459,0.0087719298245614,0.015193428136569091,0.4536155004229878,0.04701079806783559,0.2031530371033279,0.016635741800267827,0.24163265306122447,0.0028278380531736487,1.0,0.0,0.6948505523066926,0.025222044719286452,0.4912863263565581,0.018568976172721737,1.3360041843458834,0.09705739597761241,0.5697537349863954,0.01632589141855075,0.3004926108374384,3
blood_transfusion,tabpfn_distpfn_t,oracle,0.5,0.3,minority_to_majority,0.5480019493177387,0.029866575918215538,0.10185185185185182,0.06415002990995848,0.517108646867348,0.009415563640098303,0.5248898326254604,0.05599936171237785,0.9047619047619048,0.1649572197684645,0.10185185185185182,0.06415002990995848,0.7269330734243015,0.008954747428269808,0.16019188559668054,0.004235626905637765,0.49740440696767235,0.013843241441005943,0.049983088542329863,0.014755356282529965,0.3028169014084507,3
blood_transfusion,tabpfn_downsample,,0.05,0.0,clean,0.6240253411306044,0.0616481365834053,0.5350877192982456,0.1324532357065044,0.373671633109085,0.03362274814033591,0.5506097013595831,0.07379052156726593,0.33156565656565656,0.05953761482305526,0.7129629629629629,0.12525693757841372,0.6682910981156596,0.041170745592450826,0.2691102921962738,0.016806772623479974,0.9259253541628519,0.3349039654893116,0.28323752132347885,0.007549367908624981,0.0,3
blood_transfusion,tabpfn_downsample,,0.05,0.05,majority_to_minority,0.5969785575048733,0.05677963059323119,0.5048732943469786,0.05857691696419772,0.3426094295121332,0.1420202984183854,0.5417806650155815,0.023399913215084635,0.30961469944520786,0.033583312295583256,0.6296296296296297,0.16972502573910517,0.6146848602988954,0.08360099995962404,0.26760218540827435,0.009288089361389616,0.7408131758371989,0.022430358888195296,0.2823001354601648,0.02099662045951328,0.0666666666666666,3
blood_transfusion,tabpfn_downsample,,0.05,0.05,minority_to_majority,0.5855263157894738,0.05622956027377834,0.4605263157894736,0.038983308847875334,0.413935081420261,0.1289756997541858,0.5232389628155755,0.01845076657903423,0.29702162382700936,0.0315479370415721,0.638888888888889,0.19444444444444448,0.6591942820012996,0.06749560318431491,0.25575541456540424,0.028371784514795256,0.7222785353660583,0.0872215462981945,0.2544670887788137,0.06168240969469879,0.0714285714285714,3
blood_transfusion,tabpfn_downsample,,0.05,0.1,majority_to_minority,0.5601851851851852,0.1386507910919843,0.5448343079922027,0.1375926999520847,0.3174129071082003,0.10352930014374818,0.5198068354653768,0.12353830272345483,0.2943815987933635,0.10780467808784167,0.5648148148148148,0.15795113064103689,0.5824398960363872,0.13497762609160033,0.2485856860876083,0.01727421327781408,0.695158839225769,0.03761238414220234,0.2550953703456455,0.00869521129115407,0.125,3
blood_transfusion,tabpfn_downsample,,0.05,0.1,minority_to_majority,0.6059941520467836,0.03374470434966021,0.5628654970760234,0.07855381656146017,0.3645164672854848,0.06005399770865152,0.5673629203040967,0.016064864233079873,0.33008344312692134,0.019571020434189422,0.5833333333333334,0.10015420209622189,0.6614684860298895,0.014982078063215512,0.2465072522560755,0.022429579089634374,0.7406864166259766,0.1403591089603657,0.24749659547375305,0.002137096908623305,0.0714285714285714,3
blood_transfusion,tabpfn_downsample,,0.05,0.2,majority_to_minority,0.6418128654970761,0.04590154367380005,0.5614035087719299,0.10635399695598373,0.30217291598573753,0.06032642685260111,0.5722022878771398,0.06350373195418185,0.34748858447488584,0.0501888595588638,0.7222222222222222,0.02777777777777779,0.622482131254061,0.07400353936542951,0.24907298882802328,0.017093062061986634,0.6934424638748169,0.03701646690086093,0.25937867717610463,0.014424600383868096,0.2222222222222222,3
blood_transfusion,tabpfn_downsample,,0.05,0.2,minority_to_majority,0.547514619883041,0.1102396379610246,0.4332358674463938,0.1944737552839687,0.3420283022188901,0.11223391127164008,0.518904688607621,0.07754159940226145,0.26998383213937405,0.09614214908347607,0.47222222222222215,0.25,0.5983593242365172,0.10638597542363983,0.2535472363233566,0.030393483956515772,0.7236567536989847,0.09094149124272217,0.24341908395290368,0.03579141102463606,0.2142857142857142,3
blood_transfusion,tabpfn_downsample,,0.05,0.3,majority_to_minority,0.6532651072124757,0.023803187072945348,0.6003898635477584,0.05233291913707134,0.3743442962421922,0.0822968017700588,0.6058306845268274,0.01798894556377465,0.3723865846440047,0.01731855540528082,0.6574074074074074,0.08929306260178664,0.6829109811565952,0.05493036321986194,0.2339442024628321,0.014971378819206528,0.6696519653002421,0.04136564908557342,0.24192419093516135,0.01437233821330374,0.3,3
blood_transfusion,tabpfn_downsample,,0.05,0.3,minority_to_majority,0.5789473684210527,0.06954824498401338,0.49122807017543857,0.08367887731727601,0.33821512948251975,0.04395749743399408,0.509278537877823,0.053379028243698286,0.29298445710068144,0.045051426394844496,0.6666666666666666,0.14698618394803278,0.6109486679662118,0.06432752383728933,0.24931829671065012,0.005977751421289868,0.6965114076932272,0.01552365091453256,0.2624700539476342,0.006458223324019741,0.2857142857142857,3
blood_transfusion,tabpfn_downsample,,0.1,0.0,clean,0.6362085769980507,0.01106999677543915,0.5930799220272904,0.04337779495413967,0.42459115923184504,0.0368332757982803,0.5797476399370519,0.021089404722579766,0.34708298524087994,0.018066400743695595,0.6759259259259259,0.03207501495497924,0.6931448992852501,0.025911177420101954,0.23820006847381592,0.025876760557583072,0.6845177809397379,0.0749175998209241,0.2452572440935505,0.026098642957186842,0.0,3
blood_transfusion,tabpfn_downsample,,0.1,0.05,majority_to_minority,0.598196881091618,0.019564622968953067,0.4985380116959064,0.09834520502246866,0.3603627906834838,0.01767870310770811,0.5742685290528226,0.025232319234991078,0.34322344322344317,0.02621479953553414,0.5092592592592592,0.11226255234242727,0.6371832358674463,0.013009847756255612,0.22876289983590437,0.01968776729950816,0.6486306587855021,0.04333858250177065,0.2232516804668638,0.042719263866577546,0.0344827586206896,3
blood_transfusion,tabpfn_downsample,,0.1,0.05,minority_to_majority,0.6347465886939571,0.06456517313909431,0.5633528265107213,0.08442059433271745,0.3631410542440583,0.08492163522768223,0.592608321478182,0.05240424465518285,0.35880914407230197,0.05997696949381446,0.6203703703703703,0.13981174880131017,0.6752761533463287,0.08038834097351612,0.24497880041599274,0.02211805136732225,0.7044785221417745,0.06698002741385849,0.2469385395447413,0.011273857276195603,0.0357142857142857,3
blood_transfusion,tabpfn_downsample,,0.1,0.1,majority_to_minority,0.6028265107212475,0.05185595093648243,0.5287524366471735,0.0536438818738182,0.3428104557183442,0.04105821574951671,0.5502698469340538,0.027828842455859804,0.31675606735515144,0.03363660500156613,0.6296296296296297,0.13702452395322914,0.6563515269655621,0.0559148589224863,0.2451521356900533,0.0046721289444354094,0.6812955737113953,0.011132156893657246,0.2520394680897395,0.016169194801913304,0.09677419354838708,3
blood_transfusion,tabpfn_downsample,,0.1,0.1,minority_to_majority,0.652046783625731,0.016604995163158717,0.5857699805068226,0.026531496274495525,0.507685575885393,0.029386069970548125,0.6013387906762189,0.006887060635624743,0.36822226159191346,0.008310838824461647,0.6666666666666666,0.09622504486493764,0.7294509421702404,0.0307665504601052,0.22918865581353498,0.02691471070068971,0.6555072863896688,0.06867713846625025,0.23834124665293424,0.022295178544456392,0.1071428571428571,3
blood_transfusion,tabpfn_downsample,,0.1,0.2,majority_to_minority,0.6230506822612085,0.04970939395922696,0.5399610136452242,0.08985382178554227,0.4584983539279555,0.050353436531534845,0.5766401892478208,0.030391383582228173,0.3419196542079837,0.03054667670749248,0.6203703703703703,0.1529880707579473,0.6734080571799869,0.04906870404224104,0.2279012153546015,0.013639557552701622,0.6463809212048849,0.031444382638713256,0.23884157766898473,0.01870953258880709,0.20000000000000004,3
blood_transfusion,tabpfn_downsample,,0.1,0.2,minority_to_majority,0.6252436647173489,0.04302528332753634,0.5852826510721247,0.046516353993577654,0.3918167574677332,0.08012596421286959,0.5737264178374607,0.031161467052412396,0.3395863395863395,0.03247020458246783,0.6481481481481481,0.09755234956345128,0.6634178037686809,0.04668776432406052,0.24762349824110663,0.012497778006337746,0.7067880431811014,0.0436315401857876,0.2546695981091923,0.028556139482786975,0.2142857142857142,3
blood_transfusion,tabpfn_downsample,,0.1,0.3,majority_to_minority,0.6362085769980507,0.02130359940974114,0.5409356725146198,0.06223332354910169,0.42068142454207136,0.11355570254411784,0.5620417298659589,0.03284437047833038,0.3362037832654637,0.02259183713353192,0.7314814814814815,0.03207501495497924,0.6720272904483431,0.0159321140163116,0.24902623891830444,0.007029660729509074,0.692237138748169,0.014513304338411089,0.2736441982123587,0.010607327642393638,0.3,3
blood_transfusion,tabpfn_downsample,,0.1,0.3,minority_to_majority,0.662524366471735,0.018044355342664343,0.6096491228070176,0.0287606952820263,0.3737698308528632,0.07167574809675979,0.6122347527630035,0.0024795375332444373,0.3785353535353535,0.0034160982975930893,0.6759259259259259,0.08486251286955257,0.6850227420402858,0.0289608441000938,0.2285950183868408,0.008264119848024132,0.652925948301951,0.020624436849085086,0.22145575927363492,0.01832135705116603,0.2857142857142857,3
blood_transfusion,tabpfn_downsample,,0.2,0.0,clean,0.669103313840156,0.01477138846610877,0.5999025341130605,0.01464422924104942,0.463473567853167,0.05951009975959281,0.6287062179906876,0.02621274415769911,0.4025911409729998,0.03868383590621642,0.6481481481481483,0.08929306260178659,0.7186484730344379,0.02040695038450703,0.2300611237684885,0.03872063204349554,0.6956351200739542,0.15587923410172175,0.23700994521379473,0.04269831011486315,0.0,3
blood_transfusion,tabpfn_downsample,,0.2,0.05,majority_to_minority,0.6647173489278752,0.034668959867119736,0.6257309941520468,0.051398818220020334,0.5031451933059277,0.04568932264347045,0.6077265897112758,0.03801788133376997,0.374448436409281,0.039112920157443304,0.7037037037037037,0.03207501495497924,0.7299382716049383,0.027400726754303096,0.2128967990477879,0.01918858858059515,0.6165762543678284,0.04667523803034396,0.22057783583799997,0.03489924491707809,0.05000000000000001,3
blood_transfusion,tabpfn_downsample,,0.2,0.05,minority_to_majority,0.6130604288499025,0.04014704357320046,0.51364522417154,0.06008991283352187,0.41589156327474774,0.01295000960455637,0.5610128257600503,0.007910236242022242,0.3281483368386217,0.014040393397910715,0.6296296296296297,0.16276292436339765,0.6766569200779727,0.029754794480437285,0.2313164869944254,0.02144912617207085,0.6561859051386515,0.051445168180362,0.22848928289280993,0.04287468420996946,0.0526315789473684,3
blood_transfusion,tabpfn_downsample,,0.2,0.1,majority_to_minority,0.634990253411306,0.038126326630974886,0.6062378167641326,0.029031912297478465,0.48911181851326874,0.019590617359614558,0.5920110737430941,0.04195619792932978,0.3588827838827839,0.045964037140140135,0.6296296296296297,0.04243125643477625,0.7025666016894087,0.037267627035383125,0.219962532321612,0.011319505863665511,0.6295075615247091,0.023533402144243345,0.23282281787859063,0.029174805408219363,0.09523809523809519,3
blood_transfusion,tabpfn_downsample,,0.2,0.1,minority_to_majority,0.6571637426900585,0.02832071729212058,0.6125730994152047,0.02561610448528537,0.49978209319538686,0.049129856328492615,0.6171870085507504,0.04103964133560784,0.3879846983133368,0.04516391838071004,0.6388888888888888,0.02777777777777772,0.7150747238466536,0.02684637141606826,0.2077875485022862,0.017177837976648604,0.5985023776690165,0.041931660051717265,0.20408885992235604,0.02656289942179685,0.1052631578947368,3
blood_transfusion,tabpfn_downsample,,0.2,0.2,majority_to_minority,0.6418128654970761,0.04020467836257313,0.567738791423002,0.04347623183175624,0.4001576733834585,0.08892498116422824,0.5881043949989196,0.02341085280624444,0.35389088919481804,0.022898542418465596,0.6666666666666666,0.12108052620946318,0.6727582846003899,0.056082201862497835,0.24229876200358066,0.027546162689275788,0.6969747344652811,0.0938316273619115,0.25794710662629866,0.04202308689513034,0.19718309859154917,3
blood_transfusion,tabpfn_downsample,,0.2,0.2,minority_to_majority,0.6491228070175438,0.026163055801422887,0.5760233918128655,0.013399344137297816,0.4802726164704236,0.06773633913275982,0.5817844028172042,0.01864353332906714,0.3496588693957115,0.017670312630912167,0.7222222222222222,0.048112522432468836,0.6949317738791422,0.021449762302991126,0.23409843941529593,0.0101824638953774,0.6601153413454691,0.025068523672510067,0.24856528659661606,0.011288872264690717,0.1929824561403508,3
blood_transfusion,tabpfn_downsample,,0.2,0.3,majority_to_minority,0.5808966861598441,0.060413618938233576,0.5073099415204679,0.09451050502277185,0.4519232935339179,0.10743765057960454,0.538247046480092,0.04772046484621934,0.3044672158596209,0.045619798588709314,0.5740740740740741,0.14254448442908008,0.6535899935022742,0.06880156384609096,0.23149937887986496,0.010773825988717666,0.6533702810605367,0.023377496648072014,0.2510070026914279,0.018450375317133772,0.2962962962962963,3
blood_transfusion,tabpfn_downsample,,0.2,0.3,minority_to_majority,0.6829922027290448,0.021466018020698908,0.6345029239766081,0.05139881822002035,0.456404118484332,0.1037732653959149,0.6223463080841494,0.030210926179336937,0.38917369777464095,0.032100818638771726,0.7314814814814815,0.016037507477489603,0.7191358024691358,0.03407743486908204,0.21730217834313703,0.00281675736715447,0.6231847008069357,0.008666726124874626,0.2302896772821744,0.013518536406400607,0.2982456140350877,3
blood_transfusion,tabpfn_downsample,,0.5,0.0,clean,0.685672514619883,0.008140006378406476,0.6364522417153996,0.0280965600495118,0.5433045354588146,0.020522298971170166,0.645307321808711,0.024573761036352136,0.4199679871948779,0.0341363742537345,0.6666666666666666,0.0555555555555555,0.7375730994152047,0.0027915300286037222,0.20710196594397226,0.015405150324260753,0.6033616264661154,0.03760238347860717,0.21099205532007748,0.027046378556000648,0.0,3
blood_transfusion,tabpfn_downsample,,0.5,0.05,minority_to_majority,0.7029727095516569,0.013184940797727692,0.6788499025341131,0.018855304212624876,0.5338338422351271,0.021070110073730455,0.6540337744763459,0.01959168026014502,0.4244908097367113,0.02603075239943651,0.7129629629629629,0.03207501495497924,0.7396848602988954,0.005172258353122226,0.20196415980656943,0.006763916522714582,0.587505022684733,0.016003077628411185,0.20343867070145075,0.014007903734945284,0.04929577464788729,3
blood_transfusion,tabpfn_downsample,,0.5,0.1,minority_to_majority,0.6678849902534113,0.026921367723915998,0.5969785575048733,0.07426459289125761,0.5207197519803516,0.030653878624405766,0.6238075584664675,0.03023036133722805,0.39702833949409294,0.035708163041499444,0.6574074074074074,0.11226255234242721,0.7271767381416504,0.01920950288023165,0.20437846084435776,0.015365028874224897,0.5938907464345297,0.03472541079063217,0.21050812842117414,0.02621136165966515,0.09859154929577459,3
blood_transfusion,tabpfn_downsample,,0.5,0.2,minority_to_majority,0.672270955165692,0.03144407973828536,0.6315789473684211,0.026315789473684223,0.5157096985267974,0.051710541970443245,0.6143671244920063,0.027952228697641603,0.37971014492753624,0.027952610901428917,0.7129629629629629,0.04243125643477637,0.734974009096816,0.025479085587206764,0.20830368498961127,0.014298248938445682,0.6030215620994568,0.032795837257821425,0.21343212982018786,0.017907795659963387,0.19718309859154917,3
blood_transfusion,tabpfn_downsample,,0.5,0.3,minority_to_majority,0.6659356725146198,0.006578947368421045,0.6193957115009746,0.021403695181284366,0.4912834987362185,0.009234707860904726,0.6116016719413057,0.01663461894538327,0.3781581431506469,0.017758636166122395,0.6944444444444443,0.048112522432468836,0.7223034437946718,0.010951592877702969,0.20829463501771286,0.006830851845226771,0.6022428870201111,0.01670011303251816,0.21539581290549695,0.014986061529533603,0.3028169014084507,3
blood_transfusion,tabpfn_none,,0.05,0.0,clean,0.5,0.0,0.0,0.0,0.45569613667923975,0.028181973745902457,0.4318181818181818,0.0,0.0,0.0,0.0,0.0,0.7230344379467186,0.013297226638344501,0.20824770629405973,0.006138230476189982,0.7540397047996521,0.03224752561674653,0.19138799347811272,0.0051183382227397945,0.0,3
blood_transfusion,tabpfn_none,,0.05,0.05,majority_to_minority,0.5,0.0,0.0,0.0,0.4425719902386282,0.07617894496435132,0.4318181818181818,0.0,0.0,0.0,0.0,0.0,0.6876218323586745,0.039587643541764486,0.21652701000372562,0.004951612211841222,0.7524809638659159,0.03403641433168052,0.1959251687179009,0.005752180633204684,0.0666666666666666,3
blood_transfusion,tabpfn_none,,0.05,0.05,minority_to_majority,0.5,0.0,0.0,0.0,0.4526646091067485,0.04067852085561873,0.4318181818181818,0.0,0.0,0.0,0.0,0.0,0.7116634178037687,0.007137685056959537,0.2169207682212194,0.004685107021297531,0.7770519455273946,0.02035566974400212,0.20028082528048086,0.0017791493916277283,0.0714285714285714,3
blood_transfusion,tabpfn_none,,0.05,0.1,majority_to_minority,0.5,0.0,0.0,0.0,0.4211416468510866,0.01014609571798691,0.4318181818181818,0.0,0.0,0.0,0.0,0.0,0.6875406107862249,0.02531954693243127,0.21094424525896704,0.003284415626101641,0.7212747732798258,0.026986648999205838,0.1903785512099663,0.005944738705487814,0.125,3
blood_transfusion,tabpfn_none,,0.05,0.1,minority_to_majority,0.5,0.0,0.0,0.0,0.4985942792292642,0.02088273579352433,0.4318181818181818,0.0,0.0,0.0,0.0,0.0,0.7067089018843404,0.011506763680544933,0.2147911339998245,0.002321247288109355,0.7567843794822693,0.012394277772345424,0.19832347306112444,0.002314527295888175,0.0714285714285714,3
blood_transfusion,tabpfn_none,,0.05,0.2,majority_to_minority,0.5,0.0,0.0,0.0,0.447651822757453,0.11722338031635891,0.4318181818181818,0.0,0.0,0.0,0.0,0.0,0.6884340480831709,0.07103780765267027,0.21105978389581045,0.003728119585681602,0.7046866019566854,0.022932317988927878,0.18509713488320503,0.001967687972741667,0.2222222222222222,3
blood_transfusion,tabpfn_none,,0.05,0.2,minority_to_majority,0.5,0.0,0.0,0.0,0.3904907584833813,0.08042055928108617,0.4318181818181818,0.0,0.0,0.0,0.0,0.0,0.6691845354126057,0.07942968363569598,0.2187437663475672,0.0055859387085960424,0.8080049355824789,0.04241009855620221,0.2052886894593636,0.005009093229922676,0.2142857142857142,3
blood_transfusion,tabpfn_none,,0.05,0.3,majority_to_minority,0.5,0.0,0.0,0.0,0.47998097786427074,0.040738886310095555,0.4318181818181818,0.0,0.0,0.0,0.0,0.0,0.7315627030539312,0.03042501453010297,0.19922940433025357,0.0017064308137827628,0.6548726757367452,0.018161116833374215,0.17300105835828508,0.001296759018342668,0.3,3
blood_transfusion,tabpfn_none,,0.05,0.3,minority_to_majority,0.5,0.0,0.0,0.0,0.4250035079217889,0.09308522830839819,0.4318181818181818,0.0,0.0,0.0,0.0,0.0,0.6935510071474984,0.041536854296196954,0.22464999059836066,0.0016127187189816036,0.8445126612981161,0.019284750770783753,0.21052932344377032,0.0010268914340586207,0.2857142857142857,3
blood_transfusion,tabpfn_none,,0.1,0.0,clean,0.5,0.0,0.0,0.0,0.48585712179784507,0.06535822765047306,0.4318181818181818,0.0,0.0,0.0,0.0,0.0,0.7349740090968161,0.03717590870420165,0.18571940561135605,0.0018866493134309897,0.594497799873352,0.02205708009796879,0.15113008860912583,0.0060003805231826305,0.0,3
blood_transfusion,tabpfn_none,,0.1,0.05,majority_to_minority,0.4985380116959064,0.0025322380227615206,0.0,0.0,0.486472680519509,0.071769705093687,0.43109805277105656,0.0012473000976270599,0.0,0.0,0.0,0.0,0.7119883040935672,0.034547369323514564,0.1909149487813313,0.003266642965155654,0.6086325844128927,0.03284471365013005,0.15024584584765963,0.009369520035292058,0.0344827586206896,3
blood_transfusion,tabpfn_none,,0.1,0.05,minority_to_majority,0.5,0.0,0.0,0.0,0.44164342635512965,0.07467831165761254,0.4318181818181818,0.0,0.0,0.0,0.0,0.0,0.6921702404158544,0.05115165106796935,0.19379987319310502,0.0069135191651450035,0.6148447195688883,0.030517337507104766,0.15336096810797847,0.009754644511073675,0.0357142857142857,3
blood_transfusion,tabpfn_none,,0.1,0.1,majority_to_minority,0.5017056530214424,0.011426290533814193,0.009259259259259233,0.01603750747748956,0.43702977897099604,0.0752699772741553,0.43992873364045687,0.017935659561644543,0.3333333333333333,0.5773502691896258,0.009259259259259233,0.01603750747748956,0.7176738141650422,0.033129068722671025,0.19168575108051297,0.01186391117399925,0.597364584604899,0.04096787781519875,0.14955555404225984,0.01940856166921885,0.09677419354838708,3
blood_transfusion,tabpfn_none,,0.1,0.1,minority_to_majority,0.5,0.0,0.0,0.0,0.5011158057899535,0.03475222987607401,0.4318181818181818,0.0,0.0,0.0,0.0,0.0,0.711582196231319,0.019163859536075863,0.18821967144807175,0.006892278946020204,0.615746815999349,0.017429438817139143,0.15094518546428945,0.008347754142895084,0.1071428571428571,3
blood_transfusion,tabpfn_none,,0.1,0.2,majority_to_minority,0.503167641325536,0.005486515715983265,0.009259259259259233,0.01603750747748956,0.4734804469681601,0.06000396467681893,0.4404166210112373,0.014892933548163654,0.16666666666666666,0.2886751345948129,0.009259259259259233,0.01603750747748956,0.7207602339181287,0.017630367316940867,0.17914486428101853,0.0014824846134497587,0.5564635396003723,0.009130693733762277,0.1245775593651665,0.00957139974755828,0.20000000000000004,3
blood_transfusion,tabpfn_none,,0.1,0.2,minority_to_majority,0.5,0.0,0.0,0.0,0.5058938296276548,0.036740560457669255,0.4318181818181818,0.0,0.0,0.0,0.0,0.0,0.7205977907732294,0.012502121397123088,0.1975078036387761,0.009675986606808653,0.6579924821853638,0.005336291107688294,0.16806902333266205,0.011048490581257163,0.2142857142857142,3
blood_transfusion,tabpfn_none,,0.1,0.3,majority_to_minority,0.5,0.0,0.0,0.0,0.4747575562754129,0.1028321958172102,0.4318181818181818,0.0,0.0,0.0,0.0,0.0,0.7121507472384665,0.050284501154989024,0.18075454731782273,0.005554151939722674,0.5534941156705221,0.017477556514242612,0.11318895688487418,0.0159228840856527,0.3,3
blood_transfusion,tabpfn_none,,0.1,0.3,minority_to_majority,0.5,0.0,0.0,0.0,0.44490459049736186,0.0504874441693989,0.4318181818181818,0.0,0.0,0.0,0.0,0.0,0.7118258609486681,0.02128001323102085,0.19881898661454514,0.006094975640240181,0.6751941243807474,0.026256269892672133,0.1720995528830422,0.009997781935045632,0.2857142857142857,3
blood_transfusion,tabpfn_none,,0.2,0.0,clean,0.5465399610136452,0.01995672049653347,0.10185185185185182,0.032075014954979233,0.5031138986048783,0.04285246614677552,0.5257747361405898,0.031527392557549064,0.7833333333333333,0.202072594216369,0.10185185185185182,0.032075014954979233,0.7245776478232617,0.017008745605283315,0.16217996676762894,0.007444286969749811,0.5114079415798187,0.02389075926543489,0.059173896428611504,0.01529477681878587,0.0,3
blood_transfusion,tabpfn_none,,0.2,0.05,majority_to_minority,0.5640838206627681,0.007358513094805778,0.1574074074074074,0.03207501495497918,0.5308299666167146,0.01888245634908706,0.559132752042436,0.013080083997591191,0.6655982905982906,0.1515701479591411,0.1574074074074074,0.03207501495497918,0.737248213125406,0.009837790082710057,0.15623188515504197,0.002664170717127117,0.5013857483863831,0.021663029531150017,0.055459666964080535,0.02188264510275526,0.05000000000000001,3
blood_transfusion,tabpfn_none,,0.2,0.05,minority_to_majority,0.5387426900584795,0.03736660210272529,0.0833333333333333,0.0833333333333333,0.5115518523374402,0.061231919257908156,0.5064621681000991,0.0712991468370493,0.5833333333333334,0.5204164998665332,0.0833333333333333,0.0833333333333333,0.7253086419753086,0.02121994217357228,0.16363584995269773,0.008281453217082362,0.5109903216362,0.01859165058171318,0.08921610215471842,0.02426825929652838,0.0526315789473684,3
blood_transfusion,tabpfn_none,,0.2,0.1,majority_to_minority,0.5655458089668616,0.047791217709735316,0.15740740740740736,0.12525693757841377,0.5220918736994776,0.025903851168639237,0.552076121762037,0.08287187131323823,0.7794117647058824,0.20745199970096886,0.15740740740740736,0.12525693757841377,0.7348115659519169,0.01042811926232803,0.15708379447460172,0.005021034546668568,0.4867579440275828,0.009727171408034493,0.0492470138520002,0.008778601184742302,0.09523809523809519,3
blood_transfusion,tabpfn_none,,0.2,0.1,minority_to_majority,0.540204678362573,0.0580254667323571,0.0833333333333333,0.12108052620946316,0.5295284344755485,0.02493606558438574,0.504406772523525,0.10191225527356736,0.6296296296296297,0.5480980958129164,0.0833333333333333,0.12108052620946316,0.7366796621182585,0.01329722663834447,0.16250902414321897,0.005711188633650359,0.5148717562357584,0.005616139109306421,0.0952991559770372,0.01320237338849183,0.1052631578947368,3
blood_transfusion,tabpfn_none,,0.2,0.2,majority_to_minority,0.563840155945419,0.03035460001130791,0.14814814814814814,0.0699058744006551,0.4815898204039009,0.10244452844821902,0.5552699608286676,0.04880958225368672,0.7000000000000001,0.12018504251546636,0.14814814814814814,0.0699058744006551,0.692738791423002,0.053534336193779404,0.16360836724440253,0.009712060205857352,0.5065657794475555,0.019318950022501336,0.07600113756954667,0.019887185933322865,0.19718309859154917,3
blood_transfusion,tabpfn_none,,0.2,0.2,minority_to_majority,0.5063352826510722,0.019080674415645166,0.0185185185185185,0.03207501495497917,0.49397491433126767,0.04034527166257667,0.4490150602042928,0.03361208190558888,0.3333333333333333,0.5773502691896258,0.0185185185185185,0.03207501495497917,0.7119883040935672,0.04816725156888219,0.16985181967417398,0.005092157537155896,0.5274599194526672,0.01295821519204231,0.10011440869834687,0.008881705614030738,0.1929824561403508,3
blood_transfusion,tabpfn_none,,0.2,0.3,majority_to_minority,0.5543372319688109,0.005486515715983281,0.12037037037037036,0.01603750747748961,0.4547268448796032,0.039504425911403275,0.5399285196478255,0.01052066322435207,0.7714285714285715,0.049487165930539395,0.12037037037037036,0.01603750747748961,0.6744639376218324,0.026138365234142202,0.16834170619646702,0.0032468885474434485,0.5153318047523499,0.009244931073574915,0.06999629427989319,0.011063270301142888,0.2962962962962963,3
blood_transfusion,tabpfn_none,,0.2,0.3,minority_to_majority,0.5,0.0,0.0,0.0,0.5301375394009279,0.040611952167952645,0.4318181818181818,0.0,0.0,0.0,0.0,0.0,0.7478882391163092,0.028812859139362056,0.1749254614114761,0.0025972740606486,0.5443891882896423,0.021791147337620106,0.114322411964337,0.004975694976346741,0.2982456140350877,3
blood_transfusion,tabpfn_none,,0.5,0.0,clean,0.6790935672514621,0.02966611679488742,0.6086744639376218,0.04614729279204712,0.5382189343969238,0.018462146967523286,0.6446121514928107,0.03632359284225673,0.42322762438308653,0.05013407570328338,0.6388888888888888,0.08333333333333334,0.7369233268356075,0.006181516634793208,0.20618582268555952,0.015739862914787146,0.6016051570574442,0.038338483906479225,0.21075796561108692,0.03022454589479962,0.0,3
blood_transfusion,tabpfn_none,,0.5,0.05,majority_to_minority,0.6749512670565302,0.023735745198490688,0.5906432748538012,0.06345770296552836,0.5340916293522986,0.04541855045457253,0.602776985808263,0.036065809327138355,0.37145601037691134,0.029669141804780728,0.7592592592592592,0.016037507477489613,0.748619233268356,0.008640940893062218,0.21549680829048157,0.01114974362360719,0.6183411478996277,0.02474807942404507,0.2328417752517594,0.015902750476514887,0.04697986577181199,3
blood_transfusion,tabpfn_none,,0.5,0.05,minority_to_majority,0.6939571150097467,0.010948655915526807,0.6418128654970761,0.05083432354009852,0.5285006470140327,0.02744378018805353,0.6616443488362069,0.022032251771316628,0.4444429074678618,0.037729252382749594,0.6481481481481481,0.05782405554072587,0.7431773879142299,0.008608816192460747,0.19256030023097992,0.005516399328080136,0.5666905641555786,0.014688910583711154,0.18249546257985957,0.011601043934711126,0.04929577464788729,3
blood_transfusion,tabpfn_none,,0.5,0.1,majority_to_minority,0.6639863547758286,0.018755853214352615,0.587719298245614,0.07894736842105263,0.5607082866414598,0.005107347721310523,0.5972130375211249,0.04122787265215473,0.3683259530717158,0.036845286146723985,0.7314814814814815,0.05782405554072593,0.7515432098765432,0.007318397210420728,0.2282759348551432,0.013360770878192834,0.64977498849233,0.025282273529123354,0.26717781104975274,0.014897759644776392,0.1012658227848101,3
blood_transfusion,tabpfn_none,,0.5,0.1,minority_to_majority,0.6559454191033138,0.010651799704870563,0.5370370370370371,0.05782405554072593,0.5210738836251403,0.02187235250213984,0.6416201838453346,0.015092545227650045,0.4333767729994145,0.033037470973602885,0.5370370370370371,0.05782405554072593,0.7294509421702404,0.019460534518692715,0.1858682483434677,0.01144804600815088,0.5531478921572367,0.027014295332392142,0.1650594159132904,0.01709967248226775,0.09859154929577459,3
blood_transfusion,tabpfn_none,,0.5,0.2,majority_to_minority,0.6142787524366472,0.008018753738744782,0.3859649122807017,0.0,0.5354595895670621,0.024764067369244813,0.4913259530038054,0.004234924470183926,0.3023102310231023,0.004001437509235029,0.8425925925925926,0.016037507477489603,0.7248213125406108,0.021523448513047164,0.28553693493207294,0.007938425667101958,0.7792093356450399,0.014398318126027005,0.34799251278241466,0.009795995074699042,0.2022471910112359,3
blood_transfusion,tabpfn_none,,0.5,0.2,minority_to_majority,0.6720272904483431,0.021738115915878112,0.48148148148148157,0.05782405554072592,0.5283135275372328,0.03994522152595847,0.6763078670137306,0.01760673479800849,0.5254031460928013,0.017464770485835533,0.48148148148148157,0.05782405554072592,0.7456140350877193,0.012587706091478992,0.17127114534378052,0.007105472424470066,0.5217505296071371,0.01828031288145993,0.12650975679357843,0.021851939365194945,0.19718309859154917,3
blood_transfusion,tabpfn_none,,0.5,0.3,majority_to_minority,0.5097465886939571,0.00638661911407463,0.03801169590643274,0.02679868827459555,0.4536155004229878,0.04701079806783559,0.23113587351436418,0.025721456197553862,0.24371505568334187,0.002500177967766491,0.9814814814814815,0.01603750747748965,0.6948505523066926,0.025222044719286452,0.3855076730251312,0.016932237627157037,1.0246084332466125,0.06442986241032699,0.46728883789645304,0.015582219657982158,0.3004926108374384,3
blood_transfusion,tabpfn_none,,0.5,0.3,minority_to_majority,0.6033138401559454,0.028847268200679795,0.25925925925925924,0.08486251286955263,0.517108646867348,0.009415563640098303,0.6130351680696152,0.0384840350045403,0.6262626262626262,0.06998185081086372,0.25925925925925924,0.08486251286955263,0.7269330734243015,0.008954747428269808,0.16302561759948728,0.005343784149609563,0.5031184156735738,0.019293619491308343,0.08287765697472624,0.03420410070468868,0.3028169014084507,3
blood_transfusion,tabpfn_threshold,observed,0.05,0.0,clean,0.6537524366471735,0.025577832525122142,0.6174463937621834,0.03768225813298889,0.45569613667923975,0.028181973745902457,0.6178564415909372,0.02729368192247552,0.3866538358063782,0.033933512727887256,0.6203703703703703,0.04243125643477625,0.7230344379467186,0.013297226638344501,0.20824770629405973,0.006138230476189982,0.7540397047996521,0.03224752561674653,0.19138799347811272,0.0051183382227397945,0.0,3
blood_transfusion,tabpfn_threshold,observed,0.05,0.05,majority_to_minority,0.6189083820662767,0.07009289939634519,0.40740740740740744,0.26979263489506417,0.4425719902386282,0.07617894496435132,0.6006134174874903,0.07160346142275772,0.4585149313962873,0.05990978945238929,0.40740740740740744,0.26979263489506417,0.6876218323586745,0.039587643541764486,0.21652701000372562,0.004951612211841222,0.7524809638659159,0.03403641433168052,0.1959251687179009,0.005752180633204684,0.0666666666666666,3
blood_transfusion,tabpfn_threshold,observed,0.05,0.05,minority_to_majority,0.6067251461988304,0.0398844235839291,0.38888888888888884,0.19444444444444448,0.4526646091067485,0.04067852085561873,0.5971736215608012,0.03364214836882882,0.4608695652173913,0.12243589426372804,0.38888888888888884,0.19444444444444448,0.7116634178037687,0.007137685056959537,0.2169207682212194,0.004685107021297531,0.7770519455273946,0.02035566974400212,0.20028082528048086,0.0017791493916277283,0.0714285714285714,3
blood_transfusion,tabpfn_threshold,observed,0.05,0.1,majority_to_minority,0.628411306042885,0.021152567655176095,0.5462962962962963,0.08486251286955258,0.4211416468510866,0.01014609571798691,0.6040274164894328,0.010028114693869966,0.3739677942430803,0.014189722248895332,0.5462962962962963,0.08486251286955258,0.6875406107862249,0.02531954693243127,0.21094424525896704,0.003284415626101641,0.7212747732798258,0.026986648999205838,0.1903785512099663,0.005944738705487814,0.125,3
blood_transfusion,tabpfn_threshold,observed,0.05,0.1,minority_to_majority,0.6503411306042886,0.013760046689566771,0.6018518518518519,0.042431256434776264,0.4985942792292642,0.02088273579352433,0.61839402664117,0.022842003795218984,0.38984032864395607,0.03292393252080038,0.6018518518518519,0.042431256434776264,0.7067089018843404,0.011506763680544933,0.2147911339998245,0.002321247288109355,0.7567843794822693,0.012394277772345424,0.19832347306112444,0.002314527295888175,0.0714285714285714,3
blood_transfusion,tabpfn_threshold,observed,0.05,0.2,majority_to_minority,0.6369395711500975,0.048446404193890964,0.48148148148148145,0.08018753738744804,0.447651822757453,0.11722338031635891,0.6300409490534581,0.047448691621419924,0.42400594574507616,0.07114906623898841,0.48148148148148145,0.08018753738744804,0.6884340480831709,0.07103780765267027,0.21105978389581045,0.003728119585681602,0.7046866019566854,0.022932317988927878,0.18509713488320503,0.001967687972741667,0.2222222222222222,3
blood_transfusion,tabpfn_threshold,observed,0.05,0.2,minority_to_majority,0.6103801169590644,0.051279122535952,0.5277777777777778,0.10015420209622189,0.3904907584833813,0.08042055928108617,0.5866304855275444,0.04124445548722533,0.3515432098765432,0.04802631784988897,0.5277777777777778,0.10015420209622189,0.6691845354126057,0.07942968363569598,0.2187437663475672,0.0055859387085960424,0.8080049355824789,0.04241009855620221,0.2052886894593636,0.005009093229922676,0.2142857142857142,3
blood_transfusion,tabpfn_threshold,observed,0.05,0.3,majority_to_minority,0.6839668615984404,0.052734697012337635,0.6574074074074074,0.04243125643477625,0.47998097786427074,0.040738886310095555,0.6470570032453605,0.05822727054797298,0.4234377904167131,0.07632515920232133,0.6574074074074074,0.04243125643477625,0.7315627030539312,0.03042501453010297,0.19922940433025357,0.0017064308137827628,0.6548726757367452,0.018161116833374215,0.17300105835828508,0.001296759018342668,0.3,3
blood_transfusion,tabpfn_threshold,observed,0.05,0.3,minority_to_majority,0.5847953216374269,0.09421604377612879,0.27777777777777773,0.2421610524189263,0.4250035079217889,0.09308522830839819,0.5699374438724897,0.13053631850365427,0.3225806451612903,0.2812192866800434,0.27777777777777773,0.2421610524189263,0.6935510071474984,0.041536854296196954,0.22464999059836066,0.0016127187189816036,0.8445126612981161,0.019284750770783753,0.21052932344377032,0.0010268914340586207,0.2857142857142857,3
blood_transfusion,tabpfn_threshold,observed,0.1,0.0,clean,0.682504873294347,0.023452649932779655,0.6437621832358674,0.06522390646483445,0.48585712179784507,0.06535822765047306,0.6274677615618739,0.03916433148201613,0.3968950153160679,0.04166671028725203,0.7129629629629629,0.03207501495497922,0.7349740090968161,0.03717590870420165,0.18571940561135605,0.0018866493134309897,0.594497799873352,0.02205708009796879,0.15113008860912583,0.0060003805231826305,0.0,3
blood_transfusion,tabpfn_threshold,observed,0.1,0.05,majority_to_minority,0.6479044834307993,0.02010344671767376,0.5843079922027291,0.0489784265467924,0.486472680519509,0.071769705093687,0.6091905969581145,0.00330689247515089,0.3769129720853859,0.004762131244260245,0.6203703703703703,0.09755234956345131,0.7119883040935672,0.034547369323514564,0.1909149487813313,0.003266642965155654,0.6086325844128927,0.03284471365013005,0.15024584584765963,0.009369520035292058,0.0344827586206896,3
blood_transfusion,tabpfn_threshold,observed,0.1,0.05,minority_to_majority,0.6447368421052632,0.0549900037861265,0.5555555555555556,0.13888888888888884,0.44164342635512965,0.07467831165761254,0.6211200313068971,0.04724403713280126,0.40436876504987956,0.06153201193477909,0.5555555555555556,0.13888888888888884,0.6921702404158544,0.05115165106796935,0.19379987319310502,0.0069135191651450035,0.6148447195688883,0.030517337507104766,0.15336096810797847,0.009754644511073675,0.0357142857142857,3
blood_transfusion,tabpfn_threshold,observed,0.1,0.1,majority_to_minority,0.6366959064327485,0.03021049461954947,0.5277777777777778,0.05555555555555558,0.43702977897099604,0.0752699772741553,0.6195037465880627,0.025332323754926944,0.3952972493345164,0.03021748217188608,0.5277777777777778,0.05555555555555558,0.7176738141650422,0.033129068722671025,0.19168575108051297,0.01186391117399925,0.597364584604899,0.04096787781519875,0.14955555404225984,0.01940856166921885,0.09677419354838708,3
blood_transfusion,tabpfn_threshold,observed,0.1,0.1,minority_to_majority,0.6759259259259259,0.01133237422439909,0.6549707602339181,0.020257904182092147,0.5011158057899535,0.03475222987607401,0.627501349621776,0.017940398537866373,0.39458427621062714,0.02042182568145214,0.6851851851851851,0.016037507477489565,0.711582196231319,0.019163859536075863,0.18821967144807175,0.006892278946020204,0.615746815999349,0.017429438817139143,0.15094518546428945,0.008347754142895084,0.1071428571428571,3
blood_transfusion,tabpfn_threshold,observed,0.1,0.2,majority_to_minority,0.682504873294347,0.01226096064854695,0.645224171539961,0.010973031431966635,0.4734804469681601,0.06000396467681893,0.6441822538532106,0.0219522292250127,0.41743989262371617,0.0307346495315516,0.6574074074074073,0.03207501495497922,0.7207602339181287,0.017630367316940867,0.17914486428101853,0.0014824846134497587,0.5564635396003723,0.009130693733762277,0.1245775593651665,0.00957139974755828,0.20000000000000004,3
blood_transfusion,tabpfn_threshold,observed,0.1,0.2,minority_to_majority,0.6761695906432749,0.04056194268714937,0.5833333333333334,0.10015420209622192,0.5058938296276548,0.036740560457669255,0.6556391156207821,0.03483343764646753,0.44522892597347025,0.04754158338445042,0.5833333333333334,0.10015420209622192,0.7205977907732294,0.012502121397123088,0.1975078036387761,0.009675986606808653,0.6579924821853638,0.005336291107688294,0.16806902333266205,0.011048490581257163,0.2142857142857142,3
blood_transfusion,tabpfn_threshold,observed,0.1,0.3,majority_to_minority,0.6461988304093568,0.056414565443200976,0.5633528265107213,0.057173525832602226,0.4747575562754129,0.1028321958172102,0.6103640091580406,0.06191301955582197,0.38562831606309866,0.08112051226799606,0.6111111111111112,0.11111111111111108,0.7121507472384665,0.050284501154989024,0.18075454731782273,0.005554151939722674,0.5534941156705221,0.017477556514242612,0.11318895688487418,0.0159228840856527,0.3,3
blood_transfusion,tabpfn_threshold,observed,0.1,0.3,minority_to_majority,0.652046783625731,0.03172885148276422,0.5974658869395711,0.03655945289183437,0.44490459049736186,0.0504874441693989,0.6016212708756467,0.012940655350171843,0.36637245287130865,0.01368654605130687,0.6666666666666666,0.09622504486493764,0.7118258609486681,0.02128001323102085,0.19881898661454514,0.006094975640240181,0.6751941243807474,0.026256269892672133,0.1720995528830422,0.009997781935045632,0.2857142857142857,3
blood_transfusion,tabpfn_threshold,observed,0.2,0.0,clean,0.6693469785575049,0.02545217647430723,0.580896686159844,0.11946630367286207,0.5031138986048783,0.04285246614677552,0.6402878694426829,0.028155777752160785,0.43144881652344336,0.056019012670964,0.6018518518518517,0.1370245239532291,0.7245776478232617,0.017008745605283315,0.16217996676762894,0.007444286969749811,0.5114079415798187,0.02389075926543489,0.059173896428611504,0.01529477681878587,0.0,3
blood_transfusion,tabpfn_threshold,observed,0.2,0.05,majority_to_minority,0.6661793372319688,0.014515956148739306,0.584795321637427,0.0025322380227615245,0.5308299666167146,0.01888245634908706,0.6242136372920536,0.015381269775727435,0.3963147310206134,0.020292470188057164,0.6481481481481483,0.11226255234242721,0.737248213125406,0.009837790082710057,0.15623188515504197,0.002664170717127117,0.5013857483863831,0.021663029531150017,0.055459666964080535,0.02188264510275526,0.05000000000000001,3
blood_transfusion,tabpfn_threshold,observed,0.2,0.05,minority_to_majority,0.6673976608187134,0.027864208410154814,0.5755360623781677,0.09779306683491701,0.5115518523374402,0.061231919257908156,0.6267841602583998,0.018660018765776748,0.4040421455938697,0.027178520846799507,0.6388888888888888,0.15466012118972283,0.7253086419753086,0.02121994217357228,0.16363584995269773,0.008281453217082362,0.5109903216362,0.01859165058171318,0.08921610215471842,0.02426825929652838,0.0526315789473684,3
blood_transfusion,tabpfn_threshold,observed,0.2,0.1,majority_to_minority,0.6759259259259259,0.012877397915910162,0.6267056530214425,0.03874498871403691,0.5220918736994776,0.025903851168639237,0.6435439348624172,0.024256880496706202,0.4205743852472074,0.03490965382896116,0.6296296296296297,0.04243125643477625,0.7348115659519169,0.01042811926232803,0.15708379447460172,0.005021034546668568,0.4867579440275828,0.009727171408034493,0.0492470138520002,0.008778601184742302,0.09523809523809519,3
blood_transfusion,tabpfn_threshold,observed,0.2,0.1,minority_to_majority,0.6817738791423001,0.0287452083952849,0.587719298245614,0.05607254067475176,0.5295284344755485,0.02493606558438574,0.6506469854499067,0.05008076557593877,0.44182427107959016,0.07026752639785946,0.6296296296296297,0.09755234956345127,0.7366796621182585,0.01329722663834447,0.16250902414321897,0.005711188633650359,0.5148717562357584,0.005616139109306421,0.0952991559770372,0.01320237338849183,0.1052631578947368,3
blood_transfusion,tabpfn_threshold,observed,0.2,0.2,majority_to_minority,0.6259746588693957,0.06103837646235744,0.557504873294347,0.0983053517446529,0.4815898204039009,0.10244452844821902,0.580938553533274,0.0357445643136834,0.3433801794061391,0.04078228256768427,0.6203703703703703,0.15298807075794732,0.692738791423002,0.053534336193779404,0.16360836724440253,0.009712060205857352,0.5065657794475555,0.019318950022501336,0.07600113756954667,0.019887185933322865,0.19718309859154917,3
blood_transfusion,tabpfn_threshold,observed,0.2,0.2,minority_to_majority,0.6559454191033138,0.07229208173567522,0.6335282651072125,0.05632609177878789,0.49397491433126767,0.04034527166257667,0.6143262739912855,0.07785568357973266,0.3872792898253829,0.09189735714330995,0.6481481481481481,0.05782405554072585,0.7119883040935672,0.04816725156888219,0.16985181967417398,0.005092157537155896,0.5274599194526672,0.01295821519204231,0.10011440869834687,0.008881705614030738,0.1929824561403508,3
blood_transfusion,tabpfn_threshold,observed,0.2,0.3,majority_to_minority,0.607943469785575,0.05233291913707128,0.5462962962962963,0.11564811108145177,0.4547268448796032,0.039504425911403275,0.5788352245135423,0.0370270494285157,0.3403889424622308,0.042292896836637076,0.5462962962962963,0.11564811108145177,0.6744639376218324,0.026138365234142202,0.16834170619646702,0.0032468885474434485,0.5153318047523499,0.009244931073574915,0.06999629427989319,0.011063270301142888,0.2962962962962963,3
blood_transfusion,tabpfn_threshold,observed,0.2,0.3,minority_to_majority,0.6861598440545809,0.043934714839897485,0.6223196881091618,0.02997373160756677,0.5301375394009279,0.040611952167952645,0.6417812601440486,0.07023633999044732,0.4272382272382272,0.10427570051024627,0.6851851851851851,0.05782405554072593,0.7478882391163092,0.028812859139362056,0.1749254614114761,0.0025972740606486,0.5443891882896423,0.021791147337620106,0.114322411964337,0.004975694976346741,0.2982456140350877,3
blood_transfusion,tabpfn_threshold,observed,0.5,0.0,clean,0.6790935672514621,0.02966611679488742,0.6086744639376218,0.04614729279204712,0.5382189343969238,0.018462146967523286,0.6446121514928107,0.03632359284225673,0.42322762438308653,0.05013407570328338,0.6388888888888888,0.08333333333333334,0.7369233268356075,0.006181516634793208,0.20618582268555952,0.015739862914787146,0.6016051570574442,0.038338483906479225,0.21075796561108692,0.03022454589479962,0.0,3
blood_transfusion,tabpfn_threshold,observed,0.5,0.05,majority_to_minority,0.6944444444444443,0.014601596751051332,0.6432748538011696,0.0332099903263174,0.5340916293522986,0.04541855045457253,0.6398451426024956,0.028819578072722833,0.40951178451178455,0.03472413523961834,0.7222222222222222,0.048112522432468864,0.748619233268356,0.008640940893062218,0.21549680829048157,0.01114974362360719,0.6183411478996277,0.02474807942404507,0.2328417752517594,0.015902750476514887,0.04697986577181199,3
blood_transfusion,tabpfn_threshold,observed,0.5,0.05,minority_to_majority,0.6849415204678362,0.01632917244421688,0.6666666666666666,0.017543859649122792,0.5285006470140327,0.02744378018805353,0.6362754059579768,0.016099563665333397,0.40358329478067034,0.017588916553605193,0.6944444444444443,0.02777777777777779,0.7431773879142299,0.008608816192460747,0.19256030023097992,0.005516399328080136,0.5666905641555786,0.014688910583711154,0.18249546257985957,0.011601043934711126,0.04929577464788729,3
blood_transfusion,tabpfn_threshold,observed,0.5,0.1,majority_to_minority,0.6817738791423001,0.01754893526318798,0.6008771929824562,0.03425548103467824,0.5607082866414598,0.005107347721310523,0.6345282802332726,0.04888305299691152,0.4160199004975125,0.07406976134900367,0.6851851851851851,0.08929306260178656,0.7515432098765432,0.007318397210420728,0.2282759348551432,0.013360770878192834,0.64977498849233,0.025282273529123354,0.26717781104975274,0.014897759644776392,0.1012658227848101,3
blood_transfusion,tabpfn_threshold,observed,0.5,0.1,minority_to_majority,0.6669103313840156,0.026440709568970214,0.6115984405458089,0.07377369330635296,0.5210738836251403,0.02187235250213984,0.6339059229408254,0.02828597408785289,0.40927220927220925,0.03539043075357976,0.6203703703703703,0.080187537387448,0.7294509421702404,0.019460534518692715,0.1858682483434677,0.01144804600815088,0.5531478921572367,0.027014295332392142,0.1650594159132904,0.01709967248226775,0.09859154929577459,3
blood_transfusion,tabpfn_threshold,observed,0.5,0.2,majority_to_minority,0.63864522417154,0.03525736684642097,0.5916179337231969,0.05033431319171677,0.5354595895670621,0.024764067369244813,0.5875358625876169,0.02211304773876218,0.3527106701179177,0.023669023269256427,0.6574074074074074,0.09755234956345127,0.7248213125406108,0.021523448513047164,0.28553693493207294,0.007938425667101958,0.7792093356450399,0.014398318126027005,0.34799251278241466,0.009795995074699042,0.2022471910112359,3
blood_transfusion,tabpfn_threshold,observed,0.5,0.2,minority_to_majority,0.6866471734892787,0.02079589502276011,0.6403508771929824,0.023208344833899885,0.5283135275372328,0.03994522152595847,0.6358187335276284,0.03697290316996919,0.4069009989726102,0.04739847959899646,0.7037037037037037,0.03207501495497922,0.7456140350877193,0.012587706091478992,0.17127114534378052,0.007105472424470066,0.5217505296071371,0.01828031288145993,0.12650975679357843,0.021851939365194945,0.19718309859154917,3
blood_transfusion,tabpfn_threshold,observed,0.5,0.3,majority_to_minority,0.6306042884990254,0.014199612362898061,0.5526315789473685,0.04641668966779984,0.4536155004229878,0.04701079806783559,0.5842578352706999,0.016721436263977315,0.3532316118935837,0.01934044857254068,0.6296296296296297,0.11564811108145177,0.6948505523066926,0.025222044719286452,0.3855076730251312,0.016932237627157037,1.0246084332466125,0.06442986241032699,0.46728883789645304,0.015582219657982158,0.3004926108374384,3
blood_transfusion,tabpfn_threshold,observed,0.5,0.3,minority_to_majority,0.6600877192982456,0.019898622205871613,0.6028265107212475,0.0427824176485158,0.517108646867348,0.009415563640098303,0.6198653393873196,0.017398533050003745,0.38891941391941387,0.019993382353222552,0.6388888888888888,0.08333333333333334,0.7269330734243015,0.008954747428269808,0.16302561759948728,0.005343784149609563,0.5031184156735738,0.019293619491308343,0.08287765697472624,0.03420410070468868,0.3028169014084507,3
blood_transfusion,tabpfn_threshold,oracle,0.05,0.0,clean,0.6537524366471735,0.025577832525122142,0.6174463937621834,0.03768225813298889,0.45569613667923975,0.028181973745902457,0.6178564415909372,0.02729368192247552,0.3866538358063782,0.033933512727887256,0.6203703703703703,0.04243125643477625,0.7230344379467186,0.013297226638344501,0.20824770629405973,0.006138230476189982,0.7540397047996521,0.03224752561674653,0.19138799347811272,0.0051183382227397945,0.0,3
blood_transfusion,tabpfn_threshold,oracle,0.05,0.05,majority_to_minority,0.60453216374269,0.06525530382009304,0.4166666666666667,0.2735793833832251,0.4425719902386282,0.07617894496435132,0.5811093361024892,0.0631666952694771,0.39598214285714284,0.03477274527234667,0.4166666666666667,0.2735793833832251,0.6876218323586745,0.039587643541764486,0.21652701000372562,0.004951612211841222,0.7524809638659159,0.03403641433168052,0.1959251687179009,0.005752180633204684,0.0666666666666666,3
blood_transfusion,tabpfn_threshold,oracle,0.05,0.05,minority_to_majority,0.5906432748538012,0.08244693760598167,0.3333333333333333,0.26498311150470716,0.4526646091067485,0.04067852085561873,0.5699294233692134,0.10527016291179844,0.34792876500193576,0.1292504124329956,0.3333333333333333,0.26498311150470716,0.7116634178037687,0.007137685056959537,0.2169207682212194,0.004685107021297531,0.7770519455273946,0.02035566974400212,0.20028082528048086,0.0017791493916277283,0.0714285714285714,3
blood_transfusion,tabpfn_threshold,oracle,0.05,0.1,majority_to_minority,0.6466861598440545,0.02078304350539959,0.5906432748538012,0.05698004464884517,0.4211416468510866,0.01014609571798691,0.6051228588359461,0.005703384004459144,0.3719317943447678,0.005452264321829457,0.6296296296296297,0.09755234956345128,0.6875406107862249,0.02531954693243127,0.21094424525896704,0.003284415626101641,0.7212747732798258,0.026986648999205838,0.1903785512099663,0.005944738705487814,0.125,3
blood_transfusion,tabpfn_threshold,oracle,0.05,0.1,minority_to_majority,0.6617933723196882,0.03421125521957191,0.5370370370370371,0.11226255234242719,0.4985942792292642,0.02088273579352433,0.6478489586482573,0.024624511085928367,0.44795698924731187,0.0432129655136536,0.5370370370370371,0.11226255234242719,0.7067089018843404,0.011506763680544933,0.2147911339998245,0.002321247288109355,0.7567843794822693,0.012394277772345424,0.19832347306112444,0.002314527295888175,0.0714285714285714,3
blood_transfusion,tabpfn_threshold,oracle,0.05,0.2,majority_to_minority,0.6425438596491228,0.06364688465216448,0.5350877192982456,0.13786169864475184,0.447651822757453,0.11722338031635891,0.5630916326863172,0.08595187631186212,0.3449803196282069,0.058910573816638785,0.75,0.048112522432468836,0.6884340480831709,0.07103780765267027,0.21105978389581045,0.003728119585681602,0.7046866019566854,0.022932317988927878,0.18509713488320503,0.001967687972741667,0.2222222222222222,3
blood_transfusion,tabpfn_threshold,oracle,0.05,0.2,minority_to_majority,0.5933235867446394,0.10177720946785936,0.3240740740740741,0.23129622216290366,0.3904907584833813,0.08042055928108617,0.5889743929566693,0.10009604838494651,0.3969221835075493,0.13393217137263486,0.3240740740740741,0.23129622216290366,0.6691845354126057,0.07942968363569598,0.2187437663475672,0.0055859387085960424,0.8080049355824789,0.04241009855620221,0.2052886894593636,0.005009093229922676,0.2142857142857142,3
blood_transfusion,tabpfn_threshold,oracle,0.05,0.3,majority_to_minority,0.6515594541910331,0.02954277693221765,0.543859649122807,0.03162764276722796,0.47998097786427074,0.040738886310095555,0.5727799987479094,0.02821884404967206,0.34502923976608185,0.023723373961700732,0.7592592592592592,0.03207501495497922,0.7315627030539312,0.03042501453010297,0.19922940433025357,0.0017064308137827628,0.6548726757367452,0.018161116833374215,0.17300105835828508,0.001296759018342668,0.3,3
blood_transfusion,tabpfn_threshold,oracle,0.05,0.3,minority_to_majority,0.5377680311890839,0.0331643703431194,0.10185185185185182,0.09755234956345125,0.4250035079217889,0.09308522830839819,0.5095434356423795,0.06886698663513625,0.4222222222222222,0.4018475848894472,0.10185185185185182,0.09755234956345125,0.6935510071474984,0.041536854296196954,0.22464999059836066,0.0016127187189816036,0.8445126612981161,0.019284750770783753,0.21052932344377032,0.0010268914340586207,0.2857142857142857,3
blood_transfusion,tabpfn_threshold,oracle,0.1,0.0,clean,0.682504873294347,0.023452649932779655,0.6437621832358674,0.06522390646483445,0.48585712179784507,0.06535822765047306,0.6274677615618739,0.03916433148201613,0.3968950153160679,0.04166671028725203,0.7129629629629629,0.03207501495497922,0.7349740090968161,0.03717590870420165,0.18571940561135605,0.0018866493134309897,0.594497799873352,0.02205708009796879,0.15113008860912583,0.0060003805231826305,0.0,3
blood_transfusion,tabpfn_threshold,oracle,0.1,0.05,majority_to_minority,0.6483918128654972,0.025834206209170006,0.5969785575048733,0.06244475916773649,0.486472680519509,0.071769705093687,0.6046974412477233,0.006130614616449846,0.37060439560439556,0.004860386267295129,0.6388888888888888,0.10015420209622192,0.7119883040935672,0.034547369323514564,0.1909149487813313,0.003266642965155654,0.6086325844128927,0.03284471365013005,0.15024584584765963,0.009369520035292058,0.0344827586206896,3
blood_transfusion,tabpfn_threshold,oracle,0.1,0.05,minority_to_majority,0.6427875243664718,0.059351743614121134,0.5370370370370371,0.1674364937039363,0.44164342635512965,0.07467831165761254,0.6213250665848719,0.045345322447457835,0.4081964969896004,0.055268304257797295,0.5370370370370371,0.1674364937039363,0.6921702404158544,0.05115165106796935,0.19379987319310502,0.0069135191651450035,0.6148447195688883,0.030517337507104766,0.15336096810797847,0.009754644511073675,0.0357142857142857,3
blood_transfusion,tabpfn_threshold,oracle,0.1,0.1,majority_to_minority,0.6510721247563352,0.027059951486114654,0.5813840155945419,0.046516353993577696,0.43702977897099604,0.0752699772741553,0.6103146607605128,0.0074616683742161904,0.37783797729618157,0.007144027603715318,0.6296296296296297,0.11226255234242724,0.7176738141650422,0.033129068722671025,0.19168575108051297,0.01186391117399925,0.597364584604899,0.04096787781519875,0.14955555404225984,0.01940856166921885,0.09677419354838708,3
blood_transfusion,tabpfn_threshold,oracle,0.1,0.1,minority_to_majority,0.6656920077972709,0.012434065128823628,0.6296296296296297,0.03207501495497916,0.5011158057899535,0.03475222987607401,0.6303537674581935,0.007182036770373909,0.39987893462469737,0.006962048591927352,0.6296296296296297,0.03207501495497916,0.711582196231319,0.019163859536075863,0.18821967144807175,0.006892278946020204,0.615746815999349,0.017429438817139143,0.15094518546428945,0.008347754142895084,0.1071428571428571,3
blood_transfusion,tabpfn_threshold,oracle,0.1,0.2,majority_to_minority,0.6693469785575048,0.002567167093775034,0.6257309941520468,0.056395618485338916,0.4734804469681601,0.06000396467681893,0.6100732294989349,0.01766540683133397,0.37689550592776394,0.01556968062144526,0.7129629629629629,0.05782405554072595,0.7207602339181287,0.017630367316940867,0.17914486428101853,0.0014824846134497587,0.5564635396003723,0.009130693733762277,0.1245775593651665,0.00957139974755828,0.20000000000000004,3
blood_transfusion,tabpfn_threshold,oracle,0.1,0.2,minority_to_majority,0.6459551656920078,0.043678557269550375,0.4351851851851852,0.15795113064103689,0.5058938296276548,0.036740560457669255,0.6466061837860174,0.032021242541642216,0.5035245982450952,0.07065001028762542,0.4351851851851852,0.15795113064103689,0.7205977907732294,0.012502121397123088,0.1975078036387761,0.009675986606808653,0.6579924821853638,0.005336291107688294,0.16806902333266205,0.011048490581257163,0.2142857142857142,3
blood_transfusion,tabpfn_threshold,oracle,0.1,0.3,majority_to_minority,0.6298732943469786,0.04909284742665051,0.38011695906432746,0.07460439077294198,0.4747575562754129,0.1028321958172102,0.4963362788012547,0.057042842541793246,0.3109570227447827,0.03193229764706934,0.8796296296296297,0.04243125643477625,0.7121507472384665,0.050284501154989024,0.18075454731782273,0.005554151939722674,0.5534941156705221,0.017477556514242612,0.11318895688487418,0.0159228840856527,0.3,3
blood_transfusion,tabpfn_threshold,oracle,0.1,0.3,minority_to_majority,0.6413255360623782,0.04958023183674908,0.4814814814814814,0.15298807075794726,0.44490459049736186,0.0504874441693989,0.6317236709832353,0.03197008818980239,0.4333955804544039,0.02501190098477688,0.4814814814814814,0.15298807075794726,0.7118258609486681,0.02128001323102085,0.19881898661454514,0.006094975640240181,0.6751941243807474,0.026256269892672133,0.1720995528830422,0.009997781935045632,0.2857142857142857,3
blood_transfusion,tabpfn_threshold,oracle,0.2,0.0,clean,0.6693469785575049,0.02545217647430723,0.580896686159844,0.11946630367286207,0.5031138986048783,0.04285246614677552,0.6402878694426829,0.028155777752160785,0.43144881652344336,0.056019012670964,0.6018518518518517,0.1370245239532291,0.7245776478232617,0.017008745605283315,0.16217996676762894,0.007444286969749811,0.5114079415798187,0.02389075926543489,0.059173896428611504,0.01529477681878587,0.0,3
blood_transfusion,tabpfn_threshold,oracle,0.2,0.05,majority_to_minority,0.6773879142300195,0.007099806181449068,0.6008771929824562,0.04402988405372979,0.5308299666167146,0.01888245634908706,0.6279136317624615,0.031186206703303035,0.4011734218495224,0.03392721597220608,0.6851851851851851,0.10516496936667175,0.737248213125406,0.009837790082710057,0.15623188515504197,0.002664170717127117,0.5013857483863831,0.021663029531150017,0.055459666964080535,0.02188264510275526,0.05000000000000001,3
blood_transfusion,tabpfn_threshold,oracle,0.2,0.05,minority_to_majority,0.6798245614035089,0.028992005869959002,0.5804093567251462,0.11813191183050155,0.5115518523374402,0.061231919257908156,0.6506074902400777,0.006599694126088618,0.44263388603011244,0.03861606324675869,0.611111111111111,0.15466012118972283,0.7253086419753086,0.02121994217357228,0.16363584995269773,0.008281453217082362,0.5109903216362,0.01859165058171318,0.08921610215471842,0.02426825929652838,0.0526315789473684,3
blood_transfusion,tabpfn_threshold,oracle,0.2,0.1,majority_to_minority,0.6715399610136452,0.015632568160180774,0.6432748538011696,0.026798688274595535,0.5220918736994776,0.025903851168639237,0.6218255416970283,0.02393247441455765,0.38916040100250626,0.02767714858625911,0.6851851851851851,0.03207501495497922,0.7348115659519169,0.01042811926232803,0.15708379447460172,0.005021034546668568,0.4867579440275828,0.009727171408034493,0.0492470138520002,0.008778601184742302,0.09523809523809519,3
blood_transfusion,tabpfn_threshold,oracle,0.2,0.1,minority_to_majority,0.6695906432748538,0.03107370074098285,0.5521442495126706,0.13380454762703714,0.5295284344755485,0.02493606558438574,0.652480238006497,0.021108424995268025,0.45546364787418364,0.04064700842988579,0.5555555555555556,0.13888888888888884,0.7366796621182585,0.01329722663834447,0.16250902414321897,0.005711188633650359,0.5148717562357584,0.005616139109306421,0.0952991559770372,0.01320237338849183,0.1052631578947368,3
blood_transfusion,tabpfn_threshold,oracle,0.2,0.2,majority_to_minority,0.6198830409356725,0.052239237779832935,0.5175438596491228,0.04019803241189334,0.4815898204039009,0.10244452844821902,0.5441218077578972,0.03823645972813056,0.3207486957486957,0.035134896866827366,0.7222222222222223,0.1001542020962219,0.692738791423002,0.053534336193779404,0.16360836724440253,0.009712060205857352,0.5065657794475555,0.019318950022501336,0.07600113756954667,0.019887185933322865,0.19718309859154917,3
blood_transfusion,tabpfn_threshold,oracle,0.2,0.2,minority_to_majority,0.6483918128654971,0.02003244094450981,0.5277777777777778,0.02777777777777779,0.49397491433126767,0.04034527166257667,0.6349623384442051,0.03234143692137723,0.4272046032383246,0.0644611292890666,0.5277777777777778,0.02777777777777779,0.7119883040935672,0.04816725156888219,0.16985181967417398,0.005092157537155896,0.5274599194526672,0.01295821519204231,0.10011440869834687,0.008881705614030738,0.1929824561403508,3
blood_transfusion,tabpfn_threshold,oracle,0.2,0.3,majority_to_minority,0.5830896686159844,0.02294592079335968,0.3421052631578947,0.06325528553445592,0.4547268448796032,0.039504425911403275,0.45480872145959267,0.039118547568156956,0.2841513177598083,0.015611828235695726,0.8240740740740741,0.03207501495497922,0.6744639376218324,0.026138365234142202,0.16834170619646702,0.0032468885474434485,0.5153318047523499,0.009244931073574915,0.06999629427989319,0.011063270301142888,0.2962962962962963,3
blood_transfusion,tabpfn_threshold,oracle,0.2,0.3,minority_to_majority,0.672514619883041,0.01674918017162229,0.5,0.048112522432468836,0.5301375394009279,0.040611952167952645,0.6738299663299664,0.03322747129748135,0.5285547785547785,0.12276965733111722,0.5,0.048112522432468836,0.7478882391163092,0.028812859139362056,0.1749254614114761,0.0025972740606486,0.5443891882896423,0.021791147337620106,0.114322411964337,0.004975694976346741,0.2982456140350877,3
blood_transfusion,tabpfn_threshold,oracle,0.5,0.0,clean,0.6790935672514621,0.02966611679488742,0.6086744639376218,0.04614729279204712,0.5382189343969238,0.018462146967523286,0.6446121514928107,0.03632359284225673,0.42322762438308653,0.05013407570328338,0.6388888888888888,0.08333333333333334,0.7369233268356075,0.006181516634793208,0.20618582268555952,0.015739862914787146,0.6016051570574442,0.038338483906479225,0.21075796561108692,0.03022454589479962,0.0,3
blood_transfusion,tabpfn_threshold,oracle,0.5,0.05,majority_to_minority,0.6749512670565302,0.023735745198490688,0.5906432748538012,0.06345770296552836,0.5340916293522986,0.04541855045457253,0.602776985808263,0.036065809327138355,0.37145601037691134,0.029669141804780728,0.7592592592592592,0.016037507477489613,0.748619233268356,0.008640940893062218,0.21549680829048157,0.01114974362360719,0.6183411478996277,0.02474807942404507,0.2328417752517594,0.015902750476514887,0.04697986577181199,3
blood_transfusion,tabpfn_threshold,oracle,0.5,0.05,minority_to_majority,0.6939571150097467,0.010948655915526807,0.6418128654970761,0.05083432354009852,0.5285006470140327,0.02744378018805353,0.6616443488362069,0.022032251771316628,0.4444429074678618,0.037729252382749594,0.6481481481481481,0.05782405554072587,0.7431773879142299,0.008608816192460747,0.19256030023097992,0.005516399328080136,0.5666905641555786,0.014688910583711154,0.18249546257985957,0.011601043934711126,0.04929577464788729,3
blood_transfusion,tabpfn_threshold,oracle,0.5,0.1,majority_to_minority,0.6639863547758286,0.018755853214352615,0.587719298245614,0.07894736842105263,0.5607082866414598,0.005107347721310523,0.5972130375211249,0.04122787265215473,0.3683259530717158,0.036845286146723985,0.7314814814814815,0.05782405554072593,0.7515432098765432,0.007318397210420728,0.2282759348551432,0.013360770878192834,0.64977498849233,0.025282273529123354,0.26717781104975274,0.014897759644776392,0.1012658227848101,3
blood_transfusion,tabpfn_threshold,oracle,0.5,0.1,minority_to_majority,0.6559454191033138,0.010651799704870563,0.5370370370370371,0.05782405554072593,0.5210738836251403,0.02187235250213984,0.6416201838453346,0.015092545227650045,0.4333767729994145,0.033037470973602885,0.5370370370370371,0.05782405554072593,0.7294509421702404,0.019460534518692715,0.1858682483434677,0.01144804600815088,0.5531478921572367,0.027014295332392142,0.1650594159132904,0.01709967248226775,0.09859154929577459,3
blood_transfusion,tabpfn_threshold,oracle,0.5,0.2,majority_to_minority,0.6142787524366472,0.008018753738744782,0.3859649122807017,0.0,0.5354595895670621,0.024764067369244813,0.4913259530038054,0.004234924470183926,0.3023102310231023,0.004001437509235029,0.8425925925925926,0.016037507477489603,0.7248213125406108,0.021523448513047164,0.28553693493207294,0.007938425667101958,0.7792093356450399,0.014398318126027005,0.34799251278241466,0.009795995074699042,0.2022471910112359,3
blood_transfusion,tabpfn_threshold,oracle,0.5,0.2,minority_to_majority,0.6720272904483431,0.021738115915878112,0.48148148148148157,0.05782405554072592,0.5283135275372328,0.03994522152595847,0.6763078670137306,0.01760673479800849,0.5254031460928013,0.017464770485835533,0.48148148148148157,0.05782405554072592,0.7456140350877193,0.012587706091478992,0.17127114534378052,0.007105472424470066,0.5217505296071371,0.01828031288145993,0.12650975679357843,0.021851939365194945,0.19718309859154917,3
blood_transfusion,tabpfn_threshold,oracle,0.5,0.3,majority_to_minority,0.5097465886939571,0.00638661911407463,0.03801169590643274,0.02679868827459555,0.4536155004229878,0.04701079806783559,0.23113587351436418,0.025721456197553862,0.24371505568334187,0.002500177967766491,0.9814814814814815,0.01603750747748965,0.6948505523066926,0.025222044719286452,0.3855076730251312,0.016932237627157037,1.0246084332466125,0.06442986241032699,0.46728883789645304,0.015582219657982158,0.3004926108374384,3
blood_transfusion,tabpfn_threshold,oracle,0.5,0.3,minority_to_majority,0.6033138401559454,0.028847268200679795,0.25925925925925924,0.08486251286955263,0.517108646867348,0.009415563640098303,0.6130351680696152,0.0384840350045403,0.6262626262626262,0.06998185081086372,0.25925925925925924,0.08486251286955263,0.7269330734243015,0.008954747428269808,0.16302561759948728,0.005343784149609563,0.5031184156735738,0.019293619491308343,0.08287765697472624,0.03420410070468868,0.3028169014084507,3
blood_transfusion,xgb_none,,0.05,0.0,clean,0.5112085769980507,0.009427652106312412,0.037037037037036966,0.016037507477489613,0.4160325793795314,0.052065866635646704,0.464393136921654,0.014814451500178545,0.5833333333333334,0.3818813079129867,0.037037037037036966,0.016037507477489613,0.7160087719298245,0.02759792025357102,0.211589440703392,0.00965393523405166,0.8949023485183716,0.08901673026564322,0.2068235902777976,0.008776156008031477,0.0,3
blood_transfusion,xgb_none,,0.05,0.05,majority_to_minority,0.5331384015594541,0.02814406596189436,0.09259259259259255,0.0699058744006551,0.3599189562546771,0.0636477554313455,0.5062841925736373,0.0518682605163495,0.49292929292929283,0.14087921916453444,0.09259259259259255,0.0699058744006551,0.6030295646523717,0.06475436663202842,0.21152110894521073,0.012577377573272139,0.926010012626648,0.09617513479464541,0.19522675625152056,0.015981645058083055,0.0666666666666666,3
blood_transfusion,xgb_none,,0.05,0.05,minority_to_majority,0.5185185185185185,0.0212156282173881,0.037037037037037,0.042431256434776285,0.3607629268975452,0.08743842346540417,0.46866999033643847,0.04155201113796431,0.6666666666666666,0.5773502691896258,0.037037037037037,0.042431256434776285,0.5942982456140351,0.055239791008960634,0.21640574932098386,0.01291664067118195,1.029595971107483,0.06435421031336835,0.21328020216690166,0.0118452977168415,0.0714285714285714,3
blood_transfusion,xgb_none,,0.05,0.1,majority_to_minority,0.5097465886939571,0.02121562821738814,0.037037037037037,0.042431256434776285,0.3265094416208196,0.07950069651176325,0.46261462658588987,0.03964902448726531,0.3111111111111111,0.30061665018819295,0.037037037037037,0.042431256434776285,0.5747644574398961,0.08984360683903421,0.21818800767262772,0.017134612525887702,0.9716300566991171,0.12370250701713296,0.20081483513530754,0.019134434129907944,0.125,3
blood_transfusion,xgb_none,,0.05,0.1,minority_to_majority,0.5155945419103314,0.002954277693221773,0.037037037037036966,0.016037507477489617,0.40530531457377056,0.07561858124897494,0.4672478123048465,0.011709891885356743,0.8333333333333334,0.2886751345948129,0.037037037037036966,0.016037507477489617,0.6576104613385315,0.0944187679382595,0.2087463686863581,0.007638650835385054,0.9204438726107279,0.10769508917997488,0.19874200835824007,0.008828859370355198,0.0714285714285714,3
blood_transfusion,xgb_none,,0.05,0.2,majority_to_minority,0.5207115009746589,0.0369881114727358,0.0648148148148148,0.0699058744006551,0.35365575190143345,0.05037693313031334,0.48484642652207305,0.06207887400482366,0.4305555555555555,0.37345360165968755,0.0648148148148148,0.0699058744006551,0.6060753736192332,0.014022017086739775,0.21382549901803327,0.01060722789170285,1.008395830790202,0.08561284799818705,0.19892580647849378,0.013820195921383564,0.2222222222222222,3
blood_transfusion,xgb_none,,0.05,0.2,minority_to_majority,0.5095029239766081,0.015830707476394482,0.027777777777777735,0.02777777777777775,0.3791136788949423,0.02158076735914776,0.45716244716847365,0.028329680133776874,0.4166666666666667,0.5204164998665332,0.027777777777777735,0.02777777777777775,0.6187865497076023,0.05151189691064494,0.21769761045773825,0.003353904000235039,1.0413962801297505,0.06288564154285722,0.21305462304088804,0.00347676883368672,0.2142857142857142,3
blood_transfusion,xgb_none,,0.05,0.3,majority_to_minority,0.5263157894736842,0.02789295910575867,0.05555555555555553,0.05555555555555555,0.44497986184626187,0.09120950167830755,0.4848373210442176,0.053324253100758154,0.5555555555555555,0.5091750772173156,0.05555555555555553,0.05555555555555555,0.66820987654321,0.07690945277382352,0.19982381661732984,0.01822977634940301,0.8554057876269022,0.13908752642016242,0.18233315522885982,0.02535189835941338,0.3,3
blood_transfusion,xgb_none,,0.05,0.3,minority_to_majority,0.5,0.0,0.0,0.0,0.3835565711068201,0.04748680328769694,0.4318181818181818,0.0,0.0,0.0,0.0,0.0,0.6376705653021443,0.03731074958997902,0.21485861142476395,0.004006688017453658,0.9304051995277405,0.02548027736539713,0.2056744944966501,0.0069899240789602565,0.2857142857142857,3
blood_transfusion,xgb_none,,0.1,0.0,clean,0.5041423001949318,0.006632874068623858,0.04629629629629623,0.016037507477489613,0.3232532792532614,0.007048994010596698,0.46426257464513987,0.009609644379931734,0.2962962962962963,0.06415002990995841,0.04629629629629623,0.016037507477489613,0.6273960363872644,0.02063695352076389,0.21424064040184013,0.001347087315815469,0.8504502375920614,0.04533634331768756,0.1899078024592664,0.004806917079211014,0.0,3
blood_transfusion,xgb_none,,0.1,0.05,majority_to_minority,0.5348440545808967,0.020537336750200298,0.10185185185185182,0.032075014954979233,0.3843224327924206,0.06498339381432615,0.5143431187358285,0.029504413190185406,0.5194444444444445,0.1616609391883496,0.10185185185185182,0.032075014954979233,0.6598440545808967,0.03182344232608217,0.2014287163813909,0.017777481701707055,0.8066244721412659,0.07490694123081625,0.18513630603750542,0.02547733017893246,0.0344827586206896,3
blood_transfusion,xgb_none,,0.1,0.05,minority_to_majority,0.5350877192982456,0.037352299096611793,0.11111111111111106,0.0734930919740164,0.3669564603206999,0.05304833818605895,0.5157878969652225,0.05685364762672316,0.4444444444444445,0.17347216662217774,0.11111111111111106,0.0734930919740164,0.5942982456140351,0.04465201653095988,0.20110487937927243,0.012911780660588883,0.8341717720031738,0.04372187350101551,0.17081985498882002,0.016184877529841,0.0357142857142857,3
blood_transfusion,xgb_none,,0.1,0.1,majority_to_minority,0.5394736842105262,0.054487266530948035,0.11111111111111106,0.09622504486493764,0.37003768801530335,0.11169482503413454,0.5198232345533377,0.0823193926167947,0.47301587301587306,0.28417575177821747,0.11111111111111106,0.09622504486493764,0.6255685510071475,0.09373591446677508,0.2049745023250579,0.022760902182478362,0.7823298573493958,0.12282163632402528,0.17811082404934697,0.022670473515829688,0.09677419354838708,3
blood_transfusion,xgb_none,,0.1,0.1,minority_to_majority,0.5194931773879142,0.016037507477489596,0.07407407407407403,0.03207501495497924,0.3767601091847199,0.03670280475832647,0.4895159548139199,0.026916620424197683,0.38888888888888884,0.09622504486493763,0.07407407407407403,0.03207501495497924,0.6737735542560103,0.04638539398555495,0.20491388440132138,0.011467148387511108,0.8020617564519247,0.05788351743072468,0.18533398155743874,0.014838582447520923,0.1071428571428571,3
blood_transfusion,xgb_none,,0.1,0.2,majority_to_minority,0.5582358674463938,0.009734397834034184,0.1574074074074074,0.03207501495497918,0.4204143134919174,0.010723957534177765,0.5526354151929072,0.015093001775707467,0.5714285714285715,0.12371791482634843,0.1574074074074074,0.03207501495497918,0.6604938271604938,0.009200023836390814,0.18859105805555973,0.006485514098539471,0.7333904107411703,0.06367747131135441,0.153536137714982,0.01554017921937541,0.20000000000000004,3
blood_transfusion,xgb_none,,0.1,0.2,minority_to_majority,0.5467836257309941,0.0302104946195495,0.11111111111111106,0.05555555555555555,0.38987757931207656,0.08999609194107165,0.5283566548810451,0.048490174498903534,0.65,0.21794494717703372,0.11111111111111106,0.05555555555555555,0.5981562703053932,0.08952269017655741,0.20190526545047757,0.016201910226424306,0.927465577920278,0.11863834445999355,0.18628975026309488,0.014804139407045612,0.2142857142857142,3
blood_transfusion,xgb_none,,0.1,0.3,majority_to_minority,0.5450779727095517,0.024911068068483515,0.1574074074074074,0.03207501495497918,0.3410399621808205,0.03851624931106236,0.5392909677324791,0.03126902541656167,0.43516899766899764,0.11422013625797432,0.1574074074074074,0.03207501495497918,0.5912524366471735,0.02830053192824247,0.20571673909823096,0.007189526522062604,0.7752586603164673,0.022280260080467323,0.16819139733496638,0.002719433739358908,0.3,3
blood_transfusion,xgb_none,,0.1,0.3,minority_to_majority,0.5272904483430799,0.03398402216688334,0.09259259259259252,0.06415002990995841,0.3475697487798526,0.03550801354947056,0.5027290368604267,0.052872104122535436,0.4166666666666667,0.1755942292142123,0.09259259259259252,0.06415002990995841,0.6202891487979207,0.02346730747793434,0.2133417477210362,0.008925562109032004,0.9293634494145712,0.038702422392937315,0.20343693774814406,0.013874853389444039,0.2857142857142857,3
blood_transfusion,xgb_none,,0.2,0.0,clean,0.5426413255360624,0.018584127646850253,0.1759259259259259,0.0424312564347763,0.36506179175654313,0.06288718263821776,0.5386561190132618,0.023852989514778503,0.3845029239766082,0.05954798787841023,0.1759259259259259,0.0424312564347763,0.6001461988304093,0.03703803893433012,0.21556951602300004,0.02043407609196891,0.774163544178009,0.1009771604304037,0.1675686222025089,0.03720163340703936,0.0,3
blood_transfusion,xgb_none,,0.2,0.05,majority_to_minority,0.5682261208576999,0.020744441183033865,0.25925925925925924,0.03207501495497923,0.4034484898275075,0.03095223298500456,0.572824647793052,0.024434329065036172,0.40339907006573666,0.06312906078729492,0.25925925925925924,0.03207501495497923,0.6432342430149447,0.03715893597071129,0.20482175052165977,0.008364957753459662,0.7165937423706055,0.0396449925757549,0.16701379098825983,0.018091317467921364,0.05000000000000001,3
blood_transfusion,xgb_none,,0.2,0.05,minority_to_majority,0.5616471734892788,0.05161840209471665,0.23148148148148143,0.08929306260178665,0.38226518543880356,0.06169734035530627,0.5639250348494337,0.06057754174447731,0.3987807683459857,0.11832294279102834,0.23148148148148143,0.08929306260178665,0.6477420402858999,0.061131725542541704,0.19886906941731763,0.020090697989597707,0.7001888751983643,0.075002297791407,0.15473886502285794,0.02837430226309945,0.0526315789473684,3
blood_transfusion,xgb_none,,0.2,0.1,majority_to_minority,0.5901559454191033,0.02311991712377094,0.3148148148148148,0.042431256434776285,0.4231394855668671,0.026126707434703078,0.5965460278653419,0.026715116960687433,0.43347663139329806,0.08026120198950998,0.3148148148148148,0.042431256434776285,0.6628086419753086,0.010226179815163843,0.19373491903146103,0.008612849907586071,0.6802664399147034,0.026409513297655268,0.15135455196102457,0.009352770112592619,0.09523809523809519,3
blood_transfusion,xgb_none,,0.2,0.1,minority_to_majority,0.5886939571150097,0.021836219983659352,0.25925925925925924,0.04243125643477631,0.4379884620719026,0.013791980120624658,0.596975736879025,0.026488840601448675,0.49809081527347776,0.044981316786958936,0.25925925925925924,0.04243125643477631,0.6803931124106564,0.01762756073802573,0.19011139869689941,0.007275606560753565,0.6556952397028605,0.05775136810858658,0.15740985845112135,0.026501374241862136,0.1052631578947368,3
blood_transfusion,xgb_none,,0.2,0.2,majority_to_minority,0.5794346978557505,0.046008131598958585,0.2962962962962963,0.11564811108145186,0.405134136713929,0.11892048315949698,0.5812493045158903,0.05194730500704374,0.39636421370167496,0.07408490557927432,0.2962962962962963,0.11564811108145186,0.6333658219623132,0.09746256187473143,0.20628221333026883,0.024510736061270848,0.7027329802513123,0.0848459273286685,0.16519894682698777,0.059058250329226104,0.19718309859154917,3
blood_transfusion,xgb_none,,0.2,0.2,minority_to_majority,0.567738791423002,0.045240999129487716,0.2407407407407407,0.08018753738744804,0.36297291456134656,0.09282550365771543,0.5712281300550135,0.05287450926608875,0.4172285514996512,0.1018885913613981,0.2407407407407407,0.08018753738744804,0.6224415204678363,0.060429218346043985,0.21012326081593827,0.02491502307163484,0.7453055580457052,0.08927513138329689,0.1792058069258928,0.0158671586225403,0.1929824561403508,3
blood_transfusion,xgb_none,,0.2,0.3,majority_to_minority,0.6135477582846004,0.043402425103727646,0.3703703703703704,0.03207501495497921,0.40747325314853117,0.07536970791313435,0.6213284315873651,0.050820442178786195,0.46428571428571425,0.12025577427785139,0.3703703703703704,0.03207501495497921,0.6503411306042884,0.059103010664857875,0.20431201656659445,0.02086418573669044,0.6607539057731628,0.0638415201995411,0.16497576769855282,0.02876024540859097,0.2962962962962963,3
blood_transfusion,xgb_none,,0.2,0.3,minority_to_majority,0.5384990253411306,0.03854449285425072,0.1296296296296296,0.042431256434776285,0.3990994301971616,0.12119897642854843,0.5275806132131822,0.0501065612948809,0.49725274725274726,0.3188588933075625,0.1296296296296296,0.042431256434776285,0.6554174788823911,0.05504575982000083,0.19498979051907853,0.021343238888339184,0.7348416646321615,0.08499983538480724,0.1656321140006184,0.010473042982922445,0.2982456140350877,3
blood_transfusion,xgb_none,,0.5,0.0,clean,0.6189083820662767,0.03088684576508932,0.5448343079922028,0.08841504460956418,0.42747078618870105,0.045081683651077224,0.5846383719042544,0.024727584370606067,0.351023070025271,0.024752823212440662,0.5740740740740741,0.1156481110814518,0.6531432748538011,0.03954356315684087,0.2728624840577443,0.009637043426864923,0.8877371152242025,0.06273096314539386,0.27658252238399444,0.021760403936905613,0.0,3
blood_transfusion,xgb_none,,0.5,0.05,majority_to_minority,0.6486354775828459,0.024248006368415117,0.6101364522417154,0.0044664480457659375,0.4283773153118646,0.05167184890578697,0.6036067332319605,0.03415312641746214,0.37188282477333284,0.03931196464470583,0.6481481481481481,0.042431256434776264,0.6891244314489929,0.02174846948611856,0.26007741689682007,0.008254611797603591,0.8477597037951151,0.04427718281580436,0.25280637791587246,0.024047384054663543,0.04697986577181199,3
blood_transfusion,xgb_none,,0.5,0.05,minority_to_majority,0.6025828460038987,0.048136580083129765,0.5589668615984406,0.07930303969821811,0.40995437525746964,0.06363908507071789,0.5687091122671983,0.03584571425990988,0.33052005186625916,0.03865306567802638,0.5648148148148148,0.08929306260178663,0.6546458739441195,0.02743320982857097,0.25382869442303974,0.005965650204114855,0.7922236124674479,0.04093125736142855,0.22880705283747774,0.03671065135049094,0.04929577464788729,3
blood_transfusion,xgb_none,,0.5,0.1,majority_to_minority,0.6055068226120858,0.0036792565474028935,0.5350877192982456,0.03823595564509361,0.4132061254158412,0.0206105004651888,0.5412355675410286,0.013865966231731293,0.31502854576015765,0.00795805010228719,0.6759259259259259,0.03207501495497922,0.655214424951267,0.013195631215988502,0.29659324884414673,0.014465071527149143,0.9301173488299052,0.06906843120133356,0.30427093396584187,0.02658734616382258,0.1012658227848101,3
blood_transfusion,xgb_none,,0.5,0.1,minority_to_majority,0.6208576998050682,0.01754893526318792,0.5370370370370371,0.04243125643477629,0.4458588612823123,0.028319703638253563,0.5978327952395878,0.02470467944872198,0.3681029422554847,0.03645938108155097,0.5370370370370371,0.04243125643477629,0.6618745938921378,0.01277343190144789,0.2458139012257258,0.018681381295362412,0.7706998387972513,0.07155133946112621,0.22529191969169507,0.03206392662009455,0.09859154929577459,3
blood_transfusion,xgb_none,,0.5,0.2,majority_to_minority,0.5601851851851851,0.025050107667769852,0.38888888888888884,0.048312022344614916,0.38343978678191676,0.032657098753259825,0.46307697548542887,0.03246444163900817,0.2748883823090212,0.01601474846791701,0.7314814814814815,0.016037507477489596,0.6303200129954516,0.019737343466626468,0.3624968429406484,0.006793912000736791,1.17367418607076,0.06733751886306422,0.3976556744674842,0.024255548553756105,0.2022471910112359,3
blood_transfusion,xgb_none,,0.5,0.2,minority_to_majority,0.5891812865497076,0.017002490277211974,0.4444444444444445,0.07349309197401639,0.37907175835986595,0.02010617923215933,0.5776085360469142,0.012428878364729886,0.34571357471693415,0.014524532939529143,0.4444444444444445,0.07349309197401639,0.6406351526965562,0.012107668503093532,0.23562361796696976,0.017479318117883853,0.7339277267456055,0.06799577507936734,0.20554571786688433,0.042876602217289374,0.19718309859154917,3
blood_transfusion,xgb_none,,0.5,0.3,majority_to_minority,0.5465399610136452,0.008472387256683115,0.2690058479532163,0.06583818859179948,0.40699663981483175,0.09302343005578444,0.4005905811260351,0.03656577185936165,0.26277398076178565,0.0056256817926319605,0.8240740740740741,0.05782405554072585,0.6237004548408057,0.0653065006717525,0.44043363134066266,0.04114343942602645,1.4110883871714275,0.15659733477302254,0.48246721607115534,0.04398659481017315,0.3004926108374384,3
blood_transfusion,xgb_none,,0.5,0.3,minority_to_majority,0.6028265107212476,0.07854474620561197,0.40740740740740744,0.13981174880131017,0.3884693610176655,0.06788618266917051,0.5997764793628545,0.07340524650027064,0.386542991194154,0.10274812516729531,0.40740740740740744,0.13981174880131017,0.6532651072124757,0.07108988596893627,0.21752151350180302,0.026348385891738837,0.6942298611005148,0.09144843643955797,0.19857671753399897,0.05062343523416538,0.3028169014084507,3
blood_transfusion,xgb_ros,,0.05,0.0,clean,0.530214424951267,0.021466018020698825,0.1481481481481481,0.0578240555407259,0.3851488343021911,0.029608761944371044,0.5203137147170621,0.03333718800774992,0.34251805985552114,0.060486778384041075,0.1481481481481481,0.0578240555407259,0.6809616634178038,0.018542682202038467,0.23138252894083655,0.009219021289432262,1.0303080876668294,0.1037353723743939,0.23251985874027012,0.007572436622408561,0.0,3
blood_transfusion,xgb_ros,,0.05,0.05,majority_to_minority,0.5380116959064327,0.053302457526707994,0.2222222222222222,0.10015420209622193,0.3512636015197426,0.06364375942556237,0.5369821674682874,0.05868145098306831,0.32280701754385965,0.10751967330557587,0.2222222222222222,0.10015420209622193,0.5953541260558805,0.054383832440300955,0.24078619976838425,0.03629130140215837,1.078313151995341,0.19395763543224692,0.2439747681882646,0.049370668224016485,0.0666666666666666,3
blood_transfusion,xgb_ros,,0.05,0.05,minority_to_majority,0.5226608187134504,0.04453068541087146,0.13888888888888884,0.0481125224324688,0.32996035616988895,0.05277330782375517,0.5142076868886347,0.051882785924036404,0.3398110661268556,0.1605207422966218,0.13888888888888884,0.0481125224324688,0.5851202079272254,0.011657983855464498,0.23190010090668992,0.022171357615981064,1.1435927549997966,0.08071638564372559,0.22816818231509783,0.02750116684885684,0.0714285714285714,3
blood_transfusion,xgb_ros,,0.05,0.1,majority_to_minority,0.5141325536062378,0.042563281406519916,0.1481481481481481,0.10516496936667176,0.31836838384810295,0.06524923570922682,0.5019085528028455,0.06320011451095271,0.24978041282389105,0.14490744760362992,0.1481481481481481,0.10516496936667176,0.5845922677063028,0.08834907110917258,0.23538403709729505,0.017070102438975644,1.098850707213084,0.1682315224759652,0.23207860444775882,0.014360124604443492,0.125,3
blood_transfusion,xgb_ros,,0.05,0.1,minority_to_majority,0.5141325536062378,0.029624058481573994,0.14814814814814814,0.016037507477489565,0.38505219665016005,0.10482253161080397,0.5073482740494296,0.03180358712214472,0.2979797979797979,0.11322505098502506,0.14814814814814814,0.016037507477489565,0.6397011046133853,0.10067285306219129,0.2268438140551249,0.030873145698164746,1.0096591711044312,0.17970888358066164,0.22965690348090395,0.0355822081490138,0.0714285714285714,3
blood_transfusion,xgb_ros,,0.05,0.2,majority_to_minority,0.5272904483430799,0.050201436963733186,0.1481481481481481,0.08018753738744804,0.33172262152471943,0.07198827181789057,0.5187178600454462,0.06588678460370934,0.3481240981240981,0.22175938241754445,0.1481481481481481,0.08018753738744804,0.5756578947368421,0.026650671817974654,0.24210587143898007,0.025811383103929414,1.169102629025777,0.03847740795297754,0.24158895873982045,0.025275286338576182,0.2222222222222222,3
blood_transfusion,xgb_ros,,0.05,0.2,minority_to_majority,0.513157894736842,0.016860471629635696,0.11111111111111106,0.05555555555555555,0.32826459422565335,0.02224041414961187,0.4942277256446827,0.023476481574479194,0.3460038986354776,0.14133225768783975,0.11111111111111106,0.05555555555555555,0.5785818713450293,0.028872983825783696,0.2395554333925247,0.022753134082900715,1.2319847742716472,0.10444346429507069,0.24293558374668156,0.02670911553862951,0.2142857142857142,3
blood_transfusion,xgb_ros,,0.05,0.3,majority_to_minority,0.5592105263157895,0.05121656156609165,0.19444444444444442,0.16896562584161723,0.3816292327911814,0.07760324383310538,0.546406052396901,0.06640403183345109,0.4791666666666667,0.1705281827473427,0.19444444444444442,0.16896562584161723,0.6408382066276803,0.08154936090285006,0.21397193272908524,0.01892104501622873,0.933303157488505,0.15807754343696337,0.20955383428475924,0.027171671994364186,0.3,3
blood_transfusion,xgb_ros,,0.05,0.3,minority_to_majority,0.5419103313840156,0.025241359675594852,0.14814814814814814,0.042431256434776264,0.36667759646999526,0.03995946000267771,0.5337224371612628,0.0346538000303968,0.4197469197469197,0.10286112933982047,0.14814814814814814,0.042431256434776264,0.6419753086419754,0.042016681707645685,0.22068953514099118,0.005059720725842438,1.0279849171638489,0.05430398387467598,0.21816749744324215,0.009171513923959757,0.2857142857142857,3
blood_transfusion,xgb_ros,,0.1,0.0,clean,0.5158382066276803,0.025473162194355286,0.1574074074074074,0.11226255234242727,0.31902411449854745,0.01949713600405326,0.5017242185684937,0.037130510276989014,0.30365190365190364,0.13368686185641498,0.1574074074074074,0.11226255234242727,0.604978882391163,0.02689305014499664,0.2403120199839274,0.024937548476611993,0.9527083039283752,0.08181766590784907,0.22806682444281046,0.05105112611127481,0.0,3
blood_transfusion,xgb_ros,,0.1,0.05,majority_to_minority,0.5358187134502924,0.048659179066206495,0.25,0.08333333333333336,0.3443222481578491,0.06024018273179579,0.5362986314068356,0.05257858012405736,0.3041816009557945,0.08969553445338926,0.25,0.08333333333333336,0.6366959064327485,0.027032785746061855,0.23870598773161564,0.027773479924259322,0.9506969849268595,0.10296883480088626,0.2356814180831942,0.05101059074141352,0.0344827586206896,3
blood_transfusion,xgb_ros,,0.1,0.05,minority_to_majority,0.5480019493177388,0.04006710469031342,0.2685185185185185,0.10516496936667176,0.3398414090471294,0.05719100953255362,0.5471610734389606,0.04020534413070524,0.322023562023562,0.05073080889479458,0.2685185185185185,0.10516496936667176,0.585688758934373,0.04653554889971882,0.23263929784297943,0.02006708559443706,0.9466520945231119,0.027786577543126075,0.2266526965714163,0.004304212779066582,0.0357142857142857,3
blood_transfusion,xgb_ros,,0.1,0.1,majority_to_minority,0.5394736842105263,0.04825115155178145,0.27777777777777773,0.1546601211897228,0.3332375709667566,0.09193623381111662,0.533419674868194,0.04598244089789163,0.2944731108817796,0.05290461087569374,0.27777777777777773,0.1546601211897228,0.6005116959064328,0.08649342415499446,0.24394156535466513,0.02464687033865423,0.9126800894737244,0.1416684290241293,0.23292816061940455,0.021286048266045157,0.09677419354838708,3
blood_transfusion,xgb_ros,,0.1,0.1,minority_to_majority,0.553849902534113,0.02791530028603703,0.26851851851851855,0.04243125643477631,0.3582522447148917,0.033181903402857094,0.5564088983050848,0.030340146285459727,0.3452380952380952,0.05455447255899808,0.26851851851851855,0.04243125643477631,0.65566114359974,0.03165047420988222,0.2365276714166005,0.025032876518771237,0.9576019247372946,0.0953981673995148,0.2341964362023605,0.03909136476794097,0.1071428571428571,3
blood_transfusion,xgb_ros,,0.1,0.2,majority_to_minority,0.557504873294347,0.03509787052637588,0.2407407407407407,0.0848625128695526,0.3924021176896253,0.03227364653546592,0.5584167315070698,0.040258226380311846,0.3712643678160919,0.06210088578960967,0.2407407407407407,0.0848625128695526,0.6277615334632879,0.021448147587719308,0.21563296020030973,0.01574467280345826,0.8390571077664694,0.09759790218793596,0.19079902630299328,0.03673892706291709,0.20000000000000004,3
blood_transfusion,xgb_ros,,0.1,0.2,minority_to_majority,0.5709064327485379,0.06338608738521156,0.25,0.07349309197401642,0.37186094978912104,0.09936266821048609,0.5778067496963146,0.07269631036839852,0.45,0.18027756377319945,0.25,0.07349309197401642,0.5867852501624431,0.10018660384632641,0.21937368313471473,0.03819241748082543,1.0324588219324748,0.18453317919632412,0.20804253326521974,0.05609739479383376,0.2142857142857142,3
blood_transfusion,xgb_ros,,0.1,0.3,majority_to_minority,0.543859649122807,0.07524980342905184,0.27777777777777773,0.10015420209622197,0.3345228110311254,0.04767534772992747,0.5463304849473788,0.07971514883661975,0.3232111026228673,0.14123403525746359,0.27777777777777773,0.10015420209622197,0.5821962313190383,0.0538385082573883,0.24317640562852225,0.026909873122833095,0.8901432752609253,0.035736493104842476,0.2395255129908522,0.0433501403469303,0.3,3
blood_transfusion,xgb_ros,,0.1,0.3,minority_to_majority,0.5436159844054581,0.013184940797727803,0.21296296296296294,0.08486251286955261,0.33506009026442857,0.02991911104967668,0.5404293153361476,0.019043258779400062,0.3529657477025898,0.0179129337029169,0.21296296296296294,0.08486251286955261,0.5978313840155945,0.01995672049653339,0.24071290095647171,0.005233808255982993,1.0569051504135132,0.02562431871444764,0.23273431139066814,0.01575568144311363,0.2857142857142857,3
blood_transfusion,xgb_ros,,0.2,0.0,clean,0.5565302144249512,0.03177372965439185,0.3148148148148148,0.1156481110814518,0.33692960027363,0.046578028396114184,0.5538318714007212,0.026312778678668457,0.32581857219538374,0.02657411442723898,0.3148148148148148,0.1156481110814518,0.587475633528265,0.04157733404365165,0.2425470997889836,0.01760287418971176,0.8811028798421224,0.10277528122791596,0.21846904228958816,0.02052247493681119,0.0,3
blood_transfusion,xgb_ros,,0.2,0.05,majority_to_minority,0.5752923976608187,0.026142623892174914,0.3611111111111111,0.07349309197401639,0.40447964260317754,0.017173379929743476,0.5734982569463195,0.022611519542578146,0.35097402597402594,0.03227703856854392,0.3611111111111111,0.07349309197401639,0.6290610786224821,0.05057735533230497,0.23629849155743912,0.00569912698003147,0.8207264145215353,0.04692107510821927,0.2220287585713797,0.013596658590675515,0.05000000000000001,3
blood_transfusion,xgb_ros,,0.2,0.05,minority_to_majority,0.581140350877193,0.04753148598540609,0.3611111111111111,0.11111111111111109,0.3640408211917896,0.055274338119637154,0.5791000444148345,0.04439922358322545,0.3611111111111111,0.055486067653994935,0.3611111111111111,0.11111111111111109,0.634543534762833,0.0582726009763116,0.23156416912873581,0.025224959333713538,0.8187825878461202,0.0822211814612294,0.20622238912930083,0.03350457390296453,0.0526315789473684,3
blood_transfusion,xgb_ros,,0.2,0.1,majority_to_minority,0.5991715399610137,0.012583578297929204,0.4351851851851852,0.04243125643477627,0.39752485316258895,0.015829028237048383,0.5918828676334636,0.00929761928130999,0.36725146198830405,0.01115718364230345,0.4351851851851852,0.04243125643477627,0.6502599090318388,0.00974379630239494,0.23066562910874686,0.009003888287425306,0.7962483565012614,0.038990650196935636,0.21335242567376955,0.009786138302663465,0.09523809523809519,3
blood_transfusion,xgb_ros,,0.2,0.1,minority_to_majority,0.5823586744639376,0.05378812400104353,0.35185185185185186,0.057824055540725915,0.41838941434334415,0.004255780732363048,0.5850058489607618,0.058686577278235674,0.39536800227337315,0.1129904354451454,0.35185185185185186,0.057824055540725915,0.6603313840155945,0.023517432453642684,0.21626960237820939,0.01689477967484082,0.7429690957069397,0.05073915971907088,0.19503686552660326,0.03513137858691869,0.1052631578947368,3
blood_transfusion,xgb_ros,,0.2,0.2,majority_to_minority,0.5701754385964913,0.08484257102628133,0.4444444444444445,0.15466012118972283,0.39222935598813785,0.10289081572027815,0.5550836917258486,0.07369815862401075,0.31489898989898985,0.09406252113274867,0.4444444444444445,0.15466012118972283,0.6182992202729044,0.10078651365991201,0.24646832545598343,0.02989259266902269,0.8253246744473776,0.08611205106240229,0.24227755991121133,0.050539245594263996,0.19718309859154917,3
blood_transfusion,xgb_ros,,0.2,0.2,minority_to_majority,0.5665204678362573,0.06719979581598487,0.3611111111111111,0.08333333333333331,0.35114722255959524,0.10729375999544097,0.5652685126334521,0.071261108838862,0.3445395127748068,0.11126145820221198,0.3611111111111111,0.08333333333333331,0.6049788823911632,0.05659009237498769,0.2507617672284444,0.0305248028845172,0.8678075273831686,0.10546292333952847,0.24512425512075423,0.030588872921817088,0.1929824561403508,3
blood_transfusion,xgb_ros,,0.2,0.3,majority_to_minority,0.5930799220272904,0.05263327103626108,0.4259259259259259,0.08929306260178663,0.3876512927203985,0.05496424297186771,0.5861249386572757,0.04826656405502623,0.36010358184271224,0.06406298975887938,0.4259259259259259,0.08929306260178663,0.6327972709551657,0.051571365440407455,0.23707006871700284,0.022940759627574286,0.7637139360109965,0.05911980903924771,0.20670905181103275,0.02500086968762897,0.2962962962962963,3
blood_transfusion,xgb_ros,,0.2,0.3,minority_to_majority,0.5384990253411306,0.022344200726105237,0.2962962962962963,0.057824055540725915,0.36086237923170295,0.07585154546749878,0.5378268874107647,0.02388362053476163,0.30357920946156236,0.04793748758512305,0.2962962962962963,0.057824055540725915,0.6381985055230669,0.03338325197213196,0.2311658362547556,0.028018361153853057,0.8603477080663046,0.0990144452537406,0.23027713234639827,0.028933094516537118,0.2982456140350877,3
blood_transfusion,xgb_ros,,0.5,0.0,clean,0.6189083820662767,0.03088684576508932,0.5448343079922028,0.08841504460956418,0.42747078618870105,0.045081683651077224,0.5846383719042544,0.024727584370606067,0.351023070025271,0.024752823212440662,0.5740740740740741,0.1156481110814518,0.6531432748538011,0.03954356315684087,0.2728624840577443,0.009637043426864923,0.8877371152242025,0.06273096314539386,0.27658252238399444,0.021760403936905613,0.0,3
blood_transfusion,xgb_ros,,0.5,0.05,majority_to_minority,0.642056530214425,0.026662086872895244,0.6086744639376218,0.024214928360243273,0.42852187140986375,0.04889043832687178,0.6031781391741502,0.03626738049609775,0.37232323232323233,0.04398151934011549,0.6203703703703703,0.0424312564347762,0.6862004548408057,0.01622994206618263,0.258339375257492,0.011760360526653798,0.8525920907656351,0.05796767432635694,0.24983412200378044,0.035953386823753423,0.04697986577181199,3
blood_transfusion,xgb_ros,,0.5,0.05,minority_to_majority,0.6028265107212476,0.05018014411520126,0.5501949317738791,0.06439943698875142,0.4113579460874339,0.05626759363391932,0.5663086093301519,0.03396983348783712,0.3282543081139096,0.03668028426483719,0.5740740740740741,0.10516496936667173,0.6546458739441197,0.025363476209041544,0.25753957033157343,0.007113126150258466,0.8045839866002401,0.049366765250416236,0.23797550347944096,0.03940459160132569,0.04929577464788729,3
blood_transfusion,xgb_ros,,0.5,0.1,majority_to_minority,0.6055068226120858,0.013525038095884921,0.5852826510721248,0.024911068068483526,0.41644073585522473,0.027404705691049778,0.5577689038701279,0.010356751657187338,0.3236968311595177,0.009965077072684653,0.6203703703703703,0.04243125643477625,0.6615090968161144,0.0224596006379495,0.2870700756708781,0.013871471804324747,0.9138044317563375,0.06834787656863416,0.2858056117428673,0.017259489338177236,0.1012658227848101,3
blood_transfusion,xgb_ros,,0.5,0.1,minority_to_majority,0.6069688109161794,0.01867018786987378,0.5628654970760234,0.055536315535738505,0.4412935973860239,0.02878393507511199,0.5739512098153683,0.015489614321498571,0.33718771320592716,0.01624227514271306,0.5648148148148149,0.057824055540725894,0.6643924626380766,0.006662273435714073,0.2530597448348999,0.021024951066799122,0.8009028633435568,0.08685870422535577,0.2411205336203178,0.025032815148555734,0.09859154929577459,3
blood_transfusion,xgb_ros,,0.5,0.2,majority_to_minority,0.594541910331384,0.015356677638000703,0.5409356725146198,0.04501404771444643,0.3764439532063095,0.014562400756702763,0.5361283477095543,0.021709238504451396,0.30898954703832754,0.014408076286860678,0.6481481481481481,0.03207501495497916,0.6263401559454191,0.013946479552879228,0.33833721280097956,0.008863692188529372,1.1345549821853638,0.06634438719087192,0.3503326422472795,0.015929577197790604,0.2022471910112359,3
blood_transfusion,xgb_ros,,0.5,0.2,minority_to_majority,0.6050194931773879,0.03908142040045182,0.49074074074074076,0.12525693757841375,0.3821668858037917,0.02494876348587235,0.5862730297501108,0.02315153937931459,0.353679416498305,0.02223171648406655,0.49074074074074076,0.12525693757841375,0.640229044834308,0.017651402434686745,0.24753669897715247,0.01607923278492813,0.7788998087247213,0.07396973768907006,0.2288233212298817,0.022691609779783562,0.19718309859154917,3
blood_transfusion,xgb_ros,,0.5,0.3,majority_to_minority,0.553849902534113,0.028182013034358713,0.3947368421052631,0.05478068419647713,0.4035742238194648,0.09486387265460279,0.46149781697301795,0.031373706202613164,0.2714992349026724,0.017557038092657577,0.7129629629629629,0.05782405554072595,0.6250812215724496,0.054104039064486215,0.38760969042778015,0.04703336339303599,1.2663032213846843,0.16596461704766716,0.40748664553794595,0.04323001946135501,0.3004926108374384,3
blood_transfusion,xgb_ros,,0.5,0.3,minority_to_majority,0.5977095516569201,0.09352536221196629,0.49074074074074076,0.17858612520357323,0.4172676850471559,0.09589339301675466,0.5778320934489085,0.0736228127720583,0.3384965137926043,0.0845412261717406,0.49074074074074076,0.17858612520357323,0.6601689408706952,0.09160321653150118,0.23357277611891428,0.036927661012582914,0.7490604917208353,0.12455177309800655,0.21422828312549322,0.029447125563155013,0.3028169014084507,3
blood_transfusion,xgb_smote,,0.05,0.0,clean,0.5499512670565302,0.02638001152025286,0.1759259259259259,0.0424312564347763,0.42664892588106024,0.04245720346239811,0.5470482632171656,0.03436203901491898,0.4236299648064354,0.09631685036903594,0.1759259259259259,0.0424312564347763,0.6887183235867447,0.05536057552059792,0.20961971580982208,0.011992552601923761,0.8856929540634155,0.02336984427722518,0.21009606215688914,0.0175727266006739,0.0,3
blood_transfusion,xgb_smote,,0.05,0.05,majority_to_minority,0.5557992202729045,0.030652401621367297,0.1759259259259259,0.0578240555407259,0.36184823775761954,0.08554969681161834,0.5527952935475279,0.042301480034408576,0.46241830065359474,0.12520008336268318,0.1759259259259259,0.0578240555407259,0.5901965562053281,0.10237081896716253,0.21532080570856726,0.021791710627833864,0.9122625192006429,0.15364924310481262,0.1976040858733985,0.023431143229023614,0.0666666666666666,3
blood_transfusion,xgb_smote,,0.05,0.05,minority_to_majority,0.5467836257309941,0.032992058761394015,0.16666666666666666,0.08333333333333336,0.3647219816968328,0.0954549348232155,0.5392186812658616,0.04896514206507161,0.4023391812865497,0.07020467227349197,0.16666666666666666,0.08333333333333336,0.6142787524366472,0.05972507534761937,0.2191637655099233,0.021529751949553873,0.9545576969782511,0.06494447257035216,0.20827254953276783,0.018743717862608367,0.0714285714285714,3
blood_transfusion,xgb_smote,,0.05,0.1,majority_to_minority,0.5416666666666666,0.045233124281886,0.13888888888888884,0.10015420209622194,0.32584276068204227,0.11472177360484863,0.5272051882911927,0.07258345858307103,0.38717948717948714,0.19431431731063994,0.13888888888888884,0.10015420209622194,0.5551494476933073,0.15677000169211552,0.2214070955912272,0.02808057033863892,1.0224900643030803,0.2116497932292841,0.20847080791989958,0.03832326879820616,0.125,3
blood_transfusion,xgb_smote,,0.05,0.1,minority_to_majority,0.5545808966861597,0.04164956387819178,0.1851851851851852,0.08929306260178665,0.37971959473922506,0.05745312830974278,0.5507312624964824,0.05892829124669572,0.4154704944178628,0.12431753978366258,0.1851851851851852,0.08929306260178665,0.6423814165042235,0.07923603584590146,0.21668678522109983,0.013398248552640196,0.933498760064443,0.1444314750136227,0.20451354973018168,0.014209643502888655,0.0714285714285714,3
blood_transfusion,xgb_smote,,0.05,0.2,majority_to_minority,0.5355750487329435,0.021836219983659432,0.1296296296296296,0.042431256434776285,0.30876271156802554,0.027061917364748955,0.5228271610707121,0.03241791864780578,0.4053613053613054,0.09131253494060787,0.1296296296296296,0.042431256434776285,0.5582358674463938,0.04982586002610474,0.22927302618821463,0.009978451391896815,0.9910802245140076,0.004047821294129998,0.21848631102384786,0.022271047963339844,0.2222222222222222,3
blood_transfusion,xgb_smote,,0.05,0.2,minority_to_majority,0.5426413255360624,0.02020948761183621,0.12037037037037034,0.04243125643477627,0.3598509442909328,0.020527766218816794,0.5271688825331933,0.03231310545637062,0.5148148148148147,0.07882887649552879,0.12037037037037034,0.04243125643477627,0.5896686159844055,0.02878236292401431,0.21606304744879404,0.002506591073808896,1.0496819814046223,0.023465818390662016,0.21162462559839088,0.00682304191091304,0.2142857142857142,3
blood_transfusion,xgb_smote,,0.05,0.3,majority_to_minority,0.5862573099415205,0.046416689667799875,0.22222222222222224,0.09622504486493763,0.4455345227387357,0.10697465478602332,0.5908064544697734,0.06558964767813852,0.5714285714285715,0.13561910706853228,0.22222222222222224,0.09622504486493763,0.6427063027940221,0.09034683354740586,0.1872593661149343,0.022905105524806495,0.8087987105051676,0.13093121024632276,0.16073846301270853,0.026735574108344057,0.3,3
blood_transfusion,xgb_smote,,0.05,0.3,minority_to_majority,0.540204678362573,0.04451868414790965,0.13888888888888887,0.0734930919740164,0.34814180089068386,0.04570821814455323,0.5296160977097061,0.06108253798716694,0.4217948717948718,0.18366475333432108,0.13888888888888887,0.0734930919740164,0.6083089668615984,0.007191205927570027,0.22038744886716208,0.012169990487602485,0.9734631578127545,0.00798055495540675,0.2097245044054256,0.01062664574834732,0.2857142857142857,3
blood_transfusion,xgb_smote,,0.1,0.0,clean,0.5350877192982456,0.009502923976608235,0.16666666666666663,0.027777777777777755,0.33106393218349955,0.006453839650553902,0.5298402506849925,0.013948387568110595,0.3515651874785002,0.01758428334245897,0.16666666666666663,0.027777777777777755,0.6160656270305392,0.03366550897952667,0.22309058904647824,0.004094237309882884,0.8822929859161377,0.047118568881795914,0.20030973531719706,0.009625880068529819,0.0,3
blood_transfusion,xgb_smote,,0.1,0.05,majority_to_minority,0.5350877192982456,0.03039564749457859,0.16666666666666666,0.0734930919740164,0.3520823209692601,0.07650579464361136,0.5279178380139915,0.0391830807666316,0.3574162679425837,0.08175660124154778,0.16666666666666666,0.0734930919740164,0.6253654970760234,0.05100747083163599,0.21642863253752387,0.019733723556311925,0.86663818359375,0.140711676011938,0.1926756153338485,0.023849664402298465,0.0344827586206896,3
blood_transfusion,xgb_smote,,0.1,0.05,minority_to_majority,0.560916179337232,0.03833597991289105,0.20370370370370372,0.0699058744006551,0.33288811278369335,0.03224644574561909,0.5614694369165915,0.049369263963432976,0.4338624338624338,0.10657797396023118,0.20370370370370372,0.0699058744006551,0.57614522417154,0.04450734665035847,0.21239087482293442,0.007495223411060895,0.8711083730061849,0.0545210544902296,0.17183277827170154,0.015193659392374869,0.0357142857142857,3
blood_transfusion,xgb_smote,,0.1,0.1,majority_to_minority,0.5328947368421053,0.046330268647634044,0.19444444444444442,0.08333333333333336,0.3629212479868571,0.08207520034716466,0.5299501265326354,0.05623702168432784,0.32126823793490455,0.11551426674268044,0.19444444444444442,0.08333333333333336,0.6392137751786874,0.05555773745188167,0.22236081461111704,0.01922668896905354,0.8150249918301901,0.06867132257744342,0.20013616059803294,0.02244606340752325,0.09677419354838708,3
blood_transfusion,xgb_smote,,0.1,0.1,minority_to_majority,0.5618908382066277,0.021860677209899475,0.18518518518518515,0.06990587440065509,0.38763505520141167,0.0647542452271149,0.5588094289829578,0.03429015410796992,0.5029761904761905,0.06701387053093869,0.18518518518518515,0.06990587440065509,0.6693875893437297,0.047169318937233716,0.20331251124540964,0.012928025048744534,0.78129643201828,0.06941171724245913,0.17028773561120028,0.02825069821460325,0.1071428571428571,3
blood_transfusion,xgb_smote,,0.1,0.2,majority_to_minority,0.5947855750487329,0.031050763885492754,0.26851851851851855,0.08929306260178665,0.41522955121270977,0.03187146073062501,0.6016051414408469,0.03969982338303671,0.523056653491436,0.03879428686254398,0.26851851851851855,0.08929306260178665,0.6383203378817414,0.01909013668967856,0.19446073472499845,0.010739374986237204,0.751786450544993,0.06122610543786076,0.16435641178654295,0.020079694884945563,0.20000000000000004,3
blood_transfusion,xgb_smote,,0.1,0.2,minority_to_majority,0.563840155945419,0.057750080172859763,0.20370370370370372,0.0848625128695526,0.37399658451536144,0.10121211654416144,0.566085402184707,0.07231992560096223,0.46498599439775906,0.1990964217805811,0.20370370370370372,0.0848625128695526,0.6107862248213125,0.06830704062518558,0.2150282263755798,0.030380711774621736,0.9208722313245138,0.1159414910809456,0.1963293392459551,0.0233794539200506,0.2142857142857142,3
blood_transfusion,xgb_smote,,0.1,0.3,majority_to_minority,0.5631091617933723,0.030044956416760932,0.28703703703703703,0.03207501495497923,0.3341996470495167,0.06448103490253264,0.5667251256923462,0.032620953589726366,0.3635290436365705,0.0638147100393404,0.28703703703703703,0.03207501495497923,0.5637589343729694,0.04449706259854234,0.23078547914822892,0.022550869555248564,0.8167831103006998,0.041169974305188636,0.20658506456348627,0.026314549764056214,0.3,3
blood_transfusion,xgb_smote,,0.1,0.3,minority_to_majority,0.5550682261208577,0.03498349937801176,0.2037037037037037,0.0699058744006551,0.3598714607863734,0.029604015022591974,0.5545784543325527,0.044512373904966825,0.40238095238095234,0.08461597925674696,0.2037037037037037,0.0699058744006551,0.6282082521117608,0.028620579445764193,0.21492568155129746,0.013501321143913472,0.945213794708252,0.09654526871266671,0.2002570551095737,0.020102635819716427,0.2857142857142857,3
blood_transfusion,xgb_smote,,0.2,0.0,clean,0.5350877192982456,0.03091854675812365,0.22222222222222218,0.07349309197401646,0.33623955896531316,0.06130182308752326,0.533906987794872,0.03423422892096732,0.31390513320337876,0.05372849193659705,0.22222222222222218,0.07349309197401646,0.5835769980506822,0.033938349249817645,0.23794691264629364,0.015014087218225764,0.8456991910934448,0.08621604517084384,0.20642353782223324,0.026700611339415103,0.0,3
blood_transfusion,xgb_smote,,0.2,0.05,majority_to_minority,0.5804093567251462,0.00570924683911302,0.3333333333333333,0.027777777777777755,0.3884861175444498,0.02125727278850644,0.583138841156373,0.004778468434384272,0.37927856348323535,0.00783414973124043,0.3333333333333333,0.027777777777777755,0.6225227420402858,0.048629479187002174,0.22639828920364372,0.0031908159314279917,0.8054201404253641,0.027829555987074893,0.1955797065918644,0.018580288329411932,0.05000000000000001,3
blood_transfusion,xgb_smote,,0.2,0.05,minority_to_majority,0.6006335282651072,0.055653256145318145,0.3796296296296296,0.14254448442908016,0.387479745886189,0.04486392886984108,0.5980582910910283,0.05416402978376353,0.4011579335936741,0.06482971307055738,0.3796296296296296,0.14254448442908016,0.6390513320337882,0.025670032678247356,0.2140792111555735,0.0161940184565402,0.7540061275164286,0.016781001141456437,0.19394201591610905,0.0231714716468094,0.0526315789473684,3
blood_transfusion,xgb_smote,,0.2,0.1,majority_to_minority,0.6191520467836257,0.02722401235312297,0.4166666666666667,0.0734930919740164,0.3987526030292779,0.03297718710704093,0.619095452107686,0.02532781237966791,0.42790540434297214,0.05084489283020547,0.4166666666666667,0.0734930919740164,0.6564327485380117,0.013638151710716343,0.21689550081888834,0.003516180728652036,0.7355153361956278,0.02134549066675317,0.18044876641283433,0.013042329885322208,0.09523809523809519,3
blood_transfusion,xgb_smote,,0.2,0.1,minority_to_majority,0.6038011695906432,0.017860806612383935,0.3333333333333333,0.0481125224324688,0.4032044282980152,0.0378911778422159,0.6112764027615869,0.017231004042551446,0.455,0.0136422546197874,0.3333333333333333,0.0481125224324688,0.6639051332033788,0.0016360653897403777,0.20484982430934903,0.0011401636952357822,0.724342405796051,0.07333889157839764,0.16958871982991688,0.005534396461779685,0.1052631578947368,3
blood_transfusion,xgb_smote,,0.2,0.2,majority_to_minority,0.5942982456140351,0.07709822733003051,0.4166666666666667,0.16666666666666669,0.40166863947851605,0.11907029300325317,0.5861629295039473,0.06893545011727814,0.3624676285608583,0.09995925408787056,0.4166666666666667,0.16666666666666669,0.6497725795971411,0.091026004059096,0.22189189990361527,0.02934748944406908,0.7429673671722412,0.10900048075223136,0.1832997091031736,0.04725771830875751,0.19718309859154917,3
blood_transfusion,xgb_smote,,0.2,0.2,minority_to_majority,0.5692007797270955,0.04649911968526769,0.2962962962962963,0.08018753738744801,0.3658128661168947,0.06349182209331095,0.572314126790938,0.04878905755599672,0.37231182795698925,0.08067875644332749,0.2962962962962963,0.08018753738744801,0.5932423651721898,0.06898017894025803,0.23248048126697538,0.02046562101158135,0.8258853753407797,0.045381925505894455,0.20552653651270594,0.014404527815606355,0.1929824561403508,3
blood_transfusion,xgb_smote,,0.2,0.3,majority_to_minority,0.6262183235867447,0.02838981529661561,0.46296296296296297,0.042431256434776285,0.40090563949581953,0.07203278310718549,0.6204292929292929,0.028771958649527987,0.41083916083916083,0.04391558282195969,0.46296296296296297,0.042431256434776285,0.6578541260558805,0.058025637267843766,0.21659696102142334,0.02401082932928874,0.686714251836141,0.08764426690604847,0.1786061965508593,0.030243498466491003,0.2962962962962963,3
blood_transfusion,xgb_smote,,0.2,0.3,minority_to_majority,0.5487329434697856,0.027471508465036962,0.24074074074074073,0.05782405554072594,0.3751118067006456,0.07612278184179143,0.5500536791509347,0.030532980306884488,0.3613071895424837,0.09832533412879481,0.24074074074074073,0.05782405554072594,0.6434779077322937,0.06759064840010029,0.2080059895912806,0.02431059083616614,0.7275800903638204,0.12576177473374142,0.17286342572834756,0.024249657950291003,0.2982456140350877,3
blood_transfusion,xgb_smote,,0.5,0.0,clean,0.6189083820662767,0.03088684576508932,0.5448343079922028,0.08841504460956418,0.42747078618870105,0.045081683651077224,0.5846383719042544,0.024727584370606067,0.351023070025271,0.024752823212440662,0.5740740740740741,0.1156481110814518,0.6531432748538011,0.03954356315684087,0.2728624840577443,0.009637043426864923,0.8877371152242025,0.06273096314539386,0.27658252238399444,0.021760403936905613,0.0,3
blood_transfusion,xgb_smote,,0.5,0.05,majority_to_minority,0.6632553606237817,0.020731557769401353,0.6330409356725146,0.019669041004493702,0.4357170820866774,0.04076883237510607,0.6221062150133001,0.028564745732945547,0.3917876445449975,0.0365307096917259,0.6481481481481481,0.042431256434776264,0.6930636777128005,0.014553910875358794,0.25459158420562744,0.01128641412394291,0.835127055644989,0.05091139817368617,0.25317552516857783,0.02922557866746055,0.04697986577181199,3
blood_transfusion,xgb_smote,,0.5,0.05,minority_to_majority,0.5862573099415205,0.04828436331541442,0.5380116959064328,0.071458183683333,0.4042953250603965,0.06504238815572833,0.5510708451061831,0.0327814545857133,0.31262060379707435,0.0360917341616374,0.5555555555555555,0.10015420209622189,0.6514782326185835,0.027143290731215432,0.2631961603959401,0.005025184223926669,0.824077824751536,0.04118227414195687,0.24714620826972855,0.030458007110516855,0.04929577464788729,3
blood_transfusion,xgb_smote,,0.5,0.1,majority_to_minority,0.5950292397660819,0.022825285081865546,0.5477582846003899,0.044376422759579794,0.40853057339596627,0.031206953518327724,0.5471596196516354,0.03414317472241354,0.31646825396825395,0.02519997495469606,0.611111111111111,0.04811252243246875,0.6510721247563352,0.008838515690602415,0.29176774621009827,0.01222737986448932,0.9161615570386251,0.056097658319285135,0.2890792735417684,0.01942456812503976,0.1012658227848101,3
blood_transfusion,xgb_smote,,0.5,0.1,minority_to_majority,0.6154970760233919,0.04016478616320507,0.5555555555555555,0.07349309197401638,0.44146651254959296,0.011426668186202662,0.5867557173975478,0.0311459256138861,0.3501455230268789,0.03450154038508175,0.5555555555555555,0.07349309197401638,0.6615497076023392,0.012846816396789456,0.2527795135974884,0.020793216061965807,0.7984624703725179,0.08983308971291264,0.23800598008765114,0.038236996746274565,0.09859154929577459,3
blood_transfusion,xgb_smote,,0.5,0.2,majority_to_minority,0.5684697855750487,0.01744203720094863,0.4795321637426901,0.005064476045523097,0.3988048389150167,0.019702554344548793,0.5008739325616043,0.011601105072414493,0.28507176207734536,0.010996854922180119,0.6574074074074073,0.03207501495497922,0.6289392462638077,0.024736869627135994,0.33592485388120014,0.00825344202929779,1.0823322137196858,0.06241025650204242,0.36174333107140316,0.016056149524623527,0.2022471910112359,3
blood_transfusion,xgb_smote,,0.5,0.2,minority_to_majority,0.6159844054580897,0.014717026189611565,0.5185185185185185,0.03207501495497922,0.38908062521470527,0.004821279605015216,0.5961240483592113,0.024246098194100407,0.36689342403628117,0.03333564710374072,0.5185185185185185,0.03207501495497922,0.6481887589343729,0.019953125305285615,0.24590814610322317,0.016431342707377613,0.7698549826939901,0.06607945177187585,0.22215924236509535,0.03001477954051351,0.19718309859154917,3
blood_transfusion,xgb_smote,,0.5,0.3,majority_to_minority,0.5492202729044834,0.026197073571351273,0.33918128654970753,0.09130114032746202,0.4143141684165685,0.09164314390503024,0.43459004466230583,0.05324836218308187,0.2672463768115942,0.015496406884791212,0.7592592592592592,0.057824055540725894,0.6133853151397011,0.05768505947927752,0.4039719800154368,0.04617958045146822,1.296866814295451,0.1708558151917602,0.42887182766364673,0.04999958173813131,0.3004926108374384,3
blood_transfusion,xgb_smote,,0.5,0.3,minority_to_majority,0.6091617933723197,0.10017643003529783,0.48148148148148145,0.1529880707579473,0.39228358790108925,0.050323828160622794,0.595639770898682,0.09245240422201947,0.36666666666666664,0.12018504251546634,0.48148148148148145,0.1529880707579473,0.6572449642625081,0.0859805347330857,0.23202838500340775,0.028586575552345363,0.7445766727129618,0.08889082255280693,0.2085194118072589,0.039984394005775144,0.3028169014084507,3
blood_transfusion,xgb_weighted,,0.05,0.0,clean,0.530214424951267,0.008052003724102481,0.1481481481481481,0.032075014954979185,0.3762167814107618,0.028573528383416237,0.5213688484362932,0.013354115622146286,0.35147527910685805,0.031422771827904254,0.1481481481481481,0.032075014954979185,0.6938352826510722,0.02776174257596939,0.23156102995077768,0.006866831134756427,1.0743660529454548,0.10631761141089625,0.23248914621149497,0.00972352789028941,0.0,3
blood_transfusion,xgb_weighted,,0.05,0.05,majority_to_minority,0.5333820662768031,0.05742996988419193,0.21296296296296294,0.10516496936667175,0.34036152443457546,0.06848916148027516,0.5315093544420328,0.06318742787614823,0.31314470969643377,0.11211437120321648,0.21296296296296294,0.10516496936667175,0.5980750487329435,0.06057494581734794,0.2387976100047429,0.029204751903335213,1.1041325330734253,0.19225896347692445,0.2441490986011922,0.039616973553496616,0.0666666666666666,3
blood_transfusion,xgb_weighted,,0.05,0.05,minority_to_majority,0.5331384015594541,0.059044843156825844,0.14814814814814814,0.0699058744006551,0.3319043346807158,0.0580695124068801,0.5269478500483054,0.0715088106287485,0.39664867296446243,0.22940093133225573,0.14814814814814814,0.0699058744006551,0.5958008447043536,0.027648788407352524,0.22997623682022086,0.022706314785314357,1.2229698499043782,0.049482233098833116,0.230562396886655,0.02996712791335207,0.0714285714285714,3
blood_transfusion,xgb_weighted,,0.05,0.1,majority_to_minority,0.5187621832358674,0.04984894192961484,0.15740740740740736,0.11226255234242728,0.3186559711952195,0.06742173510344629,0.5081061474392287,0.0704686166222616,0.262795175838654,0.1611639509277272,0.15740740740740736,0.11226255234242728,0.5840643274853802,0.08163031693975739,0.23392639557520542,0.017905746639900532,1.1420196692148845,0.14529827368756115,0.2243359685068329,0.02422793532132963,0.125,3
blood_transfusion,xgb_weighted,,0.05,0.1,minority_to_majority,0.5155945419103314,0.03214989512292508,0.14814814814814814,0.016037507477489565,0.3986278686039409,0.11419566871487451,0.5089295408190856,0.034537484513421604,0.3089688089688089,0.13223995556957896,0.14814814814814814,0.016037507477489565,0.6535493827160493,0.10170786353183106,0.22130412360032395,0.031037971185472406,1.024379054705302,0.18032981907371354,0.2266665319042901,0.0302578127812732,0.0714285714285714,3
blood_transfusion,xgb_weighted,,0.05,0.2,majority_to_minority,0.5207115009746589,0.04506941070365619,0.12037037037037034,0.08486251286955261,0.3297837936673397,0.07095246784123999,0.5046345181152164,0.0629370127476511,0.34974747474747475,0.2674235270542983,0.12037037037037034,0.08486251286955261,0.5849577647823262,0.04141481926212558,0.23788338899612427,0.0211420160920317,1.2352777322133381,0.05763081381630585,0.24070226131524466,0.022923768432113373,0.2222222222222222,3
blood_transfusion,xgb_weighted,,0.05,0.2,minority_to_majority,0.513157894736842,0.016860471629635696,0.11111111111111106,0.05555555555555555,0.33831161308033403,0.019138544639304807,0.4942277256446827,0.023476481574479194,0.3460038986354776,0.14133225768783975,0.11111111111111106,0.05555555555555555,0.6005523066926576,0.03538854297353837,0.23472918570041654,0.01878218911533582,1.2480587561925252,0.11532910658225841,0.23758234775107767,0.02149013064244489,0.2142857142857142,3
blood_transfusion,xgb_weighted,,0.05,0.3,majority_to_minority,0.5626218323586745,0.059464176453513026,0.21296296296296294,0.17858612520357325,0.3901227785553563,0.08663806091787218,0.5521440824809165,0.07323899381216825,0.4141414141414141,0.06998185081086368,0.21296296296296294,0.17858612520357325,0.6490415854450942,0.08602652926787713,0.2157454540332158,0.019670649936460102,0.9680776794751486,0.18179672803823613,0.21088244932807146,0.029212844135386308,0.3,3
blood_transfusion,xgb_weighted,,0.05,0.3,minority_to_majority,0.540448343079922,0.011426290533814217,0.14814814814814814,0.01603750747748956,0.37396734263875236,0.0520581039845887,0.5325045471929365,0.014731345332299467,0.4117826617826618,0.05236889040318806,0.14814814814814814,0.01603750747748956,0.6487166991552956,0.031195111401800008,0.22150823970635727,0.0069780255820529775,1.0798404812812805,0.08238581904006712,0.2251984301851027,0.007726531007729811,0.2857142857142857,3
blood_transfusion,xgb_weighted,,0.1,0.0,clean,0.5219298245614036,0.010128952091046082,0.16666666666666666,0.09622504486493764,0.32222745065167085,0.027198854098785835,0.5106551080519415,0.009268925404088836,0.3384315489578647,0.09447157769090309,0.16666666666666666,0.09622504486493764,0.6065627030539311,0.024446850045577045,0.2352514415979385,0.02207044303966036,0.973336398601532,0.07304878457270168,0.2252596999311612,0.03797181857896406,0.0,3
blood_transfusion,xgb_weighted,,0.1,0.05,majority_to_minority,0.5445906432748537,0.03371301917426968,0.25,0.08333333333333336,0.34937421778004857,0.06486536618149703,0.5443289552778868,0.037308800132928144,0.3258064516129032,0.053299069812446136,0.25,0.08333333333333336,0.6433560753736193,0.037152344467017914,0.2359169373909632,0.026737239209859737,0.9642013112703959,0.12723873073881156,0.2290764780922068,0.033177242509458416,0.0344827586206896,3
blood_transfusion,xgb_weighted,,0.1,0.05,minority_to_majority,0.5623781676413255,0.03621434840757059,0.25925925925925924,0.11226255234242725,0.3509214984940159,0.0446228495870835,0.5622104132797194,0.03713976011571068,0.40283552783552784,0.12520200200371717,0.25925925925925924,0.11226255234242725,0.5932423651721898,0.05240779085581246,0.22256443401177725,0.020135083876130618,0.9544861515363058,0.025072597065713447,0.21505030164288144,0.021549204514742754,0.0357142857142857,3
blood_transfusion,xgb_weighted,,0.1,0.1,majority_to_minority,0.51364522417154,0.056074128929526255,0.24074074074074073,0.09755234956345128,0.3406568330734147,0.09873834645021604,0.512851514395511,0.05903735742909239,0.2597644666610184,0.09667590696610491,0.24074074074074073,0.09755234956345128,0.6053037686809617,0.08984269817568445,0.24307420353094733,0.028527507052963693,0.9187566439310709,0.16344073342036897,0.23510490826434557,0.03978423004857328,0.09677419354838708,3
blood_transfusion,xgb_weighted,,0.1,0.1,minority_to_majority,0.5397173489278753,0.038280184642696946,0.23148148148148148,0.057824055540725935,0.3538544687605811,0.034486161063417606,0.5407483452979213,0.04253864700433329,0.3253798670465337,0.08196790676980822,0.23148148148148148,0.057824055540725935,0.657041910331384,0.042827323391377965,0.23655650516351065,0.025620397992486266,0.9791764418284098,0.11885673119644034,0.2325032768667572,0.03946360565674641,0.1071428571428571,3
blood_transfusion,xgb_weighted,,0.1,0.2,majority_to_minority,0.5604288499025342,0.029982643961678507,0.24074074074074073,0.06990587440065513,0.3948780812963227,0.027934817039506777,0.5623629715399223,0.03591323979312613,0.38392276988768215,0.0599465469115635,0.24074074074074073,0.06990587440065513,0.6348684210526315,0.01494272761641648,0.2121295481920242,0.011071511363107706,0.8489790161450704,0.09705972535762117,0.19758462970041565,0.02734664051412043,0.20000000000000004,3
blood_transfusion,xgb_weighted,,0.1,0.2,minority_to_majority,0.5679824561403509,0.0567404045915936,0.25,0.07349309197401642,0.3695552165771196,0.10048153235765574,0.5734762707753683,0.06449488252273657,0.42510068000264073,0.14842093425422445,0.25,0.07349309197401642,0.5843079922027291,0.08344609446865214,0.2193469554185867,0.03434592671689783,1.1048466563224792,0.15947564153326682,0.21646507634263898,0.05181487166470757,0.2142857142857142,3
blood_transfusion,xgb_weighted,,0.1,0.3,majority_to_minority,0.5421539961013645,0.06116955104192171,0.26851851851851855,0.06990587440065511,0.34259645186502397,0.0459161857583628,0.5449513137577736,0.06503684873342674,0.32430248084897034,0.11929036597397516,0.26851851851851855,0.06990587440065511,0.5894249512670564,0.050393256829955976,0.24064343671003977,0.02799370396979167,0.8799453973770142,0.04483948439817858,0.23355049065003786,0.04972948308779076,0.3,3
blood_transfusion,xgb_weighted,,0.1,0.3,minority_to_majority,0.5265594541910331,0.004026001862051219,0.17592592592592585,0.016037507477489606,0.33962192022882354,0.030374396432326485,0.5226381326120002,0.002702552227098247,0.31359649122807015,0.020919719329318992,0.17592592592592585,0.016037507477489606,0.60680636777128,0.013543864640718285,0.23504758377869917,0.0057409420912071085,1.0798408190409343,0.01701918138642514,0.23420827957491078,0.007793509660657792,0.2857142857142857,3
blood_transfusion,xgb_weighted,,0.2,0.0,clean,0.543859649122807,0.05312170262872564,0.27777777777777773,0.07349309197401639,0.34965691907287777,0.051116792810011615,0.5455803206218883,0.05552173603467918,0.3182163187855787,0.09337270994298143,0.27777777777777773,0.07349309197401639,0.5880441845354126,0.04024348600588746,0.2441658129294713,0.02029944186674666,0.8988988598187765,0.10670321188602651,0.23693825879444674,0.023953525251937884,0.0,3
blood_transfusion,xgb_weighted,,0.2,0.05,majority_to_minority,0.5796783625730993,0.017740732601625127,0.3611111111111111,0.10015420209622192,0.3878685307195799,0.03779636496997158,0.5770412705105937,0.008352609995002298,0.36390774258421316,0.01794380911132095,0.3611111111111111,0.10015420209622192,0.6281270305393113,0.03638064647303556,0.23851953446865073,0.0015451195892049248,0.8360775510470072,0.026976525006617316,0.21839281251240106,0.011326592314129443,0.05000000000000001,3
blood_transfusion,xgb_weighted,,0.2,0.05,minority_to_majority,0.5896686159844055,0.04754459992854024,0.35185185185185186,0.08929306260178664,0.3781507324611315,0.054999729702872126,0.591675558949493,0.051714790427519544,0.39587242026266417,0.09020761987452432,0.35185185185185186,0.08929306260178664,0.6465643274853802,0.05338384779785285,0.22333279252052304,0.022144266776175817,0.7929312586784363,0.06912087674896168,0.2053696748324566,0.02808509156415731,0.0526315789473684,3
blood_transfusion,xgb_weighted,,0.2,0.1,majority_to_minority,0.6118421052631579,0.011764237528823896,0.47222222222222215,0.02777777777777779,0.4151924942086369,0.024505621355437567,0.6006840790166167,0.008981569512680112,0.3747976216061322,0.010009631284577186,0.47222222222222215,0.02777777777777779,0.6600064977257959,0.009426339994838502,0.22566510736942288,0.01247981494774129,0.7905733982721964,0.0394962974478256,0.19825587437384654,0.012562385432225983,0.09523809523809519,3
blood_transfusion,xgb_weighted,,0.2,0.1,minority_to_majority,0.5762670565302145,0.03959757829390173,0.34259259259259256,0.0424312564347763,0.4151712709059239,0.010645657905579146,0.5783092158043545,0.04403509851223971,0.3791343669250646,0.0914351546001044,0.34259259259259256,0.0424312564347763,0.6612248213125406,0.018868026516155493,0.21514111260573066,0.015118053869351855,0.7386086384455363,0.05268849296324154,0.18791036740359332,0.03401382875269301,0.1052631578947368,3
blood_transfusion,xgb_weighted,,0.2,0.2,majority_to_minority,0.581384015594542,0.09509200955869068,0.48148148148148157,0.1529880707579473,0.39206079961096457,0.1056197422680916,0.5621265454404667,0.08334557343261711,0.32323390894819465,0.10100814861590593,0.48148148148148157,0.1529880707579473,0.6242283950617283,0.09037968566824478,0.2454726994037628,0.03021458824102158,0.8377759655316671,0.08331447667446056,0.2347356268184052,0.055329184047397804,0.19718309859154917,3
blood_transfusion,xgb_weighted,,0.2,0.2,minority_to_majority,0.5662768031189084,0.058453637054264616,0.35185185185185186,0.08929306260178664,0.36134641154329494,0.09427137108279585,0.5649710350057463,0.06409690496847205,0.3477532679738562,0.1055584880281262,0.35185185185185186,0.08929306260178664,0.6207764782326186,0.05129132653918346,0.24884004394213355,0.029358416828000403,0.8774266044298807,0.10762427863212065,0.24724753122362822,0.047817473030016724,0.1929824561403508,3
blood_transfusion,xgb_weighted,,0.2,0.3,majority_to_minority,0.5740740740740741,0.04020024785086614,0.4259259259259259,0.04243125643477629,0.3879827993546198,0.06896714027471736,0.5645485718849229,0.040698507870676894,0.3297503648113404,0.052736254433442695,0.4259259259259259,0.04243125643477629,0.6362897985705004,0.06009933984199208,0.2396078656117121,0.028149605300628093,0.7687045335769653,0.0795093684365499,0.2353960970458057,0.025783622009274816,0.2962962962962963,3
blood_transfusion,xgb_weighted,,0.2,0.3,minority_to_majority,0.5445906432748538,0.013178184486344934,0.3055555555555556,0.07349309197401639,0.3626794080438427,0.053553027974425335,0.5429364111670957,0.016972457133053002,0.3182773109243697,0.04930265421303084,0.3055555555555556,0.07349309197401639,0.6476608187134504,0.028815091396513594,0.22852529585361478,0.023079353021984578,0.857581893603007,0.0806996058960681,0.2295342728868127,0.019079872442638982,0.2982456140350877,3
blood_transfusion,xgb_weighted,,0.5,0.0,clean,0.6189083820662767,0.03088684576508932,0.5448343079922028,0.08841504460956418,0.42747078618870105,0.045081683651077224,0.5846383719042544,0.024727584370606067,0.351023070025271,0.024752823212440662,0.5740740740740741,0.1156481110814518,0.6531432748538011,0.03954356315684087,0.2728624840577443,0.009637043426864923,0.8877371152242025,0.06273096314539386,0.27658252238399444,0.021760403936905613,0.0,3
blood_transfusion,xgb_weighted,,0.5,0.05,majority_to_minority,0.6496101364522416,0.02665206415960098,0.615009746588694,0.0067526347273640435,0.43298807487023444,0.046342698580982694,0.6102522326716251,0.036319451817340996,0.3795959511499459,0.045065217119128954,0.6296296296296297,0.03207501495497916,0.6878248862897985,0.017755925585577433,0.2548983693122864,0.008713151480049374,0.830697774887085,0.047044137680440225,0.24059280691875348,0.020486477878016395,0.04697986577181199,3
blood_transfusion,xgb_weighted,,0.5,0.05,minority_to_majority,0.6120857699805069,0.04251303452457835,0.5687134502923977,0.04886191510838714,0.41409129321955107,0.061178468928315854,0.5730235480838692,0.028682914778853544,0.3358106683533628,0.030672846981447593,0.5925925925925926,0.08929306260178656,0.6565951916829109,0.02555819109375495,0.25856840610504145,0.00609197939972957,0.8080940246582031,0.043806481859358884,0.24333213345044188,0.040535198025358786,0.04929577464788729,3
blood_transfusion,xgb_weighted,,0.5,0.1,majority_to_minority,0.6038011695906432,0.014601596751051342,0.5594541910331384,0.026531496274495567,0.4161382376532334,0.01493250775388171,0.5579550603543418,0.026213158311899947,0.3253435312418978,0.021282392911489836,0.611111111111111,0.04811252243246875,0.6548895386614685,0.009206475089800598,0.28102627396583557,0.016079049324552213,0.8702917297681173,0.06886906836974814,0.27649882239600015,0.021917904184041093,0.1012658227848101,3
blood_transfusion,xgb_weighted,,0.5,0.1,minority_to_majority,0.6062378167641326,0.02121562821738814,0.5370370370370371,0.04243125643477633,0.4418041213627515,0.024825236919730806,0.5800426534475528,0.015749758034410328,0.34287580235856097,0.017673740358801936,0.5370370370370371,0.04243125643477633,0.663417803768681,0.014809690824581723,0.2553648551305135,0.022156418372979634,0.8041646877924601,0.09132478022362614,0.24217840052313275,0.03448212408228511,0.09859154929577459,3
blood_transfusion,xgb_weighted,,0.5,0.2,majority_to_minority,0.6001461988304094,0.011488474887062707,0.5614035087719299,0.03823595564509361,0.37445550016475937,0.015413135294630153,0.5459032944296343,0.017437456063229276,0.3155515370705244,0.01243539330701929,0.6388888888888888,0.02777777777777772,0.6306448992852501,0.01766583204443604,0.3172709345817566,0.008678554056467216,1.0006914734840393,0.05322310105750192,0.33318938878675297,0.029349914293186286,0.2022471910112359,3
blood_transfusion,xgb_weighted,,0.5,0.2,minority_to_majority,0.6040448343079922,0.022534705351828072,0.5092592592592592,0.06990587440065515,0.38465636225741867,0.016038179179320027,0.5830350002119287,0.01227899615343765,0.34737237964718964,0.012733946184417798,0.5092592592592592,0.06990587440065515,0.6434779077322936,0.014571238381516324,0.251813918352127,0.018189282611847844,0.7842568755149841,0.0753216951569787,0.2307195906341076,0.02781569099048195,0.19718309859154917,3
blood_transfusion,xgb_weighted,,0.5,0.3,majority_to_minority,0.5640838206627681,0.03404685862516293,0.4152046783625731,0.036520456130984785,0.39415551488471845,0.1014887412378681,0.47571395965025465,0.03293003680261028,0.2784486285182571,0.021767921712148454,0.7129629629629629,0.03207501495497922,0.6241065627030539,0.08164716510242624,0.34532320499420166,0.04408929437235825,1.033397873242696,0.12623329445922335,0.3772238366471396,0.03168086657393281,0.3004926108374384,3
blood_transfusion,xgb_weighted,,0.5,0.3,minority_to_majority,0.5911306042884991,0.07862634173934233,0.46296296296296297,0.13981174880131023,0.38975626972812066,0.06934442501532066,0.576548725226338,0.06669006482900584,0.33909327387588256,0.08125693461011699,0.46296296296296297,0.13981174880131023,0.6489603638726446,0.07925195712150204,0.24165340761343634,0.03053549347247628,0.775052011013031,0.10160363272988424,0.22189064414136936,0.03060089434781521,0.3028169014084507,3
breast_cancer_wisconsin,tabpfn_distpfn,observed,0.05,0.0,clean,0.9017857142857143,0.06620119293929715,0.8174603174603176,0.13538668340660304,0.9864255241759476,0.002429297883470385,0.9135906989488539,0.05828437670036652,0.9722455845248108,0.025076621557402076,0.8174603174603176,0.13538668340660304,0.9908509700176366,0.0006883816135801153,0.05572623702288043,0.03973565474690141,0.19758039353029008,0.14164932204633734,0.0631960967748011,0.05047637224073115,0.0,3
breast_cancer_wisconsin,tabpfn_distpfn,observed,0.05,0.05,majority_to_minority,0.9629629629629629,0.0158212615263302,0.9444444444444445,0.036369648372665375,0.9932527868036806,0.0034378475822664564,0.9652476659829601,0.014395882158105182,0.9688076781100037,0.035464817306185586,0.9444444444444445,0.036369648372665375,0.9952601410934746,0.002672917912914891,0.023652851555436002,0.008097785064707198,0.08864788684316144,0.024680605240217746,0.034569178303111237,0.00948049954551019,0.0625,3
breast_cancer_wisconsin,tabpfn_distpfn,observed,0.05,0.05,minority_to_majority,0.9470899470899473,0.009532761445370085,0.9126984126984127,0.013746434980705439,0.9879285192029951,0.00887934473348469,0.9523022715498279,0.00952340079422365,0.9664529914529915,0.014252312945001988,0.9126984126984127,0.013746434980705439,0.9911816578483247,0.0078278310306795,0.0342449392528605,0.008855420151803354,0.12446054475834267,0.04718652074899223,0.041530852373013565,0.004989949217590872,0.0666666666666666,3
breast_cancer_wisconsin,tabpfn_distpfn,observed,0.05,0.1,majority_to_minority,0.9464285714285715,0.009770692263686657,0.9206349206349206,0.013746434980705399,0.9897772233799792,0.002142404678116081,0.9494100652846059,0.010830196087849894,0.9511904761904763,0.0232371682094561,0.9206349206349206,0.013746434980705399,0.9931657848324517,0.0016644255809680343,0.0318245900120051,0.0030349470843257205,0.11216056342931659,0.011433547985743671,0.049508640826967966,0.006994746332093269,0.1176470588235294,3
breast_cancer_wisconsin,tabpfn_distpfn,observed,0.05,0.1,minority_to_majority,0.9080687830687831,0.05473757702858498,0.8253968253968255,0.11744959195991062,0.991840048968944,0.004535479861067126,0.9204693866059263,0.0465270639769355,0.9826810616284302,0.01500243467894935,0.8253968253968255,0.11744959195991062,0.9952601410934744,0.002481995204849685,0.05272195575540264,0.036986447447039945,0.17463398680910158,0.11485214949105618,0.08006160046068053,0.03841036879454799,0.1333333333333333,3
breast_cancer_wisconsin,tabpfn_distpfn,observed,0.05,0.2,majority_to_minority,0.955026455026455,0.03854180498500909,0.9285714285714285,0.047619047619047644,0.9902702768467112,0.010451786963045209,0.9588512257909056,0.03938807849140849,0.9674796747967479,0.05632685553069512,0.9285714285714285,0.047619047619047644,0.9937169312169312,0.00643780500460703,0.03173695079968043,0.015432636901823303,0.1258785549253819,0.027419466549708685,0.0652609440310004,0.01597015307668498,0.2105263157894736,3
breast_cancer_wisconsin,tabpfn_distpfn,observed,0.05,0.2,minority_to_majority,0.8915343915343916,0.030372916675145533,0.8015873015873015,0.07653691080153138,0.9817436377916423,0.00618037033498655,0.9046715778599221,0.023474263951010033,0.9644381223328592,0.03080570103514608,0.8015873015873015,0.07653691080153138,0.9869929453262788,0.005536758533895175,0.05401611038865517,0.01103890414074585,0.1869307728324696,0.03200652884961599,0.0755077104909006,0.015489906599003914,0.20000000000000004,3
breast_cancer_wisconsin,tabpfn_distpfn,observed,0.05,0.3,majority_to_minority,0.9675925925925926,0.009532761445369999,0.9444444444444445,0.013746434980705439,0.9933316472718055,0.008664561631727909,0.9714831907326761,0.00952260989955108,0.9835365853658536,0.014260994589666459,0.9444444444444445,0.013746434980705439,0.9937169312169312,0.008953033313942486,0.0258205203049449,0.004587944459667785,0.12104106039520869,0.007408638590902368,0.07937637057678887,0.02749806032034427,0.2857142857142857,3
breast_cancer_wisconsin,tabpfn_distpfn,observed,0.05,0.3,minority_to_majority,0.8650793650793651,0.07273929674533083,0.7301587301587301,0.1454785934906616,0.9781245641882216,0.005294379590394992,0.8831947231947233,0.06829103483095719,1.0,0.0,0.7301587301587301,0.1454785934906616,0.9828042328042327,0.0043243045074808336,0.06830472031487507,0.02743186635639215,0.24011971293796197,0.05848558138585625,0.09358274476641505,0.030701324865819415,0.2666666666666666,3
breast_cancer_wisconsin,tabpfn_distpfn,observed,0.1,0.0,clean,0.9470899470899473,0.00953276144537011,0.9126984126984127,0.01374643498070539,0.990707493041944,0.0032968706228475755,0.9523022715498279,0.009523400794223622,0.9664529914529915,0.014252312945002019,0.9126984126984127,0.01374643498070539,0.9937169312169313,0.0024966383714520026,0.030857457956999765,0.005256121454074883,0.12073884785836286,0.022163217239373475,0.0370216665753701,0.009537202008993542,0.0,3
breast_cancer_wisconsin,tabpfn_distpfn,observed,0.1,0.05,majority_to_minority,0.958994708994709,0.01934735777289693,0.9365079365079364,0.03636964837266535,0.9907999540288744,0.007412579849167775,0.9619726440535951,0.016610715581011647,0.9672563209148576,0.013918441909019032,0.9365079365079364,0.03636964837266535,0.9930555555555555,0.005952380952380959,0.02591680028972257,0.010653079629774456,0.09628418907781228,0.03470232194874085,0.0326654649121284,0.002477896122751573,0.0625,3
breast_cancer_wisconsin,tabpfn_distpfn,observed,0.1,0.05,minority_to_majority,0.9613095238095237,0.013746434980705255,0.9365079365079366,0.027492869961410787,0.987155305543627,0.00974558541140587,0.9650982554207935,0.011231704880773694,0.9751928288513655,0.000722139173470378,0.9365079365079366,0.027492869961410787,0.9905202821869489,0.007938804047632683,0.0329504595237436,0.010962744507743196,0.12078416285824019,0.04771407335151374,0.04664304032183097,0.010411024926118038,0.0666666666666666,3
breast_cancer_wisconsin,tabpfn_distpfn,observed,0.1,0.1,majority_to_minority,0.9580026455026456,0.01612929682309148,0.9206349206349206,0.027492869961410787,0.9921996831747805,0.005898111659125043,0.9648570164049403,0.014705884566865637,0.9914529914529915,0.0148038530561442,0.9206349206349206,0.027492869961410787,0.9942680776014109,0.004633564717148038,0.02440527795153143,0.009478069908457704,0.09689710719688448,0.022009783454274894,0.03897537324516017,0.005035750606479798,0.0909090909090909,3
breast_cancer_wisconsin,tabpfn_distpfn,observed,0.1,0.1,minority_to_majority,0.9563492063492064,0.018184824186332747,0.9126984126984127,0.03636964837266548,0.9907339234943965,0.004060514432669385,0.9646726521188626,0.014946731635254576,1.0,0.0,0.9126984126984127,0.03636964837266548,0.9934964726631393,0.003125539435352379,0.031507188180342434,0.005690287186759504,0.12057167942303709,0.023321831725443117,0.0461980515905511,0.007936566509421952,0.10000000000000002,3
breast_cancer_wisconsin,tabpfn_distpfn,observed,0.1,0.2,majority_to_minority,0.9636243386243386,0.011959749550281102,0.9365079365079366,0.027492869961410763,0.9947511240494293,0.006731831832368277,0.9682478789227869,0.011012720958674569,0.9841269841269842,0.027492869961410725,0.9365079365079366,0.027492869961410763,0.996141975308642,0.005252977318096865,0.027093709303927765,0.010541008671831933,0.11749996041482809,0.03241382454129387,0.0647201170307576,0.020756474021923023,0.2105263157894736,3
breast_cancer_wisconsin,tabpfn_distpfn,observed,0.1,0.2,minority_to_majority,0.916005291005291,0.03948778266025927,0.8412698412698413,0.07273929674533083,0.9871329027702523,0.005170425522772676,0.9281372367935307,0.03555880588592109,0.9808899808899808,0.016630624526910245,0.8412698412698413,0.07273929674533083,0.9910714285714285,0.003154560851246478,0.051680287896983666,0.015071612776631228,0.1846724672961186,0.03618172039154648,0.08082943748382393,0.01586575389216774,0.20000000000000004,3
breast_cancer_wisconsin,tabpfn_distpfn,observed,0.1,0.3,majority_to_minority,0.9771825396825397,0.00357693578915077,0.9669312169312169,0.012756151800255182,0.9877763382104915,0.00311437637036476,0.9779899291060136,0.005306601163897283,0.9765596160944998,0.023258011111030652,0.9682539682539683,0.013746434980705328,0.9883156966490301,0.005345835825829868,0.03157789728198237,0.0043757516807314874,0.1428556749245454,0.010784644339990778,0.08756548526917292,0.016791555925147094,0.3023255813953488,3
breast_cancer_wisconsin,tabpfn_distpfn,observed,0.1,0.3,minority_to_majority,0.8802910052910052,0.023837065199656164,0.7698412698412698,0.04956347617776508,0.981906305454722,0.011221182414448859,0.8971351157653005,0.02185483275849449,0.980952380952381,0.03299144395369292,0.7698412698412698,0.04956347617776508,0.9871031746031745,0.008267195767195729,0.0647489182546673,0.01484861956606307,0.21570604657068015,0.04489172120785718,0.09019034135901123,0.015455094687018577,0.3,3
breast_cancer_wisconsin,tabpfn_distpfn,observed,0.2,0.0,clean,0.9699074074074074,0.017866326268836105,0.9444444444444445,0.036369648372665375,0.9953855929655551,0.0030595732202804357,0.9745323324986805,0.014743520937270214,0.991869918699187,0.014081713882673819,0.9444444444444445,0.036369648372665375,0.9969135802469138,0.0021001497887188185,0.0205329156851854,0.006804818617723312,0.07537460301689787,0.02573302448079682,0.030027802979108967,0.007766049664020226,0.0,3
breast_cancer_wisconsin,tabpfn_distpfn,observed,0.2,0.05,majority_to_minority,0.9801587301587302,0.013746434980705215,0.9603174603174603,0.027492869961410763,0.9981363228871535,0.0017239539721847236,0.9841108851178687,0.011114124262082171,1.0,0.0,0.9603174603174603,0.027492869961410763,0.9987874779541447,0.0011613374948029418,0.015656481095135667,0.003172099315976007,0.06920799256355743,0.0036166814893626516,0.04135238266984103,0.012017348516225676,0.047619047619047596,3
breast_cancer_wisconsin,tabpfn_distpfn,observed,0.2,0.05,minority_to_majority,0.9460978835978837,0.02201248576804582,0.8968253968253969,0.036369648372665424,0.9880277274449772,0.007261441429699031,0.9549900519936848,0.020329560980899865,0.990990990990991,0.015604061329449323,0.8968253968253969,0.036369648372665424,0.9916225749559082,0.004818671295060449,0.03405530525000557,0.012458995396518402,0.12737317694947936,0.042957945038422866,0.04344271241999986,0.007873627334263287,0.05000000000000001,3
breast_cancer_wisconsin,tabpfn_distpfn,observed,0.2,0.1,majority_to_minority,0.9715608465608465,0.015507108581604884,0.9523809523809524,0.023809523809523808,0.9904661245395622,0.006654391017534527,0.9746738789900432,0.014556501456934033,0.9835365853658536,0.01426099458966646,0.9523809523809524,0.023809523809523808,0.9916225749559082,0.0061005705917203164,0.0233999592030813,0.008475821828835953,0.1003840905849005,0.02528333865968657,0.04720569945764457,0.014770085192301727,0.10447761194029852,3
breast_cancer_wisconsin,tabpfn_distpfn,observed,0.2,0.1,minority_to_majority,0.9120370370370371,0.018003515329122057,0.8333333333333334,0.04123930494211609,0.9858916105699214,0.010106840855588403,0.9250332232685174,0.015577631386197298,0.9824561403508772,0.030386856273138158,0.8333333333333334,0.04123930494211609,0.990299823633157,0.007186915040874386,0.04853811098259323,0.007837472900368935,0.16626272856339988,0.02340009158776455,0.05868417084271707,0.018558387656358862,0.10000000000000002,3
breast_cancer_wisconsin,tabpfn_distpfn,observed,0.2,0.2,majority_to_minority,0.9629629629629629,0.010927719339853299,0.9431216931216931,0.03467021804783375,0.9923531696871416,0.0054559955986742854,0.9652171681583446,0.005770242762150765,0.9686231081579919,0.02717882633325943,0.9444444444444445,0.036369648372665375,0.9943783068783069,0.00493822239519454,0.033208114990699096,0.005515566114290509,0.13959042546881797,0.009619521975821211,0.08589842644412322,0.006238830425698675,0.20000000000000004,3
breast_cancer_wisconsin,tabpfn_distpfn,observed,0.2,0.2,minority_to_majority,0.9064153439153438,0.03431354353862638,0.8174603174603176,0.07653691080153138,0.9828351128687771,0.009125012626433254,0.9208940450023549,0.027566838989143055,0.9914529914529915,0.0148038530561442,0.8174603174603176,0.07653691080153138,0.9867724867724869,0.00725255033050969,0.057681640726073034,0.021025666295182127,0.21015206683080256,0.05710484100824805,0.09232811489041914,0.019102285865151537,0.20000000000000004,3
breast_cancer_wisconsin,tabpfn_distpfn,observed,0.2,0.3,majority_to_minority,0.9566798941798943,0.01888398351226086,0.9365079365079366,0.027492869961410763,0.9869250115022128,0.006423100750299038,0.9589759899109165,0.01971130772647545,0.960077519379845,0.03595888323595036,0.9365079365079366,0.027492869961410763,0.9879850088183421,0.007665493232237246,0.04469647691376686,0.011509306289979022,0.18554433906265222,0.027963430409222327,0.12016217893978431,0.00880930490111546,0.3023255813953488,3
breast_cancer_wisconsin,tabpfn_distpfn,observed,0.2,0.3,minority_to_majority,0.861111111111111,0.03826845540076571,0.7222222222222222,0.07653691080153141,0.9870675134403489,0.005121105170717791,0.8812660881501982,0.03492063464375904,1.0,0.0,0.7222222222222222,0.07653691080153141,0.9915123456790123,0.0036275314532415834,0.08046702909180774,0.01686887141387769,0.2674957292116605,0.04914555024346222,0.13741773107869848,0.01922566572633035,0.3,3
breast_cancer_wisconsin,tabpfn_distpfn,observed,0.5,0.0,clean,0.9659391534391535,0.01224438398252218,0.9365079365079366,0.027492869961410787,0.9967321786498777,0.0018869438280808852,0.9713416442413134,0.009736779861814898,0.991869918699187,0.014081713882673796,0.9365079365079366,0.027492869961410787,0.997905643738977,0.0013767632271601017,0.0202511774135817,0.0006368838209925718,0.07156163227551486,0.00636723754770629,0.034968707604522836,0.012128815423661135,0.0,3
breast_cancer_wisconsin,tabpfn_distpfn,observed,0.5,0.05,majority_to_minority,0.9573412698412699,0.006944444444444517,0.9285714285714285,0.0,0.9939838263568036,0.0021570094810310658,0.9619422215237825,0.009319669450511449,0.9754065040650407,0.024392784420533775,0.9285714285714285,0.0,0.9959215167548502,0.0019092270806536325,0.024766849227048568,0.004116560199385674,0.0950510073099836,0.01893341154360871,0.03283704577730853,0.008088854307239724,0.050632911392405,3
breast_cancer_wisconsin,tabpfn_distpfn,observed,0.5,0.05,minority_to_majority,0.9517195767195767,0.011959749550281316,0.9126984126984127,0.027492869961410787,0.9927810175375033,0.0033735934162344916,0.9584971485001956,0.011080758211341692,0.983739837398374,0.02816342776534756,0.9126984126984127,0.027492869961410787,0.9950396825396824,0.002706796551545144,0.031098679792343334,0.0025549656748704687,0.1170877572846822,0.011833261571193625,0.05163867100050673,0.006586782356294063,0.05333333333333331,3
breast_cancer_wisconsin,tabpfn_distpfn,observed,0.5,0.1,majority_to_minority,0.964616402116402,0.004009376869372379,0.9523809523809524,0.0,0.9926825900783768,0.004441656745869299,0.9653953526201137,0.005358558718382297,0.9601238869531553,0.013411156078736946,0.9523809523809524,0.0,0.9951499118165786,0.003054763329045575,0.031237502080266696,0.01086622992812438,0.12494482293806426,0.03261622766482771,0.07378824642792657,0.006191851753555284,0.1017964071856287,3
breast_cancer_wisconsin,tabpfn_distpfn,observed,0.5,0.1,minority_to_majority,0.9484126984126985,0.006873217490352776,0.8968253968253969,0.013746434980705408,0.9954504812518751,0.0014789142299595204,0.9581829599542623,0.005721875797964044,1.0,0.0,0.8968253968253969,0.013746434980705408,0.9969135802469135,0.001376763227160186,0.03475112484652227,0.0031289989528885784,0.1330309489650481,0.008892711070199415,0.08125696980623687,0.017125687258822013,0.10000000000000002,3
breast_cancer_wisconsin,tabpfn_distpfn,observed,0.5,0.2,majority_to_minority,0.9593253968253967,0.006873217490352744,0.9543650793650794,0.0034366087451763315,0.9918721794866098,0.002719604775667161,0.9562903715424861,0.005515982066408319,0.9307610993657504,0.0009154602577002786,0.9603174603174603,0.013746434980705326,0.9949294532627867,0.0016312443327765565,0.051163126069430236,0.0032973065506218292,0.2020704951350286,0.006733855021332162,0.13279426641500194,0.003981550241562697,0.202127659574468,3
breast_cancer_wisconsin,tabpfn_distpfn,observed,0.5,0.2,minority_to_majority,0.9206349206349206,0.013746434980705408,0.8412698412698413,0.027492869961410732,0.9911673978208438,0.0027804973281617563,0.9347098515519567,0.011827499441698473,1.0,0.0,0.8412698412698413,0.027492869961410732,0.9939373897707231,0.00199329159171359,0.06310022985357716,0.010396700068883328,0.2220580021696851,0.030117804454371958,0.1250058681072004,0.01408596590847623,0.20000000000000004,3
breast_cancer_wisconsin,tabpfn_distpfn,observed,0.5,0.3,majority_to_minority,0.9318783068783069,0.049258058680860944,0.8796296296296297,0.08929306260178661,0.9869854874007525,0.009542790430151068,0.915577085149491,0.0599055133307167,0.8348940498022732,0.10215663015589412,0.9841269841269842,0.013746434980705439,0.9891975308641975,0.009118433358744878,0.11643372301513562,0.008761481874606177,0.36952280401586973,0.021587512858342192,0.24682863488985732,0.01631542343175608,0.2990654205607476,3
breast_cancer_wisconsin,tabpfn_distpfn,observed,0.5,0.3,minority_to_majority,0.876984126984127,0.006873217490352664,0.753968253968254,0.013746434980705328,0.9933474035601529,0.0023716665580160857,0.8963678210695445,0.006230323405589478,1.0,0.0,0.753968253968254,0.013746434980705328,0.9957010582010583,0.0011923119297169748,0.0803005717000621,0.00290942242919536,0.25132598010449814,0.007682666988193735,0.1573870112401749,0.006570580965159748,0.3,3
breast_cancer_wisconsin,tabpfn_distpfn,oracle,0.05,0.0,clean,0.9017857142857143,0.06620119293929715,0.8174603174603176,0.13538668340660304,0.9864255241759476,0.002429297883470385,0.9135906989488539,0.05828437670036652,0.9722455845248108,0.025076621557402076,0.8174603174603176,0.13538668340660304,0.9908509700176366,0.0006883816135801153,0.05572623702288043,0.03973565474690141,0.19758039353029008,0.14164932204633734,0.0631960967748011,0.05047637224073115,0.0,3
breast_cancer_wisconsin,tabpfn_distpfn,oracle,0.05,0.05,majority_to_minority,0.9669312169312169,0.013098744920858657,0.9523809523809524,0.023809523809523794,0.9932527868036806,0.0034378475822664564,0.9685113037704074,0.014225682245250061,0.9688076781100037,0.035464817306185586,0.9523809523809524,0.023809523809523794,0.9952601410934746,0.002672917912914891,0.023605158545155432,0.008124572270033213,0.08862005276241343,0.02473098789616158,0.03783958178266317,0.012703085758673781,0.0625,3
breast_cancer_wisconsin,tabpfn_distpfn,oracle,0.05,0.05,minority_to_majority,0.949404761904762,0.009770692263686605,0.9126984126984127,0.013746434980705439,0.9879285192029951,0.00887934473348469,0.9554214337959742,0.010874800846611667,0.975,0.025000000000000022,0.9126984126984127,0.013746434980705439,0.9911816578483247,0.0078278310306795,0.03483494169288583,0.008784632887169692,0.1265368412003063,0.047412379153736126,0.04470281271336593,0.005179253928522757,0.0666666666666666,3
breast_cancer_wisconsin,tabpfn_distpfn,oracle,0.05,0.1,majority_to_minority,0.9480820105820106,0.008667554511958369,0.9285714285714285,0.023809523809523836,0.9897772233799792,0.002142404678116081,0.9495368485048021,0.00578125669714081,0.943817356778219,0.011780571634632555,0.9285714285714285,0.023809523809523836,0.9931657848324517,0.0016644255809680343,0.0321353294857888,0.0027206109596651096,0.11345396222291977,0.011977290461730444,0.04424798733332877,0.003340187850932928,0.1176470588235294,3
breast_cancer_wisconsin,tabpfn_distpfn,oracle,0.05,0.1,minority_to_majority,0.9080687830687831,0.05473757702858498,0.8253968253968255,0.11744959195991062,0.991840048968944,0.004535479861067126,0.9204693866059263,0.0465270639769355,0.9826810616284302,0.01500243467894935,0.8253968253968255,0.11744959195991062,0.9952601410934744,0.002481995204849685,0.055678720121625704,0.038297956487393606,0.18533072863361288,0.12234348275178193,0.0866378170282582,0.03833870981435132,0.1333333333333333,3
breast_cancer_wisconsin,tabpfn_distpfn,oracle,0.05,0.2,majority_to_minority,0.955026455026455,0.03854180498500909,0.9285714285714285,0.047619047619047644,0.9902702768467112,0.010451786963045209,0.9588512257909056,0.03938807849140849,0.9674796747967479,0.05632685553069512,0.9285714285714285,0.047619047619047644,0.9937169312169312,0.00643780500460703,0.03246616236246277,0.0149506369011555,0.1326008310895255,0.024381480111017977,0.0749531500672939,0.015784734372490002,0.2105263157894736,3
breast_cancer_wisconsin,tabpfn_distpfn,oracle,0.05,0.2,minority_to_majority,0.8819444444444445,0.02175765099152908,0.7777777777777778,0.0549857399228215,0.9817436377916423,0.00618037033498655,0.8975087826081204,0.017337854072539724,0.9719576719576719,0.02778155681021186,0.7777777777777778,0.0549857399228215,0.9869929453262788,0.005536758533895175,0.0594439884894943,0.012475830195833941,0.20397252191127943,0.03747006428769265,0.08373396267893995,0.023364606493083567,0.20000000000000004,3
breast_cancer_wisconsin,tabpfn_distpfn,oracle,0.05,0.3,majority_to_minority,0.9708994708994708,0.024022143682095282,0.9603174603174603,0.027492869961410763,0.9933316472718055,0.008664561631727909,0.9717102674518544,0.024917109914776595,0.9682539682539683,0.03636964837266541,0.9603174603174603,0.027492869961410763,0.9937169312169312,0.008953033313942486,0.031199416259123935,0.004592656431393393,0.14057346670765036,0.005640381571919279,0.09533298373358301,0.023010265775528886,0.2857142857142857,3
breast_cancer_wisconsin,tabpfn_distpfn,oracle,0.05,0.3,minority_to_majority,0.8611111111111112,0.06769334170330162,0.7222222222222222,0.13538668340660306,0.9781245641882216,0.005294379590394992,0.8798041182147142,0.06406787287972457,1.0,0.0,0.7222222222222222,0.13538668340660306,0.9828042328042327,0.0043243045074808336,0.0770507773697019,0.030774037449225553,0.2713260190888317,0.06959321717053486,0.10577185493828827,0.03475131727575759,0.2666666666666666,3
breast_cancer_wisconsin,tabpfn_distpfn,oracle,0.1,0.0,clean,0.9470899470899473,0.00953276144537011,0.9126984126984127,0.01374643498070539,0.990707493041944,0.0032968706228475755,0.9523022715498279,0.009523400794223622,0.9664529914529915,0.014252312945002019,0.9126984126984127,0.01374643498070539,0.9937169312169313,0.0024966383714520026,0.030857457956999765,0.005256121454074883,0.12073884785836286,0.022163217239373475,0.0370216665753701,0.009537202008993542,0.0,3
breast_cancer_wisconsin,tabpfn_distpfn,oracle,0.1,0.05,majority_to_minority,0.958994708994709,0.01934735777289693,0.9365079365079364,0.03636964837266535,0.9907999540288744,0.007412579849167775,0.9619726440535951,0.016610715581011647,0.9672563209148576,0.013918441909019032,0.9365079365079364,0.03636964837266535,0.9930555555555555,0.005952380952380959,0.025832721465661932,0.010751833405951386,0.0962622037186854,0.03474808786208732,0.034712827700585966,0.0013816062681514848,0.0625,3
breast_cancer_wisconsin,tabpfn_distpfn,oracle,0.1,0.05,minority_to_majority,0.9573412698412699,0.01190476190476178,0.9285714285714285,0.023809523809523836,0.987155305543627,0.00974558541140587,0.9618743363219294,0.009726993934650638,0.9749895768188451,0.0006254560107828603,0.9285714285714285,0.023809523809523836,0.9905202821869489,0.007938804047632683,0.0332725226167272,0.011368514339411573,0.1220425994504839,0.04912894743417411,0.04809409318886293,0.017795342615546987,0.0666666666666666,3
breast_cancer_wisconsin,tabpfn_distpfn,oracle,0.1,0.1,majority_to_minority,0.9659391534391535,0.0193473577728968,0.9365079365079364,0.03636964837266535,0.9921996831747805,0.005898111659125043,0.9713084133998166,0.01664568202022158,0.9916666666666667,0.014433756729740664,0.9365079365079364,0.03636964837266535,0.9942680776014109,0.004633564717148038,0.024085249973173867,0.009364498147705338,0.09697812709022495,0.02120246358234051,0.044930711989601635,0.0015707635698227712,0.0909090909090909,3
breast_cancer_wisconsin,tabpfn_distpfn,oracle,0.1,0.1,minority_to_majority,0.9523809523809522,0.0206196524710581,0.9047619047619048,0.041239304942116174,0.9907339234943965,0.004060514432669385,0.9613691255866383,0.016962352352533357,1.0,0.0,0.9047619047619048,0.041239304942116174,0.9934964726631393,0.003125539435352379,0.032810095436238064,0.005535076580833984,0.12520172630659612,0.024080231063940808,0.04931084270927433,0.0059689197807526176,0.10000000000000002,3
breast_cancer_wisconsin,tabpfn_distpfn,oracle,0.1,0.2,majority_to_minority,0.9629629629629629,0.013936049937635888,0.9417989417989419,0.01212321612422175,0.9947511240494293,0.006731831832368277,0.965407493778501,0.019169349466464366,0.9696969696969697,0.05248638810814775,0.9444444444444445,0.013746434980705408,0.996141975308642,0.005252977318096865,0.028725790592254732,0.011436057796452603,0.12710865824778228,0.03367148867127179,0.08614184932133823,0.017681355078818673,0.2105263157894736,3
breast_cancer_wisconsin,tabpfn_distpfn,oracle,0.1,0.2,minority_to_majority,0.9047619047619048,0.03571428571428566,0.8095238095238096,0.0714285714285714,0.9871329027702523,0.005170425522772676,0.9206007339158648,0.031203576085834604,1.0,0.0,0.8095238095238096,0.0714285714285714,0.9910714285714285,0.003154560851246478,0.05820941079856113,0.01644247380576284,0.2055359348937602,0.03954375920930897,0.09190878082357012,0.015834636664328463,0.20000000000000004,3
breast_cancer_wisconsin,tabpfn_distpfn,oracle,0.1,0.3,majority_to_minority,0.9679232804232804,0.011498239848355638,0.9576719576719577,0.016521158725921675,0.9877763382104915,0.00311437637036476,0.9656620841048573,0.01411181431451206,0.9465608465608466,0.032927741550267904,0.9682539682539683,0.013746434980705328,0.9883156966490301,0.005345835825829868,0.0406297324910445,0.0061301885456460795,0.17263775216613972,0.018060177824326496,0.11267252881730495,0.021803847143996673,0.3023255813953488,3
breast_cancer_wisconsin,tabpfn_distpfn,oracle,0.1,0.3,minority_to_majority,0.8571428571428571,0.031497039417435604,0.7142857142857143,0.06299407883487117,0.981906305454722,0.011221182414448859,0.8777576999163553,0.029614194833338596,1.0,0.0,0.7142857142857143,0.06299407883487117,0.9871031746031745,0.008267195767195729,0.07728788528690304,0.014867057589332142,0.2549333412955373,0.048576665337426286,0.11231863471538446,0.013341392025888937,0.3,3
breast_cancer_wisconsin,tabpfn_distpfn,oracle,0.2,0.0,clean,0.9699074074074074,0.017866326268836105,0.9444444444444445,0.036369648372665375,0.9953855929655551,0.0030595732202804357,0.9745323324986805,0.014743520937270214,0.991869918699187,0.014081713882673819,0.9444444444444445,0.036369648372665375,0.9969135802469138,0.0021001497887188185,0.0205329156851854,0.006804818617723312,0.07537460301689787,0.02573302448079682,0.030027802979108967,0.007766049664020226,0.0,3
breast_cancer_wisconsin,tabpfn_distpfn,oracle,0.2,0.05,majority_to_minority,0.9801587301587302,0.013746434980705215,0.9603174603174603,0.027492869961410763,0.9981363228871535,0.0017239539721847236,0.9841108851178687,0.011114124262082171,1.0,0.0,0.9603174603174603,0.027492869961410763,0.9987874779541447,0.0011613374948029418,0.0154471748058223,0.003180991649341138,0.06923342590745553,0.003634912459204652,0.04182729871776533,0.012030416673784447,0.047619047619047596,3
breast_cancer_wisconsin,tabpfn_distpfn,oracle,0.2,0.05,minority_to_majority,0.9460978835978837,0.02201248576804582,0.8968253968253969,0.036369648372665424,0.9880277274449772,0.007261441429699031,0.9549900519936848,0.020329560980899865,0.990990990990991,0.015604061329449323,0.8968253968253969,0.036369648372665424,0.9916225749559082,0.004818671295060449,0.0346914338130536,0.01255870715474204,0.12977025732618389,0.04349249157410157,0.0479568947808277,0.010209574568587999,0.05000000000000001,3
breast_cancer_wisconsin,tabpfn_distpfn,oracle,0.2,0.1,majority_to_minority,0.9715608465608465,0.015507108581604884,0.9523809523809524,0.023809523809523808,0.9904661245395622,0.006654391017534527,0.9746738789900432,0.014556501456934033,0.9835365853658536,0.01426099458966646,0.9523809523809524,0.023809523809523808,0.9916225749559082,0.0061005705917203164,0.024001651823602265,0.008847523697657029,0.10341669043859124,0.025078139315468328,0.04972311283307263,0.017108537496032954,0.10447761194029852,3
breast_cancer_wisconsin,tabpfn_distpfn,oracle,0.2,0.1,minority_to_majority,0.9080687830687831,0.024488767965044542,0.8253968253968255,0.0549857399228215,0.9858916105699214,0.010106840855588403,0.9214921114921114,0.02082630472555816,0.9824561403508772,0.030386856273138158,0.8253968253968255,0.0549857399228215,0.990299823633157,0.007186915040874386,0.05112661806677266,0.008145710194578265,0.17429519423204698,0.023480660240824968,0.06728735350453753,0.01564754021577129,0.10000000000000002,3
breast_cancer_wisconsin,tabpfn_distpfn,oracle,0.2,0.2,majority_to_minority,0.9662698412698413,0.008648609014961702,0.9497354497354498,0.004582144993568539,0.9923531696871416,0.0054559955986742854,0.9655970072146886,0.014004718387109283,0.9544973544973545,0.044482221284621586,0.9603174603174603,0.013746434980705328,0.9943783068783069,0.00493822239519454,0.037202898078250835,0.00730875239909999,0.15676357270826277,0.013008759872464692,0.09813697965588584,0.0027459507995910987,0.20000000000000004,3
breast_cancer_wisconsin,tabpfn_distpfn,oracle,0.2,0.2,minority_to_majority,0.8849206349206349,0.04811252243246867,0.7698412698412698,0.09622504486493764,0.9828351128687771,0.009125012626433254,0.9026620544333568,0.04236063882425579,1.0,0.0,0.7698412698412698,0.09622504486493764,0.9867724867724869,0.00725255033050969,0.066151035541202,0.023318167888585112,0.23595706656435098,0.06415658504683089,0.10859414692940046,0.019922803092822388,0.20000000000000004,3
breast_cancer_wisconsin,tabpfn_distpfn,oracle,0.2,0.3,majority_to_minority,0.9563492063492064,0.038384012147129165,0.9365079365079364,0.05401054598736589,0.9869250115022128,0.006423100750299038,0.9508672536385422,0.04668724207500543,0.9160482374768089,0.09284667036373007,0.9682539682539683,0.013746434980705328,0.9879850088183421,0.007665493232237246,0.06352188761495717,0.015671415509463143,0.23906604391800057,0.035392467322425666,0.16427400272022344,0.012445188367442543,0.3023255813953488,3
breast_cancer_wisconsin,tabpfn_distpfn,oracle,0.2,0.3,minority_to_majority,0.8214285714285715,0.031497039417435625,0.6428571428571429,0.06299407883487122,0.9870675134403489,0.005121105170717791,0.8436324555613024,0.030537422616957268,1.0,0.0,0.6428571428571429,0.06299407883487122,0.9915123456790123,0.0036275314532415834,0.10244687882988307,0.020649763919826123,0.3305817018658723,0.06057372835073534,0.1624985483926034,0.030612444953574642,0.3,3
breast_cancer_wisconsin,tabpfn_distpfn,oracle,0.5,0.0,clean,0.9659391534391535,0.01224438398252218,0.9365079365079366,0.027492869961410787,0.9967321786498777,0.0018869438280808852,0.9713416442413134,0.009736779861814898,0.991869918699187,0.014081713882673796,0.9365079365079366,0.027492869961410787,0.997905643738977,0.0013767632271601017,0.0202511774135817,0.0006368838209925718,0.07156163227551486,0.00636723754770629,0.034968707604522836,0.012128815423661135,0.0,3
breast_cancer_wisconsin,tabpfn_distpfn,oracle,0.5,0.05,majority_to_minority,0.955026455026455,0.008018753738744893,0.9285714285714285,0.0,0.9939838263568036,0.0021570094810310658,0.9588512257909058,0.010761382406008277,0.9674796747967479,0.028163427765347526,0.9285714285714285,0.0,0.9959215167548502,0.0019092270806536325,0.024647774423266298,0.004199701670148207,0.09582739421778001,0.019340979540732387,0.0426621941790488,0.0032308924175371827,0.050632911392405,3
breast_cancer_wisconsin,tabpfn_distpfn,oracle,0.5,0.05,minority_to_majority,0.9460978835978836,0.009737058111333116,0.8968253968253969,0.027492869961410763,0.9927810175375033,0.0033735934162344916,0.9550209799134008,0.0059670415126374015,0.9916666666666667,0.014433756729740673,0.8968253968253969,0.027492869961410763,0.9950396825396824,0.002706796551545144,0.032373941524963534,0.0022310432405728596,0.12171542985774131,0.011289797366356892,0.05797872703906857,0.003685203379410129,0.05333333333333331,3
breast_cancer_wisconsin,tabpfn_distpfn,oracle,0.5,0.1,majority_to_minority,0.9632936507936507,0.008648609014961613,0.9470899470899471,0.01462522776950792,0.9926825900783768,0.004441656745869299,0.959574360580648,0.013812093356972607,0.9329107619139432,0.042163322501959186,0.9682539682539683,0.013746434980705328,0.9951499118165786,0.003054763329045575,0.034240234666025,0.012403704363773025,0.1358732462638175,0.03471051308314591,0.07520015527727,0.012119558664578842,0.1017964071856287,3
breast_cancer_wisconsin,tabpfn_distpfn,oracle,0.5,0.1,minority_to_majority,0.9365079365079366,0.01374643498070535,0.873015873015873,0.027492869961410787,0.9954504812518751,0.0014789142299595204,0.9481878031878032,0.011516997573543509,1.0,0.0,0.873015873015873,0.027492869961410787,0.9969135802469135,0.001376763227160186,0.039705732874281696,0.004051270382041169,0.14613916333486873,0.009827662707367077,0.08319100220487201,0.015741899606798424,0.10000000000000002,3
breast_cancer_wisconsin,tabpfn_distpfn,oracle,0.5,0.2,majority_to_minority,0.9434523809523809,0.012430519926727801,0.9007936507936508,0.046785024295839715,0.9918721794866098,0.002719604775667161,0.9299035900128766,0.02193912478980931,0.8593082886106141,0.06351091049355506,0.9841269841269842,0.027492869961410676,0.9949294532627867,0.0016312443327765565,0.07961301427704699,0.002056761118343371,0.276148014268393,0.005987110093236285,0.18257858041038577,0.008840652377084654,0.202127659574468,3
breast_cancer_wisconsin,tabpfn_distpfn,oracle,0.5,0.2,minority_to_majority,0.8849206349206349,0.05625970983634066,0.7698412698412698,0.11251941967268106,0.9911673978208438,0.0027804973281617563,0.9022418765409137,0.05135430392664808,1.0,0.0,0.7698412698412698,0.11251941967268106,0.9939373897707231,0.00199329159171359,0.08657370806342239,0.012625838575672383,0.27874326845154207,0.0355083058006304,0.15749079868762852,0.013403014197759055,0.20000000000000004,3
breast_cancer_wisconsin,tabpfn_distpfn,oracle,0.5,0.3,majority_to_minority,0.5347222222222222,0.06014065304058601,0.06944444444444443,0.120281306081172,0.9869854874007525,0.009542790430151068,0.33624922399683954,0.11607936869959037,0.38702817650186067,0.03222848392605565,1.0,0.0,0.9891975308641975,0.009118433358744878,0.2460428291819917,0.0019047921584910963,0.645767086227425,0.020301086434271476,0.3811760569374889,0.014247901229865703,0.2990654205607476,3
breast_cancer_wisconsin,tabpfn_distpfn,oracle,0.5,0.3,minority_to_majority,0.6587301587301587,0.041808149812907654,0.3174603174603174,0.0836162996258154,0.9933474035601529,0.0023716665580160857,0.6560394350131409,0.05646723211286833,1.0,0.0,0.3174603174603174,0.0836162996258154,0.9957010582010583,0.0011923119297169748,0.12967181893771382,0.0036332085846248886,0.3571705579520952,0.008334926889967129,0.206801881940154,0.006292803159397217,0.3,3
breast_cancer_wisconsin,tabpfn_distpfn_t,observed,0.05,0.0,clean,0.9176587301587302,0.06908210459743529,0.8492063492063492,0.13746434980705377,0.9864255241759476,0.002429297883470385,0.9272738405055853,0.06079292939508085,0.9726287262872629,0.024930776438172122,0.8492063492063492,0.13746434980705377,0.9908509700176366,0.0006883816135801153,0.051661363827737394,0.03539019642493855,0.1776453936392881,0.11590242129175653,0.06368312308494833,0.04237475737881257,0.0,3
breast_cancer_wisconsin,tabpfn_distpfn_t,observed,0.05,0.05,majority_to_minority,0.9646164021164022,0.014353528051726573,0.9523809523809524,0.023809523809523794,0.9932527868036806,0.0034378475822664564,0.9653892124743227,0.014342398127731927,0.9604743447766703,0.026196918762414503,0.9523809523809524,0.023809523809523794,0.9952601410934746,0.002672917912914891,0.024164465013837098,0.00860493313343188,0.09096811902025666,0.02573973584038043,0.037908920943850795,0.014181940311064492,0.0625,3
breast_cancer_wisconsin,tabpfn_distpfn_t,observed,0.05,0.05,minority_to_majority,0.9527116402116401,0.00866755451195837,0.9285714285714285,0.023809523809523808,0.9879285192029951,0.00887934473348469,0.9556895752705262,0.005731826319598199,0.9593198129783497,0.013037235792171309,0.9285714285714285,0.023809523809523808,0.9911816578483247,0.0078278310306795,0.03150151640833717,0.00906474296381095,0.1146683177791511,0.04557545414930897,0.032772529297651835,0.010539182982575987,0.0666666666666666,3
breast_cancer_wisconsin,tabpfn_distpfn_t,observed,0.05,0.1,majority_to_minority,0.9474206349206349,0.0084761941917832,0.9338624338624338,0.02551230360051048,0.9897772233799792,0.002142404678116081,0.9466539750862831,0.005615507519678333,0.9297744890768147,0.020458391926095484,0.9365079365079366,0.027492869961410787,0.9931657848324517,0.0016644255809680343,0.0338162797433946,0.0025314527648669046,0.1190499735841161,0.013702686238605025,0.05798295056909569,0.007557669073185943,0.1176470588235294,3
breast_cancer_wisconsin,tabpfn_distpfn_t,observed,0.05,0.1,minority_to_majority,0.9176587301587302,0.0587247959799554,0.8492063492063492,0.1174495919599107,0.991840048968944,0.004535479861067126,0.927687848649081,0.05103977731979163,0.9723669699476152,0.004018200631032395,0.8492063492063492,0.1174495919599107,0.9952601410934744,0.002481995204849685,0.0454580464606055,0.032926036390895634,0.14869235886124024,0.09398346379801896,0.07287489333617367,0.029381868285248493,0.1333333333333333,3
breast_cancer_wisconsin,tabpfn_distpfn_t,observed,0.05,0.2,majority_to_minority,0.958994708994709,0.03207501495497914,0.9365079365079364,0.036369648372665375,0.9902702768467112,0.010451786963045209,0.962136067401464,0.033899577430119385,0.9682539682539683,0.054985739922821485,0.9365079365079364,0.036369648372665375,0.9937169312169312,0.00643780500460703,0.03347116951171487,0.014692656033738103,0.13801974562710256,0.02328477665139423,0.08230769306552267,0.011639547909686007,0.2105263157894736,3
breast_cancer_wisconsin,tabpfn_distpfn_t,observed,0.05,0.2,minority_to_majority,0.9328703703703706,0.02091192030920935,0.888888888888889,0.049563476177765096,0.9817436377916423,0.00618037033498655,0.9391853699180294,0.01562219681000565,0.9578139114724481,0.012492852616398509,0.888888888888889,0.049563476177765096,0.9869929453262788,0.005536758533895175,0.04527889619787807,0.008154377120958251,0.15941893585209352,0.022791696951063162,0.06046799495370636,0.009773259346181262,0.20000000000000004,3
breast_cancer_wisconsin,tabpfn_distpfn_t,observed,0.05,0.3,majority_to_minority,0.9708994708994708,0.024022143682095282,0.9603174603174603,0.027492869961410763,0.9933316472718055,0.008664561631727909,0.9717102674518544,0.024917109914776595,0.9682539682539683,0.03636964837266541,0.9603174603174603,0.027492869961410763,0.9937169312169312,0.008953033313942486,0.031246480604473503,0.004620800783425297,0.14067798079842078,0.006234987042776106,0.09537962980629033,0.02352011920954129,0.2857142857142857,3
breast_cancer_wisconsin,tabpfn_distpfn_t,observed,0.05,0.3,minority_to_majority,0.8802910052910052,0.06262846878920691,0.7698412698412698,0.13113263207824052,0.9781245641882216,0.005294379590394992,0.8955760117055324,0.05660226350855157,0.981981981981982,0.03120812265889862,0.7698412698412698,0.13113263207824052,0.9828042328042327,0.0043243045074808336,0.057081141350806,0.02266100133087226,0.20187736935227166,0.04659416791567623,0.07858760682585235,0.02491072226386892,0.2666666666666666,3
breast_cancer_wisconsin,tabpfn_distpfn_t,observed,0.1,0.0,clean,0.951058201058201,0.005979874775140602,0.9206349206349206,0.01374643498070535,0.990707493041944,0.0032968706228475755,0.9555594214901887,0.0055066249094348225,0.9668594955180322,0.013548414564951655,0.9206349206349206,0.01374643498070535,0.9937169312169313,0.0024966383714520026,0.0301928896447986,0.0052735930196941136,0.11486949593171797,0.020615234039332863,0.03406604242173623,0.005576726521798725,0.0,3
breast_cancer_wisconsin,tabpfn_distpfn_t,observed,0.1,0.05,majority_to_minority,0.9566798941798941,0.02121562821738815,0.9365079365079364,0.03636964837266535,0.9907999540288744,0.007412579849167775,0.9589107247837405,0.019743009543627708,0.9597069597069597,0.026979706708161584,0.9365079365079364,0.03636964837266535,0.9930555555555555,0.005952380952380959,0.025924529202939136,0.01109515301007345,0.09744764426292657,0.0352075063046402,0.036183935554760065,0.003951293422785323,0.0625,3
breast_cancer_wisconsin,tabpfn_distpfn_t,observed,0.1,0.05,minority_to_majority,0.9543650793650794,0.013746434980705255,0.9365079365079366,0.027492869961410787,0.987155305543627,0.00974558541140587,0.9558232878480122,0.011220743800237715,0.9515873015873016,0.0013746434980705967,0.9365079365079366,0.027492869961410787,0.9905202821869489,0.007938804047632683,0.0324422775210066,0.009004703502454237,0.11773140387134784,0.04118354463307028,0.0462918914723609,0.009100976841690483,0.0666666666666666,3
breast_cancer_wisconsin,tabpfn_distpfn_t,observed,0.1,0.1,majority_to_minority,0.9636243386243386,0.021215628217388073,0.9365079365079364,0.03636964837266535,0.9921996831747805,0.005898111659125043,0.9682174176669398,0.019821261814179553,0.983739837398374,0.028163427765347544,0.9365079365079364,0.03636964837266535,0.9942680776014109,0.004633564717148038,0.023908865757470765,0.009254381471215125,0.09835676971325487,0.019926586933649595,0.045609768551965725,0.007003135378898701,0.0909090909090909,3
breast_cancer_wisconsin,tabpfn_distpfn_t,observed,0.1,0.1,minority_to_majority,0.9619708994708995,0.01550710858160495,0.9285714285714285,0.023809523809523808,0.9907339234943965,0.004060514432669385,0.9681206541923876,0.01467025798342269,0.9914529914529915,0.0148038530561442,0.9285714285714285,0.023809523809523808,0.9934964726631393,0.003125539435352379,0.0286216529799239,0.005912123401285425,0.10965967300191877,0.020551737736182164,0.040946717651207734,0.010301059088137261,0.10000000000000002,3
breast_cancer_wisconsin,tabpfn_distpfn_t,observed,0.1,0.2,majority_to_minority,0.9669312169312169,0.016037507477489603,0.9497354497354498,0.00458214499356849,0.9947511240494293,0.006731831832368277,0.9686335481556538,0.02134235572788182,0.9696969696969697,0.05248638810814775,0.9523809523809524,0.0,0.996141975308642,0.005252977318096865,0.028679891927474863,0.011437795055831826,0.12704541653776816,0.033844731489072744,0.08863916929633436,0.02048474073062252,0.2105263157894736,3
breast_cancer_wisconsin,tabpfn_distpfn_t,observed,0.1,0.2,minority_to_majority,0.9216269841269842,0.039645319846603376,0.8571428571428571,0.07142857142857141,0.9871329027702523,0.005170425522772676,0.9318553874318286,0.03581661201921576,0.9726522187822497,0.026376425013688427,0.8571428571428571,0.07142857142857141,0.9910714285714285,0.003154560851246478,0.044059085409424964,0.013449855403765466,0.1598959753854744,0.03273293437917521,0.062468512133919,0.014210753355189149,0.20000000000000004,3
breast_cancer_wisconsin,tabpfn_distpfn_t,observed,0.1,0.3,majority_to_minority,0.9748677248677248,0.005979874775140639,0.9669312169312169,0.012756151800255182,0.9877763382104915,0.00311437637036476,0.97486570253164,0.005444855782951276,0.9684295347936868,0.012942683882887464,0.9682539682539683,0.013746434980705328,0.9883156966490301,0.005345835825829868,0.035931221825958266,0.0052329449703381525,0.15798282600620736,0.014122540648144355,0.0994056125842505,0.018300641913527853,0.3023255813953488,3
breast_cancer_wisconsin,tabpfn_distpfn_t,observed,0.1,0.3,minority_to_majority,0.9080687830687829,0.030112572586857643,0.8253968253968255,0.059919320914847266,0.981906305454722,0.011221182414448859,0.921459146418793,0.026864192151124854,0.981981981981982,0.03120812265889862,0.8253968253968255,0.059919320914847266,0.9871031746031745,0.008267195767195729,0.05510318779257736,0.014241802546623937,0.18639159521958792,0.0415027313390161,0.07046503092264933,0.015937329660073638,0.3,3
breast_cancer_wisconsin,tabpfn_distpfn_t,observed,0.2,0.0,clean,0.9738756613756614,0.012561785656893216,0.9523809523809524,0.023809523809523794,0.9953855929655551,0.0030595732202804357,0.977795970286128,0.011026996708389797,0.991869918699187,0.014081713882673819,0.9523809523809524,0.023809523809523794,0.9969135802469138,0.0021001497887188185,0.019698628856949067,0.0064440977107670236,0.0719520823797912,0.02468699236556149,0.027924736074985867,0.006695451399961135,0.0,3
breast_cancer_wisconsin,tabpfn_distpfn_t,observed,0.2,0.05,majority_to_minority,0.9841269841269841,0.006873217490352664,0.9682539682539683,0.013746434980705328,0.9981363228871535,0.0017239539721847236,0.9873369394950217,0.005526434172873398,1.0,0.0,0.9682539682539683,0.013746434980705328,0.9987874779541447,0.0011613374948029418,0.015143859464533433,0.003127820716225183,0.06975716813884743,0.0038598448247114084,0.04819622206780163,0.015118946706013325,0.047619047619047596,3
breast_cancer_wisconsin,tabpfn_distpfn_t,observed,0.2,0.05,minority_to_majority,0.9437830687830688,0.0213773761361032,0.8968253968253969,0.036369648372665424,0.9880277274449772,0.007261441429699031,0.9518708897475384,0.019536843895981565,0.9824439824439825,0.015219742582609476,0.8968253968253969,0.036369648372665424,0.9916225749559082,0.004818671295060449,0.03213614799040383,0.01217548395426374,0.1199625836291194,0.04122788807414699,0.040473472691341834,0.0050095680049134315,0.05000000000000001,3
breast_cancer_wisconsin,tabpfn_distpfn_t,observed,0.2,0.1,majority_to_minority,0.9692460317460316,0.01884920634920635,0.9523809523809524,0.023809523809523808,0.9904661245395622,0.006654391017534527,0.9715828832571666,0.01894474449522221,0.975609756097561,0.024390243902439004,0.9523809523809524,0.023809523809523808,0.9916225749559082,0.0061005705917203164,0.024224678436669967,0.009002320779060024,0.10437425648192387,0.025199577476328488,0.050935128917498934,0.017414698611799846,0.10447761194029852,3
breast_cancer_wisconsin,tabpfn_distpfn_t,observed,0.2,0.1,minority_to_majority,0.9136904761904763,0.012972913522442456,0.8412698412698413,0.027492869961410732,0.9858916105699214,0.010106840855588403,0.9254744308879647,0.01437266399241729,0.9743589743589745,0.04441155916843267,0.8412698412698413,0.027492869961410732,0.990299823633157,0.007186915040874386,0.044485915422190526,0.007615207207541922,0.1536486130441062,0.024191093863023743,0.055641870986100905,0.013408527703510342,0.10000000000000002,3
breast_cancer_wisconsin,tabpfn_distpfn_t,observed,0.2,0.2,majority_to_minority,0.9623015873015873,0.0019841269841270742,0.9417989417989419,0.012123216124221767,0.9923531696871416,0.0054559955986742854,0.9623709528375356,0.008871967621233162,0.9544973544973545,0.044482221284621586,0.9523809523809524,0.023809523809523794,0.9943783068783069,0.00493822239519454,0.03493574914530607,0.006413402710783251,0.1476423663734094,0.010878899423587883,0.08928775932226317,0.006418386712861082,0.20000000000000004,3
breast_cancer_wisconsin,tabpfn_distpfn_t,observed,0.2,0.2,minority_to_majority,0.9143518518518517,0.027570323210442775,0.8333333333333334,0.06299407883487122,0.9828351128687771,0.009125012626433254,0.927923288873704,0.021605860931717385,0.9914529914529915,0.0148038530561442,0.8333333333333334,0.06299407883487122,0.9867724867724869,0.00725255033050969,0.05163555502818007,0.018881567533017417,0.19096453222284157,0.051266067960338564,0.08229148322296824,0.01378538464496497,0.20000000000000004,3
breast_cancer_wisconsin,tabpfn_distpfn_t,observed,0.2,0.3,majority_to_minority,0.9606481481481483,0.025221316092153848,0.9444444444444445,0.036369648372665375,0.9869250115022128,0.006423100750299038,0.9621666781682836,0.02508918141426832,0.960077519379845,0.03595888323595036,0.9444444444444445,0.036369648372665375,0.9879850088183421,0.007665493232237246,0.047972301635111965,0.012131337691006392,0.19603488532471772,0.028641949218496422,0.1318573440887615,0.012391232832952301,0.3023255813953488,3
breast_cancer_wisconsin,tabpfn_distpfn_t,observed,0.2,0.3,minority_to_majority,0.873015873015873,0.03636964837266538,0.746031746031746,0.07273929674533083,0.9870675134403489,0.005121105170717791,0.8922379113584976,0.03335634076373402,1.0,0.0,0.746031746031746,0.07273929674533083,0.9915123456790123,0.0036275314532415834,0.0712954712251308,0.016300431800546394,0.2405954188218731,0.04664632620721881,0.1193807506306731,0.026177743689192786,0.3,3
breast_cancer_wisconsin,tabpfn_distpfn_t,observed,0.5,0.0,clean,0.9675925925925926,0.01445601388518139,0.9444444444444445,0.036369648372665396,0.9967321786498777,0.0018869438280808852,0.9714067211314822,0.009833337118392228,0.983933410762679,0.013917103730560362,0.9444444444444445,0.036369648372665396,0.997905643738977,0.0013767632271601017,0.019766184311697868,0.00038922898784107666,0.07026993457299073,0.008280614642821814,0.0335000014506082,0.008716134118144815,0.0,3
breast_cancer_wisconsin,tabpfn_distpfn_t,observed,0.5,0.05,majority_to_minority,0.955026455026455,0.008018753738744893,0.9285714285714285,0.0,0.9939838263568036,0.0021570094810310658,0.9588512257909058,0.010761382406008277,0.9674796747967479,0.028163427765347526,0.9285714285714285,0.0,0.9959215167548502,0.0019092270806536325,0.024639130440471734,0.004219424464864234,0.0959690715788536,0.01933212837447736,0.042900528061746435,0.003322456679135815,0.050632911392405,3
breast_cancer_wisconsin,tabpfn_distpfn_t,observed,0.5,0.05,minority_to_majority,0.9470899470899471,0.015696354876065976,0.9126984126984127,0.027492869961410787,0.9927810175375033,0.0033735934162344916,0.9523198368436464,0.0164291087805958,0.967418546365915,0.03612414863508666,0.9126984126984127,0.027492869961410787,0.9950396825396824,0.002706796551545144,0.02931735918631513,0.0033216294704562313,0.1104168941258666,0.013292895323811645,0.0496330271846413,0.005708229620897481,0.05333333333333331,3
breast_cancer_wisconsin,tabpfn_distpfn_t,observed,0.5,0.1,majority_to_minority,0.9623015873015873,0.00694444444444442,0.9523809523809524,0.0,0.9926825900783768,0.004441656745869299,0.962330062790118,0.009238615635786247,0.9527410888726827,0.022690742547346977,0.9523809523809524,0.0,0.9951499118165786,0.003054763329045575,0.03196196088797596,0.011171579203812235,0.12786333663348737,0.03264539432471527,0.07701251124515657,0.007528091356350467,0.1017964071856287,3
breast_cancer_wisconsin,tabpfn_distpfn_t,observed,0.5,0.1,minority_to_majority,0.9540343915343916,0.0028638406209803404,0.9126984126984127,0.013746434980705408,0.9954504812518751,0.0014789142299595204,0.961628032977849,0.0002451657146733575,0.9916666666666667,0.014433756729740673,0.9126984126984127,0.013746434980705408,0.9969135802469135,0.001376763227160186,0.031113623537041002,0.0026013295620437036,0.12309452146979542,0.008995433264422956,0.06985468683873557,0.017221206276217413,0.10000000000000002,3
breast_cancer_wisconsin,tabpfn_distpfn_t,observed,0.5,0.2,majority_to_minority,0.9593253968253967,0.006873217490352744,0.9543650793650794,0.0034366087451763315,0.9918721794866098,0.002719604775667161,0.9562903715424861,0.005515982066408319,0.9307610993657504,0.0009154602577002786,0.9603174603174603,0.013746434980705326,0.9949294532627867,0.0016312443327765565,0.0498543966970053,0.0035746545554783517,0.1982446739779721,0.00727186548330007,0.12958447110337043,0.003325923517000905,0.202127659574468,3
breast_cancer_wisconsin,tabpfn_distpfn_t,observed,0.5,0.2,minority_to_majority,0.9325396825396824,0.00687321749035264,0.865079365079365,0.013746434980705439,0.9911673978208438,0.0027804973281617563,0.9448842766555791,0.005795121775579521,1.0,0.0,0.865079365079365,0.013746434980705439,0.9939373897707231,0.00199329159171359,0.0529176981919472,0.008650528319194356,0.19585158551135198,0.025889231481569568,0.10742856551152653,0.012671451320305921,0.20000000000000004,3
breast_cancer_wisconsin,tabpfn_distpfn_t,observed,0.5,0.3,majority_to_minority,0.9355158730158729,0.033185969610471704,0.9027777777777777,0.07216878364870322,0.9869854874007525,0.009542790430151068,0.9238588067238696,0.04339625780549516,0.8598204264870932,0.08709438311233907,0.9682539682539683,0.013746434980705326,0.9891975308641975,0.009118433358744878,0.10065298877548727,0.009500732829401172,0.334805625844728,0.021644295368531054,0.23180791760899822,0.009524705417616467,0.2990654205607476,3
breast_cancer_wisconsin,tabpfn_distpfn_t,observed,0.5,0.3,minority_to_majority,0.9064153439153441,0.01224438398252234,0.8174603174603176,0.027492869961410787,0.9933474035601529,0.0023716665580160857,0.9213353879812781,0.01040768813533748,0.9907407407407408,0.016037507477489596,0.8174603174603176,0.027492869961410787,0.9957010582010583,0.0011923119297169748,0.06635983777460307,0.0030546245489712024,0.2216542510740408,0.008856183527717876,0.1385870837191471,0.00924004306327111,0.3,3
breast_cancer_wisconsin,tabpfn_distpfn_t,oracle,0.05,0.0,clean,0.9176587301587302,0.06908210459743529,0.8492063492063492,0.13746434980705377,0.9864255241759476,0.002429297883470385,0.9272738405055853,0.06079292939508085,0.9726287262872629,0.024930776438172122,0.8492063492063492,0.13746434980705377,0.9908509700176366,0.0006883816135801153,0.051661363827737394,0.03539019642493855,0.1776453936392881,0.11590242129175653,0.06368312308494833,0.04237475737881257,0.0,3
breast_cancer_wisconsin,tabpfn_distpfn_t,oracle,0.05,0.05,majority_to_minority,0.9646164021164022,0.014353528051726573,0.9523809523809524,0.023809523809523794,0.9932527868036806,0.0034378475822664564,0.9653892124743227,0.014342398127731927,0.9604743447766703,0.026196918762414503,0.9523809523809524,0.023809523809523794,0.9952601410934746,0.002672917912914891,0.0245015278547739,0.008793176789589085,0.0921089081841673,0.02613042916133745,0.0404899594012791,0.012573369803445476,0.0625,3
breast_cancer_wisconsin,tabpfn_distpfn_t,oracle,0.05,0.05,minority_to_majority,0.9447751322751324,0.0059798747751404835,0.9126984126984127,0.013746434980705439,0.9879285192029951,0.00887934473348469,0.9492112758169512,0.005500467489682163,0.9585261621846989,0.013725168797065113,0.9126984126984127,0.013746434980705439,0.9911816578483247,0.0078278310306795,0.0318872247626026,0.009054338185492766,0.11606976658518287,0.04588539674405191,0.0373571120054025,0.00884206889995802,0.0666666666666666,3
breast_cancer_wisconsin,tabpfn_distpfn_t,oracle,0.05,0.1,majority_to_minority,0.953042328042328,0.006378075900127577,0.9391534391534391,0.009164289987136877,0.9897772233799792,0.002142404678116081,0.9500538428768409,0.005270920865972614,0.9238071774657142,0.02376125786944861,0.9523809523809524,0.023809523809523808,0.9931657848324517,0.0016644255809680343,0.03532593113930647,0.002937256851166327,0.12373128075387413,0.01510892537993173,0.052703888878976035,0.008603276893033081,0.1176470588235294,3
breast_cancer_wisconsin,tabpfn_distpfn_t,oracle,0.05,0.1,minority_to_majority,0.9160052910052912,0.050976363053449096,0.8412698412698413,0.109971479845643,0.991840048968944,0.004535479861067126,0.9274877092337409,0.04267996713484363,0.982905982905983,0.014803853056144197,0.8412698412698413,0.109971479845643,0.9952601410934744,0.002481995204849685,0.04806452515256323,0.03505978674393317,0.15816495761099025,0.10380986458175769,0.0759776651605109,0.03232629869811184,0.1333333333333333,3
breast_cancer_wisconsin,tabpfn_distpfn_t,oracle,0.05,0.2,majority_to_minority,0.9576719576719577,0.037572017294538254,0.9437830687830688,0.0374539553829835,0.9902702768467112,0.010451786963045209,0.9565260144923626,0.04352903433264688,0.9411452810180275,0.08173172569218061,0.9523809523809524,0.023809523809523753,0.9937169312169312,0.00643780500460703,0.0373937843603546,0.013444905923035606,0.15379998682562923,0.019501539246950632,0.09162204833967542,0.017733306500054766,0.2105263157894736,3
breast_cancer_wisconsin,tabpfn_distpfn_t,oracle,0.05,0.2,minority_to_majority,0.9034391534391535,0.030372916675145627,0.8253968253968255,0.0765369108015314,0.9817436377916423,0.00618037033498655,0.9150424119663576,0.022955005269150265,0.9653621232568601,0.030004869357898856,0.8253968253968255,0.0765369108015314,0.9869929453262788,0.005536758533895175,0.04983733296696117,0.009988398828473442,0.1739035795931704,0.028180541366418996,0.07006743986213997,0.017270360698546823,0.20000000000000004,3
breast_cancer_wisconsin,tabpfn_distpfn_t,oracle,0.05,0.3,majority_to_minority,0.9603174603174603,0.016923335425825345,0.9444444444444445,0.024056261216234394,0.9933316472718055,0.008664561631727909,0.9535784504809289,0.01846043813451043,0.9119980940861693,0.03600932081813599,0.9761904761904763,0.023809523809523794,0.9937169312169312,0.008953033313942486,0.04281087316302007,0.004753705506331739,0.17502235817907996,0.007961009918207529,0.12216992013007617,0.024527087766774456,0.2857142857142857,3
breast_cancer_wisconsin,tabpfn_distpfn_t,oracle,0.05,0.3,minority_to_majority,0.8627645502645502,0.07208918862762992,0.7301587301587301,0.1454785934906616,0.9781245641882216,0.005294379590394992,0.8801127412892118,0.06735803687465194,0.98989898989899,0.01749546270271598,0.7301587301587301,0.1454785934906616,0.9828042328042327,0.0043243045074808336,0.06616222811229107,0.027996984472981833,0.23250495684009276,0.060712172977086996,0.08817847851558354,0.03423992199319171,0.2666666666666666,3
breast_cancer_wisconsin,tabpfn_distpfn_t,oracle,0.1,0.0,clean,0.951058201058201,0.005979874775140602,0.9206349206349206,0.01374643498070535,0.990707493041944,0.0032968706228475755,0.9555594214901887,0.0055066249094348225,0.9668594955180322,0.013548414564951655,0.9206349206349206,0.01374643498070535,0.9937169312169313,0.0024966383714520026,0.0301928896447986,0.0052735930196941136,0.11486949593171797,0.020615234039332863,0.03406604242173623,0.005576726521798725,0.0,3
breast_cancer_wisconsin,tabpfn_distpfn_t,oracle,0.1,0.05,majority_to_minority,0.9606481481481483,0.0190655228907402,0.9444444444444445,0.027492869961410676,0.9907999540288744,0.007412579849167775,0.9621714335212497,0.01885055436889247,0.959920634920635,0.02715573350940572,0.9444444444444445,0.027492869961410676,0.9930555555555555,0.005952380952380959,0.026091598469721835,0.011231398084660366,0.09835291139124132,0.035453868709953665,0.038289009931497066,0.005749970970857996,0.0625,3
breast_cancer_wisconsin,tabpfn_distpfn_t,oracle,0.1,0.05,minority_to_majority,0.9566798941798941,0.009737058111332884,0.9365079365079366,0.027492869961410787,0.987155305543627,0.00974558541140587,0.9589107247837405,0.0058731461623913565,0.9597069597069599,0.012689016905266519,0.9365079365079366,0.027492869961410787,0.9905202821869489,0.007938804047632683,0.032420685785376664,0.009530717164796386,0.11810630654185672,0.04288059962347695,0.0436753849324636,0.0060653779671548365,0.0666666666666666,3
breast_cancer_wisconsin,tabpfn_distpfn_t,oracle,0.1,0.1,majority_to_minority,0.9715608465608465,0.01927090249250455,0.9523809523809524,0.023809523809523753,0.9921996831747805,0.005898111659125043,0.9747071098315402,0.019702429267816644,0.983739837398374,0.028163427765347544,0.9523809523809524,0.023809523809523753,0.9942680776014109,0.004633564717148038,0.024098549899668364,0.009235964635579214,0.10014351632124001,0.0191191409249935,0.047162542168292465,0.007175243012364259,0.0909090909090909,3
breast_cancer_wisconsin,tabpfn_distpfn_t,oracle,0.1,0.1,minority_to_majority,0.9642857142857144,0.011904761904761807,0.9285714285714285,0.023809523809523808,0.9907339234943965,0.004060514432669385,0.971239816438534,0.00973459266045132,1.0,0.0,0.9285714285714285,0.023809523809523808,0.9934964726631393,0.003125539435352379,0.029532658892987132,0.005877438684495099,0.11326555784798216,0.02169541184732326,0.048616194292707665,0.0032641575257491254,0.10000000000000002,3
breast_cancer_wisconsin,tabpfn_distpfn_t,oracle,0.1,0.2,majority_to_minority,0.9599867724867724,0.02232326565044656,0.9404761904761906,0.020619652471058125,0.9947511240494293,0.006731831832368277,0.9595041574038267,0.02941367142287452,0.9483916578296218,0.06934642588869896,0.9523809523809524,0.0,0.996141975308642,0.005252977318096865,0.032883202715257236,0.01288631085060595,0.14401324035227112,0.03646262605612075,0.09285454673162792,0.021658327854980373,0.2105263157894736,3
breast_cancer_wisconsin,tabpfn_distpfn_t,oracle,0.1,0.2,minority_to_majority,0.916005291005291,0.03948778266025927,0.8412698412698413,0.07273929674533083,0.9871329027702523,0.005170425522772676,0.9281372367935307,0.03555880588592109,0.9808899808899808,0.016630624526910245,0.8412698412698413,0.07273929674533083,0.9910714285714285,0.003154560851246478,0.050133332160262965,0.015015101152227638,0.1796587474816739,0.03628070359435503,0.07487992551039092,0.014440814973640083,0.20000000000000004,3
breast_cancer_wisconsin,tabpfn_distpfn_t,oracle,0.1,0.3,majority_to_minority,0.9563492063492064,0.010452037453226934,0.9424603174603176,0.022535350578572547,0.9877763382104915,0.00311437637036476,0.9504198993347069,0.013780408326299894,0.9114637218298771,0.033891042850968424,0.9682539682539683,0.013746434980705328,0.9883156966490301,0.005345835825829868,0.05083575328522907,0.008276953858602264,0.20166786891190666,0.023669770677426247,0.13439615845529287,0.02509850019867074,0.3023255813953488,3
breast_cancer_wisconsin,tabpfn_distpfn_t,oracle,0.1,0.3,minority_to_majority,0.8723544973544973,0.030112572586857695,0.753968253968254,0.059919320914847224,0.981906305454722,0.011221182414448859,0.8898936697624568,0.027945257064140912,0.9803921568627451,0.033961780540566325,0.753968253968254,0.059919320914847224,0.9871031746031745,0.008267195767195729,0.06765704294970704,0.01504616164697076,0.2247151034329665,0.046148400716060495,0.10047320280624562,0.01159152449690576,0.3,3
breast_cancer_wisconsin,tabpfn_distpfn_t,oracle,0.2,0.0,clean,0.9738756613756614,0.012561785656893216,0.9523809523809524,0.023809523809523794,0.9953855929655551,0.0030595732202804357,0.977795970286128,0.011026996708389797,0.991869918699187,0.014081713882673819,0.9523809523809524,0.023809523809523794,0.9969135802469138,0.0021001497887188185,0.019698628856949067,0.0064440977107670236,0.0719520823797912,0.02468699236556149,0.027924736074985867,0.006695451399961135,0.0,3
breast_cancer_wisconsin,tabpfn_distpfn_t,oracle,0.2,0.05,majority_to_minority,0.9841269841269841,0.006873217490352664,0.9682539682539683,0.013746434980705328,0.9981363228871535,0.0017239539721847236,0.9873369394950217,0.005526434172873398,1.0,0.0,0.9682539682539683,0.013746434980705328,0.9987874779541447,0.0011613374948029418,0.015069509869765933,0.003059987416322738,0.07027422115594097,0.004094404928708546,0.04802889517238496,0.009794984825298338,0.047619047619047596,3
breast_cancer_wisconsin,tabpfn_distpfn_t,oracle,0.2,0.05,minority_to_majority,0.9437830687830688,0.0213773761361032,0.8968253968253969,0.036369648372665424,0.9880277274449772,0.007261441429699031,0.9518708897475384,0.019536843895981565,0.9824439824439825,0.015219742582609476,0.8968253968253969,0.036369648372665424,0.9916225749559082,0.004818671295060449,0.03267886198918013,0.012241795083923302,0.12209769550106968,0.04168915872729842,0.04048438934768347,0.005515325162531854,0.05000000000000001,3
breast_cancer_wisconsin,tabpfn_distpfn_t,oracle,0.2,0.1,majority_to_minority,0.9669312169312169,0.015507108581604962,0.9523809523809524,0.023809523809523808,0.9904661245395622,0.006654391017534527,0.9684572718899682,0.014511028806281247,0.967673248161053,0.01425231136987989,0.9523809523809524,0.023809523809523808,0.9916225749559082,0.0061005705917203164,0.02534100044600913,0.009572806560779775,0.10907909776776266,0.025330999181760166,0.05636839869762957,0.01844735203617376,0.10447761194029852,3
breast_cancer_wisconsin,tabpfn_distpfn_t,oracle,0.2,0.1,minority_to_majority,0.9120370370370371,0.018003515329122057,0.8333333333333334,0.04123930494211609,0.9858916105699214,0.010106840855588403,0.9250332232685174,0.015577631386197298,0.9824561403508772,0.030386856273138158,0.8333333333333334,0.04123930494211609,0.990299823633157,0.007186915040874386,0.04682771991302923,0.007679011610957467,0.16095024117727083,0.023549526305710534,0.05684790969825284,0.01771452604745811,0.10000000000000002,3
breast_cancer_wisconsin,tabpfn_distpfn_t,oracle,0.2,0.2,majority_to_minority,0.9656084656084656,0.016639875165885123,0.9470899470899471,0.028153170176974576,0.9923531696871416,0.0054559955986742854,0.9627710982851699,0.024055861288035885,0.9419429325416461,0.06460816217142394,0.9682539682539683,0.013746434980705326,0.9943783068783069,0.00493822239519454,0.040854154327962265,0.008050468089004066,0.17012978971593704,0.01419100224591223,0.10543773568675889,0.010780911310966776,0.20000000000000004,3
breast_cancer_wisconsin,tabpfn_distpfn_t,oracle,0.2,0.2,minority_to_majority,0.9007936507936508,0.04507070115714509,0.8015873015873015,0.09014140231429,0.9828351128687771,0.009125012626433254,0.91687501657674,0.03900961590345175,1.0,0.0,0.8015873015873015,0.09014140231429,0.9867724867724869,0.00725255033050969,0.059250336935350305,0.021633792202745035,0.21500025581986382,0.058912348685335354,0.09611638837602283,0.020255072979411204,0.20000000000000004,3
breast_cancer_wisconsin,tabpfn_distpfn_t,oracle,0.2,0.3,majority_to_minority,0.9510582010582009,0.028912027770362954,0.9259259259259259,0.0578240555407259,0.9869250115022128,0.006423100750299038,0.941838925454058,0.03727435631760763,0.8895070172771952,0.07708832484569735,0.9761904761904762,0.0,0.9879850088183421,0.007665493232237246,0.07188106776068047,0.01597409994022465,0.26015147317022674,0.035681651496654275,0.18170876053858828,0.015483622803447488,0.3023255813953488,3
breast_cancer_wisconsin,tabpfn_distpfn_t,oracle,0.2,0.3,minority_to_majority,0.8373015873015873,0.04956347617776502,0.6746031746031745,0.09912695235553011,0.9870675134403489,0.005121105170717791,0.8583540230339194,0.04677459834156632,1.0,0.0,0.6746031746031745,0.09912695235553011,0.9915123456790123,0.0036275314532415834,0.0922891456019201,0.019648204371307428,0.30151168332121014,0.05791165298982225,0.1514306995841851,0.026665800127236877,0.3,3
breast_cancer_wisconsin,tabpfn_distpfn_t,oracle,0.5,0.0,clean,0.9675925925925926,0.01445601388518139,0.9444444444444445,0.036369648372665396,0.9967321786498777,0.0018869438280808852,0.9714067211314822,0.009833337118392228,0.983933410762679,0.013917103730560362,0.9444444444444445,0.036369648372665396,0.997905643738977,0.0013767632271601017,0.019766184311697868,0.00038922898784107666,0.07026993457299073,0.008280614642821814,0.0335000014506082,0.008716134118144815,0.0,3
breast_cancer_wisconsin,tabpfn_distpfn_t,oracle,0.5,0.05,majority_to_minority,0.955026455026455,0.008018753738744893,0.9285714285714285,0.0,0.9939838263568036,0.0021570094810310658,0.9588512257909058,0.010761382406008277,0.9674796747967479,0.028163427765347526,0.9285714285714285,0.0,0.9959215167548502,0.0019092270806536325,0.024707449120781332,0.004355822035320293,0.09728098320508867,0.019815212522245464,0.05083600759930024,0.015201259252122783,0.050632911392405,3
breast_cancer_wisconsin,tabpfn_distpfn_t,oracle,0.5,0.05,minority_to_majority,0.9517195767195767,0.011959749550281316,0.9126984126984127,0.027492869961410787,0.9927810175375033,0.0033735934162344916,0.9584971485001956,0.011080758211341692,0.983739837398374,0.02816342776534756,0.9126984126984127,0.027492869961410787,0.9950396825396824,0.002706796551545144,0.0302127174788709,0.002958705314235128,0.11383971689420784,0.01267744043093669,0.0523113126075939,0.005480174245567234,0.05333333333333331,3
breast_cancer_wisconsin,tabpfn_distpfn_t,oracle,0.5,0.1,majority_to_minority,0.9609788359788359,0.007957149084335941,0.9424603174603176,0.011047151513551602,0.9926825900783768,0.004441656745869299,0.9565324246999592,0.013797754243354424,0.9260084050115864,0.044082848026447095,0.9682539682539683,0.013746434980705328,0.9951499118165786,0.003054763329045575,0.03531110140874303,0.012746381407196172,0.1396314706174364,0.0347619867603056,0.08118908275014027,0.015378708065547869,0.1017964071856287,3
breast_cancer_wisconsin,tabpfn_distpfn_t,oracle,0.5,0.1,minority_to_majority,0.9484126984126985,0.006873217490352776,0.8968253968253969,0.013746434980705408,0.9954504812518751,0.0014789142299595204,0.9581829599542623,0.005721875797964044,1.0,0.0,0.8968253968253969,0.013746434980705408,0.9969135802469135,0.001376763227160186,0.034650241336559334,0.0031310483203871348,0.13270325358308474,0.009065301914590804,0.08101322300240504,0.01737538802501574,0.10000000000000002,3
breast_cancer_wisconsin,tabpfn_distpfn_t,oracle,0.5,0.2,majority_to_minority,0.9441137566137566,0.011412324025619945,0.9100529100529101,0.03665715994854778,0.9918721794866098,0.002719604775667161,0.9326394758190454,0.01833778430813415,0.8689890840056953,0.05306352701248779,0.9761904761904763,0.023809523809523753,0.9949294532627867,0.0016312443327765565,0.07730499698652805,0.0025812965725616876,0.27052072472048655,0.0057300216955822065,0.17899759223684975,0.008349722105900117,0.202127659574468,3
breast_cancer_wisconsin,tabpfn_distpfn_t,oracle,0.5,0.2,minority_to_majority,0.9087301587301587,0.024781738088882534,0.8174603174603176,0.049563476177765076,0.9911673978208438,0.0027804973281617563,0.9242900027005988,0.021671396404483626,1.0,0.0,0.8174603174603176,0.049563476177765076,0.9939373897707231,0.00199329159171359,0.06861811988575073,0.009991527832308982,0.23574263479720772,0.029099063777263175,0.13356330410734632,0.013672714144465373,0.20000000000000004,3
breast_cancer_wisconsin,tabpfn_distpfn_t,oracle,0.5,0.3,majority_to_minority,0.5654761904761905,0.1016175240262054,0.13888888888888887,0.21695137988629598,0.9869854874007525,0.009542790430151068,0.3896824791422125,0.18283242284975662,0.4085913312693498,0.06396406771920314,0.9920634920634921,0.013746434980705399,0.9891975308641975,0.009118433358744878,0.21581456144526867,0.0020165371704810994,0.5799158316177256,0.02088032060929591,0.3516177653621166,0.01320795868481574,0.2990654205607476,3
breast_cancer_wisconsin,tabpfn_distpfn_t,oracle,0.5,0.3,minority_to_majority,0.7976190476190478,0.0,0.5952380952380952,0.0,0.9933474035601529,0.0023716665580160857,0.8203392973023084,0.0,1.0,0.0,0.5952380952380952,0.0,0.9957010582010583,0.0011923119297169748,0.10068138370708411,0.0035212936072603,0.2944364688863579,0.00820719035704627,0.17808254344129706,0.006615255164361191,0.3,3
breast_cancer_wisconsin,tabpfn_downsample,,0.05,0.0,clean,0.8690476190476191,0.05385543471484106,0.7936507936507936,0.13113263207824052,0.953956272278608,0.010898901852756635,0.8759842664371899,0.04505904832786267,0.8983401655815451,0.049895660558275906,0.7936507936507936,0.13113263207824052,0.9673721340388006,0.013253666825172539,0.0795419240991274,0.015263623527185617,0.25811130305131275,0.04169916687603883,0.0799865527677605,0.02078254065874801,0.0,3
breast_cancer_wisconsin,tabpfn_downsample,,0.05,0.05,majority_to_minority,0.9212962962962963,0.029668061927720677,0.8981481481481483,0.034952937200327584,0.9715069433404073,0.017074603266674537,0.911024741681676,0.03182661786094148,0.8450162673765158,0.047755027301282595,0.9444444444444445,0.027492869961410676,0.9799382716049383,0.012893998695334618,0.06509041041135781,0.015720544489809682,0.22683984041213986,0.038818300987775826,0.11443378065021063,0.00561446210947178,0.0625,3
breast_cancer_wisconsin,tabpfn_downsample,,0.05,0.05,minority_to_majority,0.9120370370370369,0.03345671923265011,0.8835978835978836,0.04783899820112463,0.9681339523406503,0.016209194621911876,0.9120943257228958,0.035228370366796706,0.8915807887175862,0.06277141742796237,0.888888888888889,0.04956347617776505,0.9768518518518517,0.011267675289286218,0.056035979340473774,0.01714345344708168,0.18779521683851874,0.048944013793657974,0.0468964562778584,0.013935261674229375,0.0666666666666666,3
breast_cancer_wisconsin,tabpfn_downsample,,0.05,0.1,majority_to_minority,0.8723544973544973,0.026477751482917967,0.8240740740740741,0.07897556532051837,0.9460318141114925,0.007104616507042167,0.8550537898673589,0.0383957195377901,0.7598544207660957,0.07529126491216986,0.9206349206349206,0.027492869961410787,0.9624118165784833,0.009082384063101745,0.09694274266560866,0.02928776065092107,0.3038586676120758,0.08554736411629087,0.10772991173339687,0.04484948555959389,0.1176470588235294,3
breast_cancer_wisconsin,tabpfn_downsample,,0.05,0.1,minority_to_majority,0.8991402116402117,0.05102460720102101,0.8472222222222223,0.09822931582925841,0.965036054133177,0.020962020224683808,0.9041078504576667,0.05028411613839276,0.9160326086956522,0.096772328817507,0.8492063492063492,0.0991269523555301,0.9760802469135802,0.014347177775765906,0.06612724314133324,0.025029753522098474,0.2130272090435028,0.06876014793568652,0.08490438576874847,0.017798351939084713,0.1333333333333333,3
breast_cancer_wisconsin,tabpfn_downsample,,0.05,0.2,majority_to_minority,0.8921957671957671,0.03230432531328299,0.8611111111111112,0.024056261216234394,0.9525612393404911,0.02593035810282852,0.8828027745574216,0.024887153414900623,0.8141547088899884,0.005747323320746454,0.9047619047619048,0.0714285714285714,0.9670414462081128,0.01924061421839377,0.09172804405291873,0.006156549180867974,0.31218572457631427,0.024883087216749554,0.1331995241017195,0.05114068716976116,0.2105263157894736,3
breast_cancer_wisconsin,tabpfn_downsample,,0.05,0.2,minority_to_majority,0.9080687830687831,0.046067793995057026,0.8809523809523809,0.041239304942116174,0.9605796663962191,0.02932283820883307,0.9090968516495285,0.050792665394332255,0.8916666666666666,0.08779711460710608,0.8809523809523809,0.041239304942116174,0.9696869488536155,0.02499775448795766,0.068044992784659,0.03322349625760831,0.22848510245482123,0.09750969541918883,0.07555052646495701,0.02149177095461309,0.20000000000000004,3
breast_cancer_wisconsin,tabpfn_downsample,,0.05,0.3,majority_to_minority,0.8316798941798943,0.056271371088375155,0.7268518518518517,0.06990587440065507,0.9263615846742588,0.05077668996720273,0.8015455536477303,0.05788785619268213,0.6691736686448478,0.06492415264958197,0.9365079365079364,0.059919320914847224,0.9436728395061729,0.040273831774571604,0.13722283144791916,0.03617903403890194,0.4320363501707713,0.10154438568997123,0.18030444824556158,0.014723710634636416,0.2857142857142857,3
breast_cancer_wisconsin,tabpfn_downsample,,0.05,0.3,minority_to_majority,0.896494708994709,0.04628094038604555,0.8253968253968255,0.0765369108015314,0.9737040931047747,0.01877392145441991,0.9060652756848029,0.044880752612278446,0.9372549019607842,0.05465631319516215,0.8253968253968255,0.0765369108015314,0.9818121693121693,0.011909353905667445,0.05450583994388577,0.019280091142262503,0.18340680499871573,0.04585107384532422,0.057773993512593734,0.0014453793475536457,0.2666666666666666,3
breast_cancer_wisconsin,tabpfn_downsample,,0.1,0.0,clean,0.9404761904761904,0.016570727270327493,0.9325396825396824,0.018184824186332712,0.9796103245729562,0.012758959650002193,0.937639689071975,0.019049532580837213,0.9084902177925432,0.03622977931818828,0.9365079365079366,0.01374643498070535,0.9846781305114639,0.011093250110590085,0.04577128961682317,0.016138213072436992,0.15034243712822593,0.05803012913482339,0.051942811971149,0.018884412467229026,0.0,3
breast_cancer_wisconsin,tabpfn_downsample,,0.1,0.05,majority_to_minority,0.9365079365079364,0.03118300326488437,0.9060846560846562,0.04460242142880254,0.9751204165462454,0.01837113288945887,0.9341069848039769,0.02522839019510079,0.909026188660056,0.040500583354388345,0.9285714285714285,0.07142857142857148,0.9815917107583774,0.014128280396836106,0.05295189159611857,0.020688084392285266,0.18254753450552616,0.06430851483929174,0.07849387722688979,0.009760342536375364,0.0625,3
breast_cancer_wisconsin,tabpfn_downsample,,0.1,0.05,minority_to_majority,0.9375,0.02495981274882754,0.916005291005291,0.023504438682429747,0.979780880739123,0.018178857639443557,0.931917520036578,0.029111614811194807,0.8907703646879207,0.06071790014340582,0.9444444444444445,0.027492869961410732,0.9865520282186949,0.012312664504987532,0.048830545196930496,0.01543957945288695,0.16256977121035257,0.04439967008419073,0.05896398058291846,0.013182044348990795,0.0666666666666666,3
breast_cancer_wisconsin,tabpfn_downsample,,0.1,0.1,majority_to_minority,0.9169973544973544,0.06258916961439284,0.8941798941798943,0.0563063403539491,0.970023055245159,0.032628138204268756,0.9134818266019636,0.06815914164924518,0.8784900284900287,0.11568205832099186,0.9126984126984127,0.059919320914847224,0.9745370370370371,0.03126880330688506,0.06387413665652274,0.03842892522059277,0.2214965720971425,0.09192381810036852,0.11217834661055724,0.027155542173827967,0.0909090909090909,3
breast_cancer_wisconsin,tabpfn_downsample,,0.1,0.1,minority_to_majority,0.9153439153439153,0.020817580338012166,0.9007936507936508,0.01818482418633271,0.9706640961291789,0.021499915757000682,0.9126777999104801,0.023078667913551988,0.8781350086228136,0.04409321229876904,0.9047619047619048,0.023809523809523864,0.9811507936507936,0.013115431226886083,0.054025227824846866,0.016641618862250244,0.17949207623799643,0.052342533476204274,0.06137703078096366,0.003523594393850747,0.10000000000000002,3
breast_cancer_wisconsin,tabpfn_downsample,,0.1,0.2,majority_to_minority,0.9011243386243386,0.053647922068669564,0.8591269841269842,0.08105832625323608,0.967405555644353,0.02358307740418705,0.8880004603122883,0.06455729699053932,0.8127399107791264,0.12095231245094944,0.9365079365079366,0.027492869961410763,0.9746472663139328,0.019328508043389602,0.08475677793224651,0.033388167229136546,0.28872134288152057,0.07771870887747644,0.14199980093460332,0.00845532394927992,0.2105263157894736,3
breast_cancer_wisconsin,tabpfn_downsample,,0.1,0.2,minority_to_majority,0.933531746031746,0.018849206349206393,0.8809523809523809,0.023809523809523836,0.9837500742225566,0.007337940546369367,0.9422297297297296,0.019256756756756727,0.9736842105263158,0.02631578947368418,0.8809523809523809,0.023809523809523836,0.9891975308641975,0.003945222700214607,0.04250870520869884,0.011846515327854915,0.15111250181992844,0.03299217378717794,0.04616524460888874,0.01944206279594124,0.20000000000000004,3
breast_cancer_wisconsin,tabpfn_downsample,,0.1,0.3,majority_to_minority,0.8935185185185185,0.024649001525905025,0.8425925925925926,0.05782405554072587,0.9604416423689828,0.009314992900184258,0.8760771198598173,0.0324140140859802,0.7813576494427559,0.05996501640339348,0.9444444444444445,0.013746434980705439,0.9672619047619048,0.009770692263686685,0.09510126461585355,0.01282665839658887,0.31152309974034625,0.02976677669501307,0.15698450409442355,0.021354811884580546,0.3023255813953488,3
breast_cancer_wisconsin,tabpfn_downsample,,0.1,0.3,minority_to_majority,0.8968253968253969,0.036572040855489686,0.8492063492063492,0.04956347617776505,0.9583423048338947,0.020826342907305593,0.901378488722503,0.0362898437524639,0.8989316239316238,0.044255536234449125,0.8492063492063492,0.04956347617776505,0.9684744268077602,0.01650901933374883,0.064575619995594,0.0182281710297442,0.21237423519293464,0.053316974908438855,0.05752820584225896,0.00963403808468196,0.3,3
breast_cancer_wisconsin,tabpfn_downsample,,0.2,0.0,clean,0.9669312169312169,0.015507108581604988,0.9523809523809524,0.023809523809523753,0.9928424965640014,0.0035408683590904618,0.9684572718899682,0.014511028806281256,0.967673248161053,0.014252311369879905,0.9523809523809524,0.023809523809523753,0.9947089947089948,0.0029392177305937635,0.022975930944085066,0.007204156134681619,0.08271514872709904,0.02464728006836555,0.03422010013811853,0.009777770358207349,0.0,3
breast_cancer_wisconsin,tabpfn_downsample,,0.2,0.05,majority_to_minority,0.9517195767195767,0.012244383982522236,0.9351851851851851,0.008018753738744782,0.9884146397892918,0.007908719118419819,0.9442871464207382,0.009492040720963468,0.8971989397521313,0.01056659879217275,0.9682539682539684,0.027492869961410732,0.9921737213403881,0.005437108666286791,0.04161008199055983,0.005708666106686429,0.15301912526289618,0.009567411471111306,0.07007622188338407,0.02636857994760517,0.047619047619047596,3
breast_cancer_wisconsin,tabpfn_downsample,,0.2,0.05,minority_to_majority,0.9206349206349206,0.032481558618541476,0.8941798941798941,0.04512889446886769,0.9747983229504382,0.010784293773297274,0.9215720151955153,0.036726030431535106,0.9104377104377104,0.08889654083991144,0.8968253968253969,0.049563476177765166,0.982363315696649,0.006682294782287346,0.053741352011760064,0.01635291532884845,0.18125935892264045,0.04885915112244231,0.05551910757125286,0.01775073030146956,0.05000000000000001,3
breast_cancer_wisconsin,tabpfn_downsample,,0.2,0.1,majority_to_minority,0.9513888888888888,0.03531244390983663,0.9417989417989417,0.03578769645097531,0.9816980477278946,0.016969717994985804,0.9500358127732188,0.03783278110192661,0.930937279774489,0.061140440385465705,0.9444444444444445,0.036369648372665396,0.9834656084656084,0.01591429816867197,0.04658777515093484,0.01211327734258666,0.18296073873837781,0.02821756691720688,0.09908882822645333,0.04060245261761803,0.10447761194029852,3
breast_cancer_wisconsin,tabpfn_downsample,,0.2,0.1,minority_to_majority,0.9464285714285715,0.030929478706587233,0.9206349206349206,0.013746434980705399,0.9790989257504612,0.02656844426188298,0.9497346657361007,0.037313110017191696,0.9545454545454546,0.0787295821622217,0.9206349206349206,0.013746434980705399,0.9861111111111112,0.017507726841202317,0.0419370339562495,0.025257742977357313,0.14176408698161438,0.07800373063394857,0.04705134562723203,0.017429639073061075,0.10000000000000002,3
breast_cancer_wisconsin,tabpfn_downsample,,0.2,0.2,majority_to_minority,0.923941798941799,0.041433746813310274,0.8776455026455027,0.08997383278137012,0.9776705301122822,0.008416056546102077,0.9093085691313253,0.054517451021883594,0.8345658234734121,0.10682446274410279,0.9682539682539683,0.013746434980705326,0.9831349206349206,0.00703829254424382,0.07423323641220723,0.02944701656886221,0.2514629413684209,0.06610390504616329,0.13429013089609074,0.028929007388744234,0.20000000000000004,3
breast_cancer_wisconsin,tabpfn_downsample,,0.2,0.2,minority_to_majority,0.9388227513227513,0.008553252087551299,0.9087301587301587,0.02478173808888256,0.9788666748077985,0.01650042326612649,0.937463188695531,0.013238541396286916,0.9195680206318504,0.07000814302148402,0.9285714285714285,0.04761904761904756,0.9855599647266313,0.010696784430298206,0.04896143699685727,0.012325211665686233,0.16732071340084068,0.05430099178646968,0.05146067537645103,0.007286081838269619,0.20000000000000004,3
breast_cancer_wisconsin,tabpfn_downsample,,0.2,0.3,majority_to_minority,0.9474206349206349,0.030270131552365766,0.9325396825396824,0.03826845540076569,0.9802506892969521,0.009054192065314383,0.9467928170145333,0.03257286022999074,0.9309523809523809,0.0571924388069729,0.9365079365079364,0.03636964837266535,0.9836860670194003,0.006001171776373904,0.07550317049026484,0.010728618340393634,0.27451613545417786,0.02760565425007831,0.16458572395015178,0.016542589027981128,0.3023255813953488,3
breast_cancer_wisconsin,tabpfn_downsample,,0.2,0.3,minority_to_majority,0.8991402116402117,0.023483493092038413,0.8492063492063492,0.0549857399228215,0.9620224807573449,0.015785627963107528,0.9041914075399742,0.018285679932814155,0.9071815718157182,0.008214333098226284,0.8492063492063492,0.0549857399228215,0.9760802469135804,0.008875339388624592,0.061011664569377864,0.01467366335950982,0.20016965766747788,0.04591638097042937,0.052621165069898466,0.011742396711626435,0.3,3
breast_cancer_wisconsin,tabpfn_downsample,,0.5,0.0,clean,0.9692460317460317,0.02120789516511109,0.9477513227513228,0.040871731628254984,0.9968628976041259,0.0016766984711886093,0.9714697391167979,0.016590609286933074,0.976375046142488,0.023811669875038962,0.9523809523809524,0.0476190476190476,0.9980158730158729,0.0011923119297169286,0.019818976521491966,0.002466930817769181,0.06962102775772407,0.012713339138462244,0.039423301192381736,0.013051252341449908,0.0,3
breast_cancer_wisconsin,tabpfn_downsample,,0.5,0.05,minority_to_majority,0.9527116402116401,0.014353528051726619,0.9285714285714285,0.023809523809523836,0.9930061054682064,0.0036416675262252785,0.9557214213191982,0.014405221606714098,0.9595133863426547,0.026803818324571765,0.9285714285714285,0.023809523809523836,0.9951499118165786,0.0028510840291838713,0.0263456801573435,0.004420534300917359,0.0990770409504572,0.015877271166635912,0.04901956927782867,0.0057869108287933405,0.05333333333333331,3
breast_cancer_wisconsin,tabpfn_downsample,,0.5,0.1,minority_to_majority,0.974867724867725,0.005090874443895862,0.9543650793650794,0.0034366087451763315,0.9946739885595463,0.00046198085291582273,0.9748862563515894,0.005263038336841977,0.9696476964769647,0.0337308571978355,0.9682539682539684,0.027492869961410732,0.9964726631393299,0.0006883816135800064,0.0259361031154791,0.004197562335158486,0.10762103398640947,0.017030912455699106,0.0644644137079778,0.019222902984708263,0.10000000000000002,3
breast_cancer_wisconsin,tabpfn_downsample,,0.5,0.2,minority_to_majority,0.955026455026455,0.015507108581604884,0.9285714285714285,0.023809523809523836,0.9888209190095676,0.005265474113567769,0.958786899386201,0.01461080243412242,0.9668699186991869,0.014612958917088427,0.9285714285714285,0.023809523809523836,0.9925044091710756,0.003642573113284534,0.039608368029197004,0.006364749696816224,0.15594286223252615,0.01930034994361803,0.08388490944131333,0.015714214394670998,0.20000000000000004,3
breast_cancer_wisconsin,tabpfn_downsample,,0.5,0.3,minority_to_majority,0.955026455026455,0.008018753738744893,0.9285714285714285,0.0,0.9918202650343848,0.004209930346532567,0.9588512257909058,0.010761382406008277,0.9674796747967479,0.028163427765347526,0.9285714285714285,0.0,0.9949294532627867,0.0022018280815077193,0.04176937788724894,0.010796705957133886,0.16430541376272834,0.039290870308437274,0.0978896353306651,0.023057832500633636,0.3,3
breast_cancer_wisconsin,tabpfn_none,,0.05,0.0,clean,0.8650793650793651,0.0687321749035269,0.7301587301587302,0.13746434980705377,0.9864255241759476,0.002429297883470385,0.8833953570795675,0.06522431270749354,1.0,0.0,0.7301587301587302,0.13746434980705377,0.9908509700176366,0.0006883816135801153,0.08177888269225751,0.04413302692009163,0.33533981442451477,0.21319547612540152,0.10012123240185189,0.039417425039633705,0.0,3
breast_cancer_wisconsin,tabpfn_none,,0.05,0.05,majority_to_minority,0.9206349206349206,0.034366087451763394,0.8412698412698413,0.0687321749035269,0.9932527868036806,0.0034378475822664564,0.9343722379148426,0.029797628741246748,1.0,0.0,0.8412698412698413,0.0687321749035269,0.9952601410934746,0.002672917912914891,0.0453219227492809,0.01634947678253965,0.15725839386383691,0.04242687799451529,0.06736687934080583,0.020274461156196383,0.0625,3
breast_cancer_wisconsin,tabpfn_none,,0.05,0.05,minority_to_majority,0.8888888888888888,0.006873217490352664,0.7777777777777777,0.01374643498070539,0.9879285192029951,0.00887934473348469,0.9070471235177117,0.006133385512015472,1.0,0.0,0.7777777777777777,0.01374643498070539,0.9911816578483247,0.0078278310306795,0.06479061146577196,0.004726242882423779,0.24126058816909787,0.050881111274323966,0.08526103997368863,0.003050624506014649,0.0666666666666666,3
breast_cancer_wisconsin,tabpfn_none,,0.05,0.1,majority_to_minority,0.8968253968253969,0.01374643498070539,0.7936507936507936,0.027492869961410787,0.9897772233799792,0.002142404678116081,0.9140233877075982,0.012175007523968797,1.0,0.0,0.7936507936507936,0.027492869961410787,0.9931657848324517,0.0016644255809680343,0.0559780783951282,0.004804994240388929,0.18181147674719486,0.014366345983591374,0.0777441730548502,0.008761188436299151,0.1176470588235294,3
breast_cancer_wisconsin,tabpfn_none,,0.05,0.1,minority_to_majority,0.7857142857142857,0.06299407883487117,0.5714285714285714,0.12598815766974245,0.991840048968944,0.004535479861067126,0.8055401907598482,0.06767104053645935,1.0,0.0,0.5714285714285714,0.12598815766974245,0.9952601410934744,0.002481995204849685,0.1077034100890159,0.03780565668959613,0.3635290265083313,0.16331672601678077,0.1568819471452472,0.03670318159186405,0.1333333333333333,3
breast_cancer_wisconsin,tabpfn_none,,0.05,0.2,majority_to_minority,0.9007936507936507,0.03436608745176334,0.8015873015873015,0.06873217490352689,0.9902702768467112,0.010451786963045209,0.9171685689398713,0.029797628741246775,1.0,0.0,0.8015873015873015,0.06873217490352689,0.9937169312169312,0.00643780500460703,0.0549958869814872,0.017628635987065173,0.1790168583393096,0.05096352993535706,0.0730334056748284,0.01944099836551274,0.2105263157894736,3
breast_cancer_wisconsin,tabpfn_none,,0.05,0.2,minority_to_majority,0.7857142857142857,0.04761904761904756,0.5714285714285714,0.09523809523809527,0.9817436377916423,0.00618037033498655,0.80669753184426,0.049704747047558284,1.0,0.0,0.5714285714285714,0.09523809523809527,0.9869929453262788,0.005536758533895175,0.11466530462106063,0.018016073048787405,0.3906806409358978,0.06317364175065263,0.15890882725211955,0.03110174468657519,0.20000000000000004,3
breast_cancer_wisconsin,tabpfn_none,,0.05,0.3,majority_to_minority,0.9166666666666666,0.0206196524710581,0.8333333333333334,0.04123930494211609,0.9933316472718055,0.008664561631727909,0.9312217194570135,0.01786912145365182,1.0,0.0,0.8333333333333334,0.04123930494211609,0.9937169312169312,0.008953033313942486,0.040486497183640766,0.0048217905195951935,0.14009515692790345,0.013753525309676315,0.06757796503472743,0.024526674300823295,0.2857142857142857,3
breast_cancer_wisconsin,tabpfn_none,,0.05,0.3,minority_to_majority,0.7857142857142857,0.04761904761904759,0.5714285714285714,0.09523809523809529,0.9781245641882216,0.005294379590394992,0.80669753184426,0.049704747047558326,1.0,0.0,0.5714285714285714,0.09523809523809529,0.9828042328042327,0.0043243045074808336,0.12869829436143235,0.031211818851396532,0.47584254542986554,0.09073716977536014,0.17331869225153881,0.029983882855638855,0.2666666666666666,3
breast_cancer_wisconsin,tabpfn_none,,0.1,0.0,clean,0.9285714285714285,0.0,0.8571428571428571,0.0,0.990707493041944,0.0032968706228475755,0.9415384615384615,0.0,1.0,0.0,0.8571428571428571,0.0,0.9937169312169313,0.0024966383714520026,0.04011548807223633,0.004761794335465497,0.17047025760014853,0.02703024724704518,0.0504932216830192,0.0053395157558105664,0.0,3
breast_cancer_wisconsin,tabpfn_none,,0.1,0.05,majority_to_minority,0.9421296296296297,0.0028638406209803968,0.8888888888888888,0.013746434980705399,0.9907999540288744,0.007412579849167775,0.9517602711758917,0.00031932831058782837,0.9914529914529915,0.0148038530561442,0.8888888888888888,0.013746434980705399,0.9930555555555555,0.005952380952380959,0.03676362521946423,0.009114754870356295,0.12997302412986753,0.03963427931052311,0.0496869703389878,0.012916842755771301,0.0625,3
breast_cancer_wisconsin,tabpfn_none,,0.1,0.05,minority_to_majority,0.9024470899470899,0.02735530007623487,0.8095238095238094,0.047619047619047644,0.987155305543627,0.00974558541140587,0.9177700157885916,0.025568286120159413,0.98989898989899,0.01749546270271598,0.8095238095238094,0.047619047619047644,0.9905202821869489,0.007938804047632683,0.05054354170958197,0.015075920760608569,0.17904793222745252,0.06730533594232638,0.07054786192803307,0.012681582332249253,0.0666666666666666,3
breast_cancer_wisconsin,tabpfn_none,,0.1,0.1,majority_to_minority,0.9365079365079366,0.024781738088882524,0.873015873015873,0.04956347617776505,0.9921996831747805,0.005898111659125043,0.9480608359952415,0.020739408927674268,1.0,0.0,0.873015873015873,0.04956347617776505,0.9942680776014109,0.004633564717148038,0.038208893810709264,0.011334703136760249,0.13237159202496207,0.032213827102246684,0.049725193693711,0.008374384165069812,0.0909090909090909,3
breast_cancer_wisconsin,tabpfn_none,,0.1,0.1,minority_to_majority,0.888888888888889,0.036369648372665396,0.7777777777777777,0.0727392967453308,0.9907339234943965,0.004060514432669385,0.9065694965694965,0.032179081714832414,1.0,0.0,0.7777777777777777,0.0727392967453308,0.9934964726631393,0.003125539435352379,0.0572985596954822,0.004531964681421733,0.2070670574903488,0.027726521798014596,0.09279419256140042,0.005855517431171554,0.10000000000000002,3
breast_cancer_wisconsin,tabpfn_none,,0.1,0.2,majority_to_minority,0.9365079365079364,0.03636964837266535,0.873015873015873,0.07273929674533083,0.9947511240494293,0.006731831832368277,0.9478488853658987,0.030445958422750035,1.0,0.0,0.873015873015873,0.07273929674533083,0.996141975308642,0.005252977318096865,0.0359322894364595,0.013968106796795342,0.12609403828779853,0.03861982870770476,0.0579004423877997,0.030620468352818963,0.2105263157894736,3
breast_cancer_wisconsin,tabpfn_none,,0.1,0.2,minority_to_majority,0.8174603174603176,0.0363696483726654,0.6349206349206349,0.07273929674533078,0.9871329027702523,0.005170425522772676,0.8395462924874689,0.0356112804534899,1.0,0.0,0.6349206349206349,0.07273929674533078,0.9910714285714285,0.003154560851246478,0.09372826665639873,0.017851670689126638,0.3157805899779001,0.044443821879689885,0.14825778026052075,0.014863852707365212,0.20000000000000004,3
breast_cancer_wisconsin,tabpfn_none,,0.1,0.3,majority_to_minority,0.9444444444444443,0.0068732174903528,0.8888888888888888,0.013746434980705399,0.9877763382104915,0.00311437637036476,0.9548794334220382,0.005721875797964028,1.0,0.0,0.8888888888888888,0.013746434980705399,0.9883156966490301,0.005345835825829868,0.03176708084841563,0.005740307741676751,0.1253965670863787,0.0172466018960832,0.052540208784895966,0.010926697787462324,0.3023255813953488,3
breast_cancer_wisconsin,tabpfn_none,,0.1,0.3,minority_to_majority,0.7976190476190476,0.011904761904761932,0.5952380952380952,0.023809523809523836,0.981906305454722,0.011221182414448859,0.820257682186529,0.012136272369378151,1.0,0.0,0.5952380952380952,0.023809523809523836,0.9871031746031745,0.008267195767195729,0.1128943488001823,0.010802696473404328,0.37032395601272583,0.051674110255918525,0.16422124783513922,0.003459111746146176,0.3,3
breast_cancer_wisconsin,tabpfn_none,,0.2,0.0,clean,0.9484126984126985,0.018184824186332767,0.8968253968253969,0.03636964837266548,0.9953855929655551,0.0030595732202804357,0.9581007826245921,0.015155802715042441,1.0,0.0,0.8968253968253969,0.03636964837266548,0.9969135802469138,0.0021001497887188185,0.025926974912484465,0.008430233372280025,0.09318435812989863,0.030016433695389737,0.03882548641597256,0.010852430164010073,0.0,3
breast_cancer_wisconsin,tabpfn_none,,0.2,0.05,majority_to_minority,0.9603174603174603,0.018184824186332788,0.9206349206349206,0.0363696483726654,0.9981363228871535,0.0017239539721847236,0.9679362899063099,0.014972084348367035,1.0,0.0,0.9206349206349206,0.0363696483726654,0.9987874779541447,0.0011613374948029418,0.0205714373538891,0.002068379239495075,0.07747408250967656,0.004038443639063476,0.0379444458930377,0.01485646833509752,0.047619047619047596,3
breast_cancer_wisconsin,tabpfn_none,,0.2,0.05,minority_to_majority,0.9246031746031745,0.01818482418633265,0.8492063492063492,0.036369648372665375,0.9880277274449772,0.007261441429699031,0.9380556666690744,0.015556830622026304,1.0,0.0,0.8492063492063492,0.036369648372665375,0.9916225749559082,0.004818671295060449,0.04213811705509817,0.013371184329727096,0.15753083676099777,0.0471308125617505,0.0626373364241543,0.010483954040454687,0.05000000000000001,3
breast_cancer_wisconsin,tabpfn_none,,0.2,0.1,majority_to_minority,0.9642857142857144,0.011904761904761862,0.9285714285714285,0.023809523809523836,0.9904661245395622,0.006654391017534527,0.971239816438534,0.009734592660451376,1.0,0.0,0.9285714285714285,0.023809523809523836,0.9916225749559082,0.0061005705917203164,0.02416138164699073,0.00833559561887918,0.09761643906434374,0.02862879677208416,0.03587492348419293,0.016403038979736214,0.10447761194029852,3
breast_cancer_wisconsin,tabpfn_none,,0.2,0.1,minority_to_majority,0.8865740740740741,0.017866326268836132,0.7777777777777778,0.0363696483726654,0.9858916105699214,0.010106840855588403,0.9038473614438217,0.016089555539228067,0.9901960784313726,0.01698089027028312,0.7777777777777778,0.0363696483726654,0.990299823633157,0.007186915040874386,0.0618885643780231,0.00813561831109624,0.207783689101537,0.023369329463552847,0.08855663140288039,0.011298102189712524,0.10000000000000002,3
breast_cancer_wisconsin,tabpfn_none,,0.2,0.2,majority_to_minority,0.9391534391534391,0.01195974955028112,0.8968253968253969,0.027492869961410787,0.9923531696871416,0.0054559955986742854,0.9457315484330082,0.011055410681652788,0.966645820304357,0.028912634475857037,0.8968253968253969,0.027492869961410787,0.9943783068783069,0.00493822239519454,0.03125220164656633,0.0027240010882267655,0.12214927623669299,0.008038240779908128,0.06423639394996454,0.005700174120847343,0.20000000000000004,3
breast_cancer_wisconsin,tabpfn_none,,0.2,0.2,minority_to_majority,0.8650793650793651,0.05625970983634056,0.7301587301587302,0.11251941967268107,0.9828351128687771,0.009125012626433254,0.8842408094612653,0.050926798348542565,1.0,0.0,0.7301587301587302,0.11251941967268107,0.9867724867724869,0.00725255033050969,0.07597563788294787,0.021404371865804094,0.26459868252277374,0.06032181908993015,0.12241428598151564,0.0181344037677127,0.20000000000000004,3
breast_cancer_wisconsin,tabpfn_none,,0.2,0.3,majority_to_minority,0.9437830687830688,0.018435661196780986,0.8968253968253969,0.03636964837266548,0.9869250115022128,0.006423100750299038,0.9518941834427173,0.01679948974501084,0.9833333333333334,0.028867513459481322,0.8968253968253969,0.03636964837266548,0.9879850088183421,0.007665493232237246,0.036680105452736166,0.007493879504673498,0.15297176937262216,0.020630915511903616,0.09158579669674931,0.006001192387683435,0.3023255813953488,3
breast_cancer_wisconsin,tabpfn_none,,0.2,0.3,minority_to_majority,0.8214285714285715,0.023809523809523753,0.6428571428571429,0.04761904761904759,0.9870675134403489,0.005121105170717791,0.8438410880492141,0.023356449132885225,1.0,0.0,0.6428571428571429,0.04761904761904759,0.9915123456790123,0.0036275314532415834,0.1029050971070925,0.014653992039442206,0.3323106865088144,0.043505246705503736,0.16391364391893143,0.021655346343617234,0.3,3
breast_cancer_wisconsin,tabpfn_none,,0.5,0.0,clean,0.9732142857142857,0.020355441000677765,0.9543650793650794,0.043515301983058155,0.9967321786498777,0.0018869438280808852,0.9746570202452555,0.014766860454977196,0.9767441860465116,0.023255813953488413,0.9603174603174603,0.04956347617776505,0.997905643738977,0.0013767632271601017,0.019680035610993667,0.002509596053186784,0.06980331117908156,0.013561534057043684,0.03665007233118623,0.013834735266739548,0.0,3
breast_cancer_wisconsin,tabpfn_none,,0.5,0.05,majority_to_minority,0.9623015873015873,0.004960317460317387,0.9464285714285715,0.01574851970871786,0.9939838263568036,0.0021570094810310658,0.9622907974221399,0.00037439315021213504,0.9530663780663781,0.021599067379162052,0.9523809523809524,0.023809523809523836,0.9959215167548502,0.0019092270806536325,0.025820406153798065,0.004925174258149453,0.10381915420293807,0.021248319805562084,0.05124964999655877,0.015107112501184617,0.050632911392405,3
breast_cancer_wisconsin,tabpfn_none,,0.5,0.05,minority_to_majority,0.9527116402116403,0.006378075900127567,0.9285714285714285,0.023809523809523808,0.9927810175375033,0.0033735934162344916,0.9557152811734073,0.00538793689772987,0.9598638441661698,0.025663447978833714,0.9285714285714285,0.023809523809523808,0.9950396825396824,0.002706796551545144,0.0271708319584528,0.004929981120356233,0.10147594163815177,0.016483142166200945,0.04879772984041494,0.003558487345266867,0.05333333333333331,3
breast_cancer_wisconsin,tabpfn_none,,0.5,0.1,majority_to_minority,0.9517195767195767,0.01557044625263691,0.923941798941799,0.02558934143141948,0.9926825900783768,0.004441656745869299,0.9445490775848694,0.023833391684947067,0.9007056160987141,0.06550224438557946,0.9682539682539683,0.013746434980705328,0.9951499118165786,0.003054763329045575,0.038606835529208135,0.013561829141111623,0.15066271026929215,0.034651689429124596,0.09858108774829673,0.01059203596601239,0.1017964071856287,3
breast_cancer_wisconsin,tabpfn_none,,0.5,0.1,minority_to_majority,0.9659391534391535,0.014456013885181394,0.9365079365079364,0.036369648372665354,0.9954504812518751,0.0014789142299595204,0.9713048933287028,0.00983218241193846,0.9920634920634921,0.013746434980705408,0.9365079365079364,0.036369648372665354,0.9969135802469135,0.001376763227160186,0.027202586953838603,0.0025682345678703705,0.1117924352486928,0.010869147025150523,0.06800915318274353,0.021594819354481296,0.10000000000000002,3
breast_cancer_wisconsin,tabpfn_none,,0.5,0.2,majority_to_minority,0.9487433862433862,0.008260579362960799,0.9193121693121693,0.02863840620980288,0.9918721794866098,0.002719604775667161,0.9385555941345887,0.013452443408285573,0.8805140273163529,0.04308321782143732,0.9761904761904763,0.023809523809523753,0.9949294532627867,0.0016312443327765565,0.07171733429034546,0.0038941672372448223,0.2566668887933095,0.0066967037576513,0.170517061384972,0.004022783162173336,0.202127659574468,3
breast_cancer_wisconsin,tabpfn_none,,0.5,0.2,minority_to_majority,0.9484126984126983,0.013746434980705487,0.8968253968253969,0.027492869961410787,0.9911673978208438,0.0027804973281617563,0.9581430712094855,0.011374662263324526,1.0,0.0,0.8968253968253969,0.027492869961410787,0.9939373897707231,0.00199329159171359,0.04361839219927783,0.006405153219604121,0.17015479505062095,0.019913684961249834,0.09554668378673097,0.012413435672100116,0.20000000000000004,3
breast_cancer_wisconsin,tabpfn_none,,0.5,0.3,majority_to_minority,0.8948412698412698,0.03380302586785872,0.8055555555555557,0.06364688465216443,0.9869854874007525,0.009542790430151068,0.8686955164575437,0.040792391624636194,0.7502970885323826,0.06139082030778004,0.9841269841269842,0.013746434980705439,0.9891975308641975,0.009118433358744878,0.1528175870577494,0.006915799015360622,0.4469030499458313,0.02280556402787122,0.29505443755994765,0.013331181440524302,0.2990654205607476,3
breast_cancer_wisconsin,tabpfn_none,,0.5,0.3,minority_to_majority,0.9262566137566138,0.01550710858160482,0.8571428571428571,0.023809523809523808,0.9933474035601529,0.0023716665580160857,0.9383885501598526,0.01501223914790311,0.9907407407407408,0.016037507477489596,0.8571428571428571,0.023809523809523808,0.9957010582010583,0.0011923119297169748,0.0578731807569662,0.004084225191742178,0.2031798710425695,0.012048097003952108,0.1280768080423885,0.007751329390923237,0.3,3
breast_cancer_wisconsin,tabpfn_threshold,observed,0.05,0.0,clean,0.9265873015873015,0.05595273274683949,0.880952380952381,0.1237179148263484,0.9864255241759476,0.002429297883470385,0.931788395023689,0.045121421995649856,0.9504545035068291,0.019330849329945065,0.880952380952381,0.1237179148263484,0.9908509700176366,0.0006883816135801153,0.08177888269225751,0.04413302692009163,0.33533981442451477,0.21319547612540152,0.10012123240185189,0.039417425039633705,0.0,3
breast_cancer_wisconsin,tabpfn_threshold,observed,0.05,0.05,majority_to_minority,0.9609788359788359,0.019849535315421864,0.9503968253968255,0.02339251214791977,0.9932527868036806,0.0034378475822664564,0.9565440283066842,0.023248305743612065,0.9253968253968253,0.04537017754906804,0.9682539682539683,0.013746434980705326,0.9952601410934746,0.002672917912914891,0.0453219227492809,0.01634947678253965,0.15725839386383691,0.04242687799451529,0.06736687934080583,0.020274461156196383,0.0625,3
breast_cancer_wisconsin,tabpfn_threshold,observed,0.05,0.05,minority_to_majority,0.9583333333333334,0.008476194191783309,0.9384920634920636,0.017183043725881683,0.9879285192029951,0.00887934473348469,0.9590696479089257,0.005582411248338817,0.9526792313377679,0.021627885711586727,0.9444444444444445,0.027492869961410676,0.9911816578483247,0.0078278310306795,0.06479061146577196,0.004726242882423779,0.24126058816909787,0.050881111274323966,0.08526103997368863,0.003050624506014649,0.0666666666666666,3
breast_cancer_wisconsin,tabpfn_threshold,observed,0.05,0.1,majority_to_minority,0.9494047619047619,0.0165707272703274,0.9305555555555555,0.024056261216234456,0.9897772233799792,0.002142404678116081,0.9413760020555156,0.019036940100302983,0.8912412749138005,0.03516801779317475,0.9682539682539683,0.013746434980705328,0.9931657848324517,0.0016644255809680343,0.0559780783951282,0.004804994240388929,0.18181147674719486,0.014366345983591374,0.0777441730548502,0.008761188436299151,0.1176470588235294,3
breast_cancer_wisconsin,tabpfn_threshold,observed,0.05,0.1,minority_to_majority,0.9384920634920634,0.0502830392756913,0.8955026455026456,0.09755234956345125,0.991840048968944,0.004535479861067126,0.9420326699760647,0.04002591329290078,0.9512350394703336,0.021203116463627294,0.9047619047619048,0.10910894511799621,0.9952601410934744,0.002481995204849685,0.1077034100890159,0.03780565668959613,0.3635290265083313,0.16331672601678077,0.1568819471452472,0.03670318159186405,0.1333333333333333,3
breast_cancer_wisconsin,tabpfn_threshold,observed,0.05,0.2,majority_to_minority,0.9632936507936508,0.030929478706586987,0.9517195767195767,0.042384841190508206,0.9902702768467112,0.010451786963045209,0.9597885629431179,0.037000468948702424,0.9344815940560621,0.07224190298370696,0.9682539682539683,0.013746434980705328,0.9937169312169312,0.00643780500460703,0.0549958869814872,0.017628635987065173,0.1790168583393096,0.05096352993535706,0.0730334056748284,0.01944099836551274,0.2105263157894736,3
breast_cancer_wisconsin,tabpfn_threshold,observed,0.05,0.2,minority_to_majority,0.9520502645502645,0.019347357772896905,0.9351851851851851,0.034213008350205125,0.9817436377916423,0.00618037033498655,0.9527275001934009,0.016574789159257225,0.9440199335548173,0.01349201299403404,0.9365079365079364,0.03636964837266535,0.9869929453262788,0.005536758533895175,0.11466530462106063,0.018016073048787405,0.3906806409358978,0.06317364175065263,0.15890882725211955,0.03110174468657519,0.20000000000000004,3
breast_cancer_wisconsin,tabpfn_threshold,observed,0.05,0.3,majority_to_minority,0.9603174603174603,0.016923335425825345,0.9444444444444445,0.024056261216234394,0.9933316472718055,0.008664561631727909,0.9535784504809289,0.01846043813451043,0.9119980940861693,0.03600932081813599,0.9761904761904763,0.023809523809523794,0.9937169312169312,0.008953033313942486,0.040486497183640766,0.0048217905195951935,0.14009515692790345,0.013753525309676315,0.06757796503472743,0.024526674300823295,0.2857142857142857,3
breast_cancer_wisconsin,tabpfn_threshold,observed,0.05,0.3,minority_to_majority,0.92989417989418,0.007511783526190831,0.8968253968253969,0.013746434980705408,0.9781245641882216,0.005294379590394992,0.9334834877304342,0.009142136583363417,0.9344932844932844,0.025756108390459078,0.8968253968253969,0.013746434980705408,0.9828042328042327,0.0043243045074808336,0.12869829436143235,0.031211818851396532,0.47584254542986554,0.09073716977536014,0.17331869225153881,0.029983882855638855,0.2666666666666666,3
breast_cancer_wisconsin,tabpfn_threshold,observed,0.1,0.0,clean,0.9566798941798943,0.005979874775140575,0.9365079365079366,0.013746434980705408,0.990707493041944,0.0032968706228475755,0.9589502840080354,0.005469963274147109,0.9595334881920249,0.013406974918153299,0.9365079365079366,0.013746434980705408,0.9937169312169313,0.0024966383714520026,0.04011548807223633,0.004761794335465497,0.17047025760014853,0.02703024724704518,0.0504932216830192,0.0053395157558105664,0.0,3
breast_cancer_wisconsin,tabpfn_threshold,observed,0.1,0.05,majority_to_minority,0.9662698412698413,0.013346849253049296,0.9603174603174603,0.013746434980705328,0.9907999540288744,0.007412579849167775,0.9655193662546603,0.014296752979248845,0.9529346622369879,0.02298396188318641,0.9603174603174603,0.013746434980705328,0.9930555555555555,0.005952380952380959,0.03676362521946423,0.009114754870356295,0.12997302412986753,0.03963427931052311,0.0496869703389878,0.012916842755771301,0.0625,3
breast_cancer_wisconsin,tabpfn_threshold,observed,0.1,0.05,minority_to_majority,0.9513888888888888,0.0035769357891507706,0.9417989417989419,0.012123216124221792,0.987155305543627,0.00974558541140587,0.9499111250266439,0.005133587963352598,0.9301809931418553,0.021064348888342445,0.9444444444444445,0.01374643498070539,0.9905202821869489,0.007938804047632683,0.05054354170958197,0.015075920760608569,0.17904793222745252,0.06730533594232638,0.07054786192803307,0.012681582332249253,0.0666666666666666,3
breast_cancer_wisconsin,tabpfn_threshold,observed,0.1,0.1,majority_to_minority,0.9692460317460316,0.02311742102724418,0.9523809523809524,0.023809523809523753,0.9921996831747805,0.005898111659125043,0.9716451905616856,0.02488035351939774,0.9761904761904763,0.04123930494211611,0.9523809523809524,0.023809523809523753,0.9942680776014109,0.004633564717148038,0.038208893810709264,0.011334703136760249,0.13237159202496207,0.032213827102246684,0.049725193693711,0.008374384165069812,0.0909090909090909,3
breast_cancer_wisconsin,tabpfn_threshold,observed,0.1,0.1,minority_to_majority,0.9613095238095237,0.0097706922636866,0.9365079365079366,0.013746434980705408,0.9907339234943965,0.004060514432669385,0.9651661406226465,0.010850642976087083,0.975609756097561,0.02439024390243902,0.9365079365079366,0.013746434980705408,0.9934964726631393,0.003125539435352379,0.0572985596954822,0.004531964681421733,0.2070670574903488,0.027726521798014596,0.09279419256140042,0.005855517431171554,0.10000000000000002,3
breast_cancer_wisconsin,tabpfn_threshold,observed,0.1,0.2,majority_to_minority,0.9639550264550264,0.02717481448948635,0.9484126984126985,0.029959660457423622,0.9947511240494293,0.006731831832368277,0.9626948456611938,0.03318191954770594,0.9483916578296218,0.06934642588869896,0.9603174603174603,0.013746434980705328,0.996141975308642,0.005252977318096865,0.0359322894364595,0.013968106796795342,0.12609403828779853,0.03861982870770476,0.0579004423877997,0.030620468352818963,0.2105263157894736,3
breast_cancer_wisconsin,tabpfn_threshold,observed,0.1,0.2,minority_to_majority,0.9447751322751324,0.01724973724304887,0.9126984126984127,0.013746434980705439,0.9871329027702523,0.005170425522772676,0.9492791610188042,0.019595387659134024,0.9589430894308943,0.03739616465725824,0.9126984126984127,0.013746434980705439,0.9910714285714285,0.003154560851246478,0.09372826665639873,0.017851670689126638,0.3157805899779001,0.044443821879689885,0.14825778026052075,0.014863852707365212,0.20000000000000004,3
breast_cancer_wisconsin,tabpfn_threshold,observed,0.1,0.3,majority_to_minority,0.9609788359788359,0.018030827883883056,0.9484126984126985,0.029959660457423605,0.9877763382104915,0.00311437637036476,0.9565836042168855,0.023026085129290528,0.926254486620642,0.05203918759169388,0.9682539682539683,0.013746434980705328,0.9883156966490301,0.005345835825829868,0.03176708084841563,0.005740307741676751,0.1253965670863787,0.0172466018960832,0.052540208784895966,0.010926697787462324,0.3023255813953488,3
breast_cancer_wisconsin,tabpfn_threshold,observed,0.1,0.3,minority_to_majority,0.9447751322751322,0.022629777924504723,0.9126984126984127,0.036369648372665424,0.981906305454722,0.011221182414448859,0.9492539882500517,0.023575765860958768,0.9601238869531552,0.04947153528558995,0.9126984126984127,0.036369648372665424,0.9871031746031745,0.008267195767195729,0.1128943488001823,0.010802696473404328,0.37032395601272583,0.051674110255918525,0.16422124783513922,0.003459111746146176,0.3,3
breast_cancer_wisconsin,tabpfn_threshold,observed,0.2,0.0,clean,0.9748677248677248,0.005979874775140583,0.9669312169312169,0.012756151800255182,0.9953855929655551,0.0030595732202804357,0.97486570253164,0.005444855782951276,0.9684295347936868,0.012942683882887466,0.9682539682539683,0.013746434980705328,0.9969135802469138,0.0021001497887188185,0.025926974912484465,0.008430233372280025,0.09318435812989863,0.030016433695389737,0.03882548641597256,0.010852430164010073,0.0,3
breast_cancer_wisconsin,tabpfn_threshold,observed,0.2,0.05,majority_to_minority,0.9834656084656084,0.012561785656893249,0.9715608465608465,0.01733510902391685,0.9981363228871535,0.0017239539721847236,0.9842438848572918,0.010964848719451485,0.9841179807146908,0.013765922971652418,0.9761904761904763,0.023809523809523794,0.9987874779541447,0.0011613374948029418,0.0205714373538891,0.002068379239495075,0.07747408250967656,0.004038443639063476,0.0379444458930377,0.01485646833509752,0.047619047619047596,3
breast_cancer_wisconsin,tabpfn_threshold,observed,0.2,0.05,minority_to_majority,0.958994708994709,0.024022143682095133,0.9365079365079366,0.027492869961410787,0.9880277274449772,0.007261441429699031,0.9620772801680587,0.025023898885727574,0.9674796747967479,0.037256712967120645,0.9365079365079366,0.027492869961410787,0.9916225749559082,0.004818671295060449,0.04213811705509817,0.013371184329727096,0.15753083676099777,0.0471308125617505,0.0626373364241543,0.010483954040454687,0.05000000000000001,3
breast_cancer_wisconsin,tabpfn_threshold,observed,0.2,0.1,majority_to_minority,0.9616402116402116,0.017644605253907507,0.9517195767195767,0.020841205365858092,0.9904661245395622,0.006654391017534527,0.9594645779503982,0.021232945052590314,0.9393290056931577,0.04506099138934102,0.9603174603174603,0.013746434980705326,0.9916225749559082,0.0061005705917203164,0.02416138164699073,0.00833559561887918,0.09761643906434374,0.02862879677208416,0.03587492348419293,0.016403038979736214,0.10447761194029852,3
breast_cancer_wisconsin,tabpfn_threshold,observed,0.2,0.1,minority_to_majority,0.9457671957671958,0.020046884346862127,0.9246031746031745,0.006873217490352736,0.9858916105699214,0.010106840855588403,0.9467277401243646,0.026298395699237524,0.9388888888888888,0.06254627916220944,0.9285714285714285,0.0,0.990299823633157,0.007186915040874386,0.0618885643780231,0.00813561831109624,0.207783689101537,0.023369329463552847,0.08855663140288039,0.011298102189712524,0.10000000000000002,3
breast_cancer_wisconsin,tabpfn_threshold,observed,0.2,0.2,majority_to_minority,0.9632936507936507,0.014814667185583436,0.9470899470899471,0.028153170176974576,0.9923531696871416,0.0054559955986742854,0.9596468717107965,0.020917209992003288,0.933812851240833,0.054373552849458856,0.9682539682539683,0.013746434980705326,0.9943783068783069,0.00493822239519454,0.03125220164656633,0.0027240010882267655,0.12214927623669299,0.008038240779908128,0.06423639394996454,0.005700174120847343,0.20000000000000004,3
breast_cancer_wisconsin,tabpfn_threshold,observed,0.2,0.2,minority_to_majority,0.9384920634920634,0.029811466669279203,0.8988095238095237,0.052905919150688076,0.9828351128687771,0.009125012626433254,0.942689261813519,0.025598047446706414,0.9516317016317016,0.04211557451084998,0.9047619047619048,0.06299407883487122,0.9867724867724869,0.00725255033050969,0.07597563788294787,0.021404371865804094,0.26459868252277374,0.06032181908993015,0.12241428598151564,0.0181344037677127,0.20000000000000004,3
breast_cancer_wisconsin,tabpfn_threshold,observed,0.2,0.3,majority_to_minority,0.9632936507936508,0.02700527299368284,0.9503968253968255,0.030545246663374326,0.9869250115022128,0.006423100750299038,0.9597204442435575,0.032377016560729346,0.9337944664031621,0.06523984521835598,0.9682539682539683,0.013746434980705328,0.9879850088183421,0.007665493232237246,0.036680105452736166,0.007493879504673498,0.15297176937262216,0.020630915511903616,0.09158579669674931,0.006001192387683435,0.3023255813953488,3
breast_cancer_wisconsin,tabpfn_threshold,observed,0.2,0.3,minority_to_majority,0.9249338624338627,0.028083166330108704,0.873015873015873,0.04956347617776508,0.9870675134403489,0.005121105170717791,0.9325982025194474,0.02571621939174201,0.9567663817663817,0.029208966644460915,0.873015873015873,0.04956347617776508,0.9915123456790123,0.0036275314532415834,0.1029050971070925,0.014653992039442206,0.3323106865088144,0.043505246705503736,0.16391364391893143,0.021655346343617234,0.3,3
breast_cancer_wisconsin,tabpfn_threshold,observed,0.5,0.0,clean,0.9732142857142857,0.020355441000677765,0.9543650793650794,0.043515301983058155,0.9967321786498777,0.0018869438280808852,0.9746570202452555,0.014766860454977196,0.9767441860465116,0.023255813953488413,0.9603174603174603,0.04956347617776505,0.997905643738977,0.0013767632271601017,0.019680035610993667,0.002509596053186784,0.06980331117908156,0.013561534057043684,0.03665007233118623,0.013834735266739548,0.0,3
breast_cancer_wisconsin,tabpfn_threshold,observed,0.5,0.05,majority_to_minority,0.9606481481481483,0.0028638406209801483,0.9444444444444445,0.013746434980705439,0.9939838263568036,0.0021570094810310658,0.9621714335212497,0.0002254329603417759,0.959920634920635,0.01305911323167006,0.9444444444444445,0.013746434980705439,0.9959215167548502,0.0019092270806536325,0.025820406153798065,0.004925174258149453,0.10381915420293807,0.021248319805562084,0.05124964999655877,0.015107112501184617,0.050632911392405,3
breast_cancer_wisconsin,tabpfn_threshold,observed,0.5,0.05,minority_to_majority,0.9566798941798941,0.011959749550281095,0.9365079365079366,0.027492869961410787,0.9927810175375033,0.0033735934162344916,0.9589392002722713,0.010960635661804292,0.96006709619869,0.025845035493142272,0.9365079365079366,0.027492869961410787,0.9950396825396824,0.002706796551545144,0.0271708319584528,0.004929981120356233,0.10147594163815177,0.016483142166200945,0.04879772984041494,0.003558487345266867,0.05333333333333331,3
breast_cancer_wisconsin,tabpfn_threshold,observed,0.5,0.1,majority_to_minority,0.9632936507936507,0.008648609014961613,0.9470899470899471,0.01462522776950792,0.9926825900783768,0.004441656745869299,0.959574360580648,0.013812093356972607,0.9329107619139432,0.042163322501959186,0.9682539682539683,0.013746434980705328,0.9951499118165786,0.003054763329045575,0.038606835529208135,0.013561829141111623,0.15066271026929215,0.034651689429124596,0.09858108774829673,0.01059203596601239,0.1017964071856287,3
breast_cancer_wisconsin,tabpfn_threshold,observed,0.5,0.1,minority_to_majority,0.9669312169312169,0.0024966383714518465,0.9464285714285715,0.01574851970871786,0.9954504812518751,0.0014789142299595204,0.968506654036751,0.005065932076246239,0.9691426459719142,0.034547904678541096,0.9523809523809524,0.023809523809523836,0.9969135802469135,0.001376763227160186,0.027202586953838603,0.0025682345678703705,0.1117924352486928,0.010869147025150523,0.06800915318274353,0.021594819354481296,0.10000000000000002,3
breast_cancer_wisconsin,tabpfn_threshold,observed,0.5,0.2,majority_to_minority,0.9593253968253967,0.006873217490352744,0.9543650793650794,0.0034366087451763315,0.9918721794866098,0.002719604775667161,0.9562903715424861,0.005515982066408319,0.9307610993657504,0.0009154602577002786,0.9603174603174603,0.013746434980705326,0.9949294532627867,0.0016312443327765565,0.07171733429034546,0.0038941672372448223,0.2566668887933095,0.0066967037576513,0.170517061384972,0.004022783162173336,0.202127659574468,3
breast_cancer_wisconsin,tabpfn_threshold,observed,0.5,0.2,minority_to_majority,0.9573412698412699,0.016511227159814644,0.9285714285714285,0.023809523809523808,0.9911673978208438,0.0027804973281617563,0.9619089906822857,0.01649182439079328,0.9752032520325203,0.025002478560458216,0.9285714285714285,0.023809523809523808,0.9939373897707231,0.00199329159171359,0.04361839219927783,0.006405153219604121,0.17015479505062095,0.019913684961249834,0.09554668378673097,0.012413435672100116,0.20000000000000004,3
breast_cancer_wisconsin,tabpfn_threshold,observed,0.5,0.3,majority_to_minority,0.9609788359788359,0.027801388302888422,0.9391534391534391,0.04512889446886772,0.9869854874007525,0.009542790430151068,0.9568439834249864,0.036717915560501274,0.9297052154195011,0.08396149016586674,0.9682539682539683,0.013746434980705326,0.9891975308641975,0.009118433358744878,0.1528175870577494,0.006915799015360622,0.4469030499458313,0.02280556402787122,0.29505443755994765,0.013331181440524302,0.2990654205607476,3
breast_cancer_wisconsin,tabpfn_threshold,observed,0.5,0.3,minority_to_majority,0.964616402116402,0.010607814108694042,0.9523809523809524,0.0,0.9933474035601529,0.0023716665580160857,0.9654542893644914,0.014190071060535379,0.9608711701734958,0.03565020104518299,0.9523809523809524,0.0,0.9957010582010583,0.0011923119297169748,0.0578731807569662,0.004084225191742178,0.2031798710425695,0.012048097003952108,0.1280768080423885,0.007751329390923237,0.3,3
breast_cancer_wisconsin,tabpfn_threshold,oracle,0.05,0.0,clean,0.9265873015873015,0.05595273274683949,0.880952380952381,0.1237179148263484,0.9864255241759476,0.002429297883470385,0.931788395023689,0.045121421995649856,0.9504545035068291,0.019330849329945065,0.880952380952381,0.1237179148263484,0.9908509700176366,0.0006883816135801153,0.08177888269225751,0.04413302692009163,0.33533981442451477,0.21319547612540152,0.10012123240185189,0.039417425039633705,0.0,3
breast_cancer_wisconsin,tabpfn_threshold,oracle,0.05,0.05,majority_to_minority,0.9609788359788359,0.019849535315421864,0.9503968253968255,0.02339251214791977,0.9932527868036806,0.0034378475822664564,0.9565440283066842,0.023248305743612065,0.9253968253968253,0.04537017754906804,0.9682539682539683,0.013746434980705326,0.9952601410934746,0.002672917912914891,0.0453219227492809,0.01634947678253965,0.15725839386383691,0.04242687799451529,0.06736687934080583,0.020274461156196383,0.0625,3
breast_cancer_wisconsin,tabpfn_threshold,oracle,0.05,0.05,minority_to_majority,0.9583333333333334,0.008476194191783309,0.9384920634920636,0.017183043725881683,0.9879285192029951,0.00887934473348469,0.9590696479089257,0.005582411248338817,0.9526792313377679,0.021627885711586727,0.9444444444444445,0.027492869961410676,0.9911816578483247,0.0078278310306795,0.06479061146577196,0.004726242882423779,0.24126058816909787,0.050881111274323966,0.08526103997368863,0.003050624506014649,0.0666666666666666,3
breast_cancer_wisconsin,tabpfn_threshold,oracle,0.05,0.1,majority_to_minority,0.9470899470899471,0.017644605253907496,0.9259259259259259,0.028912027770362978,0.9897772233799792,0.002142404678116081,0.938401251095821,0.02101052841071897,0.8851833552920509,0.04111428127727092,0.9682539682539683,0.013746434980705328,0.9931657848324517,0.0016644255809680343,0.0559780783951282,0.004804994240388929,0.18181147674719486,0.014366345983591374,0.0777441730548502,0.008761188436299151,0.1176470588235294,3
breast_cancer_wisconsin,tabpfn_threshold,oracle,0.05,0.1,minority_to_majority,0.9345238095238094,0.0448188769764941,0.8955026455026456,0.09755234956345125,0.991840048968944,0.004535479861067126,0.9388772003710084,0.03549565646953708,0.9508826786528565,0.021129250827254795,0.8968253968253969,0.09912695235553008,0.9952601410934744,0.002481995204849685,0.1077034100890159,0.03780565668959613,0.3635290265083313,0.16331672601678077,0.1568819471452472,0.03670318159186405,0.1333333333333333,3
breast_cancer_wisconsin,tabpfn_threshold,oracle,0.05,0.2,majority_to_minority,0.9689153439153438,0.025608564677975336,0.9503968253968255,0.04128700802913652,0.9902702768467112,0.010451786963045209,0.9630168938207005,0.03156402105498865,0.9283008658008658,0.06510788240647353,0.9841269841269842,0.013746434980705408,0.9937169312169312,0.00643780500460703,0.0549958869814872,0.017628635987065173,0.1790168583393096,0.05096352993535706,0.0730334056748284,0.01944099836551274,0.2105263157894736,3
breast_cancer_wisconsin,tabpfn_threshold,oracle,0.05,0.2,minority_to_majority,0.9480820105820106,0.02414474118554472,0.9272486772486772,0.04564929610247985,0.9817436377916423,0.00618037033498655,0.9494321370955356,0.020119312862621357,0.9435925831274669,0.013225564182357423,0.9285714285714285,0.04761904761904756,0.9869929453262788,0.005536758533895175,0.11466530462106063,0.018016073048787405,0.3906806409358978,0.06317364175065263,0.15890882725211955,0.03110174468657519,0.20000000000000004,3
breast_cancer_wisconsin,tabpfn_threshold,oracle,0.05,0.3,majority_to_minority,0.9480820105820106,0.02306058647038508,0.9120370370370371,0.0561312761712136,0.9933316472718055,0.008664561631727909,0.9359761855995385,0.03223056661656251,0.8717824488173326,0.07447724440571886,0.9841269841269842,0.013746434980705408,0.9937169312169312,0.008953033313942486,0.040486497183640766,0.0048217905195951935,0.14009515692790345,0.013753525309676315,0.06757796503472743,0.024526674300823295,0.2857142857142857,3
breast_cancer_wisconsin,tabpfn_threshold,oracle,0.05,0.3,minority_to_majority,0.9289021164021164,0.022889236085545314,0.8809523809523809,0.04123930494211609,0.9781245641882216,0.005294379590394992,0.9359441070301914,0.020540548633208842,0.9567683067683067,0.015368231137067177,0.8809523809523809,0.04123930494211609,0.9828042328042327,0.0043243045074808336,0.12869829436143235,0.031211818851396532,0.47584254542986554,0.09073716977536014,0.17331869225153881,0.029983882855638855,0.2666666666666666,3
breast_cancer_wisconsin,tabpfn_threshold,oracle,0.1,0.0,clean,0.9566798941798943,0.005979874775140575,0.9365079365079366,0.013746434980705408,0.990707493041944,0.0032968706228475755,0.9589502840080354,0.005469963274147109,0.9595334881920249,0.013406974918153299,0.9365079365079366,0.013746434980705408,0.9937169312169313,0.0024966383714520026,0.04011548807223633,0.004761794335465497,0.17047025760014853,0.02703024724704518,0.0504932216830192,0.0053395157558105664,0.0,3
breast_cancer_wisconsin,tabpfn_threshold,oracle,0.1,0.05,majority_to_minority,0.9662698412698413,0.013346849253049296,0.9603174603174603,0.013746434980705328,0.9907999540288744,0.007412579849167775,0.9655193662546603,0.014296752979248845,0.9529346622369879,0.02298396188318641,0.9603174603174603,0.013746434980705328,0.9930555555555555,0.005952380952380959,0.03676362521946423,0.009114754870356295,0.12997302412986753,0.03963427931052311,0.0496869703389878,0.012916842755771301,0.0625,3
breast_cancer_wisconsin,tabpfn_threshold,oracle,0.1,0.05,minority_to_majority,0.9537037037037036,0.0028638406209802844,0.9444444444444445,0.01374643498070539,0.987155305543627,0.00974558541140587,0.9529498581283815,0.00026995689018612714,0.9372282094913972,0.012116823573463628,0.9444444444444445,0.01374643498070539,0.9905202821869489,0.007938804047632683,0.05054354170958197,0.015075920760608569,0.17904793222745252,0.06730533594232638,0.07054786192803307,0.012681582332249253,0.0666666666666666,3
breast_cancer_wisconsin,tabpfn_threshold,oracle,0.1,0.1,majority_to_minority,0.9662698412698413,0.023455536542731914,0.953042328042328,0.022824648051239887,0.9921996831747805,0.005898111659125043,0.9656859769722077,0.02825544202153738,0.95483288166215,0.0583967348108184,0.9603174603174603,0.013746434980705328,0.9942680776014109,0.004633564717148038,0.038208893810709264,0.011334703136760249,0.13237159202496207,0.032213827102246684,0.049725193693711,0.008374384165069812,0.0909090909090909,3
breast_cancer_wisconsin,tabpfn_threshold,oracle,0.1,0.1,minority_to_majority,0.9573412698412699,0.016511227159814613,0.9285714285714285,0.023809523809523808,0.9907339234943965,0.004060514432669385,0.9619089906822857,0.016491824390793185,0.9752032520325203,0.025002478560458202,0.9285714285714285,0.023809523809523808,0.9934964726631393,0.003125539435352379,0.0572985596954822,0.004531964681421733,0.2070670574903488,0.027726521798014596,0.09279419256140042,0.005855517431171554,0.10000000000000002,3
breast_cancer_wisconsin,tabpfn_threshold,oracle,0.1,0.2,majority_to_minority,0.9672619047619048,0.028460294221787745,0.955026455026455,0.03327975033177018,0.9947511240494293,0.006731831832368277,0.962818219708983,0.031908133341493006,0.9334337160424117,0.05636058534528577,0.9761904761904763,0.023809523809523794,0.996141975308642,0.005252977318096865,0.0359322894364595,0.013968106796795342,0.12609403828779853,0.03861982870770476,0.0579004423877997,0.030620468352818963,0.2105263157894736,3
breast_cancer_wisconsin,tabpfn_threshold,oracle,0.1,0.2,minority_to_majority,0.9431216931216931,0.01927090249250467,0.9047619047619048,0.023809523809523864,0.9871329027702523,0.005170425522772676,0.9490415628123189,0.019881097226156712,0.9662393162393162,0.02924463608705234,0.9047619047619048,0.023809523809523864,0.9910714285714285,0.003154560851246478,0.09372826665639873,0.017851670689126638,0.3157805899779001,0.044443821879689885,0.14825778026052075,0.014863852707365212,0.20000000000000004,3
breast_cancer_wisconsin,tabpfn_threshold,oracle,0.1,0.3,majority_to_minority,0.9401455026455027,0.027801388302888478,0.9120370370370371,0.057824055540725894,0.9877763382104915,0.00311437637036476,0.9296670640914327,0.03592502668549648,0.8697228697228697,0.07357502304875692,0.9682539682539683,0.013746434980705328,0.9883156966490301,0.005345835825829868,0.03176708084841563,0.005740307741676751,0.1253965670863787,0.0172466018960832,0.052540208784895966,0.010926697787462324,0.3023255813953488,3
breast_cancer_wisconsin,tabpfn_threshold,oracle,0.1,0.3,minority_to_majority,0.9193121693121693,0.03376418296405788,0.8571428571428571,0.07142857142857144,0.981906305454722,0.011221182414448859,0.9287771869337259,0.028740637825105057,0.966025641025641,0.03923893831487913,0.8571428571428571,0.07142857142857144,0.9871031746031745,0.008267195767195729,0.1128943488001823,0.010802696473404328,0.37032395601272583,0.051674110255918525,0.16422124783513922,0.003459111746146176,0.3,3
breast_cancer_wisconsin,tabpfn_threshold,oracle,0.2,0.0,clean,0.9748677248677248,0.005979874775140583,0.9669312169312169,0.012756151800255182,0.9953855929655551,0.0030595732202804357,0.97486570253164,0.005444855782951276,0.9684295347936868,0.012942683882887466,0.9682539682539683,0.013746434980705328,0.9969135802469138,0.0021001497887188185,0.025926974912484465,0.008430233372280025,0.09318435812989863,0.030016433695389737,0.03882548641597256,0.010852430164010073,0.0,3
breast_cancer_wisconsin,tabpfn_threshold,oracle,0.2,0.05,majority_to_minority,0.9834656084656084,0.012561785656893249,0.9715608465608465,0.01733510902391685,0.9981363228871535,0.0017239539721847236,0.9842438848572918,0.010964848719451485,0.9841179807146908,0.013765922971652418,0.9761904761904763,0.023809523809523794,0.9987874779541447,0.0011613374948029418,0.0205714373538891,0.002068379239495075,0.07747408250967656,0.004038443639063476,0.0379444458930377,0.01485646833509752,0.047619047619047596,3
breast_cancer_wisconsin,tabpfn_threshold,oracle,0.2,0.05,minority_to_majority,0.958994708994709,0.024022143682095133,0.9365079365079366,0.027492869961410787,0.9880277274449772,0.007261441429699031,0.9620772801680587,0.025023898885727574,0.9674796747967479,0.037256712967120645,0.9365079365079366,0.027492869961410787,0.9916225749559082,0.004818671295060449,0.04213811705509817,0.013371184329727096,0.15753083676099777,0.0471308125617505,0.0626373364241543,0.010483954040454687,0.05000000000000001,3
breast_cancer_wisconsin,tabpfn_threshold,oracle,0.2,0.1,majority_to_minority,0.957010582010582,0.0256085646779752,0.9424603174603176,0.035769357891507834,0.9904661245395622,0.006654391017534527,0.9535034718239643,0.031557732133387924,0.9267206526592727,0.06644776175980142,0.9603174603174603,0.013746434980705326,0.9916225749559082,0.0061005705917203164,0.02416138164699073,0.00833559561887918,0.09761643906434374,0.02862879677208416,0.03587492348419293,0.016403038979736214,0.10447761194029852,3
breast_cancer_wisconsin,tabpfn_threshold,oracle,0.2,0.1,minority_to_majority,0.9441137566137566,0.01393604993763603,0.9206349206349206,0.01374643498070535,0.9858916105699214,0.010106840855588403,0.946453161239046,0.01894467544059592,0.9452408702408702,0.05099018758784858,0.9206349206349206,0.01374643498070535,0.990299823633157,0.007186915040874386,0.0618885643780231,0.00813561831109624,0.207783689101537,0.023369329463552847,0.08855663140288039,0.011298102189712524,0.10000000000000002,3
breast_cancer_wisconsin,tabpfn_threshold,oracle,0.2,0.2,majority_to_minority,0.9556878306878307,0.02629124234166796,0.9351851851851851,0.05258248468333583,0.9923531696871416,0.0054559955986742854,0.9478035259073029,0.03401502508820321,0.9017688513037351,0.07163803507415742,0.9761904761904762,0.0,0.9943783068783069,0.00493822239519454,0.03125220164656633,0.0027240010882267655,0.12214927623669299,0.008038240779908128,0.06423639394996454,0.005700174120847343,0.20000000000000004,3
breast_cancer_wisconsin,tabpfn_threshold,oracle,0.2,0.2,minority_to_majority,0.9391534391534391,0.03114089250527395,0.8955026455026455,0.06644110240674267,0.9828351128687771,0.009125012626433254,0.9454582883994648,0.024679809477302916,0.966952264381885,0.028783295021554075,0.8968253968253967,0.06873217490352689,0.9867724867724869,0.00725255033050969,0.07597563788294787,0.021404371865804094,0.26459868252277374,0.06032181908993015,0.12241428598151564,0.0181344037677127,0.20000000000000004,3
breast_cancer_wisconsin,tabpfn_threshold,oracle,0.2,0.3,majority_to_minority,0.9348544973544973,0.026291242341667884,0.8935185185185185,0.05258248468333583,0.9869250115022128,0.006423100750299038,0.9208938625286919,0.03337482184558595,0.8457432263394598,0.063206210293086,0.9761904761904762,0.0,0.9879850088183421,0.007665493232237246,0.036680105452736166,0.007493879504673498,0.15297176937262216,0.020630915511903616,0.09158579669674931,0.006001192387683435,0.3023255813953488,3
breast_cancer_wisconsin,tabpfn_threshold,oracle,0.2,0.3,minority_to_majority,0.9285714285714285,0.03571428571428581,0.8571428571428571,0.07142857142857144,0.9870675134403489,0.005121105170717791,0.9411346988938026,0.03034659687332518,1.0,0.0,0.8571428571428571,0.07142857142857144,0.9915123456790123,0.0036275314532415834,0.1029050971070925,0.014653992039442206,0.3323106865088144,0.043505246705503736,0.16391364391893143,0.021655346343617234,0.3,3
breast_cancer_wisconsin,tabpfn_threshold,oracle,0.5,0.0,clean,0.9732142857142857,0.020355441000677765,0.9543650793650794,0.043515301983058155,0.9967321786498777,0.0018869438280808852,0.9746570202452555,0.014766860454977196,0.9767441860465116,0.023255813953488413,0.9603174603174603,0.04956347617776505,0.997905643738977,0.0013767632271601017,0.019680035610993667,0.002509596053186784,0.06980331117908156,0.013561534057043684,0.03665007233118623,0.013834735266739548,0.0,3
breast_cancer_wisconsin,tabpfn_threshold,oracle,0.5,0.05,majority_to_minority,0.9623015873015873,0.004960317460317387,0.9464285714285715,0.01574851970871786,0.9939838263568036,0.0021570094810310658,0.9622907974221399,0.00037439315021213504,0.9530663780663781,0.021599067379162052,0.9523809523809524,0.023809523809523836,0.9959215167548502,0.0019092270806536325,0.025820406153798065,0.004925174258149453,0.10381915420293807,0.021248319805562084,0.05124964999655877,0.015107112501184617,0.050632911392405,3
breast_cancer_wisconsin,tabpfn_threshold,oracle,0.5,0.05,minority_to_majority,0.9527116402116403,0.006378075900127567,0.9285714285714285,0.023809523809523808,0.9927810175375033,0.0033735934162344916,0.9557152811734073,0.00538793689772987,0.9598638441661698,0.025663447978833714,0.9285714285714285,0.023809523809523808,0.9950396825396824,0.002706796551545144,0.0271708319584528,0.004929981120356233,0.10147594163815177,0.016483142166200945,0.04879772984041494,0.003558487345266867,0.05333333333333331,3
breast_cancer_wisconsin,tabpfn_threshold,oracle,0.5,0.1,majority_to_minority,0.9517195767195767,0.01557044625263691,0.923941798941799,0.02558934143141948,0.9926825900783768,0.004441656745869299,0.9445490775848694,0.023833391684947067,0.9007056160987141,0.06550224438557946,0.9682539682539683,0.013746434980705328,0.9951499118165786,0.003054763329045575,0.038606835529208135,0.013561829141111623,0.15066271026929215,0.034651689429124596,0.09858108774829673,0.01059203596601239,0.1017964071856287,3
breast_cancer_wisconsin,tabpfn_threshold,oracle,0.5,0.1,minority_to_majority,0.9659391534391535,0.014456013885181394,0.9365079365079364,0.036369648372665354,0.9954504812518751,0.0014789142299595204,0.9713048933287028,0.00983218241193846,0.9920634920634921,0.013746434980705408,0.9365079365079364,0.036369648372665354,0.9969135802469135,0.001376763227160186,0.027202586953838603,0.0025682345678703705,0.1117924352486928,0.010869147025150523,0.06800915318274353,0.021594819354481296,0.10000000000000002,3
breast_cancer_wisconsin,tabpfn_threshold,oracle,0.5,0.2,majority_to_minority,0.9487433862433862,0.008260579362960799,0.9193121693121693,0.02863840620980288,0.9918721794866098,0.002719604775667161,0.9385555941345887,0.013452443408285573,0.8805140273163529,0.04308321782143732,0.9761904761904763,0.023809523809523753,0.9949294532627867,0.0016312443327765565,0.07171733429034546,0.0038941672372448223,0.2566668887933095,0.0066967037576513,0.170517061384972,0.004022783162173336,0.202127659574468,3
breast_cancer_wisconsin,tabpfn_threshold,oracle,0.5,0.2,minority_to_majority,0.9484126984126983,0.013746434980705487,0.8968253968253969,0.027492869961410787,0.9911673978208438,0.0027804973281617563,0.9581430712094855,0.011374662263324526,1.0,0.0,0.8968253968253969,0.027492869961410787,0.9939373897707231,0.00199329159171359,0.04361839219927783,0.006405153219604121,0.17015479505062095,0.019913684961249834,0.09554668378673097,0.012413435672100116,0.20000000000000004,3
breast_cancer_wisconsin,tabpfn_threshold,oracle,0.5,0.3,majority_to_minority,0.8948412698412698,0.03380302586785872,0.8055555555555557,0.06364688465216443,0.9869854874007525,0.009542790430151068,0.8686955164575437,0.040792391624636194,0.7502970885323826,0.06139082030778004,0.9841269841269842,0.013746434980705439,0.9891975308641975,0.009118433358744878,0.1528175870577494,0.006915799015360622,0.4469030499458313,0.02280556402787122,0.29505443755994765,0.013331181440524302,0.2990654205607476,3
breast_cancer_wisconsin,tabpfn_threshold,oracle,0.5,0.3,minority_to_majority,0.9262566137566138,0.01550710858160482,0.8571428571428571,0.023809523809523808,0.9933474035601529,0.0023716665580160857,0.9383885501598526,0.01501223914790311,0.9907407407407408,0.016037507477489596,0.8571428571428571,0.023809523809523808,0.9957010582010583,0.0011923119297169748,0.0578731807569662,0.004084225191742178,0.2031798710425695,0.012048097003952108,0.1280768080423885,0.007751329390923237,0.3,3
breast_cancer_wisconsin,xgb_none,,0.05,0.0,clean,0.7936507936507936,0.006873217490352744,0.5873015873015873,0.013746434980705408,0.9697471933223909,0.0069409265434897125,0.816253134228475,0.007077442051891309,1.0,0.0,0.5873015873015873,0.013746434980705408,0.9780643738977073,0.0033123851854755773,0.12113601466019945,0.020193961439441434,0.47589707374572754,0.11172064309595543,0.14580832768847057,0.020959687208776376,0.0,3
breast_cancer_wisconsin,xgb_none,,0.05,0.05,majority_to_minority,0.8611111111111112,0.018184824186332715,0.7222222222222222,0.036369648372665375,0.9893640854540328,0.0037215878852525255,0.8817398195033433,0.01673999901694011,1.0,0.0,0.7222222222222222,0.036369648372665375,0.9918430335097002,0.004108166920984153,0.07645493000745769,0.012270808080717937,0.2672467281421025,0.03777982508043412,0.1076457460250226,0.013176456393376728,0.0625,3
breast_cancer_wisconsin,xgb_none,,0.05,0.05,minority_to_majority,0.8055555555555555,0.029959660457423577,0.6111111111111112,0.05991932091484712,0.9793448485963769,0.005975999983484877,0.8278710296551043,0.03031563522992947,1.0,0.0,0.6111111111111112,0.05991932091484712,0.9865520282186949,0.004514020112311111,0.11356860895951587,0.017816778460115684,0.4000283181667328,0.04499460142435676,0.1433258557634983,0.017448627368458404,0.0666666666666666,3
breast_cancer_wisconsin,xgb_none,,0.05,0.1,majority_to_minority,0.8667328042328042,0.03544226950916128,0.7380952380952381,0.06299407883487121,0.9701366496977325,0.012624898523698882,0.8857162106017245,0.03429338878767188,0.9885057471264368,0.019908629972056054,0.7380952380952381,0.06299407883487121,0.9775132275132276,0.007874259854358868,0.0829508279760678,0.02088488163509243,0.3178312927484512,0.09431621715907947,0.10264333237332901,0.021184578986595308,0.1176470588235294,3
breast_cancer_wisconsin,xgb_none,,0.05,0.1,minority_to_majority,0.7142857142857143,0.061858957413174195,0.42857142857142855,0.12371791482634839,0.9505595573561911,0.04735472165153213,0.7255006202374622,0.07151654052162829,1.0,0.0,0.42857142857142855,0.12371791482634839,0.9657186948853616,0.02990364055633091,0.1734957595666249,0.04496803129929616,0.6934899191061655,0.28713948105017834,0.20943745581857984,0.03630944985740323,0.1333333333333333,3
breast_cancer_wisconsin,xgb_none,,0.05,0.2,majority_to_minority,0.8452380952380952,0.023809523809523836,0.6904761904761906,0.0476190476190476,0.9771152509391753,0.007960741286884796,0.866785876708056,0.022520720026623472,1.0,0.0,0.6904761904761906,0.0476190476190476,0.9829144620811286,0.0059554420896120435,0.09076947967211403,0.003101929216525324,0.32248437404632563,0.01911958858556842,0.12039304674978836,0.0034862070575635415,0.2105263157894736,3
breast_cancer_wisconsin,xgb_none,,0.05,0.2,minority_to_majority,0.746031746031746,0.07175849730168696,0.49206349206349204,0.14351699460337405,0.9685726552270023,0.009987064759251747,0.7615535492471494,0.08009057036563706,1.0,0.0,0.49206349206349204,0.14351699460337405,0.9750881834215167,0.007938804047632617,0.1520036806662877,0.03210906700204086,0.6083470582962036,0.1229845661801751,0.18680568058479421,0.04669226841986626,0.20000000000000004,3
breast_cancer_wisconsin,xgb_none,,0.05,0.3,majority_to_minority,0.8452380952380952,0.059523809523809534,0.6904761904761904,0.11904761904761907,0.9711160648966813,0.0020429168281117602,0.8653942899999191,0.05650409580979682,1.0,0.0,0.6904761904761904,0.11904761904761907,0.9726631393298061,0.008249540230188595,0.07937548930446299,0.022615716541806465,0.2971857587496439,0.047334701637969885,0.10718919480578937,0.03362915771009398,0.2857142857142857,3
breast_cancer_wisconsin,xgb_none,,0.05,0.3,minority_to_majority,0.746031746031746,0.027492869961410732,0.4920634920634921,0.054985739922821554,0.9590354351889608,0.021463493207860618,0.7647067363530778,0.03129409451247773,1.0,0.0,0.4920634920634921,0.054985739922821554,0.9682539682539684,0.019270902492504526,0.17242480814456937,0.014061542786219032,0.7129506667455038,0.07457215673647051,0.2089571971419044,0.002963195890946914,0.2666666666666666,3
breast_cancer_wisconsin,xgb_none,,0.1,0.0,clean,0.9007936507936508,0.018184824186332778,0.8015873015873015,0.0363696483726654,0.9840811837274867,0.0052212303723942815,0.917461392714094,0.01600594172010833,1.0,0.0,0.8015873015873015,0.0363696483726654,0.9871031746031745,0.005641111808608479,0.06079559400677676,0.012453195236101942,0.23910404245058692,0.05448903631621817,0.07554532312352359,0.012785498068215786,0.0,3
breast_cancer_wisconsin,xgb_none,,0.1,0.05,majority_to_minority,0.896164021164021,0.00953276144537011,0.8015873015873015,0.013746434980705399,0.9781687867870592,0.011197799305931132,0.911375179369254,0.009873962799653385,0.9806722689075631,0.016743578861488487,0.8015873015873015,0.013746434980705399,0.9821428571428571,0.010700191592171523,0.06268247092763576,0.00649833553260681,0.23449700574080148,0.03950036338702177,0.07815779915912757,0.004676487960851993,0.0625,3
breast_cancer_wisconsin,xgb_none,,0.1,0.05,minority_to_majority,0.9001322751322752,0.04524868181148852,0.8095238095238094,0.08247860988423224,0.9846579674490633,0.00880329406781119,0.9143081316610728,0.04085765378756427,0.9797979797979798,0.01749546270271602,0.8095238095238094,0.08247860988423224,0.9891975308641975,0.008115899530070494,0.06203073511521016,0.021783452406164475,0.22363509237766258,0.07234762948680526,0.08038622021337433,0.02443628257208249,0.0666666666666666,3
breast_cancer_wisconsin,xgb_none,,0.1,0.1,majority_to_minority,0.8587962962962963,0.028689909030084643,0.7222222222222222,0.049563476177765076,0.9695696558485564,0.01570256796949273,0.8785780199299631,0.02821832824248284,0.9885057471264368,0.019908629972056037,0.7222222222222222,0.049563476177765076,0.9756393298059964,0.009833909580992336,0.08186271786689754,0.01768942297632818,0.29686542352040607,0.055608676197199745,0.09636068596962116,0.015860820829183386,0.0909090909090909,3
breast_cancer_wisconsin,xgb_none,,0.1,0.1,minority_to_majority,0.8373015873015873,0.04956347617776502,0.6746031746031745,0.09912695235553012,0.9833673675102532,0.005443704662903327,0.8583540230339194,0.04677459834156628,1.0,0.0,0.6746031746031745,0.09912695235553012,0.988536155202822,0.004489729244800731,0.08219884087642026,0.02268130489684735,0.28589307268460584,0.05323994862980316,0.11295755198007523,0.02498364890876853,0.10000000000000002,3
breast_cancer_wisconsin,xgb_none,,0.1,0.2,majority_to_minority,0.8746693121693122,0.016129296823091485,0.753968253968254,0.027492869961410676,0.9820114645606236,0.014787224912717533,0.8932399261769436,0.01571481904042977,0.9895833333333334,0.01804219591217582,0.753968253968254,0.027492869961410676,0.9877645502645502,0.01081202561129103,0.06661792099475856,0.016480588686826614,0.21996322274208066,0.05812294282942966,0.08178033358662534,0.01226581824737239,0.2105263157894736,3
breast_cancer_wisconsin,xgb_none,,0.1,0.2,minority_to_majority,0.7556216931216931,0.04223363935425047,0.5158730158730158,0.07653691080153144,0.9602939663124076,0.025439272294777042,0.7746254737166406,0.047520338323046765,0.9824561403508772,0.030386856273138158,0.5158730158730158,0.07653691080153144,0.9678130511463845,0.02355633432787413,0.14524615307648972,0.025665026838735346,0.5598045289516449,0.1126572686673406,0.17992536976051166,0.02180437642238745,0.20000000000000004,3
breast_cancer_wisconsin,xgb_none,,0.1,0.3,majority_to_minority,0.9199735449735451,0.009532761445370016,0.8492063492063492,0.013746434980705328,0.9790322274466327,0.009954366309182281,0.9319320044118277,0.009746484348486285,0.9817317317317317,0.015825236990753166,0.8492063492063492,0.013746434980705328,0.9782848324514991,0.011346657171479533,0.04653954754273093,0.008560135432707948,0.1815818647543589,0.042791096246701736,0.054687155130161334,0.007982937035324196,0.3023255813953488,3
breast_cancer_wisconsin,xgb_none,,0.1,0.3,minority_to_majority,0.7857142857142857,0.011904761904761973,0.5714285714285715,0.02380952380952374,0.9545332351251724,0.016111377154903957,0.8079946835467711,0.01238790056128666,1.0,0.0,0.5714285714285715,0.02380952380952374,0.9643959435626103,0.013999986085942304,0.12925302485624943,0.010804062323184382,0.5310171941916147,0.07672314341855563,0.16615336442268205,0.001197270832679331,0.3,3
breast_cancer_wisconsin,xgb_none,,0.2,0.0,clean,0.931878306878307,0.02808316633010872,0.873015873015873,0.04956347617776505,0.9885526933740413,0.005989290210769147,0.9418723398067455,0.02580904117342557,0.9824561403508772,0.03038685627313818,0.873015873015873,0.04956347617776505,0.9909611992945325,0.004841312005290528,0.0358258721729119,0.010289875905605888,0.13726521035035447,0.032012413455336015,0.050159873803042675,0.01404779244830831,0.0,3
breast_cancer_wisconsin,xgb_none,,0.2,0.05,majority_to_minority,0.9302248677248678,0.012244383982522044,0.8650793650793651,0.027492869961410732,0.9882219423237135,0.004443903262558604,0.9417240944059927,0.010114113935072928,0.9912280701754387,0.015193428136569034,0.8650793650793651,0.027492869961410732,0.9910714285714285,0.005503742386604874,0.038670234382152495,0.0024036650307859755,0.13579407831033063,0.018857105888278658,0.047395696919356904,0.005071940586456852,0.047619047619047596,3
breast_cancer_wisconsin,xgb_none,,0.2,0.05,minority_to_majority,0.8915343915343916,0.03367662262455451,0.8015873015873015,0.0599193209148472,0.9769717753948711,0.009654563610709654,0.9049376866344948,0.031241582149717576,0.9612651612651613,0.018956768016667493,0.8015873015873015,0.0599193209148472,0.9834656084656084,0.0052495065695725715,0.06182844688494996,0.01334258069409338,0.22558579345544175,0.04349687753616307,0.07139761863570457,0.012267695401751417,0.05000000000000001,3
breast_cancer_wisconsin,xgb_none,,0.2,0.1,majority_to_minority,0.9302248677248678,0.00953276144537001,0.865079365079365,0.013746434980705408,0.9831501376944615,0.01138830778769487,0.9417735460246717,0.009686958257291168,0.990990990990991,0.015604061329449323,0.865079365079365,0.013746434980705408,0.9860008818342152,0.010010250734662676,0.041987835740049634,0.011363464823944652,0.14991076787312824,0.04596676531824961,0.047565734762785535,0.008503460061109235,0.10447761194029852,3
breast_cancer_wisconsin,xgb_none,,0.2,0.1,minority_to_majority,0.8501984126984127,0.02120789516511106,0.7142857142857143,0.04761904761904766,0.9710855190435727,0.009362822886560894,0.8687886722436238,0.019110951808959144,0.9690656565656566,0.03125478230930949,0.7142857142857143,0.04761904761904766,0.9782848324514992,0.006747436482717418,0.0841057846943537,0.009602599413011536,0.31384160121281934,0.03092611818217549,0.10321858239752284,0.014062230739108884,0.10000000000000002,3
breast_cancer_wisconsin,xgb_none,,0.2,0.2,majority_to_minority,0.9328703703703703,0.005979874775140591,0.8888888888888888,0.01374643498070535,0.9748262450252144,0.0021694648664721374,0.9393590061059527,0.005533035421296431,0.9574673864147548,0.014058803365558247,0.8888888888888888,0.01374643498070535,0.980379188712522,0.0028510840291837394,0.046999911467234264,0.007611928846236218,0.1653802891572316,0.015170828195419619,0.05382407877365483,0.012075163444712335,0.20000000000000004,3
breast_cancer_wisconsin,xgb_none,,0.2,0.2,minority_to_majority,0.8230820105820106,0.026328649866882357,0.6507936507936508,0.059919320914847224,0.9641411963449604,0.010287331552816666,0.8444990846820873,0.024344108692851984,0.989247311827957,0.018624202231923397,0.6507936507936508,0.059919320914847224,0.9742063492063493,0.007776439164222803,0.09986781328916543,0.020147212747306374,0.37356677651405334,0.09191615208810076,0.1236796707121862,0.023073182342962188,0.20000000000000004,3
breast_cancer_wisconsin,xgb_none,,0.2,0.3,majority_to_minority,0.9282407407407408,0.005727681241960601,0.8888888888888888,0.027492869961410763,0.9747237814761854,0.01058460275328727,0.933197686059728,0.000858591800242715,0.942210503186113,0.02664108031857206,0.8888888888888888,0.027492869961410763,0.9776234567901234,0.01025310048874203,0.04698310916622477,0.010940008936254433,0.16690750420093528,0.040314706078469716,0.05449443554494807,0.01799530187570503,0.3023255813953488,3
breast_cancer_wisconsin,xgb_none,,0.2,0.3,minority_to_majority,0.753968253968254,0.10401065414350123,0.5079365079365079,0.2080213082870025,0.9686330848114055,0.016576095826517496,0.7667971496095293,0.11225561108771223,1.0,0.0,0.5079365079365079,0.2080213082870025,0.976741622574956,0.01025310048874202,0.14987624188264212,0.0573120915466703,0.562840590874354,0.22553910555514986,0.18910851787329153,0.05451704041912974,0.3,3
breast_cancer_wisconsin,xgb_none,,0.5,0.0,clean,0.9566798941798941,0.01612929682309143,0.9365079365079366,0.027492869961410787,0.9884232547526214,0.006667121221565856,0.9589170531665386,0.014654223196281083,0.9593302361595044,0.014148650487600401,0.9365079365079366,0.027492869961410787,0.9917328042328042,0.0054638596699265836,0.0308863936613003,0.012821917935029556,0.10998879621426261,0.04121217522442438,0.035017426136597835,0.013630595605452569,0.0,3
breast_cancer_wisconsin,xgb_none,,0.5,0.05,majority_to_minority,0.9358465608465608,0.02284619768441257,0.9292328042328043,0.02383706519965624,0.9850037996980193,0.010565297608788401,0.9315674450764376,0.023411967922625097,0.8942526035549291,0.03362053474946633,0.9365079365079366,0.027492869961410787,0.9890873015873015,0.008891752420468751,0.042778549094994796,0.013220097033148368,0.1395917236804962,0.04424426024889288,0.0554209130636432,0.008133450468676716,0.050632911392405,3
breast_cancer_wisconsin,xgb_none,,0.5,0.05,minority_to_majority,0.9322089947089948,0.02284619768441259,0.8968253968253969,0.027492869961410763,0.9827597104212846,0.0075740207496505195,0.9365467917931136,0.02378262148895889,0.9420523243693976,0.036736857600057446,0.8968253968253969,0.027492869961410763,0.9869929453262786,0.006010275961294344,0.03914681449532507,0.009255318518099576,0.13818421214818946,0.036458918572377284,0.04481623688173527,0.014776467903827648,0.05333333333333331,3
breast_cancer_wisconsin,xgb_none,,0.5,0.1,majority_to_minority,0.9212962962962963,0.02614107694969794,0.8835978835978836,0.04135052654058358,0.977267135997268,0.0010392041928150432,0.911337323884832,0.036816951213561745,0.8506199227658543,0.08857998062738827,0.9444444444444445,0.013746434980705439,0.9828042328042329,0.0017183043725881898,0.0592047770818074,0.018226711326430625,0.19631042579809824,0.02849799052412049,0.06757551894594004,0.023861616621471772,0.1017964071856287,3
breast_cancer_wisconsin,xgb_none,,0.5,0.1,minority_to_majority,0.9470899470899471,0.026328649866882336,0.9113756613756614,0.05782405554072591,0.9873407333081347,0.008025868886624033,0.9520662333602489,0.01982865502692754,0.9669401064749902,0.011670137890048464,0.9126984126984127,0.059919320914847224,0.990189594356261,0.0071257920453676,0.035362801825006736,0.011085024391092246,0.13568632553021112,0.041758254855351354,0.0537905205376119,0.010980374322453587,0.10000000000000002,3
breast_cancer_wisconsin,xgb_none,,0.5,0.2,majority_to_minority,0.9074074074074074,0.02438808739086279,0.8148148148148149,0.048776174781725676,0.9775724156134675,0.0073256130667331285,0.8805929660711959,0.030386729595789395,0.7610643593694442,0.04796569662574285,1.0,0.0,0.9856701940035273,0.00543710866628685,0.09074164181947707,0.019139870494644367,0.3064769705136617,0.04966496135727561,0.1445470054072943,0.015816123768642405,0.202127659574468,3
breast_cancer_wisconsin,xgb_none,,0.5,0.2,minority_to_majority,0.9239417989417991,0.02735530007623493,0.8571428571428571,0.0476190476190476,0.9735022485942514,0.01131970799602386,0.9351499577291188,0.024995029919150737,0.9814671814671815,0.01606845717890718,0.8571428571428571,0.0476190476190476,0.9821428571428571,0.006124424331168021,0.0529342306156953,0.01592554400658687,0.20272176961104071,0.04639607487436729,0.07217916605819817,0.0280460712994473,0.20000000000000004,3
breast_cancer_wisconsin,xgb_none,,0.5,0.3,majority_to_minority,0.759920634920635,0.030025289584169782,0.5277777777777778,0.07349309197401643,0.9669553803479075,0.02023965268860361,0.6979293636113927,0.04215040526540048,0.552554812337421,0.036690946681176624,0.9920634920634921,0.013746434980705399,0.970899470899471,0.01733510902391698,0.22716628511746725,0.018024628054621194,0.7140135963757833,0.06568009896965103,0.3058789804229262,0.02455029328593332,0.2990654205607476,3
breast_cancer_wisconsin,xgb_none,,0.5,0.3,minority_to_majority,0.8796296296296297,0.028792638295026745,0.7777777777777778,0.036369648372665375,0.9813913314750192,0.019876856124633916,0.8947368421052632,0.03014852430891994,0.9607843137254902,0.04492721269564556,0.7777777777777778,0.036369648372665375,0.9879850088183422,0.013079250658021195,0.06810277948776873,0.01986901427790939,0.22458638747533163,0.074636078482102,0.09942317339836759,0.011908695734820717,0.3,3
breast_cancer_wisconsin,xgb_ros,,0.05,0.0,clean,0.8525132275132276,0.04338316828371824,0.7142857142857143,0.08247860988423222,0.972880242690402,0.008368760368739106,0.871345442973103,0.04181944081836258,0.9775533108866442,0.0197288393167756,0.7142857142857143,0.08247860988423222,0.9810405643738976,0.004514020112311,0.09586401780446367,0.03316788054929272,0.4122747778892517,0.12453622810917704,0.10578947324490943,0.027650658285624147,0.0,3
breast_cancer_wisconsin,xgb_ros,,0.05,0.05,majority_to_minority,0.8984788359788359,0.03858008944286323,0.8015873015873015,0.08361629962581538,0.9862429049724718,0.0038434476167886855,0.9138291631712683,0.03261780605702277,0.9912280701754387,0.015193428136569034,0.8015873015873015,0.08361629962581538,0.990410052910053,0.003356114935546438,0.06269502018888787,0.02578561029211884,0.24264707167943314,0.07857346724107339,0.0772678750343838,0.02672178782018944,0.0625,3
breast_cancer_wisconsin,xgb_ros,,0.05,0.05,minority_to_majority,0.8310185185185185,0.016610275601685723,0.6666666666666666,0.04123930494211611,0.9800899007724863,0.0026664163620846344,0.8524308310830954,0.014369603723243718,0.989247311827957,0.018624202231923397,0.6666666666666666,0.04123930494211611,0.9860008818342152,0.003125539435352269,0.10661829262971874,0.013694123043077698,0.40069693326950073,0.06181132916039492,0.11841244881493386,0.019129058448635706,0.0666666666666666,3
breast_cancer_wisconsin,xgb_ros,,0.05,0.1,majority_to_minority,0.8835978835978836,0.009428953326311641,0.7857142857142857,0.023809523809523836,0.9674155957192397,0.008648897441189086,0.8982580615666914,0.010766281638573058,0.9628719628719629,0.040969146512226155,0.7857142857142857,0.023809523809523836,0.974867724867725,0.005413593103090344,0.07167574639121686,0.011218645970738836,0.28526011606057483,0.06478775037063704,0.07904780535871564,0.011247308149053824,0.1176470588235294,3
breast_cancer_wisconsin,xgb_ros,,0.05,0.1,minority_to_majority,0.8015873015873015,0.0844595105309236,0.6031746031746031,0.1689190210618474,0.9529262491019576,0.04776433387792194,0.8204273925872965,0.08466544302679826,1.0,0.0,0.6031746031746031,0.1689190210618474,0.9647266313932982,0.030910616391244403,0.12288389603296912,0.061257871835376,0.5345683495203654,0.34258774019996,0.14508368858620957,0.0574569331871095,0.1333333333333333,3
breast_cancer_wisconsin,xgb_ros,,0.05,0.2,majority_to_minority,0.8746693121693122,0.015379650733113037,0.753968253968254,0.036369648372665375,0.9741216725971341,0.012505042039653268,0.8931619392145708,0.012970577176647666,0.9901960784313726,0.01698089027028312,0.753968253968254,0.036369648372665375,0.9803791887125218,0.008000549961033429,0.07586778700351711,0.011879993864105952,0.29192203283309937,0.07758189151271466,0.09100365121059156,0.0143567325040133,0.2105263157894736,3
breast_cancer_wisconsin,xgb_ros,,0.05,0.2,minority_to_majority,0.8032407407407408,0.04441446574916401,0.6111111111111112,0.09622504486493763,0.9497505463944046,0.03426311970723707,0.824045702594944,0.043243807347439246,0.989247311827957,0.018624202231923397,0.6111111111111112,0.09622504486493763,0.9578924162257495,0.033306574496445286,0.1298988486329714,0.03254444710252199,0.6079362630844116,0.17053743336432967,0.14758098990403176,0.04299271906194812,0.20000000000000004,3
breast_cancer_wisconsin,xgb_ros,,0.05,0.3,majority_to_minority,0.890542328042328,0.03302742122261604,0.7857142857142857,0.06299407883487121,0.9692171363304866,0.002977277392798056,0.907143693021887,0.02979676252593037,0.98989898989899,0.01749546270271598,0.7857142857142857,0.06299407883487121,0.9702380952380952,0.008749177615954383,0.060239074130852964,0.018170054016151297,0.24124974012374875,0.03836734317509868,0.06661038434988004,0.02794258911366157,0.2857142857142857,3
breast_cancer_wisconsin,xgb_ros,,0.05,0.3,minority_to_majority,0.7857142857142857,0.0206196524710581,0.5714285714285715,0.04123930494211609,0.9558011952761186,0.008410833389407513,0.8078176616161731,0.021688109202253985,1.0,0.0,0.5714285714285715,0.04123930494211609,0.9641754850088183,0.00475010172540033,0.14027796437342957,0.02232478490287412,0.6096959114074707,0.12434594170532302,0.1599632839764855,0.01693899391032703,0.2666666666666666,3
breast_cancer_wisconsin,xgb_ros,,0.1,0.0,clean,0.9120370370370372,0.008667554511958435,0.8333333333333334,0.023809523809523794,0.9842604576906329,0.007467543538349382,0.925103394425323,0.006171503300580861,0.9817317317317317,0.015825236990753166,0.8333333333333334,0.023809523809523794,0.9880952380952381,0.006968024968817982,0.051836268355449,0.01038871237242812,0.2003947148720423,0.04561997914565316,0.0620155834227974,0.00701061905945222,0.0,3
breast_cancer_wisconsin,xgb_ros,,0.1,0.05,majority_to_minority,0.9113756613756614,0.015696354876065872,0.8412698412698413,0.027492869961410732,0.9796798614689642,0.011996059672188893,0.9223759260466924,0.016627644652549754,0.964835164835165,0.03888309013836066,0.8412698412698413,0.027492869961410732,0.9833553791887124,0.010696784430298216,0.0537293329834938,0.00981907232399598,0.19664983451366425,0.04320114371583707,0.061279761956253065,0.011256571090393517,0.0625,3
breast_cancer_wisconsin,xgb_ros,,0.1,0.05,minority_to_majority,0.9255952380952381,0.02995966045742366,0.8650793650793651,0.05991932091484718,0.9858490004310365,0.007106345631375389,0.9352915042204816,0.025218944399156198,0.9731338481338482,0.0017911410115464962,0.8650793650793651,0.05991932091484718,0.9897486772486772,0.00774826356736771,0.04828980689247447,0.016022341719683936,0.178061823050181,0.06596146757783605,0.055733031431234765,0.018033881443336095,0.0666666666666666,3
breast_cancer_wisconsin,xgb_ros,,0.1,0.1,majority_to_minority,0.8842592592592592,0.03551162370015557,0.7777777777777778,0.0549857399228215,0.9683891493575985,0.015028492275812013,0.9006853743695848,0.03527712429743924,0.9791666666666666,0.036084391824351594,0.7777777777777778,0.0549857399228215,0.9767416225749558,0.009142387252973604,0.07217679793636003,0.02258145314213268,0.26123285790284473,0.07646527945974786,0.08149852652146276,0.01832330414154065,0.0909090909090909,3
breast_cancer_wisconsin,xgb_ros,,0.1,0.1,minority_to_majority,0.8842592592592592,0.04770508651336357,0.7777777777777777,0.09622504486493763,0.9800742449414687,0.0029667738463997335,0.9000335375335374,0.04216191531389078,0.9801169590643276,0.01757307508925928,0.7777777777777777,0.09622504486493763,0.9867724867724866,0.0013227513227513643,0.06617771585782367,0.020395117981081207,0.24253573517004648,0.05514058603906729,0.08223773753651746,0.01976347587887854,0.10000000000000002,3
breast_cancer_wisconsin,xgb_ros,,0.1,0.2,majority_to_minority,0.8898809523809524,0.024076708530776973,0.7936507936507936,0.04956347617776502,0.9793381729657034,0.015884305276932072,0.9046157146461641,0.02174585636980834,0.9715653153153153,0.02713677744617318,0.7936507936507936,0.04956347617776502,0.9863315696649031,0.010939388023732871,0.0611379779875278,0.016271344755747447,0.19637389977773026,0.05542574227270546,0.06506024156452006,0.018640574813424165,0.2105263157894736,3
breast_cancer_wisconsin,xgb_ros,,0.1,0.2,minority_to_majority,0.8072089947089948,0.024144741185544674,0.6190476190476191,0.04761904761904756,0.9557225034369573,0.023886587163734235,0.8290431617728323,0.024312432758699907,0.9876543209876543,0.02138334330331957,0.6190476190476191,0.04761904761904756,0.9631834215167547,0.02053018432701599,0.11623020966847732,0.024183332218666035,0.47038887937863666,0.10183822819966631,0.14232609905738228,0.019994115523264622,0.20000000000000004,3
breast_cancer_wisconsin,xgb_ros,,0.1,0.3,majority_to_minority,0.9289021164021164,0.024907182615939893,0.8809523809523809,0.04123930494211611,0.9772239523072878,0.01152778413856669,0.9360055043849579,0.02440720109962917,0.957591738079543,0.0379500639058784,0.8809523809523809,0.04123930494211611,0.9774029982363316,0.012710348593826849,0.041497034331162704,0.013291653718827453,0.16306442767381665,0.05293859110035403,0.035047641653044664,0.010988133890267341,0.3023255813953488,3
breast_cancer_wisconsin,xgb_ros,,0.1,0.3,minority_to_majority,0.8310185185185185,0.022889236085545286,0.6666666666666666,0.04123930494211611,0.9468225604904313,0.022740907557135787,0.852473679677447,0.02273918465731559,0.9880952380952381,0.02061965247105799,0.6666666666666666,0.04123930494211611,0.957120811287478,0.017651834321945278,0.10911663621664047,0.017852503982695892,0.49248741070429486,0.1083411307495569,0.12513314348329616,0.011177472020598135,0.3,3
breast_cancer_wisconsin,xgb_ros,,0.2,0.0,clean,0.9437830687830688,0.025895200992661332,0.8968253968253969,0.03636964837266548,0.9874650897892483,0.006746883446726693,0.9519122864360959,0.025535825694597974,0.9824561403508772,0.03038685627313818,0.8968253968253969,0.03636964837266548,0.990410052910053,0.004960317460317332,0.03178005417188003,0.012840718574089355,0.12380309651295344,0.0366403898572568,0.04042073542848553,0.013794253631825498,0.0,3
breast_cancer_wisconsin,xgb_ros,,0.2,0.05,majority_to_minority,0.9437830687830688,0.009532761445370115,0.8968253968253969,0.013746434980705408,0.9884003601322618,0.0006636107391258605,0.9519484053214211,0.00962964853758541,0.9826810616284302,0.01500243467894939,0.8968253968253969,0.013746434980705408,0.9923941798941799,0.0005727681241959751,0.036074601113796234,0.00424524182108015,0.12206629415353133,0.009101377290248002,0.04469952497587737,0.008810699931062753,0.047619047619047596,3
breast_cancer_wisconsin,xgb_ros,,0.2,0.05,minority_to_majority,0.9209656084656085,0.03262265199772103,0.8650793650793651,0.049563476177765076,0.976704510525904,0.01161045951818579,0.9292752415451225,0.03140337193258919,0.9556540346014031,0.031815332305534426,0.8650793650793651,0.049563476177765076,0.9834656084656084,0.006605484244523219,0.04985648766160004,0.01790192728044226,0.19199798504511514,0.06053601104136934,0.05568141602279273,0.012906311065144182,0.05000000000000001,3
breast_cancer_wisconsin,xgb_ros,,0.2,0.1,majority_to_minority,0.9289021164021164,0.019270902492504606,0.8809523809523809,0.023809523809523836,0.9802919148464059,0.011024890736596148,0.9360636430080874,0.019879051675411992,0.9570400359874046,0.02941485348399751,0.8809523809523809,0.023809523809523836,0.9829144620811286,0.011068578310211338,0.040984757244586896,0.00863832765236675,0.14541301379601157,0.039084358035542374,0.04531291257644513,0.007954900654023494,0.10447761194029852,3
breast_cancer_wisconsin,xgb_ros,,0.2,0.1,minority_to_majority,0.8677248677248678,0.007038292544243611,0.753968253968254,0.013746434980705326,0.9689401287807593,0.008617708055139981,0.8841435584985736,0.010080313137988786,0.9613275613275613,0.043465732953879774,0.753968253968254,0.013746434980705326,0.9772927689594356,0.003642573113284442,0.07650908331076299,0.006606353678491994,0.2933948536713918,0.019862211386216144,0.08947433978496167,0.006986132786059726,0.10000000000000002,3
breast_cancer_wisconsin,xgb_ros,,0.2,0.2,majority_to_minority,0.9275793650793651,0.020063242476345847,0.8968253968253969,0.027492869961410787,0.9746221270175571,0.0035829855490468647,0.9304030134848645,0.01978340620464802,0.926219512195122,0.024413099047765365,0.8968253968253969,0.027492869961410787,0.980599647266314,0.0027535264543202967,0.04711371908585223,0.005843947617160392,0.16470698515574134,0.008921676607699703,0.0495613137428915,0.006849097020914483,0.20000000000000004,3
breast_cancer_wisconsin,xgb_ros,,0.2,0.2,minority_to_majority,0.8564814814814815,0.038580089442863306,0.7222222222222223,0.0836162996258154,0.9651617859936903,0.010498132993905897,0.8749716912663613,0.034201458977915995,0.9797235023041475,0.01765644613886452,0.7222222222222223,0.0836162996258154,0.9739858906525574,0.008315555208352086,0.08510855709513022,0.02519867925801978,0.3348008046547572,0.10618203531192331,0.09600857349673597,0.022607948720525774,0.20000000000000004,3
breast_cancer_wisconsin,xgb_ros,,0.2,0.3,majority_to_minority,0.9262566137566136,0.019499369031488925,0.9120370370370371,0.014353528051726709,0.9716381141782596,0.01119782184607304,0.9249964036246411,0.023956529965253208,0.9004737295434969,0.05307740316501365,0.9126984126984127,0.013746434980705439,0.9755291005291005,0.012665818784527496,0.05389983952045437,0.012680327421635778,0.18712440629800156,0.050759716672688714,0.0474102301414162,0.027010381314150844,0.3023255813953488,3
breast_cancer_wisconsin,xgb_ros,,0.2,0.3,minority_to_majority,0.7817460317460317,0.07653691080153141,0.5634920634920635,0.1530738216030628,0.9616358837345987,0.025759544970210217,0.8004945891209223,0.07798312111542545,1.0,0.0,0.5634920634920635,0.1530738216030628,0.9710097001763668,0.022010829760086323,0.1263923123478889,0.045163367459367255,0.4972580075263977,0.19892948522873174,0.15973384038283764,0.043868121185344236,0.3,3
breast_cancer_wisconsin,xgb_ros,,0.5,0.0,clean,0.9566798941798941,0.01612929682309143,0.9365079365079366,0.027492869961410787,0.9884232547526214,0.006667121221565856,0.9589170531665386,0.014654223196281083,0.9593302361595044,0.014148650487600401,0.9365079365079366,0.027492869961410787,0.9917328042328042,0.0054638596699265836,0.0308863936613003,0.012821917935029556,0.10998879621426261,0.04121217522442438,0.035017426136597835,0.013630595605452569,0.0,3
breast_cancer_wisconsin,xgb_ros,,0.5,0.05,majority_to_minority,0.9358465608465608,0.02284619768441257,0.9292328042328043,0.02383706519965624,0.9835268992570857,0.010446869561683393,0.9315674450764376,0.023411967922625097,0.8942526035549291,0.03362053474946633,0.9365079365079366,0.027492869961410787,0.9880952380952381,0.00869275094450733,0.04306083545088763,0.011555161549934988,0.14032706618309018,0.03766947376961758,0.04614756059729384,0.014285156284946672,0.050632911392405,3
breast_cancer_wisconsin,xgb_ros,,0.5,0.05,minority_to_majority,0.9322089947089948,0.02284619768441259,0.8968253968253969,0.027492869961410763,0.9811643211172864,0.009633100387037135,0.9365467917931136,0.02378262148895889,0.9420523243693976,0.036736857600057446,0.8968253968253969,0.027492869961410763,0.986111111111111,0.006613756613756655,0.03993243599931397,0.010689865060199102,0.14439462125301356,0.04167669357682791,0.043938912260645634,0.009547980526873681,0.05333333333333331,3
breast_cancer_wisconsin,xgb_ros,,0.5,0.1,majority_to_minority,0.9361772486772487,0.02306058647038509,0.9054232804232805,0.04569239536882507,0.9777420466869003,0.002104530230872441,0.926495054380792,0.032145932055512735,0.8691221169318792,0.07585923448774178,0.9603174603174603,0.013746434980705326,0.9830246913580246,0.004213296925400377,0.05760968973239259,0.016353549277326837,0.19606529672940567,0.02665388146147747,0.06741577116990377,0.0247539555887527,0.1017964071856287,3
breast_cancer_wisconsin,xgb_ros,,0.5,0.1,minority_to_majority,0.9351851851851851,0.014456013885181411,0.8888888888888888,0.03636964837266538,0.9869224741842123,0.006948230278481883,0.9423580460458045,0.010216538929753036,0.9659588985648035,0.012769635767334435,0.8888888888888888,0.03636964837266538,0.9902998236331569,0.0060284430837191485,0.03647446694473423,0.010308761382885398,0.13740733762582139,0.040016992763749044,0.05553884227210051,0.007340310545427137,0.10000000000000002,3
breast_cancer_wisconsin,xgb_ros,,0.5,0.2,majority_to_minority,0.9143518518518517,0.028065638085606765,0.8287037037037037,0.0561312761712136,0.9760705689361796,0.008162814344352367,0.8893271148451717,0.03518508641954732,0.7759247648902822,0.05890041052722416,1.0,0.0,0.984457671957672,0.005737219435481815,0.08694754044214881,0.019661965330328345,0.2957323243220647,0.05709987116197496,0.13519688948378925,0.009495082919567771,0.202127659574468,3
breast_cancer_wisconsin,xgb_ros,,0.5,0.2,minority_to_majority,0.9358465608465609,0.027355300076234813,0.8809523809523809,0.0476190476190476,0.9769800699473586,0.008797138173926211,0.9451861372099467,0.024745866871990874,0.9819688109161794,0.015632568160180778,0.8809523809523809,0.0476190476190476,0.9840167548500882,0.005497115361460153,0.04883968333403264,0.015094862409498432,0.1889293293158213,0.04263796825208566,0.0609829634202001,0.020075075101456126,0.20000000000000004,3
breast_cancer_wisconsin,xgb_ros,,0.5,0.3,majority_to_minority,0.7744708994708995,0.0377809942052569,0.5648148148148148,0.0712722422145401,0.9661956698347144,0.026836524914164238,0.7188886836448537,0.046827788284739054,0.5706385118149825,0.04018329503170899,0.9841269841269842,0.013746434980705439,0.9690255731922398,0.024440343905440642,0.20022360980510712,0.028469825327847375,0.6255335211753845,0.09139354623195728,0.2707843604383238,0.027292823817097592,0.2990654205607476,3
breast_cancer_wisconsin,xgb_ros,,0.5,0.3,minority_to_majority,0.896164021164021,0.007511783526190831,0.8015873015873015,0.013746434980705408,0.9850533304185874,0.01564444607627719,0.9114016564790558,0.00927106610920599,0.9814814814814815,0.03207501495497922,0.8015873015873015,0.013746434980705408,0.9899691358024691,0.010788400117387256,0.05843231330315266,0.015215851103106756,0.19732442498207084,0.06292024769948129,0.08969873374829074,0.008073869873147014,0.3,3
breast_cancer_wisconsin,xgb_smote,,0.05,0.0,clean,0.8690476190476191,0.07241383964640744,0.7380952380952381,0.14482767929281476,0.971008836552303,0.01096258220038128,0.8868333620860634,0.0683964055942894,1.0,0.0,0.7380952380952381,0.14482767929281476,0.9796075837742505,0.006714944625448885,0.08665541559457773,0.04879444524947396,0.3514642616113027,0.18352498733498923,0.09643870266290562,0.048432161052308804,0.0,3
breast_cancer_wisconsin,xgb_smote,,0.05,0.05,majority_to_minority,0.9074074074074074,0.02048396913485274,0.8333333333333334,0.023809523809523794,0.9785526901184428,0.014572723504948152,0.9190133038005883,0.02212773498751882,0.963963963963964,0.04128446572032286,0.8333333333333334,0.023809523809523794,0.9856701940035274,0.010542322510117028,0.053962174803018535,0.01573826033635816,0.19571657478809354,0.06548654783496585,0.0632860528710924,0.0176739987799089,0.0625,3
breast_cancer_wisconsin,xgb_smote,,0.05,0.05,minority_to_majority,0.8644179894179894,0.018936029500291468,0.7380952380952381,0.04123930494211611,0.9772356993377969,0.007927517768884552,0.8828481126391446,0.016639328593555158,0.9794433902593296,0.01785933953636368,0.7380952380952381,0.04123930494211611,0.9840167548500881,0.006682294782287426,0.07939878975351647,0.019967282315098606,0.30359557767709094,0.07119608265991322,0.0943719650311014,0.012677115861695933,0.0666666666666666,3
breast_cancer_wisconsin,xgb_smote,,0.05,0.1,majority_to_minority,0.878968253968254,0.011904761904761862,0.7857142857142857,0.023809523809523836,0.9639425272030019,0.008482137129188348,0.8920968791481165,0.010492669495906336,0.9428260192966075,0.0016342092241301838,0.7857142857142857,0.023809523809523836,0.9735449735449736,0.004871335933418061,0.06957496578494707,0.011194032556494019,0.25694609681765235,0.04585568749327028,0.07761535050254857,0.010058868664423517,0.1176470588235294,3
breast_cancer_wisconsin,xgb_smote,,0.05,0.1,minority_to_majority,0.8111772486772487,0.10433345176307801,0.626984126984127,0.2160421839494635,0.9536791160815669,0.04388525495637518,0.8270389985064922,0.10198260450689126,0.990990990990991,0.015604061329449323,0.626984126984127,0.2160421839494635,0.9684744268077602,0.027197608219721732,0.11868962769707041,0.07083127906125988,0.5164771924416224,0.3725878701469044,0.1374269639133688,0.06749608609130657,0.1333333333333333,3
breast_cancer_wisconsin,xgb_smote,,0.05,0.2,majority_to_minority,0.9176587301587302,0.013746434980705215,0.8492063492063492,0.027492869961410763,0.9667651627191463,0.008913402449454318,0.9287774312774312,0.011650032198980543,0.9727095516569201,0.0008440793409205295,0.8492063492063492,0.027492869961410763,0.9729938271604938,0.008782444571006224,0.0578883253037929,0.010527615346314233,0.23048083484172818,0.06697699050988608,0.06397355814077697,0.006855352755054139,0.2105263157894736,3
breast_cancer_wisconsin,xgb_smote,,0.05,0.2,minority_to_majority,0.8072089947089948,0.07003949518088762,0.6190476190476191,0.13256581816261961,0.9610848333164336,0.042462108700246984,0.8270238491825045,0.07224126970812447,0.9841269841269842,0.027492869961410725,0.6190476190476191,0.13256581816261961,0.9659391534391534,0.03858008944286339,0.11930428445339196,0.03661040023334039,0.5046622653802236,0.20213418299778563,0.14055307117380658,0.05081213526337438,0.20000000000000004,3
breast_cancer_wisconsin,xgb_smote,,0.05,0.3,majority_to_minority,0.9156746031746033,0.005249506569572519,0.873015873015873,0.036369648372665375,0.9681819462049246,0.00013043619253995975,0.920487942011104,0.00433293374588026,0.9269810508182602,0.044283892023153776,0.873015873015873,0.036369648372665375,0.9732142857142857,0.004298941798941864,0.05515109996000923,0.0018327670714931663,0.20635731518268582,0.01056664463817359,0.051082667840198104,0.00532782263807721,0.2857142857142857,3
breast_cancer_wisconsin,xgb_smote,,0.05,0.3,minority_to_majority,0.791335978835979,0.03150224683078317,0.5873015873015873,0.0549857399228215,0.9548575415613273,0.019930965129735113,0.8129167476334563,0.03366447472224263,0.9855072463768115,0.02510218561694025,0.5873015873015873,0.0549857399228215,0.9653328924162259,0.011268079663141676,0.13145612180233,0.024001926293812,0.5829028189182281,0.14734024765538237,0.15510363061503882,0.017795940117539807,0.2666666666666666,3
breast_cancer_wisconsin,xgb_smote,,0.1,0.0,clean,0.9097222222222223,0.016511227159814734,0.8333333333333334,0.023809523809523794,0.9833388250953022,0.007049528342670144,0.9220440703317524,0.01689126415446806,0.9724581724581726,0.027041731613004428,0.8333333333333334,0.023809523809523794,0.9874338624338623,0.005979874775140582,0.0517120646933714,0.015966174275647286,0.19485970834890998,0.0594105672028655,0.06190028348910393,0.018378256267987093,0.0,3
breast_cancer_wisconsin,xgb_smote,,0.1,0.05,majority_to_minority,0.921957671957672,0.013542060336933219,0.8809523809523809,0.047619047619047644,0.97306998188275,0.01828970891296226,0.9267405129695572,0.006647520897850258,0.9347329888027561,0.03369408559848763,0.8809523809523809,0.047619047619047644,0.9796075837742504,0.013937357688770882,0.05365474025408423,0.006911713260218026,0.19014103710651398,0.04775556315262654,0.05860770775184946,0.006966363273241977,0.0625,3
breast_cancer_wisconsin,xgb_smote,,0.1,0.05,minority_to_majority,0.9636243386243386,0.005979874775140472,0.9365079365079366,0.01374643498070535,0.9896513106226058,0.004560860881861547,0.9682571363555232,0.005497928335090377,0.9835365853658536,0.014260994589666474,0.9365079365079366,0.01374643498070535,0.9919532627865962,0.005304766056224016,0.02657242553929483,0.002924347645881013,0.11083285262187319,0.03436318025985966,0.04071981357056534,0.002905566954072643,0.0666666666666666,3
breast_cancer_wisconsin,xgb_smote,,0.1,0.1,majority_to_minority,0.8988095238095238,0.029811466669279193,0.8253968253968255,0.036369648372665375,0.9662745465035476,0.023313529922776112,0.909451636536846,0.031035861611898478,0.9456956956956958,0.04659697291124281,0.8253968253968255,0.036369648372665375,0.9742063492063492,0.01811553693756917,0.06423677379886307,0.02455329854861772,0.2298352072636286,0.09136355937661304,0.06870775229749616,0.02833975812582641,0.0909090909090909,3
breast_cancer_wisconsin,xgb_smote,,0.1,0.1,minority_to_majority,0.8978174603174603,0.026638336472415817,0.8095238095238094,0.06299407883487117,0.9757956032838392,0.007740574670993114,0.9114292630632499,0.02114337162651541,0.9728049728049729,0.025781911457710992,0.8095238095238094,0.06299407883487117,0.9839065255731922,0.004403656163015368,0.0603525539239247,0.01281342661128732,0.2180244276920954,0.03019790855758345,0.0738622627734364,0.015424574847326272,0.10000000000000002,3
breast_cancer_wisconsin,xgb_smote,,0.1,0.2,majority_to_minority,0.9193121693121693,0.03896086498767573,0.8571428571428572,0.06299407883487117,0.9762207585935988,0.018596440548477755,0.9289169110400582,0.03690490862559836,0.9641604010025061,0.03997238385634647,0.8571428571428572,0.06299407883487117,0.9839065255731924,0.013228891021718047,0.0503199206044276,0.024929683876263924,0.16688790420691166,0.07907594800122565,0.0427143532151018,0.020232463723630783,0.2105263157894736,3
breast_cancer_wisconsin,xgb_smote,,0.1,0.2,minority_to_majority,0.8485449735449735,0.0419178621097641,0.7063492063492064,0.08361629962581538,0.9677182130618434,0.021194851761505012,0.8676306788071493,0.03967902499643546,0.9791666666666666,0.036084391824351615,0.7063492063492064,0.08361629962581538,0.9753086419753085,0.019118027997739834,0.08946124712626136,0.026468979431006706,0.35953279832998913,0.11528488267056533,0.10844195836321695,0.023323157588531387,0.20000000000000004,3
breast_cancer_wisconsin,xgb_smote,,0.1,0.3,majority_to_minority,0.9212962962962964,0.032607564051798286,0.8888888888888888,0.03636964837266538,0.9717803715037089,0.01247535628187147,0.9241545603361173,0.034042539884867204,0.9184959349593497,0.0504306754267048,0.8888888888888888,0.03636964837266538,0.974757495590829,0.009949985975658528,0.049335673451423596,0.019313701061890075,0.17802978555361426,0.06630966743122152,0.049793151977924,0.015785406060623387,0.3023255813953488,3
breast_cancer_wisconsin,xgb_smote,,0.1,0.3,minority_to_majority,0.8343253968253969,0.03455173564934123,0.6825396825396824,0.059919320914847224,0.9526196943822884,0.02632054798665924,0.8538246188033325,0.03469078310386861,0.9657738095238096,0.03580717087951178,0.6825396825396824,0.059919320914847224,0.9656084656084656,0.01987431111285273,0.10943657656510664,0.022798548555803037,0.46183300018310547,0.10880003705390288,0.12463098301481428,0.023101705226405332,0.3,3
breast_cancer_wisconsin,xgb_smote,,0.2,0.0,clean,0.9398148148148149,0.017866326268836195,0.8888888888888888,0.036369648372665424,0.9864951772720448,0.006892474284544329,0.9485644341653762,0.01507966671212508,0.9826576576576578,0.01505306739775398,0.8888888888888888,0.036369648372665424,0.9896384479717812,0.00543710866628685,0.03428513246277964,0.011544626352534195,0.1317026192943255,0.03307252355345776,0.0422307792560834,0.013400072027007829,0.0,3
breast_cancer_wisconsin,xgb_smote,,0.2,0.05,majority_to_minority,0.9589947089947092,0.004688309153028451,0.9365079365079366,0.013746434980705408,0.9894530979326882,0.0010506738846265983,0.9620980812070009,0.009087283489231376,0.9684108527131783,0.035347370940621924,0.9365079365079366,0.013746434980705408,0.992283950617284,0.0024819952048494315,0.028283072014649666,0.003137963889547277,0.09957896421353017,0.005061269258334024,0.0282358556430329,0.0050301154580216995,0.047619047619047596,3
breast_cancer_wisconsin,xgb_smote,,0.2,0.05,minority_to_majority,0.9107142857142857,0.0336863627903763,0.8492063492063492,0.054985739922821485,0.9760992115530508,0.008377931474924941,0.9194290841513063,0.031819747216217935,0.9463562753036437,0.02858204336526049,0.8492063492063492,0.054985739922821485,0.9824735449735448,0.004546206046583273,0.051083004722992535,0.014710557189759083,0.1891437768936157,0.04418490509513153,0.05607284821994727,0.013418288414144558,0.05000000000000001,3
breast_cancer_wisconsin,xgb_smote,,0.2,0.1,majority_to_minority,0.9464285714285715,0.00687321749035264,0.9206349206349206,0.01374643498070535,0.982334587241985,0.00708521916956749,0.9493809888215835,0.005641549184574811,0.9508130081300813,0.0007040856941337066,0.9206349206349206,0.01374643498070535,0.9846781305114639,0.008129362463620999,0.03515650456150366,0.0038386686029921557,0.13579331586758295,0.0308458835512003,0.034026642645878,0.004392686780847768,0.10447761194029852,3
breast_cancer_wisconsin,xgb_smote,,0.2,0.1,minority_to_majority,0.8892195767195767,0.0034840124844089768,0.8015873015873015,0.027492869961410787,0.968595114033024,0.007325695037900163,0.9021959414045021,0.00798866512504225,0.9560080442433384,0.05281368441988168,0.8015873015873015,0.027492869961410787,0.9772927689594356,0.0029823080375813472,0.06613870089252784,0.008178911780352724,0.25605785350004834,0.04197737208057656,0.0764757260742831,0.013766153637018495,0.10000000000000002,3
breast_cancer_wisconsin,xgb_smote,,0.2,0.2,majority_to_minority,0.9255952380952381,0.01202813060811709,0.9041005291005292,0.023837065199656286,0.9673376099127551,0.00841733165135009,0.9220535854118355,0.010710037011628424,0.8868265327878415,0.0310544025810922,0.9206349206349206,0.0363696483726654,0.9729938271604938,0.007841788541372335,0.058220202724138866,0.001782173928853623,0.208195631702741,0.015557571965917385,0.056091992810847764,0.012649368893808306,0.20000000000000004,3
breast_cancer_wisconsin,xgb_smote,,0.2,0.2,minority_to_majority,0.869378306878307,0.05043287570334534,0.7619047619047619,0.10378330817953982,0.9670761967721687,0.010413085471503231,0.8836257323614323,0.04391395299044046,0.950647918389854,0.016215402208472656,0.7619047619047619,0.10378330817953982,0.9768518518518517,0.007627356213406596,0.07571730514367415,0.026630281190391077,0.2846660166978836,0.10357042393020237,0.08451520393286656,0.038121692409553896,0.20000000000000004,3
breast_cancer_wisconsin,xgb_smote,,0.2,0.3,majority_to_minority,0.912367724867725,0.01537965073311316,0.8908730158730158,0.011047151513551609,0.9686918898620648,0.011658374661592405,0.9069245967534351,0.015599916205847593,0.8598632702330725,0.03892919445697646,0.9126984126984127,0.036369648372665424,0.9712301587301586,0.01326466343924053,0.0615331741670767,0.00952864232303819,0.2093349198500315,0.036271815292684154,0.05927586301681936,0.002280262422346938,0.3023255813953488,3
breast_cancer_wisconsin,xgb_smote,,0.2,0.3,minority_to_majority,0.8293650793650794,0.07926581093427863,0.6587301587301587,0.158531621868557,0.9725640481697283,0.014649451763670728,0.8488313260062692,0.0756542631785016,1.0,0.0,0.6587301587301587,0.158531621868557,0.9798280423280423,0.010927719339853465,0.10199391841888424,0.04445472291681397,0.3941464473803838,0.17673469185878476,0.12819286344888783,0.050942832092334245,0.3,3
breast_cancer_wisconsin,xgb_smote,,0.5,0.0,clean,0.9566798941798941,0.01612929682309143,0.9365079365079366,0.027492869961410787,0.9884232547526214,0.006667121221565856,0.9589170531665386,0.014654223196281083,0.9593302361595044,0.014148650487600401,0.9365079365079366,0.027492869961410787,0.9917328042328042,0.0054638596699265836,0.0308863936613003,0.012821917935029556,0.10998879621426261,0.04121217522442438,0.035017426136597835,0.013630595605452569,0.0,3
breast_cancer_wisconsin,xgb_smote,,0.5,0.05,majority_to_minority,0.9358465608465608,0.02284619768441257,0.9292328042328043,0.02383706519965624,0.9842603056780472,0.009138106008133534,0.9315674450764376,0.023411967922625097,0.8942526035549291,0.03362053474946633,0.9365079365079366,0.027492869961410787,0.9886463844797179,0.007665493232236965,0.04277851929267243,0.012287298347066726,0.1391835237542788,0.040156367215419216,0.04350362610812597,0.010533060208425676,0.050632911392405,3
breast_cancer_wisconsin,xgb_smote,,0.5,0.05,minority_to_majority,0.9384920634920636,0.018849206349206393,0.9047619047619048,0.023809523809523836,0.9815561033229634,0.007337117133603392,0.942866688940862,0.01904443701971259,0.9500000000000001,0.02499999999999998,0.9047619047619048,0.023809523809523836,0.9857804232804233,0.0058784354611876016,0.0389465391635894,0.00912973492630147,0.1402207314968109,0.033948901542156296,0.04423560202121727,0.007652026615668564,0.05333333333333331,3
breast_cancer_wisconsin,xgb_smote,,0.5,0.1,majority_to_minority,0.9368386243386243,0.012561785656893192,0.9067460317460317,0.028129854918170313,0.9795902720094273,0.001685657001004982,0.9291665442555536,0.02204936341693486,0.8802615765288088,0.06626046460205591,0.9523809523809524,0.023809523809523836,0.98423721340388,0.002963917473489568,0.0544192145268122,0.014442641222265927,0.1827585697174072,0.022112056184224235,0.06063229061815647,0.023841865933226063,0.1017964071856287,3
breast_cancer_wisconsin,xgb_smote,,0.5,0.1,minority_to_majority,0.9431216931216931,0.020435865814127444,0.9047619047619048,0.04761904761904767,0.9866754256529687,0.008797899356255126,0.9488789522317913,0.01530862968541052,0.9665709665709666,0.012308437227979136,0.9047619047619048,0.04761904761904767,0.9898589065255732,0.007841788541372307,0.03629160610338047,0.008774906758653061,0.1396272778511047,0.04673369304177987,0.05131341141991707,0.004668944998552957,0.10000000000000002,3
breast_cancer_wisconsin,xgb_smote,,0.5,0.2,majority_to_minority,0.9133597883597884,0.019499369031488904,0.8425925925925926,0.034952937200327584,0.9774798018697345,0.011222805801505448,0.8916892839013753,0.023103427692938074,0.7859691252144083,0.037693302070688224,0.9841269841269842,0.01374643498070539,0.9851190476190476,0.008385398368456419,0.07877511779467257,0.027597560466554403,0.2655930717786153,0.07639803906718097,0.11847468607715866,0.025283502095078344,0.202127659574468,3
breast_cancer_wisconsin,xgb_smote,,0.5,0.2,minority_to_majority,0.9391534391534392,0.02976741571552321,0.8968253968253969,0.059919320914847224,0.9763202182688953,0.010597513777381136,0.9455002847497701,0.024870600106716816,0.965943992773261,0.013911399124620541,0.8968253968253969,0.059919320914847224,0.98423721340388,0.004187261885631113,0.0421275130162636,0.013250085148362935,0.1678737054268519,0.03599687117925458,0.06566213114916923,0.016313771951398156,0.20000000000000004,3
breast_cancer_wisconsin,xgb_smote,,0.5,0.3,majority_to_minority,0.8277116402116401,0.017249737243048856,0.6712962962962963,0.021215628217388163,0.9711613814907095,0.01781610704558473,0.7857435206446325,0.018111594458323808,0.6360771173271172,0.018111970689907452,0.9841269841269842,0.013746434980705439,0.9746472663139328,0.01651564192651394,0.15951364735762277,0.019726124579723957,0.5018466214338938,0.08463383204251845,0.22440219791442673,0.005183064451327253,0.2990654205607476,3
breast_cancer_wisconsin,xgb_smote,,0.5,0.3,minority_to_majority,0.8988095238095238,0.023329317492668374,0.8253968253968255,0.036369648372665396,0.9804004116625551,0.013498340127566972,0.9093670593670593,0.02277258940380377,0.94541910331384,0.027829028333858172,0.8253968253968255,0.036369648372665396,0.9875440917107584,0.009267129434296098,0.054385904222726766,0.01440842926831511,0.18663352231184635,0.05987566458678189,0.07392377763093383,0.00763210353224373,0.3,3
breast_cancer_wisconsin,xgb_weighted,,0.05,0.0,clean,0.8406084656084657,0.04338316828371824,0.6904761904761906,0.08247860988423227,0.9687166372366458,0.010506410114630755,0.8601762006867476,0.04249454289951434,0.9767628205128206,0.020444472471431187,0.6904761904761906,0.08247860988423227,0.9779541446208112,0.004952963390357297,0.09888370335102076,0.0319622122734216,0.4078688323497772,0.13212358758359752,0.11295320083828343,0.02933986399873162,0.0,3
breast_cancer_wisconsin,xgb_weighted,,0.05,0.05,majority_to_minority,0.9047619047619048,0.0476190476190476,0.8095238095238096,0.09523809523809526,0.9880989228904292,0.003397825449373472,0.9202480820901874,0.041646508067386456,1.0,0.0,0.8095238095238096,0.09523809523809526,0.9917328042328043,0.0029761904761904656,0.06039265667398763,0.023931017076415574,0.22545479238033292,0.06465171922618136,0.0756493531649507,0.025099889402757265,0.0625,3
breast_cancer_wisconsin,xgb_weighted,,0.05,0.05,minority_to_majority,0.8349867724867724,0.014456013885181541,0.6746031746031745,0.03636964837266539,0.9804699617955114,0.0017031131552812649,0.8562847197585332,0.012454874458100817,0.989247311827957,0.018624202231923397,0.6746031746031745,0.03636964837266539,0.9865520282186949,0.0013364589564574673,0.1010276302695274,0.006406983053059284,0.37571215629577637,0.02659863126518579,0.11779595899520906,0.005353002067225224,0.0666666666666666,3
breast_cancer_wisconsin,xgb_weighted,,0.05,0.1,majority_to_minority,0.8984788359788359,0.005979874775140583,0.8015873015873015,0.013746434980705399,0.9692288318723082,0.008368071989298639,0.9144659946427317,0.005734057092490942,0.9904761904761905,0.016495721976846473,0.8015873015873015,0.013746434980705399,0.9759700176366843,0.00464534997921205,0.06469114373127614,0.012565026194668647,0.2626587649186452,0.06169494444405846,0.07243709829881,0.01984363654463362,0.1176470588235294,3
breast_cancer_wisconsin,xgb_weighted,,0.05,0.1,minority_to_majority,0.7976190476190476,0.09744467585562441,0.5952380952380952,0.19488935171124883,0.9529701774788029,0.04885460774762227,0.8150626684691908,0.09771081584440315,1.0,0.0,0.5952380952380952,0.19488935171124883,0.9654982363315696,0.033519307601212536,0.12218595047791797,0.06390846013139259,0.5308277904987335,0.352423619783974,0.14141715847211753,0.061985154205612625,0.1333333333333333,3
breast_cancer_wisconsin,xgb_weighted,,0.05,0.2,majority_to_minority,0.894510582010582,0.009532761445370115,0.7936507936507936,0.013746434980705408,0.9749275177063063,0.011553798323902053,0.9109855521155831,0.009874417935477692,0.9901960784313726,0.01698089027028312,0.7936507936507936,0.013746434980705408,0.9813712522045855,0.007785808371433011,0.06993943701187763,0.008800770380097363,0.2646800031264623,0.05761006468444956,0.08402404722850221,0.008078846098837703,0.2105263157894736,3
breast_cancer_wisconsin,xgb_weighted,,0.05,0.2,minority_to_majority,0.8032407407407408,0.032607564051798196,0.6111111111111112,0.07273929674533076,0.9544978362445701,0.02852246697177344,0.8246030751551627,0.03138896726135694,0.9888888888888889,0.01924500897298746,0.6111111111111112,0.07273929674533076,0.9608686067019402,0.027457712400178583,0.1261321182052294,0.022699174979284652,0.5783759554227194,0.13166781649388878,0.14898371091929444,0.03134963925075627,0.20000000000000004,3
breast_cancer_wisconsin,xgb_weighted,,0.05,0.3,majority_to_minority,0.9103835978835978,0.027712745113152512,0.8253968253968255,0.04956347617776502,0.9665061663693123,0.0022799905069476713,0.9246481093141486,0.025322232243209335,0.9901960784313726,0.01698089027028312,0.8253968253968255,0.04956347617776502,0.9692460317460317,0.0037266625891483707,0.05773903305331864,0.014488009394859672,0.2418510317802429,0.03554495984377941,0.0721827495668889,0.016134350794630714,0.2857142857142857,3
breast_cancer_wisconsin,xgb_weighted,,0.05,0.3,minority_to_majority,0.791335978835979,0.03367662262455452,0.5873015873015873,0.059919320914847224,0.9579475410440619,0.008889859448625205,0.8128393981183563,0.035641893289773185,0.9855072463768115,0.02510218561694025,0.5873015873015873,0.059919320914847224,0.9674823633156966,0.007722345629690069,0.1402630085746447,0.020252122457436364,0.6099249521891276,0.096154474338591,0.16075955966776176,0.020193872735216226,0.2666666666666666,3
breast_cancer_wisconsin,xgb_weighted,,0.1,0.0,clean,0.9183201058201059,0.019347357772896794,0.8412698412698413,0.036369648372665375,0.9855744384385149,0.005413924629130919,0.9315599401733478,0.01734152583792692,0.9907407407407408,0.016037507477489565,0.8412698412698413,0.036369648372665375,0.9883156966490301,0.005507052908640471,0.049422661463419566,0.011940631253134883,0.1914795090754827,0.04503412533047096,0.0587206607227001,0.008228799762603154,0.0,3
breast_cancer_wisconsin,xgb_weighted,,0.1,0.05,majority_to_minority,0.9057539682539684,0.01374643498070539,0.8253968253968255,0.027492869961410725,0.9836546409186546,0.006170442900018108,0.9185735012520002,0.011806323752887945,0.971943371943372,0.0008916606473971421,0.8253968253968255,0.027492869961410725,0.9877645502645502,0.0057372194354818815,0.05132355416814483,0.008733215140985356,0.18306011954943333,0.02527088715636822,0.06042881176414849,0.008574727267622841,0.0625,3
breast_cancer_wisconsin,xgb_weighted,,0.1,0.05,minority_to_majority,0.9255952380952381,0.01818482418633259,0.8650793650793651,0.036369648372665396,0.9894468076020998,0.006434445856983286,0.935462183815023,0.01530091527556058,0.9731847231847232,0.001084000017348263,0.8650793650793651,0.036369648372665396,0.9922839506172839,0.005702168058367437,0.04522236933310823,0.012877721150223707,0.1644450301925341,0.0546617322117056,0.0559703000584257,0.01931355408463858,0.0666666666666666,3
breast_cancer_wisconsin,xgb_weighted,,0.1,0.1,majority_to_minority,0.8865740740740741,0.03367662262455457,0.7777777777777778,0.059919320914847224,0.9698074252587309,0.0180367327567041,0.9036594340437246,0.03174390781415109,0.989247311827957,0.018624202231923397,0.7777777777777778,0.059919320914847224,0.9772927689594355,0.011186506711303687,0.06696588670214014,0.022405462667644573,0.25108192861080164,0.07712183912739227,0.0795795784089496,0.02166562047268872,0.0909090909090909,3
breast_cancer_wisconsin,xgb_weighted,,0.1,0.1,minority_to_majority,0.8819444444444443,0.04293469247694925,0.7777777777777777,0.09912695235553008,0.978406995741377,0.004143592615355964,0.896808764186583,0.036043458496178224,0.9729323308270676,0.026347993184865023,0.7777777777777777,0.09912695235553008,0.9855599647266313,0.0025039278420634628,0.0692366225024064,0.02054345501986157,0.2565456132094065,0.05738262658936177,0.08096913079328133,0.02770107653756996,0.10000000000000002,3
breast_cancer_wisconsin,xgb_weighted,,0.1,0.2,majority_to_minority,0.8994708994708994,0.035856382515928424,0.8174603174603176,0.059919320914847224,0.9825936829233178,0.013595703476737782,0.9119206187652568,0.034369962749338595,0.9628719628719629,0.04096914651222611,0.8174603174603176,0.059919320914847224,0.9884259259259259,0.009532761445369974,0.0549438806871573,0.01657976529655042,0.17616695662339524,0.053044406545368836,0.06767855041077604,0.014577839944835228,0.2105263157894736,3
breast_cancer_wisconsin,xgb_weighted,,0.1,0.2,minority_to_majority,0.8072089947089948,0.024144741185544674,0.6190476190476191,0.04761904761904756,0.9606504891752943,0.02087218652119278,0.8290431617728323,0.024312432758699907,0.9876543209876543,0.02138334330331957,0.6190476190476191,0.04761904761904756,0.9671516754850087,0.019353950840995258,0.1093248277902603,0.017938553431268805,0.44481868545214337,0.07888738800758226,0.13559960884897157,0.015681339885608835,0.20000000000000004,3
breast_cancer_wisconsin,xgb_weighted,,0.1,0.3,majority_to_minority,0.9318783068783069,0.009532761445370005,0.873015873015873,0.013746434980705399,0.9774998504960735,0.007580875442058663,0.9420039687550944,0.00968679192276831,0.9822190611664295,0.015402850517573077,0.873015873015873,0.013746434980705399,0.9778439153439153,0.009092412093166429,0.04242153589924174,0.007298014235975694,0.16242041190465287,0.030980458704761214,0.04659424224400027,0.014072202157227416,0.3023255813953488,3
breast_cancer_wisconsin,xgb_weighted,,0.1,0.3,minority_to_majority,0.8310185185185186,0.03544226950916129,0.6666666666666666,0.06299407883487118,0.9450079435285689,0.026550470512007623,0.8522172057895531,0.035788625252450385,0.9871794871794872,0.022205779584216375,0.6666666666666666,0.06299407883487118,0.9543650793650794,0.02240638838159388,0.1090675443410873,0.01719885916051772,0.49344080686569214,0.11708722610293812,0.12690659458966844,0.007135565295830628,0.3,3
breast_cancer_wisconsin,xgb_weighted,,0.2,0.0,clean,0.9477513227513228,0.014353528051726695,0.9047619047619048,0.023809523809523836,0.9881805440791881,0.006213041206598459,0.9552399985598349,0.014555456001058413,0.9833333333333334,0.028867513459481298,0.9047619047619048,0.023809523809523836,0.9908509700176368,0.005018762097809496,0.03092279657721513,0.010215805292362407,0.12125678360462185,0.030299708876489424,0.0326305162726645,0.007363082546815583,0.0,3
breast_cancer_wisconsin,xgb_weighted,,0.2,0.05,majority_to_minority,0.9500661375661377,0.004009376869372379,0.9047619047619048,0.0,0.9876008604995256,0.0031268132838063426,0.95836732424034,0.005402547487376208,0.9914529914529915,0.0148038530561442,0.9047619047619048,0.0,0.9911816578483243,0.0035667305307239073,0.03542615969975787,0.0021000661996360224,0.126165397465229,0.01867031229121286,0.044027318235769906,0.005169293251121777,0.047619047619047596,3
breast_cancer_wisconsin,xgb_weighted,,0.2,0.05,minority_to_majority,0.9107142857142857,0.022337956843646263,0.8492063492063492,0.027492869961410763,0.975853785217122,0.011954431820027445,0.9196549370755719,0.023863376198168366,0.9477807767281452,0.0436060718898592,0.8492063492063492,0.027492869961410763,0.9817019400352733,0.007993712856841306,0.0553489464024702,0.014981061417897934,0.2076210925976435,0.05478955313889613,0.060178358612952364,0.007002260489143875,0.05000000000000001,3
breast_cancer_wisconsin,xgb_weighted,,0.2,0.1,majority_to_minority,0.9454365079365079,0.02061965247105799,0.9047619047619048,0.041239304942116174,0.9842106295566353,0.010842999727419719,0.9520141142388753,0.016947051090630137,0.9743260590500643,0.0011117142538952707,0.9047619047619048,0.041239304942116174,0.986441798941799,0.009876444790389035,0.034921842316786404,0.011359328307645678,0.13047304004430768,0.046578581582851886,0.0364288189257794,0.005739849707742863,0.10447761194029852,3
breast_cancer_wisconsin,xgb_weighted,,0.2,0.1,minority_to_majority,0.8835978835978836,0.0024966383714519736,0.7857142857142857,0.023809523809523836,0.9722337779385807,0.009995964914978466,0.898249228198725,0.004196253121657932,0.9631690514043455,0.04104654241847784,0.7857142857142857,0.023809523809523836,0.9798280423280423,0.005197167210814029,0.07316377262274416,0.007308393797386832,0.2802911152442296,0.029703501686112136,0.08232389436762406,0.013247425062954747,0.10000000000000002,3
breast_cancer_wisconsin,xgb_weighted,,0.2,0.2,majority_to_minority,0.9229497354497355,0.01906552289074008,0.8968253968253969,0.027492869961410787,0.9752439470316686,0.00474477259316122,0.9243428670424995,0.018854597849686194,0.9115079365079365,0.026522071129376146,0.8968253968253969,0.027492869961410787,0.9813712522045854,0.00234609751474783,0.04721252744396523,0.007353447631770859,0.16316574811935422,0.016965135189208235,0.0409682898929244,0.010170654892950558,0.20000000000000004,3
breast_cancer_wisconsin,xgb_weighted,,0.2,0.2,minority_to_majority,0.8660714285714287,0.038268455400765795,0.746031746031746,0.07653691080153138,0.9669940431640683,0.008195860302106478,0.8829935617319621,0.03427868857786054,0.9688769414575867,0.0029465621159231693,0.746031746031746,0.07653691080153138,0.9757495590828924,0.005702168058367524,0.08488875627517696,0.02163407364035068,0.32523507873217267,0.08802150077274003,0.0964939654450754,0.019894345654331985,0.20000000000000004,3
breast_cancer_wisconsin,xgb_weighted,,0.2,0.3,majority_to_minority,0.9302248677248678,0.012639890776201286,0.9120370370370371,0.014353528051726709,0.9746993458833914,0.008775218493361133,0.9282274087815449,0.01847623724470088,0.9016009437141893,0.05129865056401559,0.9206349206349206,0.013746434980705408,0.9771825396825397,0.009635451246252287,0.05117134501536683,0.010889805293665521,0.18059087793032325,0.042012792561429126,0.04591295132359036,0.02090605921907433,0.3023255813953488,3
breast_cancer_wisconsin,xgb_weighted,,0.2,0.3,minority_to_majority,0.7936507936507936,0.08612116831035989,0.5873015873015873,0.17224233662071992,0.9703251770469842,0.01574076529274658,0.8122002633038047,0.08546876703749799,1.0,0.0,0.5873015873015873,0.17224233662071992,0.9782848324514992,0.010427596376792093,0.11809105674425757,0.04839001474321038,0.4616876691579819,0.19377955932313082,0.14976989203241609,0.0501216526559841,0.3,3
breast_cancer_wisconsin,xgb_weighted,,0.5,0.0,clean,0.9566798941798941,0.01612929682309143,0.9365079365079366,0.027492869961410787,0.9884232547526214,0.006667121221565856,0.9589170531665386,0.014654223196281083,0.9593302361595044,0.014148650487600401,0.9365079365079366,0.027492869961410787,0.9917328042328042,0.0054638596699265836,0.0308863936613003,0.012821917935029556,0.10998879621426261,0.04121217522442438,0.035017426136597835,0.013630595605452569,0.0,3
breast_cancer_wisconsin,xgb_weighted,,0.5,0.05,majority_to_minority,0.933531746031746,0.02006324247634598,0.9265873015873015,0.020136689613278223,0.9839127114604812,0.011074806796403365,0.9285287119747001,0.019480111695189088,0.8872053872053872,0.022773988650620736,0.9365079365079366,0.027492869961410787,0.988425925925926,0.008953033313942394,0.0430512850483258,0.01343654825808554,0.14056051770846043,0.04572731951588903,0.0444581340671631,0.00670602459117486,0.050632911392405,3
breast_cancer_wisconsin,xgb_weighted,,0.5,0.05,minority_to_majority,0.9305555555555557,0.013346849253049346,0.8888888888888888,0.013746434980705408,0.9824224497542974,0.006941321297073817,0.9363106171054877,0.014444194520219557,0.9493589743589744,0.024685730146115033,0.8888888888888888,0.013746434980705408,0.9866622574955907,0.006100570591720373,0.040477884312470666,0.006776034848985711,0.1413313845793406,0.031209108187104644,0.04492591054870457,0.004446093464576207,0.05333333333333331,3
breast_cancer_wisconsin,xgb_weighted,,0.5,0.1,majority_to_minority,0.9322089947089948,0.016371552638209753,0.8974867724867726,0.03403997151443858,0.9777928674850408,0.0012918681571864646,0.9232739048675779,0.0268043610633411,0.8687349702032691,0.07522215729104437,0.9523809523809524,0.023809523809523836,0.9830246913580246,0.003000585888186909,0.0574189200997352,0.01634487007552096,0.19200491408507023,0.025904780733519477,0.05891831537262037,0.023219775468151033,0.1017964071856287,3
breast_cancer_wisconsin,xgb_weighted,,0.5,0.1,minority_to_majority,0.9431216931216931,0.020435865814127444,0.9047619047619048,0.04761904761904767,0.9871118578582715,0.00814359547694862,0.9488789522317913,0.01530862968541052,0.9665709665709666,0.012308437227979136,0.9047619047619048,0.04761904761904767,0.9900793650793651,0.00751178352619076,0.035488814736405964,0.010762117183229248,0.13382483770449952,0.043610167867762874,0.052005218468573734,0.009190094770894384,0.10000000000000002,3
breast_cancer_wisconsin,xgb_weighted,,0.5,0.2,majority_to_minority,0.9173280423280423,0.026791837434562264,0.8425925925925926,0.04243125643477631,0.9751015845477805,0.013174977341428792,0.8948613109813982,0.03093699621538414,0.7877441077441077,0.048054204223459726,0.9920634920634921,0.013746434980705408,0.9841269841269841,0.009567113850191464,0.08111605048179622,0.023864075358897913,0.27708231409390766,0.06828106491748277,0.1303803237558108,0.01230998999893566,0.202127659574468,3
breast_cancer_wisconsin,xgb_weighted,,0.5,0.2,minority_to_majority,0.9255952380952381,0.01818482418633259,0.8650793650793651,0.036369648372665396,0.9747482873051186,0.009310482244695415,0.935462183815023,0.01530091527556058,0.9731847231847232,0.001084000017348263,0.8650793650793651,0.036369648372665396,0.982583774250441,0.005018762097809665,0.04994665458798403,0.015219309599418427,0.19394483168919877,0.04659012301713925,0.06655863438030339,0.019141754184576303,0.20000000000000004,3
breast_cancer_wisconsin,xgb_weighted,,0.5,0.3,majority_to_minority,0.7860449735449735,0.020864803643316634,0.5879629629629629,0.044646531300893265,0.9649122681885521,0.02231621393220777,0.7337515668554611,0.026561790147643573,0.5829755332924419,0.026002525548077936,0.9841269841269842,0.013746434980705439,0.9699074074074074,0.017052080799409727,0.18374586105346677,0.015675723172809113,0.5595807035764059,0.050597175869135785,0.25870573522838924,0.02094382764861296,0.2990654205607476,3
breast_cancer_wisconsin,xgb_weighted,,0.5,0.3,minority_to_majority,0.8875661375661377,0.028310045933630318,0.7936507936507936,0.03636964837266547,0.979795808575112,0.020950505644597356,0.9017401646802137,0.029416590230409587,0.961624649859944,0.04355449565491885,0.7936507936507936,0.03636964837266547,0.9875440917107584,0.01269743667251378,0.059145151327053634,0.022316742136779835,0.19933795928955078,0.07983201381873707,0.08497166997965487,0.008249085347084262,0.3,3
south_german_credit,tabpfn_distpfn,observed,0.05,0.0,clean,0.5,0.0,0.0,0.0,0.5296256810085398,0.06986296309571613,0.411764705882353,0.0,0.0,0.0,0.0,0.0,0.7253571428571428,0.039488114977671386,0.2638895323534292,0.002159838545021589,0.9735829056279502,0.0630398354969936,0.25844437278248505,0.002163160877581221,0.0,3
south_german_credit,tabpfn_distpfn,observed,0.05,0.05,majority_to_minority,0.5111111111111111,0.01924500897298748,0.0222222222222222,0.03849001794597501,0.5599718030228492,0.10430557958880658,0.43423202614379086,0.03891454020273213,0.3333333333333333,0.5773502691896258,0.0222222222222222,0.03849001794597501,0.7402777777777777,0.08651251444126962,0.2509739295186162,0.023792531470586416,0.8663126372977503,0.10343159378083845,0.2424760774703354,0.0179215170554774,0.04,3
south_german_credit,tabpfn_distpfn,observed,0.05,0.05,minority_to_majority,0.5,0.0,0.0,0.0,0.5625550607706941,0.02108480762897314,0.411764705882353,0.0,0.0,0.0,0.0,0.0,0.7590079365079365,0.022944195998281514,0.2543005623717561,0.01122893323957098,0.8624240320297741,0.048660698163634,0.24585490983975047,0.01151014873489484,0.0416666666666666,3
south_german_credit,tabpfn_distpfn,observed,0.05,0.1,majority_to_minority,0.5,0.0,0.0,0.0,0.5149398574542194,0.0680709689436831,0.411764705882353,0.0,0.0,0.0,0.0,0.0,0.7148412698412699,0.052201306300136384,0.26542497797902015,0.004642765423705411,0.908615565027421,0.022538528053317065,0.2532458749560871,0.004367039492448837,0.1111111111111111,3
south_german_credit,tabpfn_distpfn,observed,0.05,0.1,minority_to_majority,0.5,0.0,0.0,0.0,0.5568245503415614,0.07386745298648825,0.411764705882353,0.0,0.0,0.0,0.0,0.0,0.7371825396825397,0.04152447392798879,0.26371449442153355,0.0017707551812905123,0.9442729701088869,0.027041699664698795,0.25752415753871954,0.0016606498355077517,0.0833333333333333,3
south_german_credit,tabpfn_distpfn,observed,0.05,0.2,majority_to_minority,0.5,0.0,0.0,0.0,0.47311533280658,0.019123662322684643,0.411764705882353,0.0,0.0,0.0,0.0,0.0,0.6948809523809524,0.06101745038675972,0.2618665743076109,0.012939238430445593,0.881780896298317,0.07589931623669145,0.24425690943885459,0.015426446751270726,0.20000000000000004,3
south_german_credit,tabpfn_distpfn,observed,0.05,0.2,minority_to_majority,0.5,0.0,0.0,0.0,0.49494676858285774,0.073885265915773,0.411764705882353,0.0,0.0,0.0,0.0,0.0,0.6973809523809523,0.07101427469800957,0.2697571398003514,0.006478007004511098,0.9941315353879165,0.05869191006174351,0.26082427569667604,0.006831064510089069,0.2083333333333333,3
south_german_credit,tabpfn_distpfn,observed,0.05,0.3,majority_to_minority,0.5,0.0,0.0,0.0,0.4925344881293246,0.06412991848009364,0.411764705882353,0.0,0.0,0.0,0.0,0.0,0.7116269841269841,0.05667083484736929,0.2648282842214014,0.009046618727183374,0.8834209859679675,0.05177339392185984,0.2455429871344144,0.008116358113429716,0.2941176470588235,3
south_german_credit,tabpfn_distpfn,observed,0.05,0.3,minority_to_majority,0.5,0.0,0.0,0.0,0.538853070181121,0.06258540974858003,0.411764705882353,0.0,0.0,0.0,0.0,0.0,0.7392857142857143,0.028134556829313328,0.27294590440348804,0.00552994994634777,1.0064795621062932,0.028411311741421044,0.2671633636380582,0.006367003995483154,0.2916666666666667,3
south_german_credit,tabpfn_distpfn,observed,0.1,0.0,clean,0.5055555555555555,0.004811252243246865,0.011111111111111066,0.009622504486493724,0.5553538071669709,0.07180674666632035,0.42350343106438376,0.010166034215682853,0.6666666666666666,0.5773502691896258,0.011111111111111066,0.009622504486493724,0.7405158730158731,0.08783434125760387,0.22755212250555043,0.01322795065606722,0.7342467493906125,0.11181893394594081,0.20260990246300947,0.010929325427990827,0.0,3
south_german_credit,tabpfn_distpfn,observed,0.1,0.05,majority_to_minority,0.5182539682539683,0.024753127259921785,0.03888888888888887,0.053575837561071996,0.5576438855675241,0.06144501372842924,0.4493690519203799,0.0506545496555795,0.6190476190476191,0.5408484138857403,0.03888888888888887,0.053575837561071996,0.7555952380952381,0.03162344884744239,0.21305654532575136,0.012641133486881503,0.6507073337407924,0.039842382343574345,0.17794559988034675,0.012402191358978187,0.0588235294117647,3
south_german_credit,tabpfn_distpfn,observed,0.1,0.05,minority_to_majority,0.5297619047619048,0.02085882793801817,0.06666666666666664,0.04409585518440988,0.5743613733177987,0.044789699982746324,0.4752078584618471,0.04145276708064022,0.875,0.21650635094610965,0.06666666666666664,0.04409585518440988,0.7586111111111111,0.04007227267122534,0.21704462177052916,0.004432796380807523,0.7068307837401863,0.015845128497233657,0.18942756895351212,0.012781320026325683,0.0416666666666666,3
south_german_credit,tabpfn_distpfn,observed,0.1,0.1,majority_to_minority,0.5031746031746032,0.004507070115714487,0.011111111111111066,0.009622504486493724,0.5561916959929603,0.08657482741230983,0.4221686881240641,0.009229875241682917,0.4444444444444444,0.5091750772173156,0.011111111111111066,0.009622504486493724,0.7432539682539683,0.047048115076750156,0.22486596377421453,0.0059851078797434005,0.6795024986449382,0.02397306476814287,0.19046776228944728,0.023420416883609907,0.0943396226415094,3
south_german_credit,tabpfn_distpfn,observed,0.1,0.1,minority_to_majority,0.5047619047619047,0.0042923229469809246,0.016666666666666632,0.01666666666666665,0.5804125425135939,0.08093679747395813,0.42695398472919327,0.014135942319180524,0.4666666666666666,0.5033222956847166,0.016666666666666632,0.01666666666666665,0.7752777777777777,0.04205606028986859,0.22391975238177073,0.003943149987920318,0.7200055853804358,0.04358135713192485,0.20379281681867445,0.010663472536372558,0.10416666666666659,3
south_german_credit,tabpfn_distpfn,observed,0.1,0.2,majority_to_minority,0.5031746031746032,0.0054985739922821545,0.0111111111111111,0.019245008972987504,0.5584778112467327,0.08429663459540854,0.4218312324929972,0.017435735545379985,0.16666666666666666,0.2886751345948129,0.0111111111111111,0.019245008972987504,0.7661507936507936,0.06086190426513559,0.21075177107060517,0.013044252890276463,0.6262407061391998,0.047682196815900864,0.17132059168777292,0.013090914552012783,0.20000000000000004,3
south_german_credit,tabpfn_distpfn,observed,0.1,0.2,minority_to_majority,0.4988095238095238,0.002061965247105839,0.0,0.0,0.5692974359719075,0.04349770629321341,0.4111863034299265,0.0010018224348249782,0.0,0.0,0.0,0.0,0.7726190476190475,0.031363795078455575,0.2358757035548619,0.008324406252171332,0.7543405513295576,0.0292006957495463,0.22205122837399757,0.0060802549037102215,0.2083333333333333,3
south_german_credit,tabpfn_distpfn,observed,0.1,0.3,majority_to_minority,0.5063492063492063,0.00901414023142905,0.0222222222222222,0.019245008972987504,0.5526838683429357,0.08281172272227032,0.4319042042919932,0.018008814882121072,0.4444444444444444,0.5091750772173156,0.0222222222222222,0.019245008972987504,0.7356746031746032,0.06833647882810723,0.2099093155418965,0.004166406986418947,0.6272045059281951,0.025913168283287765,0.15591852663252917,0.009783592128149107,0.3043478260869565,3
south_german_credit,tabpfn_distpfn,observed,0.1,0.3,minority_to_majority,0.5,0.0,0.0,0.0,0.5674029719178765,0.07050915123066312,0.411764705882353,0.0,0.0,0.0,0.0,0.0,0.7631349206349206,0.06708524349050168,0.24508046982886791,0.010119231783756401,0.8092346903800851,0.0575442754933145,0.2331334458823173,0.006135652301148171,0.2916666666666667,3
south_german_credit,tabpfn_distpfn,observed,0.2,0.0,clean,0.596031746031746,0.004811252243246865,0.22777777777777775,0.00962250448649379,0.5656974163614067,0.0454886777809395,0.5938244000418994,0.00684426370947425,0.7319688109161793,0.008440793409205047,0.22777777777777775,0.00962250448649379,0.748095238095238,0.053216416277792014,0.18754929485615604,0.013096985193757923,0.5700405882707614,0.051300410684801005,0.123531055814165,0.02490314241750331,0.0,3
south_german_credit,tabpfn_distpfn,observed,0.2,0.05,majority_to_minority,0.5932539682539683,0.03438670092204752,0.2222222222222222,0.06309898162000302,0.5852696748582255,0.0706347384339086,0.588862274047652,0.048981807332905775,0.7202020202020202,0.11682725403334158,0.2222222222222222,0.06309898162000302,0.7611111111111111,0.06189816051493194,0.18070629237562655,0.015634097428204267,0.5447597218459663,0.049858594626027104,0.09672152924149087,0.006644093715954605,0.0495049504950495,3
south_german_credit,tabpfn_distpfn,observed,0.2,0.05,minority_to_majority,0.5682539682539683,0.04771320057062155,0.17222222222222217,0.12945755775256715,0.57040637942776,0.0637547002164348,0.5443631071317959,0.07849370604254757,0.7568523430592397,0.2115097031636726,0.17222222222222217,0.12945755775256715,0.7615873015873017,0.05688151215282644,0.18720796205095866,0.012216013149926324,0.5659607835812889,0.043455489526252056,0.12526422269443907,0.0019787854246008842,0.052083333333333294,3
south_german_credit,tabpfn_distpfn,observed,0.2,0.1,majority_to_minority,0.5936507936507937,0.03295562650316596,0.24444444444444444,0.058531409738070785,0.5917034709818164,0.09145088202119774,0.5926536025769852,0.044043948933614484,0.6429824561403509,0.09327577040375311,0.24444444444444444,0.058531409738070785,0.7733730158730158,0.07062206722718242,0.17699568173859193,0.018502021078736084,0.5327729692626003,0.06349718071263152,0.10082145504413582,0.010008735101485634,0.102803738317757,3
south_german_credit,tabpfn_distpfn,observed,0.2,0.1,minority_to_majority,0.5305555555555556,0.021173526304689043,0.07777777777777774,0.03469443332443552,0.5672129834178428,0.028138890556364298,0.48266911694775283,0.03383128380193093,0.6898148148148149,0.2214976613686238,0.07777777777777774,0.03469443332443552,0.7684920634920634,0.04149784392763649,0.18974909628257564,0.007946620618970838,0.5687758392949397,0.034844569487386144,0.13145179231221663,0.00661903835644879,0.10416666666666659,3
south_german_credit,tabpfn_distpfn,observed,0.2,0.2,majority_to_minority,0.5805555555555556,0.004507070115714513,0.2111111111111111,0.03469443332443556,0.5512236072447704,0.0619319860043239,0.5734272852986303,0.007187564918318333,0.673015873015873,0.11919831731654607,0.2111111111111111,0.03469443332443556,0.7528571428571428,0.025894704367606006,0.18112550146563924,0.00689671886355218,0.5376968354718209,0.015696552340687186,0.0833390288615007,0.015227385332629306,0.20000000000000004,3
south_german_credit,tabpfn_distpfn,observed,0.2,0.2,minority_to_majority,0.523015873015873,0.021604218394946376,0.05555555555555553,0.05091750772173154,0.5943075935583587,0.016457335190285593,0.4631474546343603,0.046977836454458494,0.47222222222222215,0.4110735718596873,0.05555555555555553,0.05091750772173154,0.7742063492063492,0.036914809180195914,0.19598270978728183,0.007929059438031284,0.5923351045902011,0.033402251657867005,0.14590550966145757,0.007520821121343319,0.1979166666666666,3
south_german_credit,tabpfn_distpfn,observed,0.2,0.3,majority_to_minority,0.6015873015873016,0.017347216662217817,0.2722222222222222,0.025458753860865796,0.5897644910485615,0.05131445444306366,0.6049673710590272,0.021680274763166852,0.6283000949667615,0.05555579905953888,0.2722222222222222,0.025458753860865796,0.7774603174603175,0.06667191022462726,0.17052509973371507,0.014103600105127054,0.5102565694255765,0.03724284397593213,0.06795667697609244,0.015750044779368193,0.2992700729927007,3
south_german_credit,tabpfn_distpfn,observed,0.2,0.3,minority_to_majority,0.5075396825396825,0.01305911323167014,0.0222222222222222,0.03849001794597501,0.5948486342856906,0.07019140933617045,0.4315474385711435,0.034264698129539035,0.19047619047619047,0.329914439536929,0.0222222222222222,0.03849001794597501,0.7733333333333334,0.044022998267010754,0.21103873193231268,0.009114125373751308,0.6403578688887316,0.03720825888528393,0.17921084838544554,0.009756959752518883,0.3020833333333333,3
south_german_credit,tabpfn_distpfn,observed,0.5,0.0,clean,0.7075396825396826,0.05715938914295509,0.6357142857142857,0.0909449012132585,0.5992515569175358,0.07120987943497264,0.6929984082094416,0.05172173812632651,0.540577395955677,0.06964551691972255,0.6555555555555556,0.11706281947614157,0.7737698412698414,0.06003239079085987,0.17973381666511354,0.022100282507107695,0.5349128755605682,0.05019155108569173,0.12188733739789814,0.02292663644343033,0.0,3
south_german_credit,tabpfn_distpfn,observed,0.5,0.05,majority_to_minority,0.7075396825396826,0.029935998750067104,0.6706349206349206,0.050861809428609905,0.6166747422159959,0.06372223705745406,0.690159780242792,0.028720856773233765,0.5296607481124979,0.03947709928801931,0.6722222222222222,0.053575837561071975,0.7697222222222222,0.04435611616871103,0.18636662576457205,0.0157066396521522,0.5495373409048617,0.037860373370766476,0.13079381881295002,0.0030180086842186474,0.0513833992094861,3
south_german_credit,tabpfn_distpfn,observed,0.5,0.05,minority_to_majority,0.6777777777777777,0.03963290546713924,0.5722222222222222,0.11097213530798987,0.6059068743739381,0.057574602354260554,0.6719812704369245,0.032832603303722625,0.5312276821710783,0.03485614442229101,0.5722222222222222,0.11097213530798987,0.7628174603174603,0.05352912792025709,0.1794431482879876,0.01678963139745362,0.5348083116681152,0.04573874939116685,0.10033690177439199,0.019112490715553248,0.05000000000000001,3
south_german_credit,tabpfn_distpfn,observed,0.5,0.1,majority_to_minority,0.6944444444444445,0.06951130568142065,0.6373015873015873,0.12201848614017276,0.586275117206419,0.08041143541143699,0.6719785855768453,0.055322003886608406,0.5006820119352089,0.05512240760177559,0.6722222222222222,0.15122952876462442,0.7641269841269841,0.06887317180445986,0.19726929599063525,0.016105561860082742,0.5808641613778622,0.03668394347800882,0.15530145606376858,0.02149484039697283,0.1011235955056179,3
south_german_credit,tabpfn_distpfn,observed,0.5,0.1,minority_to_majority,0.6956349206349207,0.025009446439029755,0.5555555555555555,0.06309898162000306,0.6006097088638226,0.013719960932288201,0.6984876670648154,0.0242250069575288,0.5940155083012226,0.041301864619890945,0.5555555555555555,0.06309898162000306,0.7695238095238096,0.0501512734310642,0.17324936098510235,0.012224788756870074,0.519656270103165,0.033016054200910895,0.08249510594022863,0.004045166586341709,0.10000000000000002,3
south_german_credit,tabpfn_distpfn,observed,0.5,0.2,majority_to_minority,0.6932539682539681,0.04839155145742425,0.5642857142857142,0.03711537444790452,0.5742750637367422,0.04719425124834749,0.6334033169494359,0.04092374778744446,0.4471769786235195,0.03720467382505832,0.8222222222222223,0.07876359377087683,0.770436507936508,0.04058272627556801,0.23233133632745795,0.012097587452102371,0.6671305990872965,0.023799016468127078,0.2486057310236003,0.0038650870572926785,0.20000000000000004,3
south_german_credit,tabpfn_distpfn,observed,0.5,0.2,minority_to_majority,0.6400793650793651,0.032326050562565586,0.39444444444444443,0.053575837561071975,0.5601200959584841,0.09203446300248529,0.6500573971237779,0.03633551708647178,0.5962008520148055,0.06435333803426382,0.39444444444444443,0.053575837561071975,0.7580555555555556,0.06792856864675996,0.17702941184103582,0.018622170042220384,0.5298950323047243,0.05023479797047848,0.07851910083851822,0.01976637738760043,0.20000000000000004,3
south_german_credit,tabpfn_distpfn,observed,0.5,0.3,majority_to_minority,0.5841269841269842,0.023216829327476363,0.19047619047619044,0.04755948656056707,0.5394387236403172,0.09906967378577267,0.4106520660008485,0.0383208898029939,0.34129023203212006,0.012253795309718638,0.9777777777777777,0.03849001794597509,0.746984126984127,0.06618815657691818,0.3239338103151896,0.028123856256689686,0.8807094009005669,0.08056296058389016,0.3802182315175749,0.02410528555796834,0.3002915451895043,3
south_german_credit,tabpfn_distpfn,observed,0.5,0.3,minority_to_majority,0.5638888888888889,0.021439591522603257,0.17777777777777778,0.07515416254704822,0.5704479544347181,0.03576115786601977,0.5465333448163562,0.040815920824090315,0.6352901484480432,0.09934680151530383,0.17777777777777778,0.07515416254704822,0.755,0.039619970513518274,0.1778698666563279,0.006544710768435832,0.5297031680460457,0.020818734430892397,0.07915064674924553,0.02027471326909377,0.3,3
south_german_credit,tabpfn_distpfn,oracle,0.05,0.0,clean,0.5,0.0,0.0,0.0,0.5296256810085398,0.06986296309571613,0.411764705882353,0.0,0.0,0.0,0.0,0.0,0.7253571428571428,0.039488114977671386,0.2638895323534292,0.002159838545021589,0.9735829056279502,0.0630398354969936,0.25844437278248505,0.002163160877581221,0.0,3
south_german_credit,tabpfn_distpfn,oracle,0.05,0.05,majority_to_minority,0.5111111111111111,0.01924500897298748,0.0222222222222222,0.03849001794597501,0.5599718030228492,0.10430557958880658,0.43423202614379086,0.03891454020273213,0.3333333333333333,0.5773502691896258,0.0222222222222222,0.03849001794597501,0.7402777777777777,0.08651251444126962,0.24955878641958548,0.024084928655163276,0.8559265771902355,0.1026584294070011,0.24039023681307323,0.018266498663364907,0.04,3
south_german_credit,tabpfn_distpfn,oracle,0.05,0.05,minority_to_majority,0.5,0.0,0.0,0.0,0.5625550607706941,0.02108480762897314,0.411764705882353,0.0,0.0,0.0,0.0,0.0,0.7590079365079365,0.022944195998281514,0.25579228297474743,0.011063420483570003,0.873473146074693,0.049150643938616505,0.24794581439230345,0.01119380956127324,0.0416666666666666,3
south_german_credit,tabpfn_distpfn,oracle,0.05,0.1,majority_to_minority,0.5,0.0,0.0,0.0,0.5149398574542194,0.0680709689436831,0.411764705882353,0.0,0.0,0.0,0.0,0.0,0.7148412698412699,0.052201306300136384,0.2617002825675075,0.0049956322208678135,0.8774645172291432,0.02224403691964515,0.24753918870180036,0.0048128716619489295,0.1111111111111111,3
south_german_credit,tabpfn_distpfn,oracle,0.05,0.1,minority_to_majority,0.5,0.0,0.0,0.0,0.5568245503415614,0.07386745298648825,0.411764705882353,0.0,0.0,0.0,0.0,0.0,0.7371825396825397,0.04152447392798879,0.26628924963639544,0.0015895609638083628,0.9679648768563357,0.02691844617666876,0.2609245941847919,0.0015539511427797583,0.0833333333333333,3
south_german_credit,tabpfn_distpfn,oracle,0.05,0.2,majority_to_minority,0.5,0.0,0.0,0.0,0.47311533280658,0.019123662322684643,0.411764705882353,0.0,0.0,0.0,0.0,0.0,0.6948809523809524,0.06101745038675972,0.25439026216153654,0.014321845270555333,0.8255505152454056,0.0721791219183311,0.2310669352790086,0.018218013125198423,0.20000000000000004,3
south_german_credit,tabpfn_distpfn,oracle,0.05,0.2,minority_to_majority,0.5,0.0,0.0,0.0,0.49494676858285774,0.073885265915773,0.411764705882353,0.0,0.0,0.0,0.0,0.0,0.6973809523809523,0.07101427469800957,0.27528673561946787,0.005536265049097416,1.0589126828806756,0.059049539883947844,0.26876128736889343,0.005644848667184174,0.2083333333333333,3
south_german_credit,tabpfn_distpfn,oracle,0.05,0.3,majority_to_minority,0.5,0.0,0.0,0.0,0.4925344881293246,0.06412991848009364,0.411764705882353,0.0,0.0,0.0,0.0,0.0,0.7116269841269841,0.05667083484736929,0.2528052259902452,0.011051300686632206,0.7963324796101041,0.04835906552942811,0.22344787543729971,0.010539122491486447,0.2941176470588235,3
south_german_credit,tabpfn_distpfn,oracle,0.05,0.3,minority_to_majority,0.5,0.0,0.0,0.0,0.538853070181121,0.06258540974858003,0.411764705882353,0.0,0.0,0.0,0.0,0.0,0.7392857142857143,0.028134556829313328,0.28029448037310195,0.004345538956303272,1.1044770242919466,0.03028156256936231,0.2766451343027385,0.004727502425104012,0.2916666666666667,3
south_german_credit,tabpfn_distpfn,oracle,0.1,0.0,clean,0.5055555555555555,0.004811252243246865,0.011111111111111066,0.009622504486493724,0.5553538071669709,0.07180674666632035,0.42350343106438376,0.010166034215682853,0.6666666666666666,0.5773502691896258,0.011111111111111066,0.009622504486493724,0.7405158730158731,0.08783434125760387,0.22755212250555043,0.01322795065606722,0.7342467493906125,0.11181893394594081,0.20260990246300947,0.010929325427990827,0.0,3
south_german_credit,tabpfn_distpfn,oracle,0.1,0.05,majority_to_minority,0.5170634920634921,0.02611822646334025,0.03888888888888887,0.053575837561071996,0.5576438855675241,0.06144501372842924,0.44879064946795344,0.05130437005666619,0.6190476190476191,0.5408484138857403,0.03888888888888887,0.053575837561071996,0.7555952380952381,0.03162344884744239,0.21009998683003658,0.012604340842432655,0.6389269286461393,0.03904887016191507,0.17272702723260935,0.012033823243437531,0.0588235294117647,3
south_german_credit,tabpfn_distpfn,oracle,0.1,0.05,minority_to_majority,0.5293650793650794,0.020836167607658888,0.06111111111111107,0.04194352464039309,0.5743613733177987,0.044789699982746324,0.4719691319613289,0.040536311034129066,0.9333333333333332,0.11547005383792512,0.06111111111111107,0.04194352464039309,0.7586111111111111,0.04007227267122534,0.2188957586833827,0.004768238637915951,0.7157177320998521,0.015155113942208857,0.19500301083123203,0.010926659706682053,0.0416666666666666,3
south_german_credit,tabpfn_distpfn,oracle,0.1,0.1,majority_to_minority,0.5075396825396825,0.008445951053092418,0.0222222222222222,0.019245008972987504,0.5561916959929603,0.08657482741230983,0.4326494694934208,0.018397537158820698,0.4666666666666666,0.5033222956847166,0.0222222222222222,0.019245008972987504,0.7432539682539683,0.047048115076750156,0.21993286293239464,0.005615143939849395,0.6592446009583882,0.020910586074028546,0.1817914490633703,0.02302238232256321,0.0943396226415094,3
south_german_credit,tabpfn_distpfn,oracle,0.1,0.1,minority_to_majority,0.4988095238095238,0.002061965247105839,0.0,0.0,0.5804125425135939,0.08093679747395813,0.4111863034299265,0.0010018224348249782,0.0,0.0,0.0,0.0,0.7752777777777777,0.04205606028986859,0.22899213112561703,0.003962565131710541,0.745060068620571,0.04370470348619768,0.21232187705804875,0.01044375078841474,0.10416666666666659,3
south_german_credit,tabpfn_distpfn,oracle,0.1,0.2,majority_to_minority,0.5115079365079366,0.01261755007586087,0.027777777777777766,0.02545875386086577,0.5584778112467327,0.08429663459540854,0.4389261020926669,0.02577694114331371,0.5,0.5,0.027777777777777766,0.02545875386086577,0.7661507936507936,0.06086190426513559,0.19930335607978955,0.013645754524201503,0.5873146289377449,0.045068081854750315,0.14355077905736746,0.01396435063430292,0.20000000000000004,3
south_german_credit,tabpfn_distpfn,oracle,0.1,0.2,minority_to_majority,0.5,0.0,0.0,0.0,0.5692974359719075,0.04349770629321341,0.411764705882353,0.0,0.0,0.0,0.0,0.0,0.7726190476190475,0.031363795078455575,0.24631571394850416,0.007716496604318328,0.8129006114392906,0.030636102308818032,0.23813059781979193,0.007115840284846826,0.2083333333333333,3
south_german_credit,tabpfn_distpfn,oracle,0.1,0.3,majority_to_minority,0.5325396825396825,0.03014828557654381,0.08888888888888886,0.09179284245476835,0.5526838683429357,0.08281172272227032,0.4835216487701957,0.06794603122115056,0.4611111111111111,0.42371811034818546,0.08888888888888886,0.09179284245476835,0.7356746031746032,0.06833647882810723,0.19419065176260633,0.00604190551334525,0.5754846077252175,0.02851279009830017,0.11553355423371416,0.022980254200727523,0.3043478260869565,3
south_german_credit,tabpfn_distpfn,oracle,0.1,0.3,minority_to_majority,0.5,0.0,0.0,0.0,0.5674029719178765,0.07050915123066312,0.411764705882353,0.0,0.0,0.0,0.0,0.0,0.7631349206349206,0.06708524349050168,0.2581850197704889,0.008346925911034208,0.900765343604189,0.05891892224569061,0.25188072572824777,0.0049369334632132205,0.2916666666666667,3
south_german_credit,tabpfn_distpfn,oracle,0.2,0.0,clean,0.596031746031746,0.004811252243246865,0.22777777777777775,0.00962250448649379,0.5656974163614067,0.0454886777809395,0.5938244000418994,0.00684426370947425,0.7319688109161793,0.008440793409205047,0.22777777777777775,0.00962250448649379,0.748095238095238,0.053216416277792014,0.18754929485615604,0.013096985193757923,0.5700405882707614,0.051300410684801005,0.123531055814165,0.02490314241750331,0.0,3
south_german_credit,tabpfn_distpfn,oracle,0.2,0.05,majority_to_minority,0.5944444444444444,0.04416543659776846,0.23888888888888885,0.08388704928078608,0.5852696748582255,0.0706347384339086,0.5917656133940844,0.06060794184281186,0.6581555699202758,0.11179960695247032,0.23888888888888885,0.08388704928078608,0.7611111111111111,0.06189816051493194,0.1790827196759314,0.01584639364594325,0.5394037340688846,0.04944300568078666,0.08962217740925231,0.01538910409292564,0.0495049504950495,3
south_german_credit,tabpfn_distpfn,oracle,0.2,0.05,minority_to_majority,0.5551587301587301,0.04508642075344593,0.13888888888888884,0.11824331474329311,0.57040637942776,0.0637547002164348,0.5222074556299198,0.08135420773000945,0.7676767676767676,0.20176751874179977,0.13888888888888884,0.11824331474329311,0.7615873015873017,0.05688151215282644,0.1895031107664726,0.011986171278474627,0.5736771833519474,0.04359787805455603,0.12922780233027323,0.0046550314456927635,0.052083333333333294,3
south_german_credit,tabpfn_distpfn,oracle,0.2,0.1,majority_to_minority,0.6162698412698413,0.032783158019560096,0.29444444444444445,0.05853140973807077,0.5917034709818164,0.09145088202119774,0.6226848154273945,0.04151684690049347,0.667184265010352,0.07372642899823513,0.29444444444444445,0.05853140973807077,0.7733730158730158,0.07062206722718242,0.17391511402419538,0.0192838644979937,0.5234655957771666,0.06198982085625271,0.09087967233983914,0.008737774902858113,0.102803738317757,3
south_german_credit,tabpfn_distpfn,oracle,0.2,0.1,minority_to_majority,0.5107142857142857,0.017169291787923792,0.0333333333333333,0.0333333333333333,0.5672129834178428,0.028138890556364298,0.44207259594923043,0.03327935667224366,0.4000000000000001,0.4,0.0333333333333333,0.0333333333333333,0.7684920634920634,0.04149784392763649,0.19515526382602066,0.007313589779733247,0.5869444921635883,0.03506187741813994,0.14754368680719895,0.005827106398168501,0.10416666666666659,3
south_german_credit,tabpfn_distpfn,oracle,0.2,0.2,majority_to_minority,0.6317460317460317,0.036135087104229247,0.3611111111111111,0.09765775461803858,0.5512236072447704,0.0619319860043239,0.6393781568739805,0.04377098170038468,0.6241830065359477,0.08211089156374017,0.3611111111111111,0.09765775461803858,0.7528571428571428,0.025894704367606006,0.1773997468821823,0.00856473527221048,0.5286069737329053,0.020064666703564,0.052405968557697434,0.009543796343850636,0.20000000000000004,3
south_german_credit,tabpfn_distpfn,oracle,0.2,0.2,minority_to_majority,0.5142857142857143,0.014916623912073445,0.0333333333333333,0.0333333333333333,0.5943075935583587,0.016457335190285593,0.4441458267710146,0.03234961056948326,0.48888888888888893,0.4286067004885758,0.0333333333333333,0.0333333333333333,0.7742063492063492,0.036914809180195914,0.2078238623163172,0.00802472419598036,0.6353718193247676,0.03466271724138302,0.17413436515398728,0.007063795245789783,0.1979166666666666,3
south_german_credit,tabpfn_distpfn,oracle,0.2,0.3,majority_to_minority,0.6781746031746031,0.028678700738340696,0.5277777777777778,0.05091750772173159,0.5897644910485615,0.05131445444306366,0.6816807377284606,0.030829208053889456,0.5730820105820106,0.06576365866909557,0.5277777777777778,0.05091750772173159,0.7774603174603175,0.06667191022462726,0.17429833371917355,0.017635252998663933,0.5235599245277515,0.03957724245249654,0.08749808626882156,0.00844243352133709,0.2992700729927007,3
south_german_credit,tabpfn_distpfn,oracle,0.2,0.3,minority_to_majority,0.5027777777777778,0.004811252243246865,0.005555555555555533,0.009622504486493726,0.5948486342856906,0.07019140933617045,0.41763406847336837,0.010166034215682825,0.3333333333333333,0.5773502691896258,0.005555555555555533,0.009622504486493726,0.7733333333333334,0.044022998267010754,0.2306423500240463,0.007420523691179009,0.7255128952260607,0.03903726855498186,0.21380904862134864,0.008953549517677656,0.3020833333333333,3
south_german_credit,tabpfn_distpfn,oracle,0.5,0.0,clean,0.7075396825396826,0.05715938914295509,0.6357142857142857,0.0909449012132585,0.5992515569175358,0.07120987943497264,0.6929984082094416,0.05172173812632651,0.540577395955677,0.06964551691972255,0.6555555555555556,0.11706281947614157,0.7737698412698414,0.06003239079085987,0.17973381666511354,0.022100282507107695,0.5349128755605682,0.05019155108569173,0.12188733739789814,0.02292663644343033,0.0,3
south_german_credit,tabpfn_distpfn,oracle,0.5,0.05,majority_to_minority,0.7091269841269842,0.03355228543480629,0.6857142857142856,0.03113499245386196,0.6166747422159959,0.06372223705745406,0.6872494409888675,0.034629070927186006,0.5202747941628859,0.04603518781702319,0.6944444444444443,0.04194352464039302,0.7697222222222222,0.04435611616871103,0.1922957780288558,0.015893226442095953,0.5639857214633902,0.03775614057024047,0.15218940791774513,0.00409281914154958,0.0513833992094861,3
south_german_credit,tabpfn_distpfn,oracle,0.5,0.05,minority_to_majority,0.6746031746031745,0.02559754511566685,0.5444444444444444,0.10046189622236178,0.6059068743739381,0.057574602354260554,0.6729530653579093,0.017166977854175813,0.5474829931972789,0.02589612844185604,0.5444444444444444,0.10046189622236178,0.7628174603174603,0.05352912792025709,0.17665684163636577,0.016256976048053436,0.5285845436229081,0.04563699818844539,0.0849605225184827,0.01776212451903374,0.05000000000000001,3
south_german_credit,tabpfn_distpfn,oracle,0.5,0.1,majority_to_minority,0.684920634920635,0.07163989902474138,0.6182539682539683,0.07568033580470712,0.586275117206419,0.08041143541143699,0.652878673723582,0.05451439425103433,0.4703072979470495,0.05306228870125588,0.7055555555555556,0.14938144066387504,0.7641269841269841,0.06887317180445986,0.21369382921594002,0.015055160012680301,0.6210332819901193,0.03507032221398559,0.20131936201888326,0.02293670643750319,0.1011235955056179,3
south_german_credit,tabpfn_distpfn,oracle,0.5,0.1,minority_to_majority,0.6797619047619049,0.01777760062270003,0.48333333333333334,0.04409585518440989,0.6006097088638226,0.013719960932288201,0.6902399917960559,0.020766013264082745,0.6318181818181818,0.06115283657760779,0.48333333333333334,0.04409585518440989,0.7695238095238096,0.0501512734310642,0.1700139206042832,0.01215082700138412,0.5128254337010604,0.03659882651776555,0.0646154364043832,0.022048000696324007,0.10000000000000002,3
south_german_credit,tabpfn_distpfn,oracle,0.5,0.2,majority_to_minority,0.6456349206349207,0.02705115391611788,0.3523809523809523,0.05361109642475094,0.5742750637367422,0.04719425124834749,0.5272415380678235,0.03878910876148603,0.3838830655377417,0.01965060651129593,0.9388888888888888,0.00962250448649381,0.770436507936508,0.04058272627556801,0.2943183268901128,0.013399957410673756,0.8203561091820446,0.025314971868377015,0.3502460950880901,0.005878485758631809,0.20000000000000004,3
south_german_credit,tabpfn_distpfn,oracle,0.5,0.2,minority_to_majority,0.5626984126984127,0.032084014334439935,0.17777777777777773,0.07698003589195009,0.5601200959584841,0.09203446300248529,0.5462058466645604,0.047659034059142465,0.6044151926504867,0.1286933497967912,0.17777777777777773,0.07698003589195009,0.7580555555555556,0.06792856864675996,0.1801931883676127,0.016332737990967384,0.5384800846279747,0.054995808861771245,0.08546085177474007,0.005071532265552434,0.20000000000000004,3
south_german_credit,tabpfn_distpfn,oracle,0.5,0.3,majority_to_minority,0.5051587301587301,0.004507070115714487,0.021428571428571398,0.02575393768188565,0.5394387236403172,0.09906967378577267,0.2518224801097784,0.02406496021451883,0.3022317414987572,0.0019586188316458716,0.9888888888888889,0.01924500897298746,0.746984126984127,0.06618815657691818,0.4647608885750166,0.020897250853623508,1.300536700780592,0.09768092264153552,0.5269637085053828,0.017193291362252068,0.3002915451895043,3
south_german_credit,tabpfn_distpfn,oracle,0.5,0.3,minority_to_majority,0.5115079365079366,0.012617550075860857,0.027777777777777766,0.025458753860865775,0.5704479544347181,0.03576115786601977,0.4389261020926669,0.02577694114331369,0.5,0.5,0.027777777777777766,0.025458753860865775,0.755,0.039619970513518274,0.19845291617892902,0.004948433520020568,0.5862843836487859,0.023615125381925558,0.13496492875754332,0.012711342920048935,0.3,3
south_german_credit,tabpfn_distpfn_t,observed,0.05,0.0,clean,0.5,0.0,0.0,0.0,0.5296256810085398,0.06986296309571613,0.411764705882353,0.0,0.0,0.0,0.0,0.0,0.7253571428571428,0.039488114977671386,0.2928965006187993,4.1894450408542205e-05,1.4850521569818653,0.06405247401151486,0.29249901794544353,0.0004661989526174947,0.0,3
south_german_credit,tabpfn_distpfn_t,observed,0.05,0.05,majority_to_minority,0.5027777777777778,0.004811252243246865,0.005555555555555533,0.009622504486493724,0.5599718030228492,0.10430557958880658,0.41763406847336837,0.010166034215682808,0.3333333333333333,0.5773502691896258,0.005555555555555533,0.009622504486493724,0.7402777777777777,0.08651251444126962,0.27973621388697856,0.019789538969477397,1.239073112535123,0.2465812907176958,0.2803074378762762,0.015490035334533393,0.04,3
south_german_credit,tabpfn_distpfn_t,observed,0.05,0.05,minority_to_majority,0.5,0.0,0.0,0.0,0.5625550607706941,0.02108480762897314,0.411764705882353,0.0,0.0,0.0,0.0,0.0,0.7590079365079365,0.022944195998281514,0.2865982803773463,0.00866085704953733,1.2847812344814595,0.1450770571980211,0.2861719188348683,0.007958501572904512,0.0416666666666666,3
south_german_credit,tabpfn_distpfn_t,observed,0.05,0.1,majority_to_minority,0.5,0.0,0.0,0.0,0.5149398574542194,0.0680709689436831,0.411764705882353,0.0,0.0,0.0,0.0,0.0,0.7148412698412699,0.052201306300136384,0.2912197513633879,0.0023086022706050834,1.3274160760743137,0.05467103629390429,0.28903735840615985,0.002427131445255263,0.1111111111111111,3
south_german_credit,tabpfn_distpfn_t,observed,0.05,0.1,minority_to_majority,0.5,0.0,0.0,0.0,0.5568245503415614,0.07386745298648825,0.411764705882353,0.0,0.0,0.0,0.0,0.0,0.7371825396825397,0.04152447392798879,0.2938720630773774,0.0002219817207604534,1.4970202663435328,0.014669807964207308,0.2935297269769774,0.0007073422011054673,0.0833333333333333,3
south_german_credit,tabpfn_distpfn_t,observed,0.05,0.2,majority_to_minority,0.5,0.0,0.0,0.0,0.47311533280658,0.019123662322684643,0.411764705882353,0.0,0.0,0.0,0.0,0.0,0.6948809523809524,0.06101745038675972,0.2850568493015494,0.010618049619929374,1.201939147416306,0.16653251022596027,0.28032422044959754,0.01240180569462427,0.20000000000000004,3
south_german_credit,tabpfn_distpfn_t,observed,0.05,0.2,minority_to_majority,0.5,0.0,0.0,0.0,0.49494676858285774,0.073885265915773,0.411764705882353,0.0,0.0,0.0,0.0,0.0,0.6973809523809523,0.07101427469800957,0.2963123059367318,0.0018083861797130397,1.671553588041536,0.13538172124939937,0.29575482439550105,0.0020313608026968737,0.2083333333333333,3
south_german_credit,tabpfn_distpfn_t,observed,0.05,0.3,majority_to_minority,0.5,0.0,0.0,0.0,0.4925344881293246,0.06412991848009364,0.411764705882353,0.0,0.0,0.0,0.0,0.0,0.7116269841269841,0.05667083484736929,0.2857017705814869,0.0063357951570548075,1.1619336009174017,0.09709820889271956,0.27956222711779916,0.00652730830790868,0.2941176470588235,3
south_german_credit,tabpfn_distpfn_t,observed,0.05,0.3,minority_to_majority,0.5,0.0,0.0,0.0,0.538853070181121,0.06258540974858003,0.411764705882353,0.0,0.0,0.0,0.0,0.0,0.7392857142857143,0.028134556829313328,0.2981712649110964,0.0012439282991737691,1.8604638316668662,0.14890611057936098,0.2979585337119848,0.0013249913632934855,0.2916666666666667,3
south_german_credit,tabpfn_distpfn_t,observed,0.1,0.0,clean,0.5055555555555555,0.004811252243246865,0.011111111111111066,0.009622504486493724,0.5553538071669709,0.07180674666632035,0.42350343106438376,0.010166034215682853,0.6666666666666666,0.5773502691896258,0.011111111111111066,0.009622504486493724,0.7405158730158731,0.08783434125760387,0.2388233662151319,0.013194610227871788,0.79520812494513,0.1276757751903973,0.2252607811384122,0.009172733011596209,0.0,3
south_german_credit,tabpfn_distpfn_t,observed,0.1,0.05,majority_to_minority,0.5154761904761905,0.026805548212375525,0.03333333333333333,0.05773502691896258,0.5576438855675241,0.06144501372842924,0.4434996893293645,0.05496660370758128,0.2857142857142857,0.49487165930539345,0.03333333333333333,0.05773502691896258,0.7555952380952381,0.03162344884744239,0.21829684337783406,0.015001305036668721,0.673210508411933,0.05208953439927853,0.19247711636865725,0.016113086312333227,0.0588235294117647,3
south_german_credit,tabpfn_distpfn_t,observed,0.1,0.05,minority_to_majority,0.5210317460317461,0.020836167607658863,0.04444444444444443,0.04194352464039304,0.5743613733177987,0.044789699982746324,0.45572123558569994,0.04174574426889753,0.5833333333333334,0.5204164998665332,0.04444444444444443,0.04194352464039304,0.7586111111111111,0.04007227267122534,0.22550409643245042,0.009592345457482068,0.7482710151823883,0.0083546988353339,0.20481667348433372,0.018529837707020567,0.0416666666666666,3
south_german_credit,tabpfn_distpfn_t,observed,0.1,0.1,majority_to_minority,0.4976190476190476,0.0041239304942115975,0.0,0.0,0.5561916959929603,0.08657482741230983,0.4106044784777816,0.0020095728130512824,0.0,0.0,0.0,0.0,0.7432539682539683,0.047048115076750156,0.23205735653460033,0.01168035228479515,0.7138458897771588,0.05453231997496048,0.20439892269434043,0.02858459424173786,0.0943396226415094,3
south_german_credit,tabpfn_distpfn_t,observed,0.1,0.1,minority_to_majority,0.5,0.0,0.0,0.0,0.5804125425135939,0.08093679747395813,0.411764705882353,0.0,0.0,0.0,0.0,0.0,0.7752777777777777,0.04205606028986859,0.23795683514624633,0.007939314643901409,0.7940274410053823,0.05109393585293138,0.2256019280795825,0.016421392159863317,0.10416666666666659,3
south_german_credit,tabpfn_distpfn_t,observed,0.1,0.2,majority_to_minority,0.5031746031746032,0.0054985739922821545,0.0111111111111111,0.019245008972987504,0.5584778112467327,0.08429663459540854,0.4218312324929972,0.017435735545379985,0.16666666666666666,0.2886751345948129,0.0111111111111111,0.019245008972987504,0.7661507936507936,0.06086190426513559,0.21184725859416795,0.014534933708111085,0.6307431251888844,0.05374715421471591,0.1744832389062497,0.016903509695661043,0.20000000000000004,3
south_german_credit,tabpfn_distpfn_t,observed,0.1,0.2,minority_to_majority,0.5,0.0,0.0,0.0,0.5692974359719075,0.04349770629321341,0.411764705882353,0.0,0.0,0.0,0.0,0.0,0.7726190476190475,0.031363795078455575,0.2578180031117829,0.009967627649975523,0.8937529352103599,0.05183015278715388,0.2546117509741745,0.009944873654495107,0.2083333333333333,3
south_german_credit,tabpfn_distpfn_t,observed,0.1,0.3,majority_to_minority,0.5055555555555555,0.0067693341703302075,0.027777777777777766,0.02545875386086577,0.5526838683429357,0.08281172272227032,0.43476191445594176,0.02002155533328714,0.3333333333333333,0.3333333333333333,0.027777777777777766,0.02545875386086577,0.7356746031746032,0.06833647882810723,0.20745742706186102,0.004616220723306541,0.6181741293235765,0.024727255936006432,0.15058456294556252,0.011585551197353678,0.3043478260869565,3
south_german_credit,tabpfn_distpfn_t,observed,0.1,0.3,minority_to_majority,0.5,0.0,0.0,0.0,0.5674029719178765,0.07050915123066312,0.411764705882353,0.0,0.0,0.0,0.0,0.0,0.7631349206349206,0.06708524349050168,0.2708213415714751,0.00819022592794085,1.0221584548262304,0.07941236639883195,0.26820002668711096,0.00608457240164475,0.2916666666666667,3
south_german_credit,tabpfn_distpfn_t,observed,0.2,0.0,clean,0.5968253968253968,0.008935182737458575,0.25555555555555554,0.025458753860865782,0.5656974163614067,0.0454886777809395,0.5978968287014331,0.012473701870014805,0.6393890596789148,0.011572643100798344,0.25555555555555554,0.025458753860865782,0.748095238095238,0.053216416277792014,0.18320517175895212,0.014587483649154194,0.553500524219545,0.051353174321975684,0.10114106308716175,0.029588853555896327,0.0,3
south_german_credit,tabpfn_distpfn_t,observed,0.2,0.05,majority_to_minority,0.6119047619047618,0.05265081997022857,0.3,0.10408329997330666,0.5852696748582255,0.0706347384339086,0.615877752756205,0.06702450074578266,0.6143790849673203,0.09917641114701646,0.3,0.10408329997330666,0.7611111111111111,0.06189816051493194,0.1762440823127315,0.01628819610000324,0.5300592485872112,0.0487551799792242,0.08378423386277907,0.023837228904689606,0.0495049504950495,3
south_german_credit,tabpfn_distpfn_t,observed,0.2,0.05,minority_to_majority,0.582936507936508,0.0548179492372615,0.21111111111111105,0.14369463507086178,0.57040637942776,0.0637547002164348,0.5675829797463683,0.08324149250892107,0.7037037037037037,0.11564811108145186,0.21111111111111105,0.14369463507086178,0.7615873015873017,0.05688151215282644,0.18195048712415796,0.012922863866684446,0.5486845298721229,0.04315593007805645,0.09960765913758911,0.014514725774198645,0.052083333333333294,3
south_german_credit,tabpfn_distpfn_t,observed,0.2,0.1,majority_to_minority,0.6134920634920634,0.02545875386086581,0.3055555555555555,0.050917507721731536,0.5917034709818164,0.09145088202119774,0.6198596039648105,0.031576382034180006,0.6221688034188034,0.04082493389305541,0.3055555555555555,0.050917507721731536,0.7733730158730158,0.07062206722718242,0.17272363360086607,0.019663897600073418,0.5199894272177219,0.061402657727229595,0.08246920950791954,0.006971554409837037,0.102803738317757,3
south_german_credit,tabpfn_distpfn_t,observed,0.2,0.1,minority_to_majority,0.5587301587301587,0.009548578901203112,0.13888888888888887,0.009622504486493773,0.5672129834178428,0.028138890556364298,0.5337046870596488,0.011938360444645985,0.7445221445221445,0.11220526147159413,0.13888888888888887,0.009622504486493773,0.7684920634920634,0.04149784392763649,0.18431544540480704,0.008698910637355776,0.5511506580436419,0.03472496920333658,0.1230828627412176,0.024388942841875486,0.10416666666666659,3
south_german_credit,tabpfn_distpfn_t,observed,0.2,0.2,majority_to_minority,0.601984126984127,0.02327779266041664,0.2944444444444444,0.06938886664887112,0.5512236072447704,0.0619319860043239,0.6050930094637449,0.03074714799062701,0.5992063492063492,0.0909241209316635,0.2944444444444444,0.06938886664887112,0.7528571428571428,0.025894704367606006,0.17791561971565908,0.007970178279072489,0.5297057152904245,0.01842175210652426,0.06744304861149379,0.02309629113843969,0.20000000000000004,3
south_german_credit,tabpfn_distpfn_t,observed,0.2,0.2,minority_to_majority,0.5424603174603174,0.04693456469988458,0.09444444444444444,0.1004618962223618,0.5943075935583587,0.016457335190285593,0.49542701052205135,0.08703105018273724,0.5238095238095238,0.4592214648091883,0.09444444444444444,0.1004618962223618,0.7742063492063492,0.036914809180195914,0.19176172942356182,0.008428098335822073,0.578054618949306,0.034035997681704885,0.13440246288650376,0.008879659420158843,0.1979166666666666,3
south_german_credit,tabpfn_distpfn_t,observed,0.2,0.3,majority_to_minority,0.6265873015873016,0.026628728682234246,0.35555555555555557,0.04194352464039308,0.5897644910485615,0.05131445444306366,0.6357825473713764,0.030735987101836535,0.5983519404572036,0.060281666325026614,0.35555555555555557,0.04194352464039308,0.7774603174603175,0.06667191022462726,0.16994951527018545,0.015577512284392766,0.5108654283474848,0.037996074674712645,0.0656198653837631,0.018161288619734477,0.2992700729927007,3
south_german_credit,tabpfn_distpfn_t,observed,0.2,0.3,minority_to_majority,0.5075396825396825,0.01305911323167014,0.0222222222222222,0.03849001794597501,0.5948486342856906,0.07019140933617045,0.4315474385711435,0.034264698129539035,0.19047619047619047,0.329914439536929,0.0222222222222222,0.03849001794597501,0.7733333333333334,0.044022998267010754,0.21177789954008305,0.00949409495186342,0.6432790865906237,0.040129471858628016,0.18038209948388642,0.012820882081047966,0.3020833333333333,3
south_german_credit,tabpfn_distpfn_t,observed,0.5,0.0,clean,0.7142857142857143,0.06406487641463665,0.6611111111111111,0.09765775461803851,0.5992515569175358,0.07120987943497264,0.6954237053739541,0.058076254252217366,0.5350889850889851,0.07065700193488514,0.6833333333333332,0.11666666666666664,0.7737698412698414,0.06003239079085987,0.18256881205384104,0.022326397955176245,0.5417771487573231,0.04999176961866489,0.12473442439852069,0.025598626839832293,0.0,3
south_german_credit,tabpfn_distpfn_t,observed,0.5,0.05,majority_to_minority,0.7075396825396826,0.029935998750067104,0.6706349206349206,0.050861809428609905,0.6166747422159959,0.06372223705745406,0.690159780242792,0.028720856773233765,0.5296607481124979,0.03947709928801931,0.6722222222222222,0.053575837561071975,0.7697222222222222,0.04435611616871103,0.1882998491478529,0.01581262390376653,0.5542300543798302,0.03787974110102412,0.14012291591241452,0.006403167180122319,0.0513833992094861,3
south_german_credit,tabpfn_distpfn_t,observed,0.5,0.05,minority_to_majority,0.6781746031746031,0.0523584006287636,0.5912698412698413,0.130439109549535,0.6059068743739381,0.057574602354260554,0.6678506513625102,0.04244059392144252,0.5153983443457127,0.043566108892408556,0.5944444444444444,0.1347150628109127,0.7628174603174603,0.05352912792025709,0.18258804804001585,0.017122215881906044,0.5418907176169676,0.045465826182564686,0.1113723341679967,0.018193214191054387,0.05000000000000001,3
south_german_credit,tabpfn_distpfn_t,observed,0.5,0.1,majority_to_minority,0.6944444444444445,0.06951130568142065,0.6373015873015873,0.12201848614017276,0.586275117206419,0.08041143541143699,0.6719785855768453,0.055322003886608406,0.5006820119352089,0.05512240760177559,0.6722222222222222,0.15122952876462442,0.7641269841269841,0.06887317180445986,0.19721420609660986,0.016577262645129157,0.5806645534966791,0.03745815815251842,0.15524576262357279,0.018694458060755648,0.1011235955056179,3
south_german_credit,tabpfn_distpfn_t,observed,0.5,0.1,minority_to_majority,0.6865079365079364,0.04107286631944051,0.5777777777777778,0.08221471437193749,0.6006097088638226,0.013719960932288201,0.6828292203164903,0.038501922142332376,0.5473861688650421,0.04834185197135491,0.5777777777777778,0.08221471437193749,0.7695238095238096,0.0501512734310642,0.17644684183468437,0.01252762143863693,0.526660089194093,0.031560753414048376,0.09980711742348557,0.004247869385896704,0.10000000000000002,3
south_german_credit,tabpfn_distpfn_t,observed,0.5,0.2,majority_to_minority,0.6948412698412699,0.040899975697960084,0.5952380952380952,0.0352348775879732,0.5742750637367422,0.04719425124834749,0.6433841352863258,0.03379385736245417,0.45690094219505983,0.032279811526483626,0.7944444444444444,0.07515416254704828,0.770436507936508,0.04058272627556801,0.22316350545001307,0.011834293248104926,0.6449516367607037,0.02346731730175158,0.23019100240078863,0.0027716148923260524,0.20000000000000004,3
south_german_credit,tabpfn_distpfn_t,observed,0.5,0.2,minority_to_majority,0.6678571428571428,0.05306640259053017,0.48333333333333334,0.09279607271383371,0.5601200959584841,0.09203446300248529,0.6746031746031745,0.05412886057818939,0.5806267806267806,0.07143956307248274,0.48333333333333334,0.09279607271383371,0.7580555555555556,0.06792856864675996,0.1788739148587121,0.019042556983270197,0.5340999329889181,0.04811441654181967,0.094197847514865,0.0019415407307506035,0.20000000000000004,3
south_german_credit,tabpfn_distpfn_t,observed,0.5,0.3,majority_to_minority,0.6246031746031746,0.035442084383216735,0.28809523809523807,0.07190318509781665,0.5394387236403172,0.09906967378577267,0.48487523318989245,0.05403654963739656,0.3674787324696332,0.02361171902037084,0.9611111111111111,0.02545875386086578,0.746984126984127,0.06618815657691818,0.29625298777403475,0.027748393218839932,0.811991889347456,0.07412687933205674,0.3446088962447238,0.0232583833027141,0.3002915451895043,3
south_german_credit,tabpfn_distpfn_t,observed,0.5,0.3,minority_to_majority,0.6051587301587301,0.021439591522603337,0.2888888888888888,0.06938886664887108,0.5704479544347181,0.03576115786601977,0.6083899899704482,0.02682123741355239,0.622007722007722,0.06852928371981394,0.2888888888888888,0.06938886664887108,0.755,0.039619970513518274,0.17530806498014143,0.0075583951366488,0.5241713825112442,0.02063627812449242,0.07063797871198306,0.04067103888097707,0.3,3
south_german_credit,tabpfn_distpfn_t,oracle,0.05,0.0,clean,0.5,0.0,0.0,0.0,0.5296256810085398,0.06986296309571613,0.411764705882353,0.0,0.0,0.0,0.0,0.0,0.7253571428571428,0.039488114977671386,0.2928965006187993,4.1894450408542205e-05,1.4850521569818653,0.06405247401151486,0.29249901794544353,0.0004661989526174947,0.0,3
south_german_credit,tabpfn_distpfn_t,oracle,0.05,0.05,majority_to_minority,0.5027777777777778,0.004811252243246865,0.005555555555555533,0.009622504486493724,0.5599718030228492,0.10430557958880658,0.41763406847336837,0.010166034215682808,0.3333333333333333,0.5773502691896258,0.005555555555555533,0.009622504486493724,0.7402777777777777,0.08651251444126962,0.2789830272940577,0.020461549954868357,1.2266066190094123,0.24795084743300808,0.27946494026136587,0.01615738264664531,0.04,3
south_german_credit,tabpfn_distpfn_t,oracle,0.05,0.05,minority_to_majority,0.5,0.0,0.0,0.0,0.5625550607706941,0.02108480762897314,0.411764705882353,0.0,0.0,0.0,0.0,0.0,0.7590079365079365,0.022944195998281514,0.2871611903831078,0.008282151673754084,1.2979649928069996,0.14401483936513723,0.2867884569948141,0.007561445327011958,0.0416666666666666,3
south_german_credit,tabpfn_distpfn_t,oracle,0.05,0.1,majority_to_minority,0.5,0.0,0.0,0.0,0.5149398574542194,0.0680709689436831,0.411764705882353,0.0,0.0,0.0,0.0,0.0,0.7148412698412699,0.052201306300136384,0.2901543897584266,0.00263033348546601,1.2931253566780558,0.0562743513104637,0.2876678932201875,0.0028005525284956726,0.1111111111111111,3
south_german_credit,tabpfn_distpfn_t,oracle,0.05,0.1,minority_to_majority,0.5,0.0,0.0,0.0,0.5568245503415614,0.07386745298648825,0.411764705882353,0.0,0.0,0.0,0.0,0.0,0.7371825396825397,0.04152447392798879,0.29433725597815363,0.00019493285347116119,1.5210015008677171,0.014816872419886854,0.29403085795870026,0.0006391231027963575,0.0833333333333333,3
south_german_credit,tabpfn_distpfn_t,oracle,0.05,0.2,majority_to_minority,0.5,0.0,0.0,0.0,0.47311533280658,0.019123662322684643,0.411764705882353,0.0,0.0,0.0,0.0,0.0,0.6948809523809524,0.06101745038675972,0.2813284864563403,0.013373545603200837,1.1346412735819984,0.1705612990150131,0.2749571450672455,0.016279655678828626,0.20000000000000004,3
south_german_credit,tabpfn_distpfn_t,oracle,0.05,0.2,minority_to_majority,0.5,0.0,0.0,0.0,0.49494676858285774,0.073885265915773,0.411764705882353,0.0,0.0,0.0,0.0,0.0,0.6973809523809523,0.07101427469800957,0.29699334577014985,0.0014127672302655097,1.7302218505019784,0.12569161628012468,0.29654912706989595,0.0015626250896818566,0.2083333333333333,3
south_german_credit,tabpfn_distpfn_t,oracle,0.05,0.3,majority_to_minority,0.5,0.0,0.0,0.0,0.4925344881293246,0.06412991848009364,0.411764705882353,0.0,0.0,0.0,0.0,0.0,0.7116269841269841,0.05667083484736929,0.2796427107727068,0.00916490160041583,1.0570860914247266,0.10046454033756247,0.2703303760865505,0.009997620496032497,0.2941176470588235,3
south_german_credit,tabpfn_distpfn_t,oracle,0.05,0.3,minority_to_majority,0.5,0.0,0.0,0.0,0.538853070181121,0.06258540974858003,0.411764705882353,0.0,0.0,0.0,0.0,0.0,0.7392857142857143,0.028134556829313328,0.29858153855047215,0.0008719331317870985,1.929133462826732,0.13052036358065291,0.2984176450780647,0.0009208979518061219,0.2916666666666667,3
south_german_credit,tabpfn_distpfn_t,oracle,0.1,0.0,clean,0.5055555555555555,0.004811252243246865,0.011111111111111066,0.009622504486493724,0.5553538071669709,0.07180674666632035,0.42350343106438376,0.010166034215682853,0.6666666666666666,0.5773502691896258,0.011111111111111066,0.009622504486493724,0.7405158730158731,0.08783434125760387,0.2388233662151319,0.013194610227871788,0.79520812494513,0.1276757751903973,0.2252607811384122,0.009172733011596209,0.0,3
south_german_credit,tabpfn_distpfn_t,oracle,0.1,0.05,majority_to_minority,0.5182539682539683,0.024753127259921785,0.03888888888888887,0.053575837561071996,0.5576438855675241,0.06144501372842924,0.4493690519203799,0.0506545496555795,0.6190476190476191,0.5408484138857403,0.03888888888888887,0.053575837561071996,0.7555952380952381,0.03162344884744239,0.21514805685061333,0.015125355422621205,0.6598938385801518,0.05131659959091102,0.18204196012497945,0.017644408722033576,0.0588235294117647,3
south_german_credit,tabpfn_distpfn_t,oracle,0.1,0.05,minority_to_majority,0.5154761904761905,0.013521210347143568,0.03333333333333333,0.02886751345948129,0.5743613733177987,0.044789699982746324,0.4451264989180637,0.028918839695437338,0.5833333333333334,0.5204164998665332,0.03333333333333333,0.02886751345948129,0.7586111111111111,0.04007227267122534,0.227404244075856,0.009695971892774078,0.7583079975686876,0.008782391439268223,0.20836876260762402,0.017947170101084292,0.0416666666666666,3
south_german_credit,tabpfn_distpfn_t,oracle,0.1,0.1,majority_to_minority,0.5047619047619047,0.0042923229469809246,0.016666666666666632,0.01666666666666665,0.5561916959929603,0.08657482741230983,0.42695398472919327,0.014135942319180524,0.4666666666666666,0.5033222956847166,0.016666666666666632,0.01666666666666665,0.7432539682539683,0.047048115076750156,0.22722654651103968,0.01205220537915815,0.6918916806745012,0.052437672597397296,0.19472222273791437,0.031868510621940224,0.0943396226415094,3
south_german_credit,tabpfn_distpfn_t,oracle,0.1,0.1,minority_to_majority,0.5,0.0,0.0,0.0,0.5804125425135939,0.08093679747395813,0.411764705882353,0.0,0.0,0.0,0.0,0.0,0.7752777777777777,0.04205606028986859,0.24257885140456,0.007609995236896063,0.8213834784816174,0.05143659998600103,0.2322056253057443,0.01553510031379695,0.10416666666666659,3
south_german_credit,tabpfn_distpfn_t,oracle,0.1,0.2,majority_to_minority,0.5115079365079366,0.01261755007586087,0.027777777777777766,0.02545875386086577,0.5584778112467327,0.08429663459540854,0.4389261020926669,0.02577694114331371,0.5,0.5,0.027777777777777766,0.02545875386086577,0.7661507936507936,0.06086190426513559,0.19950157026633186,0.015325291773133732,0.5883732099836269,0.05070407216245962,0.1429140641379989,0.017364841430789105,0.20000000000000004,3
south_german_credit,tabpfn_distpfn_t,oracle,0.1,0.2,minority_to_majority,0.5,0.0,0.0,0.0,0.5692974359719075,0.04349770629321341,0.411764705882353,0.0,0.0,0.0,0.0,0.0,0.7726190476190475,0.031363795078455575,0.2648583859094141,0.008367213090054735,0.9522101022145971,0.05039189808227044,0.2614088315346061,0.009281747249855499,0.2083333333333333,3
south_german_credit,tabpfn_distpfn_t,oracle,0.1,0.3,majority_to_minority,0.5357142857142857,0.036324157862838956,0.09999999999999996,0.10929064207169997,0.5526838683429357,0.08281172272227032,0.48917570973882674,0.07747830614931898,0.42650103519668736,0.37680590626608246,0.09999999999999996,0.10929064207169997,0.7356746031746032,0.06833647882810723,0.1913629301839405,0.006094296960570288,0.5665281529638766,0.027114797832993323,0.10447673966580796,0.028239429966655176,0.3043478260869565,3
south_german_credit,tabpfn_distpfn_t,oracle,0.1,0.3,minority_to_majority,0.5,0.0,0.0,0.0,0.5674029719178765,0.07050915123066312,0.411764705882353,0.0,0.0,0.0,0.0,0.0,0.7631349206349206,0.06708524349050168,0.27732805639442387,0.006228395681258279,1.1024089417456846,0.0755450959450995,0.27589056712196763,0.00429604228687264,0.2916666666666667,3
south_german_credit,tabpfn_distpfn_t,oracle,0.2,0.0,clean,0.5968253968253968,0.008935182737458575,0.25555555555555554,0.025458753860865782,0.5656974163614067,0.0454886777809395,0.5978968287014331,0.012473701870014805,0.6393890596789148,0.011572643100798344,0.25555555555555554,0.025458753860865782,0.748095238095238,0.053216416277792014,0.18320517175895212,0.014587483649154194,0.553500524219545,0.051353174321975684,0.10114106308716175,0.029588853555896327,0.0,3
south_german_credit,tabpfn_distpfn_t,oracle,0.2,0.05,majority_to_minority,0.6178571428571429,0.049501483062599536,0.31666666666666665,0.10137937550497028,0.5852696748582255,0.0706347384339086,0.6233577414776986,0.06224467277283357,0.6160426731078905,0.08520932256149094,0.31666666666666665,0.10137937550497028,0.7611111111111111,0.06189816051493194,0.17516181800809602,0.01645670749915577,0.5264378330570647,0.04834492008183853,0.07241036746326364,0.01372985087713277,0.0495049504950495,3
south_german_credit,tabpfn_distpfn_t,oracle,0.2,0.05,minority_to_majority,0.5702380952380952,0.04948716593053937,0.18333333333333332,0.13228756555322954,0.57040637942776,0.0637547002164348,0.5493289695057554,0.07687188849472512,0.7261648745519714,0.24365063089996386,0.18333333333333332,0.13228756555322954,0.7615873015873017,0.05688151215282644,0.1838411697447149,0.01267121964811078,0.554812328842021,0.043271565392667355,0.1079543884347944,0.014757799120990863,0.052083333333333294,3
south_german_credit,tabpfn_distpfn_t,oracle,0.2,0.1,majority_to_minority,0.6285714285714286,0.028867513459481322,0.3499999999999999,0.05773502691896256,0.5917034709818164,0.09145088202119774,0.637753096899956,0.03393675446902568,0.6148148148148148,0.041697519441472944,0.3499999999999999,0.05773502691896256,0.7733730158730158,0.07062206722718242,0.1709198424215109,0.02027153728326204,0.5147159413532167,0.05970442222126999,0.0933285870539843,0.010675717413065954,0.102803738317757,3
south_german_credit,tabpfn_distpfn_t,oracle,0.2,0.1,minority_to_majority,0.5361111111111111,0.023399242837786594,0.08888888888888886,0.04194352464039304,0.5672129834178428,0.028138890556364298,0.49232218757824625,0.0390206070396245,0.7129629629629629,0.19707219123882183,0.08888888888888886,0.04194352464039304,0.7684920634920634,0.04149784392763649,0.18895754466309536,0.008084046422504838,0.5661703768748532,0.034928258614655,0.1275308344232847,0.009067142632198964,0.10416666666666659,3
south_german_credit,tabpfn_distpfn_t,oracle,0.2,0.2,majority_to_minority,0.6392857142857143,0.05695654149478903,0.4166666666666667,0.12583057392117916,0.5512236072447704,0.0619319860043239,0.6449914488851164,0.06051945166807154,0.5612085769980507,0.08888904919447946,0.4166666666666667,0.12583057392117916,0.7528571428571428,0.025894704367606006,0.17822389564354477,0.010783183066648907,0.5313248668130873,0.026081650458048018,0.053117672264603205,0.02067534055614514,0.20000000000000004,3
south_german_credit,tabpfn_distpfn_t,oracle,0.2,0.2,minority_to_majority,0.511904761904762,0.013256581816261995,0.0333333333333333,0.0333333333333333,0.5943075935583587,0.016457335190285593,0.44250290163243666,0.031011012021602665,0.38888888888888884,0.3469443332443555,0.0333333333333333,0.0333333333333333,0.7742063492063492,0.036914809180195914,0.20225435031125807,0.008325909184159335,0.6145893230373394,0.03497165208338173,0.16365804080996596,0.006506635899761951,0.1979166666666666,3
south_german_credit,tabpfn_distpfn_t,oracle,0.2,0.3,majority_to_minority,0.6972222222222223,0.04644891699108543,0.6277777777777778,0.06938886664887106,0.5897644910485615,0.05131445444306366,0.6870859600697076,0.049147967999424814,0.5401664050725826,0.07766488992849674,0.6277777777777778,0.06938886664887106,0.7774603174603175,0.06667191022462726,0.18287284379446408,0.019394374069085434,0.5450241371835629,0.04139068314140694,0.126295726398312,0.012796222773811988,0.2992700729927007,3
south_german_credit,tabpfn_distpfn_t,oracle,0.2,0.3,minority_to_majority,0.5015873015873016,0.002749286996141065,0.005555555555555533,0.009622504486493726,0.5948486342856906,0.07019140933617045,0.41696701585768875,0.009010665194003991,0.16666666666666666,0.2886751345948129,0.005555555555555533,0.009622504486493726,0.7733333333333334,0.044022998267010754,0.22776953617571735,0.007904260659132804,0.7117773434197082,0.040340111247173016,0.20914144712274196,0.010164740340062695,0.3020833333333333,3
south_german_credit,tabpfn_distpfn_t,oracle,0.5,0.0,clean,0.7142857142857143,0.06406487641463665,0.6611111111111111,0.09765775461803851,0.5992515569175358,0.07120987943497264,0.6954237053739541,0.058076254252217366,0.5350889850889851,0.07065700193488514,0.6833333333333332,0.11666666666666664,0.7737698412698414,0.06003239079085987,0.18256881205384104,0.022326397955176245,0.5417771487573231,0.04999176961866489,0.12473442439852069,0.025598626839832293,0.0,3
south_german_credit,tabpfn_distpfn_t,oracle,0.5,0.05,majority_to_minority,0.709920634920635,0.035201342910547745,0.684126984126984,0.03336166596346619,0.6166747422159959,0.06372223705745406,0.6855266409346585,0.035442824606212404,0.5156724024366205,0.04592291324799558,0.7055555555555556,0.050917507721731536,0.7697222222222222,0.04435611616871103,0.1944743722729055,0.015978989313353682,0.5693168638771621,0.037778850622172636,0.16095719853307444,0.006918614633992749,0.0513833992094861,3
south_german_credit,tabpfn_distpfn_t,oracle,0.5,0.05,minority_to_majority,0.6761904761904761,0.0385206897318177,0.5666666666666667,0.10408329997330665,0.6059068743739381,0.057574602354260554,0.6712306609272122,0.03261114363739973,0.5313401428098549,0.0347674920019224,0.5666666666666667,0.10408329997330665,0.7628174603174603,0.05352912792025709,0.17924225694620458,0.016646973484846173,0.534163875710007,0.04527682595015018,0.10034706928890884,0.018257087328025747,0.05000000000000001,3
south_german_credit,tabpfn_distpfn_t,oracle,0.5,0.1,majority_to_minority,0.684920634920635,0.07463377454171247,0.6206349206349207,0.07694320627375473,0.586275117206419,0.08041143541143699,0.6530102632158877,0.057881751656746416,0.4702594057271247,0.057027132135692604,0.7055555555555556,0.14938144066387504,0.7641269841269841,0.06887317180445986,0.21361265641086166,0.015580047541244327,0.6208093134356162,0.0357629525512851,0.20093066186760386,0.01998482454734656,0.1011235955056179,3
south_german_credit,tabpfn_distpfn_t,oracle,0.5,0.1,minority_to_majority,0.6912698412698411,0.012729376930432844,0.5277777777777778,0.04194352464039306,0.6006097088638226,0.013719960932288201,0.6981180252319081,0.017400555992498654,0.6152975885694779,0.05810613271249954,0.5277777777777778,0.04194352464039306,0.7695238095238096,0.0501512734310642,0.171633493750189,0.012424747812798474,0.5159124353197065,0.03459570393142898,0.08738952618954014,0.029651116196129566,0.10000000000000002,3
south_german_credit,tabpfn_distpfn_t,oracle,0.5,0.2,majority_to_minority,0.655952380952381,0.02296107324045939,0.39523809523809517,0.04592214648091884,0.5742750637367422,0.04719425124834749,0.551347152719314,0.03236821674301771,0.3943389737619838,0.017735547485071262,0.9166666666666666,0.0,0.770436507936508,0.04058272627556801,0.28129730136015046,0.012967002752082442,0.7874657923946483,0.024334792539639407,0.3315989591179201,0.004919114182219886,0.20000000000000004,3
south_german_credit,tabpfn_distpfn_t,oracle,0.5,0.2,minority_to_majority,0.5972222222222222,0.017017287017771155,0.27777777777777773,0.03469443332443551,0.5601200959584841,0.09203446300248529,0.6001896011910874,0.02026467299364984,0.6019480519480519,0.10859309732191681,0.27777777777777773,0.03469443332443551,0.7580555555555556,0.06792856864675996,0.1775093305951185,0.017539001012843176,0.5309900616278672,0.05253823747125046,0.06753938934014393,0.015694708268923788,0.20000000000000004,3
south_german_credit,tabpfn_distpfn_t,oracle,0.5,0.3,majority_to_minority,0.5134920634920636,0.011924586667711743,0.038095238095238064,0.03933978962347212,0.5394387236403172,0.09906967378577267,0.26908644854625424,0.03797671127476236,0.3059509118332648,0.005299331841015967,0.9888888888888889,0.01924500897298746,0.746984126984127,0.06618815657691818,0.4254049866735856,0.02031202312111068,1.1664514046675374,0.08236663489730908,0.4922711329671263,0.014393536226054502,0.3002915451895043,3
south_german_credit,tabpfn_distpfn_t,oracle,0.5,0.3,minority_to_majority,0.5285714285714286,0.017777600622700136,0.06666666666666664,0.04409585518440987,0.5704479544347181,0.03576115786601977,0.474013938725056,0.03868949257289088,0.8666666666666667,0.23094010767585033,0.06666666666666664,0.04409585518440987,0.755,0.039619970513518274,0.18742572860518478,0.005131684959863661,0.55410023454728,0.02151199851173319,0.10278076824344821,0.017471514863124087,0.3,3
south_german_credit,tabpfn_downsample,,0.05,0.0,clean,0.6496031746031746,0.03086832297951493,0.5611111111111111,0.09765775461803859,0.5390580050667729,0.06892054476887682,0.6400487589511815,0.022983193523209745,0.4782176812828154,0.018950608238601712,0.5611111111111111,0.09765775461803859,0.734920634920635,0.013162346086368988,0.20614436765511826,0.005678445126950778,0.6033284862836202,0.01063827071280672,0.15320964384824035,0.0139533067383474,0.0,3
south_german_credit,tabpfn_downsample,,0.05,0.05,majority_to_minority,0.621031746031746,0.10223087930412969,0.5277777777777778,0.18434066692263396,0.5032843316317084,0.13541108579674577,0.6034495005351738,0.09791254157421404,0.4290601757944557,0.11493896745069652,0.5611111111111111,0.1988392240908142,0.6749206349206349,0.10401092666014204,0.2250392188628514,0.03787157888509396,0.6385749777158102,0.08942757403174925,0.17876897811268766,0.03132448652961442,0.04,3
south_german_credit,tabpfn_downsample,,0.05,0.05,minority_to_majority,0.6503968253968254,0.024810315924350183,0.6119047619047618,0.05729147340721883,0.48975352077789225,0.10762161952567184,0.6160800902374112,0.03220419877433957,0.43406461833185966,0.034247009342380175,0.6888888888888888,0.00962250448649373,0.6857539682539683,0.03348315254209522,0.22750743230183915,0.00751447658674901,0.646919846534729,0.015467175241621464,0.18466895172993336,0.0028439098133718685,0.0416666666666666,3
south_german_credit,tabpfn_downsample,,0.05,0.1,majority_to_minority,0.6297619047619047,0.0551872713642822,0.5539682539682539,0.10471680125752726,0.46428374748532947,0.041307827818208666,0.6043092275290904,0.03618585000348567,0.4210864328549289,0.03436446108874231,0.6166666666666667,0.15898986690282432,0.6974603174603174,0.028790414100295876,0.25769829253355653,0.04909613248680629,0.7882039348284403,0.23807783098969346,0.2254830188552538,0.05688642188978481,0.1111111111111111,3
south_german_credit,tabpfn_downsample,,0.05,0.1,minority_to_majority,0.6591269841269841,0.029698344828678853,0.623015873015873,0.01099714798456426,0.4814991011780927,0.06780818398468695,0.6326509329620146,0.018928606634379598,0.4517545432807269,0.01673435716424099,0.6611111111111111,0.07698003589195007,0.692420634920635,0.033151146108154436,0.22688589990139008,0.013072117167959817,0.649813711643219,0.03885385021924792,0.17194225098937746,0.01939799070153768,0.0833333333333333,3
south_german_credit,tabpfn_downsample,,0.05,0.2,majority_to_minority,0.6662698412698412,0.05223645292668038,0.5880952380952381,0.008247860988423195,0.4682077635479264,0.035865456037438265,0.6211909034784764,0.03968072418927418,0.43534609720176726,0.03775309565834956,0.7444444444444445,0.09622504486493767,0.707936507936508,0.057896485415192496,0.2402308384577433,0.024593431839717114,0.679082969824473,0.059934637518095,0.21882871153453984,0.041260202916336676,0.20000000000000004,3
south_german_credit,tabpfn_downsample,,0.05,0.2,minority_to_majority,0.6638888888888889,0.06470688021914388,0.6031746031746031,0.09014140231429005,0.5306156070062832,0.08681161614040374,0.6412016972370504,0.05295100365564934,0.46399572649572646,0.05792007508216435,0.6444444444444445,0.13471506281091272,0.7083333333333334,0.08471315144185634,0.22379264235496518,0.01661790434416487,0.6389985879262289,0.03459995198880988,0.18620015598833559,0.018385815618303165,0.2083333333333333,3
south_german_credit,tabpfn_downsample,,0.05,0.3,majority_to_minority,0.6432539682539682,0.010124881604899312,0.611904761904762,0.05408484138857397,0.40100549488145937,0.019434767349774767,0.6110128199078285,0.020874945957502423,0.4290898575869298,0.021622331028011685,0.6722222222222222,0.03849001794597505,0.6476190476190476,0.02113723917210079,0.24318827191988623,0.0026316420066503595,0.6796063780784607,0.005171310609307697,0.19979893565177909,0.0013065118399355035,0.2941176470588235,3
south_german_credit,tabpfn_downsample,,0.05,0.3,minority_to_majority,0.6626984126984127,0.032172238188427474,0.6174603174603175,0.0712829202832759,0.5516421185136523,0.04721409513363613,0.6295877037589789,0.045017770267065715,0.45117125672681224,0.04867471163310741,0.6944444444444443,0.025458753860865796,0.7322619047619048,0.026342631614225814,0.2168724338213602,0.009332812112064858,0.6230540076891581,0.01977556101464747,0.18977442247172194,0.018486854682064006,0.2916666666666667,3
south_german_credit,tabpfn_downsample,,0.1,0.0,clean,0.6547619047619048,0.04522242836481561,0.6166666666666667,0.022961073240459446,0.549025882671369,0.06372481803536731,0.6219628708604121,0.03037308240865421,0.4377708579192161,0.028466705802708655,0.6833333333333332,0.10408329997330663,0.7340476190476192,0.0713220435785933,0.2137445857127507,0.026011436495565202,0.6176278789838155,0.06684097298524046,0.17103584294517835,0.017430150143026422,0.0,3
south_german_credit,tabpfn_downsample,,0.1,0.05,majority_to_minority,0.6718253968253968,0.013694788830743957,0.6571428571428571,0.012371791482634793,0.5221835881579594,0.08395536501019576,0.6461409043358005,0.013466687435221352,0.46744022853915973,0.015612369494887984,0.6722222222222222,0.02545875386086576,0.725,0.01763191293483195,0.2125245779752731,0.00919038755249048,0.6140117843945821,0.02028384408878838,0.1753009486198425,0.0183485578129795,0.0588235294117647,3
south_german_credit,tabpfn_downsample,,0.1,0.05,minority_to_majority,0.7119047619047619,0.0071428571428571175,0.6722222222222222,0.039147182397265126,0.5393913055778575,0.009391463688250218,0.6768996873507968,0.015712578926740058,0.49763953756558843,0.02372098025278551,0.75,0.028867513459481298,0.7605952380952381,0.027532705762807162,0.19844306011994675,0.007157399890401676,0.5765319665273031,0.014501241930300942,0.1428557422632972,0.018118300001354233,0.0416666666666666,3
south_german_credit,tabpfn_downsample,,0.1,0.1,majority_to_minority,0.6630952380952381,0.045238095238095286,0.6063492063492064,0.06902024635316473,0.5900853523829053,0.030786627487957557,0.6290297813382978,0.05857271831963122,0.4527367022416527,0.0702383371011217,0.7000000000000001,0.016666666666666677,0.7521428571428571,0.04117757160916745,0.21291874845822653,0.0214803411271572,0.6150453289349874,0.04613536573740506,0.19183694745103516,0.033783918856976444,0.0943396226415094,3
south_german_credit,tabpfn_downsample,,0.1,0.1,minority_to_majority,0.6738095238095237,0.04247514946407447,0.6373015873015874,0.048872394661398935,0.5231160144222357,0.09550907594763917,0.6491524310896295,0.032096440700856696,0.4714322277843149,0.030128018125893836,0.6666666666666666,0.09279607271383372,0.7398015873015873,0.047265403093108685,0.2116778989632924,0.014478242735313887,0.6182336211204529,0.04247622944392251,0.15560454266766702,0.019860591107412406,0.10416666666666659,3
south_german_credit,tabpfn_downsample,,0.1,0.2,majority_to_minority,0.6555555555555556,0.05928922026989085,0.5833333333333334,0.028867513459481325,0.49368797716147134,0.07793482863862396,0.6117110818539321,0.042358677982278055,0.4264181312953686,0.041127643819841304,0.7277777777777777,0.1250925583244189,0.7125793650793649,0.07133787230986902,0.2274572898944219,0.005221618017630325,0.6545649170875549,0.020026167728671974,0.19299752260247863,0.02372216108223581,0.20000000000000004,3
south_german_credit,tabpfn_downsample,,0.1,0.2,minority_to_majority,0.6583333333333333,0.03149703941743562,0.6166666666666667,0.07154752000627007,0.4555378999896578,0.049977218860967745,0.6228112179381958,0.03909114769328169,0.4416726797924612,0.039851664794469596,0.7000000000000001,0.04409585518440982,0.6935714285714285,0.04696862343417767,0.22786514957745863,0.023510726790598215,0.6562865575154623,0.059550280604464774,0.16887971845765906,0.03464375498348952,0.2083333333333333,3
south_german_credit,tabpfn_downsample,,0.1,0.3,majority_to_minority,0.5992063492063492,0.06461921137876808,0.565873015873016,0.042746771458715,0.47593148149364467,0.10543340020548249,0.572956073059462,0.05281980283320192,0.3877896211039689,0.05304441324313542,0.6055555555555555,0.11097213530798984,0.6726587301587301,0.06906417426052917,0.23558805882930747,0.019050955962352158,0.6666559378306071,0.045851359971497974,0.19210630122572184,0.016867295792577047,0.3043478260869565,3
south_german_credit,tabpfn_downsample,,0.1,0.3,minority_to_majority,0.6781746031746031,0.03536201933129245,0.65,0.04999999999999996,0.518434680832943,0.06497726333822924,0.649019281622318,0.043136022383315056,0.4719241845824123,0.053451086522187684,0.6944444444444443,0.00962250448649373,0.7165873015873016,0.0467922770953412,0.2199652940034866,0.017214941389444016,0.6354594429334005,0.0411013869124071,0.17742213599383827,0.017822881141449105,0.2916666666666667,3
south_german_credit,tabpfn_downsample,,0.2,0.0,clean,0.6944444444444443,0.04268041161825003,0.6777777777777777,0.03849001794597505,0.5801005910483393,0.04840667549441855,0.670323240883961,0.04202989372974614,0.49731663685152055,0.04986533046428033,0.6888888888888888,0.050917507721731536,0.75234126984127,0.04877994651659383,0.20401581625143683,0.02637124736302296,0.598284125328064,0.06719147521606882,0.16877646237611765,0.023604474059005544,0.0,3
south_german_credit,tabpfn_downsample,,0.2,0.05,majority_to_minority,0.7067460317460318,0.06416802866887986,0.6642857142857143,0.04151332327181593,0.5543867684229856,0.08586296812186053,0.6797234558168332,0.05578625256325044,0.5065317309719587,0.06185865812969892,0.7111111111111111,0.1109721353079899,0.7471825396825397,0.06344527045540498,0.2028458962837855,0.023754095266917834,0.5908516844113668,0.056281043296903324,0.16356992755085223,0.016527678729384886,0.0495049504950495,3
south_german_credit,tabpfn_downsample,,0.2,0.05,minority_to_majority,0.6984126984126985,0.05786171515018321,0.6579365079365079,0.08103403911373862,0.5719985907942283,0.08318486393696983,0.6730051580785732,0.04711445207007003,0.4980542897229856,0.04735920786212942,0.6944444444444445,0.11097213530798991,0.750079365079365,0.06367749459751205,0.1975938379764556,0.017665799423600637,0.5791916449864706,0.0409758155707884,0.14936746844400958,0.011608149248220692,0.052083333333333294,3
south_german_credit,tabpfn_downsample,,0.2,0.1,majority_to_minority,0.7119047619047619,0.03612854977498454,0.6904761904761904,0.03595159254890831,0.6169016392416169,0.048111687002542945,0.6812366962453353,0.0344954580927194,0.5045810132135152,0.039330396437877564,0.7333333333333334,0.05000000000000002,0.7839682539682539,0.04069014414680578,0.19257482886314392,0.013722823423959281,0.5675629576047262,0.030353219668914543,0.16291090661038954,0.007601899293455341,0.102803738317757,3
south_german_credit,tabpfn_downsample,,0.2,0.1,minority_to_majority,0.6912698412698411,0.01026390250506152,0.6452380952380953,0.0288675134594813,0.5735875415839,0.043952426880548186,0.6605676355844649,0.017998677800502967,0.4833092833092833,0.026419671158387854,0.7111111111111111,0.05357583756107194,0.771468253968254,0.03636048986163526,0.19630614916483555,0.008580000513561926,0.5727691054344177,0.023122978350830936,0.140222089625895,0.004872822338995619,0.10416666666666659,3
south_german_credit,tabpfn_downsample,,0.2,0.2,majority_to_minority,0.6797619047619047,0.013729241184131928,0.6261904761904762,0.01091089451179958,0.5519970679220132,0.09625530577971127,0.6411401523869209,0.009280102544620573,0.45665546845837995,0.008672658676847732,0.7333333333333334,0.03333333333333337,0.7573412698412699,0.046904812263287875,0.20967137316862736,0.013494101933985135,0.6068857510884603,0.03201397101177826,0.18539243468393882,0.013445233183602481,0.20000000000000004,3
south_german_credit,tabpfn_downsample,,0.2,0.2,minority_to_majority,0.6805555555555555,0.022785519396754907,0.6666666666666666,0.010910894511799678,0.5737468127887588,0.02241359100056193,0.6517374502079974,0.019835040010072944,0.4716121893088185,0.02052150176175004,0.6944444444444443,0.03469443332443553,0.7637698412698413,0.029763888822755734,0.20070424675941467,0.00889618183541142,0.5822534958521525,0.018252306185062694,0.1565133942539493,0.017643446859472927,0.1979166666666666,3
south_german_credit,tabpfn_downsample,,0.2,0.3,majority_to_minority,0.6849206349206348,0.07253442897165036,0.6285714285714286,0.04948716593053934,0.5496653211742573,0.05367144446343409,0.6456929370773246,0.062016975135516836,0.46133673090194827,0.06323605770543442,0.7388888888888889,0.12056963563450394,0.7511904761904762,0.07726208819407386,0.21023826301097862,0.018526969309810966,0.608396053314209,0.03888157621218913,0.18490442032615342,0.006940507633770181,0.2992700729927007,3
south_german_credit,tabpfn_downsample,,0.2,0.3,minority_to_majority,0.6892857142857144,0.0452380952380953,0.6595238095238095,0.0641974702986322,0.5491742480652978,0.05307126696617092,0.6610014234647505,0.04391791496266922,0.4843035116155088,0.05181393563820689,0.7000000000000001,0.07264831572567786,0.7515873015873016,0.039822511077416495,0.19862237572669975,0.015099580452465167,0.5773528814315796,0.03069308673298675,0.14458816063900787,0.013257343412900332,0.3020833333333333,3
south_german_credit,tabpfn_downsample,,0.5,0.0,clean,0.7138888888888889,0.05442876584836608,0.6746031746031745,0.07339875457452569,0.6024204823217413,0.06967090572670961,0.6846148181368753,0.0495969284882865,0.5107817869415808,0.057918388772764465,0.7277777777777779,0.0976577546180386,0.7742063492063492,0.05979003954188568,0.1911874711513519,0.02263502714147236,0.5629765788714091,0.04928816339258695,0.1446866735319296,0.013181252179376974,0.0,3
south_german_credit,tabpfn_downsample,,0.5,0.05,minority_to_majority,0.6964285714285715,0.05685692350599789,0.6444444444444444,0.0962250448649376,0.6064576502946065,0.05884108401171129,0.6764800701410842,0.045610688889813726,0.5084415584415584,0.04585629507063337,0.6666666666666666,0.12018504251546631,0.7673809523809524,0.05254668046716097,0.19179789225260413,0.016620888424425724,0.5634948213895162,0.04030375570626274,0.14021421457330382,0.01213093074551307,0.05000000000000001,3
south_german_credit,tabpfn_downsample,,0.5,0.1,minority_to_majority,0.692857142857143,0.06234959226273096,0.6428571428571428,0.08424669529978153,0.6048061855210477,0.016784906319967954,0.6647004235691906,0.055154603375866904,0.48911392405063286,0.06378139238885969,0.7000000000000001,0.12018504251546634,0.7775396825396825,0.04538452699990702,0.1903029531240463,0.013181022352361118,0.5585565368334452,0.02616535438160504,0.1571494528278708,0.01432356626052688,0.10000000000000002,3
south_german_credit,tabpfn_downsample,,0.5,0.2,minority_to_majority,0.690873015873016,0.0517046893958156,0.6595238095238095,0.06481265518483903,0.5701766434674219,0.1166105919107171,0.6692876397063477,0.0444632688436226,0.4969384167168977,0.04668260002219239,0.6722222222222222,0.08552669065744811,0.7575396825396825,0.07914225664968068,0.1966597239176432,0.02446039803098555,0.5782759785652161,0.057193300637163914,0.1496824016546209,0.0011962714604968347,0.20000000000000004,3
south_german_credit,tabpfn_downsample,,0.5,0.3,minority_to_majority,0.7031746031746032,0.017830668205286428,0.6444444444444445,0.02545875386086576,0.5579226621167362,0.041927910092071745,0.6909488089685749,0.018119123807163767,0.5374798711755233,0.025914264838327535,0.6444444444444445,0.02545875386086576,0.7613095238095239,0.04044554161752192,0.19153491159280137,0.009508563062995332,0.5677406787872314,0.018068145871603786,0.14684910564372933,0.010455377999909444,0.3,3
south_german_credit,tabpfn_none,,0.05,0.0,clean,0.5,0.0,0.0,0.0,0.5296256810085398,0.06986296309571613,0.411764705882353,0.0,0.0,0.0,0.0,0.0,0.7253571428571428,0.039488114977671386,0.2613521814346313,0.0027031483175418364,0.951272706190745,0.0630128779151641,0.25505534498952326,0.002070428308445376,0.0,3
south_german_credit,tabpfn_none,,0.05,0.05,majority_to_minority,0.5083333333333333,0.014433756729740618,0.016666666666666666,0.02886751345948129,0.5599718030228492,0.10430557958880658,0.42885957548202264,0.029609182695392665,0.3333333333333333,0.5773502691896258,0.016666666666666666,0.02886751345948129,0.7402777777777777,0.08651251444126962,0.2531550923983256,0.01770167049374279,0.8753583629926046,0.060762566755439194,0.24519570212500785,0.009417755887041681,0.04,3
south_german_credit,tabpfn_none,,0.05,0.05,minority_to_majority,0.5,0.0,0.0,0.0,0.5625550607706941,0.02108480762897314,0.411764705882353,0.0,0.0,0.0,0.0,0.0,0.7590079365079365,0.022944195998281514,0.2565385748942693,0.007118187810721981,0.876756469408671,0.02398939740453005,0.2490482730915149,0.005674166359462537,0.0416666666666666,3
south_german_credit,tabpfn_none,,0.05,0.1,majority_to_minority,0.5,0.0,0.0,0.0,0.5149398574542194,0.0680709689436831,0.411764705882353,0.0,0.0,0.0,0.0,0.0,0.7148412698412699,0.052201306300136384,0.2624788681666056,0.004111991201569118,0.8833888371785482,0.019591049076067145,0.2487943647367259,0.0024087119815194274,0.1111111111111111,3
south_german_credit,tabpfn_none,,0.05,0.1,minority_to_majority,0.5,0.0,0.0,0.0,0.5568245503415614,0.07386745298648825,0.411764705882353,0.0,0.0,0.0,0.0,0.0,0.7371825396825397,0.04152447392798879,0.26247866948445636,0.002483683844989398,0.9337179263432821,0.03174270646751472,0.2559230144756535,0.0008776128912511817,0.0833333333333333,3
south_german_credit,tabpfn_none,,0.05,0.2,majority_to_minority,0.5,0.0,0.0,0.0,0.47311533280658,0.019123662322684643,0.411764705882353,0.0,0.0,0.0,0.0,0.0,0.6948809523809524,0.06101745038675972,0.2601089576880136,0.008921102086883017,0.8631279865900675,0.04521864800278922,0.24127521511167282,0.008036760468548497,0.20000000000000004,3
south_german_credit,tabpfn_none,,0.05,0.2,minority_to_majority,0.5,0.0,0.0,0.0,0.49494676858285774,0.073885265915773,0.411764705882353,0.0,0.0,0.0,0.0,0.0,0.6973809523809523,0.07101427469800957,0.26961983243624366,0.004879072577509586,0.991152286529541,0.05734175597187626,0.260696557185923,0.0035443708551168153,0.2083333333333333,3
south_german_credit,tabpfn_none,,0.05,0.3,majority_to_minority,0.5,0.0,0.0,0.0,0.4925344881293246,0.06412991848009364,0.411764705882353,0.0,0.0,0.0,0.0,0.0,0.7116269841269841,0.05667083484736929,0.26069205999374384,0.007254504201059488,0.8482333620389303,0.03296021711929523,0.23798843182002502,0.004487004195014533,0.2941176470588235,3
south_german_credit,tabpfn_none,,0.05,0.3,minority_to_majority,0.5,0.0,0.0,0.0,0.538853070181121,0.06258540974858003,0.411764705882353,0.0,0.0,0.0,0.0,0.0,0.7392857142857143,0.028134556829313328,0.27201823393503827,0.003552625683602179,0.9941368301709494,0.01062550225350317,0.26599407408076026,0.003282514525015974,0.2916666666666667,3
south_german_credit,tabpfn_none,,0.1,0.0,clean,0.5055555555555555,0.004811252243246865,0.011111111111111066,0.009622504486493724,0.5553538071669709,0.07180674666632035,0.42350343106438376,0.010166034215682853,0.6666666666666666,0.5773502691896258,0.011111111111111066,0.009622504486493724,0.7405158730158731,0.08783434125760387,0.2271002481381098,0.011302835652747865,0.7302894790967306,0.10078572392483837,0.2014813649219771,0.005892982325277143,0.0,3
south_german_credit,tabpfn_none,,0.1,0.05,majority_to_minority,0.5182539682539683,0.024753127259921785,0.03888888888888887,0.053575837561071996,0.5576438855675241,0.06144501372842924,0.4493690519203799,0.0506545496555795,0.6190476190476191,0.5408484138857403,0.03888888888888887,0.053575837561071996,0.7555952380952381,0.03162344884744239,0.21677367389202115,0.010080987914370473,0.6656366388003031,0.029597237890784944,0.1877778795796136,0.004795257460915178,0.0588235294117647,3
south_german_credit,tabpfn_none,,0.1,0.05,minority_to_majority,0.5238095238095238,0.016793733309126067,0.04999999999999997,0.03333333333333335,0.5743613733177987,0.044789699982746324,0.46159059817671544,0.032742403439936646,0.9166666666666666,0.14433756729740643,0.04999999999999997,0.03333333333333335,0.7586111111111111,0.04007227267122534,0.22067760427792862,0.0013686418467078645,0.7256267666816711,0.031697622445449526,0.197349763388435,0.006538507409206879,0.0416666666666666,3
south_german_credit,tabpfn_none,,0.1,0.1,majority_to_minority,0.5003968253968254,0.007745722736485344,0.005555555555555533,0.009622504486493724,0.5561916959929603,0.08657482741230983,0.416473841068797,0.011305574755038971,0.3333333333333333,0.5773502691896258,0.005555555555555533,0.009622504486493724,0.7432539682539683,0.047048115076750156,0.22445410986741376,0.0020122086713995524,0.6772291660308838,0.005667727611572658,0.19300108234708505,0.009335089717126727,0.0943396226415094,3
south_german_credit,tabpfn_none,,0.1,0.1,minority_to_majority,0.5015873015873016,0.00610904933267487,0.005555555555555533,0.009622504486493724,0.5804125425135939,0.08093679747395813,0.4170556660209419,0.010702170855290159,0.3333333333333333,0.5773502691896258,0.005555555555555533,0.009622504486493724,0.7752777777777777,0.04205606028986859,0.2259345451990763,0.0024287920701988597,0.7300682067871094,0.04613915227860389,0.2076008996677895,0.004470810077007553,0.10416666666666659,3
south_german_credit,tabpfn_none,,0.1,0.2,majority_to_minority,0.5043650793650793,0.007560539239387954,0.0111111111111111,0.019245008972987504,0.5584778112467327,0.08429663459540854,0.4225794505075357,0.018731687161698915,0.2222222222222222,0.3849001794597505,0.0111111111111111,0.019245008972987504,0.7661507936507936,0.06086190426513559,0.21222153306007385,0.010706225256257315,0.6309904058774313,0.03995454588274642,0.17652391010274482,0.010748495781241372,0.20000000000000004,3
south_german_credit,tabpfn_none,,0.1,0.2,minority_to_majority,0.4988095238095238,0.002061965247105839,0.0,0.0,0.5692974359719075,0.04349770629321341,0.4111863034299265,0.0010018224348249782,0.0,0.0,0.0,0.0,0.7726190476190475,0.031363795078455575,0.23604619006315863,0.005679805123573275,0.7546467185020447,0.022931108245247335,0.2236451716472705,0.003273690226993808,0.2083333333333333,3
south_german_credit,tabpfn_none,,0.1,0.3,majority_to_minority,0.5075396825396825,0.008445951053092418,0.0222222222222222,0.019245008972987504,0.5526838683429357,0.08281172272227032,0.4326494694934208,0.018397537158820698,0.4666666666666666,0.5033222956847166,0.0222222222222222,0.019245008972987504,0.7356746031746032,0.06833647882810723,0.21046658853689826,0.004242379039934239,0.6299947102864584,0.03057162121165164,0.15647352204347642,0.004725059187225222,0.3043478260869565,3
south_german_credit,tabpfn_none,,0.1,0.3,minority_to_majority,0.5,0.0,0.0,0.0,0.5674029719178765,0.07050915123066312,0.411764705882353,0.0,0.0,0.0,0.0,0.0,0.7631349206349206,0.06708524349050168,0.2439378350973129,0.00850115918103866,0.8013498981793722,0.050630783643619844,0.23127552060410375,0.003266570554827708,0.2916666666666667,3
south_german_credit,tabpfn_none,,0.2,0.0,clean,0.596031746031746,0.004811252243246865,0.22777777777777775,0.00962250448649379,0.5656974163614067,0.0454886777809395,0.5938244000418994,0.00684426370947425,0.7319688109161793,0.008440793409205047,0.22777777777777775,0.00962250448649379,0.748095238095238,0.053216416277792014,0.1874823172887166,0.013137145138193806,0.5698732137680054,0.05160170778393482,0.1207698632776737,0.02811382556652032,0.0,3
south_german_credit,tabpfn_none,,0.2,0.05,majority_to_minority,0.5920634920634921,0.03644750001017476,0.2222222222222222,0.06309898162000302,0.5852696748582255,0.0706347384339086,0.5877313365424454,0.05094049078349089,0.7077020202020202,0.13647319532621302,0.2222222222222222,0.06309898162000302,0.7611111111111111,0.06189816051493194,0.18088549872239426,0.015086197992667121,0.5450779795646667,0.04793546212553841,0.09848156570146477,0.0103950429241001,0.0495049504950495,3
south_german_credit,tabpfn_none,,0.2,0.05,minority_to_majority,0.5623015873015873,0.03757708127352407,0.1555555555555555,0.10183501544346311,0.57040637942776,0.0637547002164348,0.536599151307779,0.06567161282036778,0.7606837606837606,0.20883404654479687,0.1555555555555555,0.10183501544346311,0.7615873015873017,0.05688151215282644,0.1867447843154271,0.011902149065375758,0.5647132198015848,0.043481639805584775,0.12033989107857145,0.003177660551209134,0.052083333333333294,3
south_german_credit,tabpfn_none,,0.2,0.1,majority_to_minority,0.5964285714285714,0.031020986239988998,0.24999999999999997,0.04409585518440988,0.5917034709818164,0.09145088202119774,0.5970934401321187,0.039707673015255296,0.6522837066315327,0.11292829626862504,0.24999999999999997,0.04409585518440988,0.7733730158730158,0.07062206722718242,0.1770658691724141,0.017782843104375903,0.5322394768397013,0.06050257092597204,0.09949954607834414,0.008729622093579475,0.102803738317757,3
south_german_credit,tabpfn_none,,0.2,0.1,minority_to_majority,0.5305555555555556,0.029071353821257716,0.07777777777777777,0.0481125224324688,0.5672129834178428,0.028138890556364298,0.48239707843272606,0.0465785424386038,0.6712962962962963,0.26583105962880726,0.07777777777777777,0.0481125224324688,0.7684920634920634,0.04149784392763649,0.1889722943305969,0.007966052976115584,0.5662357807159424,0.034454526774566445,0.13467203872899214,0.009937096594580582,0.10416666666666659,3
south_german_credit,tabpfn_none,,0.2,0.2,majority_to_minority,0.5793650793650794,0.013951107802576912,0.21111111111111105,0.025458753860865786,0.5512236072447704,0.0619319860043239,0.5727144205450335,0.018234602952461192,0.6430555555555556,0.08802751043050457,0.21111111111111105,0.025458753860865786,0.7528571428571428,0.025894704367606006,0.18028161426385245,0.007348184241185828,0.5352736314137777,0.016766567570396223,0.07674678670863307,0.007168735867334333,0.20000000000000004,3
south_german_credit,tabpfn_none,,0.2,0.2,minority_to_majority,0.5257936507936508,0.025597545115666906,0.06111111111111106,0.058531409738070736,0.5943075935583587,0.016457335190285593,0.46797070784945477,0.05353838090230351,0.48148148148148145,0.4206598774666869,0.06111111111111106,0.058531409738070736,0.7742063492063492,0.036914809180195914,0.19487716754277543,0.0066146721694167,0.5884784460067749,0.03051688868891266,0.14300872944295404,0.00405081195255558,0.1979166666666666,3
south_german_credit,tabpfn_none,,0.2,0.3,majority_to_minority,0.6087301587301587,0.022409218894437335,0.2888888888888888,0.03849001794597505,0.5897644910485615,0.05131445444306366,0.6140162792045526,0.027720218450523415,0.6325441267970003,0.05075551915132541,0.2888888888888888,0.03849001794597505,0.7774603174603175,0.06667191022462726,0.17040566603342686,0.014352538066109892,0.5099916358788809,0.037509119554581034,0.0721660265450676,0.015728483793396926,0.2992700729927007,3
south_german_credit,tabpfn_none,,0.2,0.3,minority_to_majority,0.513095238095238,0.008247860988423276,0.033333333333333263,0.028867513459481284,0.5948486342856906,0.07019140933617045,0.4432861637531744,0.024098663913856185,0.8571428571428571,0.24743582965269675,0.033333333333333263,0.028867513459481284,0.7733333333333334,0.044022998267010754,0.20701687037944785,0.009300156453243304,0.6251294811566671,0.034413029583922825,0.17105400729303555,0.004960790381875784,0.3020833333333333,3
south_german_credit,tabpfn_none,,0.5,0.0,clean,0.7138888888888889,0.05442876584836608,0.6746031746031745,0.07339875457452569,0.5992515569175358,0.07120987943497264,0.6846148181368753,0.0495969284882865,0.5107817869415808,0.057918388772764465,0.7277777777777779,0.0976577546180386,0.7737698412698414,0.06003239079085987,0.19126415749390915,0.0227123316296591,0.5632474223772684,0.049212152188900626,0.14451971669991806,0.013239939526602138,0.0,3
south_german_credit,tabpfn_none,,0.5,0.05,majority_to_minority,0.7075396825396826,0.04180814981290766,0.6809523809523809,0.047559486560567084,0.6166747422159959,0.06372223705745406,0.6784373144132694,0.03945232094903309,0.5026557844280347,0.04519788854914101,0.7222222222222223,0.06309898162000305,0.7697222222222222,0.04435611616871103,0.20052374899387357,0.016200813112117615,0.5841967662175497,0.0379327215176802,0.17616998332242162,0.0036211371251976842,0.0513833992094861,3
south_german_credit,tabpfn_none,,0.5,0.05,minority_to_majority,0.6952380952380953,0.05817519868033629,0.6309523809523809,0.11346431007089385,0.6059068743739381,0.057574602354260554,0.67813867242501,0.047660219540689164,0.5158937346437346,0.04956429418253836,0.65,0.1322875655532295,0.7628174603174603,0.05352912792025709,0.18867001434167222,0.01745563520763063,0.5559177199999491,0.044580353707465034,0.1269846114516258,0.016016141805956997,0.05000000000000001,3
south_german_credit,tabpfn_none,,0.5,0.1,majority_to_minority,0.6853174603174604,0.07394700457771516,0.6261904761904762,0.06751165180360869,0.586275117206419,0.08041143541143699,0.6525335559069435,0.05870300539701341,0.4693846501441259,0.058527612178257055,0.7111111111111111,0.1397749513934347,0.7641269841269841,0.06887317180445986,0.2134484350681304,0.017221605690266935,0.620347797870636,0.03846271296006923,0.20045425631105895,0.012644137615708406,0.1011235955056179,3
south_german_credit,tabpfn_none,,0.5,0.1,minority_to_majority,0.6904761904761904,0.05361109642475098,0.6166666666666667,0.10408329997330663,0.6006097088638226,0.013719960932288201,0.6800211937173436,0.047140245431295615,0.5269136500754148,0.05333569702434966,0.6166666666666667,0.10408329997330663,0.7695238095238096,0.0501512734310642,0.18042717377344766,0.013652463287878199,0.5354278484980265,0.032084734612497716,0.10908662124226487,0.003953028159365063,0.10000000000000002,3
south_german_credit,tabpfn_none,,0.5,0.2,majority_to_minority,0.6845238095238096,0.0314970394174356,0.5023809523809524,0.043643578047198456,0.5742750637367422,0.04719425124834749,0.6082610184935766,0.03361748365888051,0.4280579710144927,0.02630938986291853,0.8666666666666667,0.033333333333333326,0.770436507936508,0.04058272627556801,0.25124964118003845,0.012072075364062481,0.713153342405955,0.02267908117287146,0.2836648429433504,0.002443437795505085,0.20000000000000004,3
south_german_credit,tabpfn_none,,0.5,0.2,minority_to_majority,0.6738095238095237,0.035495360752084655,0.5166666666666666,0.04409585518440982,0.5601200959584841,0.09203446300248529,0.6782004098944802,0.03735822432664091,0.5681464317677493,0.06045643761752032,0.5166666666666666,0.04409585518440982,0.7580555555555556,0.06792856864675996,0.17988593876361844,0.019726375050299318,0.5360634525616964,0.04862999429517525,0.08621960120896498,0.014443995658594439,0.20000000000000004,3
south_german_credit,tabpfn_none,,0.5,0.3,majority_to_minority,0.5682539682539682,0.0058724795979955115,0.14761904761904757,0.017975796274454163,0.5394387236403172,0.09906967378577267,0.3765137308919892,0.012909986173389006,0.33209814394171927,0.002822801301876786,0.9888888888888889,0.01924500897298746,0.746984126984127,0.06618815657691818,0.3376152813434601,0.02055646664330733,0.9148096243540446,0.061285790521397855,0.39803706417481105,0.011665807376362644,0.3002915451895043,3
south_german_credit,tabpfn_none,,0.5,0.3,minority_to_majority,0.6142857142857143,0.014916623912073398,0.31666666666666665,0.04409585518440983,0.5704479544347181,0.03576115786601977,0.6210453599627748,0.01738743593797176,0.6123648648648649,0.060732193926358743,0.31666666666666665,0.04409585518440983,0.755,0.039619970513518274,0.17501622438430786,0.007885061121610882,0.523613452911377,0.020698765770746495,0.0676083370360235,0.031890936454726584,0.3,3
south_german_credit,tabpfn_threshold,observed,0.05,0.0,clean,0.6611111111111111,0.028728075869425825,0.5388888888888889,0.06735753140545633,0.5296256810085398,0.06986296309571613,0.6584215122106841,0.025231856846558008,0.5156942559927634,0.027069567856534665,0.5388888888888889,0.06735753140545633,0.7253571428571428,0.039488114977671386,0.2613521814346313,0.0027031483175418364,0.951272706190745,0.0630128779151641,0.25505534498952326,0.002070428308445376,0.0,3
south_german_credit,tabpfn_threshold,observed,0.05,0.05,majority_to_minority,0.6722222222222222,0.09005488794077579,0.611111111111111,0.10183501544346309,0.5599718030228492,0.10430557958880658,0.6606070447380475,0.09575434626280573,0.5074014624576422,0.13793004773997478,0.611111111111111,0.10183501544346309,0.7402777777777777,0.08651251444126962,0.2531550923983256,0.01770167049374279,0.8753583629926046,0.060762566755439194,0.24519570212500785,0.009417755887041681,0.04,3
south_german_credit,tabpfn_threshold,observed,0.05,0.05,minority_to_majority,0.6936507936507935,0.0059919320914847,0.6444444444444445,0.00962250448649381,0.5625550607706941,0.02108480762897314,0.6790857908065985,0.005917269052665445,0.5178994784257942,0.007906688547013886,0.6444444444444445,0.00962250448649381,0.7590079365079365,0.022944195998281514,0.2565385748942693,0.007118187810721981,0.876756469408671,0.02398939740453005,0.2490482730915149,0.005674166359462537,0.0416666666666666,3
south_german_credit,tabpfn_threshold,observed,0.05,0.1,majority_to_minority,0.6496031746031746,0.02364027144223253,0.5944444444444444,0.03469443332443556,0.5149398574542194,0.0680709689436831,0.6354735041961277,0.023289504401168754,0.46383028598218473,0.029496917202254162,0.5944444444444444,0.03469443332443556,0.7148412698412699,0.052201306300136384,0.2624788681666056,0.004111991201569118,0.8833888371785482,0.019591049076067145,0.2487943647367259,0.0024087119815194274,0.1111111111111111,3
south_german_credit,tabpfn_threshold,observed,0.05,0.1,minority_to_majority,0.6503968253968254,0.02772387059477554,0.5388888888888889,0.058531409738070785,0.5568245503415614,0.07386745298648825,0.6457363459700651,0.024403707378169597,0.4918868996874111,0.02662660589435005,0.5388888888888889,0.058531409738070785,0.7371825396825397,0.04152447392798879,0.26247866948445636,0.002483683844989398,0.9337179263432821,0.03174270646751472,0.2559230144756535,0.0008776128912511817,0.0833333333333333,3
south_german_credit,tabpfn_threshold,observed,0.05,0.2,majority_to_minority,0.6273809523809524,0.03747637199689806,0.5666666666666668,0.016666666666666677,0.47311533280658,0.019123662322684643,0.6144730147835475,0.04202871245275108,0.4417308340463042,0.05485113364258822,0.5666666666666668,0.016666666666666677,0.6948809523809524,0.06101745038675972,0.2601089576880136,0.008921102086883017,0.8631279865900675,0.04521864800278922,0.24127521511167282,0.008036760468548497,0.20000000000000004,3
south_german_credit,tabpfn_threshold,observed,0.05,0.2,minority_to_majority,0.6376984126984127,0.07744807833310356,0.5611111111111111,0.11344765475923412,0.49494676858285774,0.073885265915773,0.6271488515974508,0.07265270886693338,0.4563472989932975,0.08786010823906061,0.5611111111111111,0.11344765475923412,0.6973809523809523,0.07101427469800957,0.26961983243624366,0.004879072577509586,0.991152286529541,0.05734175597187626,0.260696557185923,0.0035443708551168153,0.2083333333333333,3
south_german_credit,tabpfn_threshold,observed,0.05,0.3,majority_to_minority,0.6091269841269842,0.06570666507457966,0.3444444444444444,0.19317042945237461,0.4925344881293246,0.06412991848009364,0.6057566708642494,0.07417689171097858,0.5332355816226784,0.07918341104333515,0.3444444444444444,0.19317042945237461,0.7116269841269841,0.05667083484736929,0.26069205999374384,0.007254504201059488,0.8482333620389303,0.03296021711929523,0.23798843182002502,0.004487004195014533,0.2941176470588235,3
south_german_credit,tabpfn_threshold,observed,0.05,0.3,minority_to_majority,0.6833333333333332,0.02918488255269345,0.6333333333333333,0.0333333333333333,0.538853070181121,0.06258540974858003,0.6687880027312055,0.028926501680240243,0.504913224913225,0.03653560728351265,0.6333333333333333,0.0333333333333333,0.7392857142857143,0.028134556829313328,0.27201823393503827,0.003552625683602179,0.9941368301709494,0.01062550225350317,0.26599407408076026,0.003282514525015974,0.2916666666666667,3
south_german_credit,tabpfn_threshold,observed,0.1,0.0,clean,0.6670634920634919,0.07459578653049243,0.5888888888888889,0.1347150628109127,0.5553538071669709,0.07180674666632035,0.65625635047495,0.06673345412027754,0.49337462462462467,0.07553814348339663,0.5888888888888889,0.1347150628109127,0.7405158730158731,0.08783434125760387,0.2271002481381098,0.011302835652747865,0.7302894790967306,0.10078572392483837,0.2014813649219771,0.005892982325277143,0.0,3
south_german_credit,tabpfn_threshold,observed,0.1,0.05,majority_to_minority,0.6952380952380953,0.023898642737957956,0.653968253968254,0.022878627468888246,0.5576438855675241,0.06144501372842924,0.6761486492507406,0.02875581983705161,0.5116221377228531,0.04657111364233725,0.6666666666666666,0.04409585518440988,0.7555952380952381,0.03162344884744239,0.21677367389202115,0.010080987914370473,0.6656366388003031,0.029597237890784944,0.1877778795796136,0.004795257460915178,0.0588235294117647,3
south_german_credit,tabpfn_threshold,observed,0.1,0.05,minority_to_majority,0.6833333333333332,0.05080140069845681,0.6055555555555555,0.085526690657448,0.5743613733177987,0.044789699982746324,0.6668235912175368,0.03546547940062676,0.5036285288550602,0.03256378291438093,0.6333333333333333,0.1322875655532295,0.7586111111111111,0.04007227267122534,0.22067760427792862,0.0013686418467078645,0.7256267666816711,0.031697622445449526,0.197349763388435,0.006538507409206879,0.0416666666666666,3
south_german_credit,tabpfn_threshold,observed,0.1,0.1,majority_to_minority,0.6884920634920636,0.03483711151379132,0.6531746031746032,0.04261394844018662,0.5561916959929603,0.08657482741230983,0.666619608596637,0.0382651444322348,0.4965575995324279,0.050021907935566226,0.6722222222222222,0.048112522432468774,0.7432539682539683,0.047048115076750156,0.22445410986741376,0.0020122086713995524,0.6772291660308838,0.005667727611572658,0.19300108234708505,0.009335089717126727,0.0943396226415094,3
south_german_credit,tabpfn_threshold,observed,0.1,0.1,minority_to_majority,0.7015873015873016,0.02478173808888245,0.6388888888888888,0.009622504486493752,0.5804125425135939,0.08093679747395813,0.6903680693845189,0.02942760397937222,0.5398441427853192,0.046197837682139566,0.6388888888888888,0.009622504486493752,0.7752777777777777,0.04205606028986859,0.2259345451990763,0.0024287920701988597,0.7300682067871094,0.04613915227860389,0.2076008996677895,0.004470810077007553,0.10416666666666659,3
south_german_credit,tabpfn_threshold,observed,0.1,0.2,majority_to_minority,0.6964285714285715,0.054176477395156,0.6642857142857143,0.06813851438692475,0.5584778112467327,0.08429663459540854,0.6697571947715634,0.04871415438421711,0.49415924567836567,0.0538967312421166,0.7000000000000001,0.08819171036881972,0.7661507936507936,0.06086190426513559,0.21222153306007385,0.010706225256257315,0.6309904058774313,0.03995454588274642,0.17652391010274482,0.010748495781241372,0.20000000000000004,3
south_german_credit,tabpfn_threshold,observed,0.1,0.2,minority_to_majority,0.7000000000000001,0.01859583256168249,0.6468253968253969,0.05483087444259009,0.5692974359719075,0.04349770629321341,0.6853774317775544,0.015885601015467446,0.5283380018674136,0.026428067954414186,0.65,0.06009252125773315,0.7726190476190475,0.031363795078455575,0.23604619006315863,0.005679805123573275,0.7546467185020447,0.022931108245247335,0.2236451716472705,0.003273690226993808,0.2083333333333333,3
south_german_credit,tabpfn_threshold,observed,0.1,0.3,majority_to_minority,0.6587301587301587,0.05962293333855844,0.638888888888889,0.06938886664887108,0.5526838683429357,0.08281172272227032,0.6378579725435709,0.05769490739984922,0.4615196078431372,0.06684439616550708,0.638888888888889,0.06938886664887108,0.7356746031746032,0.06833647882810723,0.21046658853689826,0.004242379039934239,0.6299947102864584,0.03057162121165164,0.15647352204347642,0.004725059187225222,0.3043478260869565,3
south_german_credit,tabpfn_threshold,observed,0.1,0.3,minority_to_majority,0.6801587301587301,0.05474033391584715,0.5722222222222223,0.10715167512214396,0.5674029719178765,0.07050915123066312,0.6756537063164508,0.05369407257855727,0.5385850025680533,0.07763306504868504,0.5722222222222223,0.10715167512214396,0.7631349206349206,0.06708524349050168,0.2439378350973129,0.00850115918103866,0.8013498981793722,0.050630783643619844,0.23127552060410375,0.003266570554827708,0.2916666666666667,3
south_german_credit,tabpfn_threshold,observed,0.2,0.0,clean,0.6773809523809523,0.03978755944540095,0.6333333333333333,0.06666666666666665,0.5656974163614067,0.0454886777809395,0.6612017949201014,0.03526232522749283,0.4931334843615545,0.039712633802447855,0.6333333333333333,0.06666666666666665,0.748095238095238,0.053216416277792014,0.1874823172887166,0.013137145138193806,0.5698732137680054,0.05160170778393482,0.1207698632776737,0.02811382556652032,0.0,3
south_german_credit,tabpfn_threshold,observed,0.2,0.05,majority_to_minority,0.6869047619047618,0.037134461810671995,0.65,0.07264831572567787,0.5852696748582255,0.0706347384339086,0.669173006227424,0.030725280386550043,0.5011965240832598,0.03142225412323705,0.65,0.07264831572567787,0.7611111111111111,0.06189816051493194,0.18088549872239426,0.015086197992667121,0.5450779795646667,0.04793546212553841,0.09848156570146477,0.0103950429241001,0.0495049504950495,3
south_german_credit,tabpfn_threshold,observed,0.2,0.05,minority_to_majority,0.701984126984127,0.048420829397860646,0.6611111111111111,0.08221471437193743,0.57040637942776,0.0637547002164348,0.6854821873664539,0.042789899232417335,0.5232190885088953,0.04734935928265334,0.6611111111111111,0.08221471437193743,0.7615873015873017,0.05688151215282644,0.1867447843154271,0.011902149065375758,0.5647132198015848,0.043481639805584775,0.12033989107857145,0.003177660551209134,0.052083333333333294,3
south_german_credit,tabpfn_threshold,observed,0.2,0.1,majority_to_minority,0.7150793650793651,0.06906130132637181,0.6666666666666666,0.12018504251546633,0.5917034709818164,0.09145088202119774,0.6974541387242029,0.062388982867602534,0.5393660044822836,0.07248292402773843,0.6777777777777777,0.1261979632400061,0.7733730158730158,0.07062206722718242,0.1770658691724141,0.017782843104375903,0.5322394768397013,0.06050257092597204,0.09949954607834414,0.008729622093579475,0.102803738317757,3
south_german_credit,tabpfn_threshold,observed,0.2,0.1,minority_to_majority,0.6746031746031745,0.020284726855765146,0.6293650793650793,0.037369071006328705,0.5672129834178428,0.028138890556364298,0.6552098740992066,0.013865863501102575,0.4835595116493993,0.016237714378364156,0.6444444444444445,0.06309898162000302,0.7684920634920634,0.04149784392763649,0.1889722943305969,0.007966052976115584,0.5662357807159424,0.034454526774566445,0.13467203872899214,0.009937096594580582,0.10416666666666659,3
south_german_credit,tabpfn_threshold,observed,0.2,0.2,majority_to_minority,0.6912698412698414,0.023520065893234028,0.6333333333333333,0.016666666666666677,0.5512236072447704,0.0619319860043239,0.6678064344823552,0.013138562950525097,0.49724091737485393,0.021124967374202046,0.6777777777777777,0.09179284245476835,0.7528571428571428,0.025894704367606006,0.18028161426385245,0.007348184241185828,0.5352736314137777,0.016766567570396223,0.07674678670863307,0.007168735867334333,0.20000000000000004,3
south_german_credit,tabpfn_threshold,observed,0.2,0.2,minority_to_majority,0.692857142857143,0.02261904761904756,0.6666666666666666,0.033333333333333354,0.5943075935583587,0.016457335190285593,0.6732544407874387,0.02086460828701698,0.5042174057645225,0.023984912330382947,0.6666666666666666,0.033333333333333354,0.7742063492063492,0.036914809180195914,0.19487716754277543,0.0066146721694167,0.5884784460067749,0.03051688868891266,0.14300872944295404,0.00405081195255558,0.1979166666666666,3
south_german_credit,tabpfn_threshold,observed,0.2,0.3,majority_to_minority,0.7091269841269842,0.06380256417862215,0.6603174603174603,0.058434476616507844,0.5897644910485615,0.05131445444306366,0.682801868840445,0.05969701351302353,0.5128273842669934,0.07503740175918405,0.7111111111111111,0.10844011831079518,0.7774603174603175,0.06667191022462726,0.17040566603342686,0.014352538066109892,0.5099916358788809,0.037509119554581034,0.0721660265450676,0.015728483793396926,0.2992700729927007,3
south_german_credit,tabpfn_threshold,observed,0.2,0.3,minority_to_majority,0.6980158730158731,0.03469443332443556,0.6388888888888888,0.025458753860865716,0.5948486342856906,0.07019140933617045,0.6860221587778524,0.038977509619697245,0.5330514480547875,0.05891332722345071,0.6388888888888888,0.025458753860865716,0.7733333333333334,0.044022998267010754,0.20701687037944785,0.009300156453243304,0.6251294811566671,0.034413029583922825,0.17105400729303555,0.004960790381875784,0.3020833333333333,3
south_german_credit,tabpfn_threshold,observed,0.5,0.0,clean,0.7138888888888889,0.05442876584836608,0.6746031746031745,0.07339875457452569,0.5992515569175358,0.07120987943497264,0.6846148181368753,0.0495969284882865,0.5107817869415808,0.057918388772764465,0.7277777777777779,0.0976577546180386,0.7737698412698414,0.06003239079085987,0.19126415749390915,0.0227123316296591,0.5632474223772684,0.049212152188900626,0.14451971669991806,0.013239939526602138,0.0,3
south_german_credit,tabpfn_threshold,observed,0.5,0.05,majority_to_minority,0.7107142857142857,0.03549536075208468,0.6912698412698414,0.036056560925716026,0.6166747422159959,0.06372223705745406,0.6879266501476624,0.03558038237607294,0.519682096201767,0.045124288347297925,0.7000000000000001,0.044095855184409824,0.7697222222222222,0.04435611616871103,0.20052374899387357,0.016200813112117615,0.5841967662175497,0.0379327215176802,0.17616998332242162,0.0036211371251976842,0.0513833992094861,3
south_german_credit,tabpfn_threshold,observed,0.5,0.05,minority_to_majority,0.6956349206349207,0.05304414225875227,0.6428571428571429,0.09674404597100023,0.6059068743739381,0.057574602354260554,0.674039211061587,0.04120205580641829,0.504522139634963,0.040276644860899644,0.6722222222222222,0.12285191326386657,0.7628174603174603,0.05352912792025709,0.18867001434167222,0.01745563520763063,0.5559177199999491,0.044580353707465034,0.1269846114516258,0.016016141805956997,0.05000000000000001,3
south_german_credit,tabpfn_threshold,observed,0.5,0.1,majority_to_minority,0.6900793650793652,0.0688249007918633,0.6341269841269841,0.11718382300857709,0.586275117206419,0.08041143541143699,0.6694253649386654,0.056624218852562025,0.49905859036293815,0.05917750816842735,0.6611111111111111,0.14174834246858972,0.7641269841269841,0.06887317180445986,0.2134484350681304,0.017221605690266935,0.620347797870636,0.03846271296006923,0.20045425631105895,0.012644137615708406,0.1011235955056179,3
south_german_credit,tabpfn_threshold,observed,0.5,0.1,minority_to_majority,0.6964285714285715,0.05998629851116252,0.6396825396825396,0.09237767953619976,0.6006097088638226,0.013719960932288201,0.6766180110855741,0.05131728573525234,0.5097943013435972,0.05844279835372785,0.6666666666666666,0.12018504251546631,0.7695238095238096,0.0501512734310642,0.18042717377344766,0.013652463287878199,0.5354278484980265,0.032084734612497716,0.10908662124226487,0.003953028159365063,0.10000000000000002,3
south_german_credit,tabpfn_threshold,observed,0.5,0.2,majority_to_minority,0.7071428571428572,0.03728680896039479,0.688095238095238,0.03375582590180433,0.5742750637367422,0.04719425124834749,0.6793010004334521,0.03267997904275603,0.5036462861006471,0.034626153848902184,0.7166666666666667,0.05773502691896255,0.770436507936508,0.04058272627556801,0.25124964118003845,0.012072075364062481,0.713153342405955,0.02267908117287146,0.2836648429433504,0.002443437795505085,0.20000000000000004,3
south_german_credit,tabpfn_threshold,observed,0.5,0.2,minority_to_majority,0.6976190476190477,0.043464610151258756,0.6698412698412698,0.04618883976809985,0.5601200959584841,0.09203446300248529,0.671094818420622,0.03426793495237406,0.4949025115664243,0.032801986973248466,0.7000000000000001,0.08333333333333329,0.7580555555555556,0.06792856864675996,0.17988593876361844,0.019726375050299318,0.5360634525616964,0.04862999429517525,0.08621960120896498,0.014443995658594439,0.20000000000000004,3
south_german_credit,tabpfn_threshold,observed,0.5,0.3,majority_to_minority,0.6682539682539682,0.05657371995787004,0.5976190476190476,0.058175198680336285,0.5394387236403172,0.09906967378577267,0.6254152195191639,0.053659467532993596,0.44171068482995085,0.05380692023842061,0.7388888888888889,0.07698003589195007,0.746984126984127,0.06618815657691818,0.3376152813434601,0.02055646664330733,0.9148096243540446,0.061285790521397855,0.39803706417481105,0.011665807376362644,0.3002915451895043,3
south_german_credit,tabpfn_threshold,observed,0.5,0.3,minority_to_majority,0.7011904761904763,0.02814664385127834,0.6333333333333333,0.04409585518440982,0.5704479544347181,0.03576115786601977,0.6907856450349067,0.029034686789569313,0.5416772769713946,0.04204117120695058,0.6333333333333333,0.04409585518440982,0.755,0.039619970513518274,0.17501622438430786,0.007885061121610882,0.523613452911377,0.020698765770746495,0.0676083370360235,0.031890936454726584,0.3,3
south_german_credit,tabpfn_threshold,oracle,0.05,0.0,clean,0.6611111111111111,0.028728075869425825,0.5388888888888889,0.06735753140545633,0.5296256810085398,0.06986296309571613,0.6584215122106841,0.025231856846558008,0.5156942559927634,0.027069567856534665,0.5388888888888889,0.06735753140545633,0.7253571428571428,0.039488114977671386,0.2613521814346313,0.0027031483175418364,0.951272706190745,0.0630128779151641,0.25505534498952326,0.002070428308445376,0.0,3
south_german_credit,tabpfn_threshold,oracle,0.05,0.05,majority_to_minority,0.6694444444444444,0.08833889513145439,0.6134920634920634,0.08351454220908505,0.5599718030228492,0.10430557958880658,0.6553228332706705,0.09634417750657943,0.49909486099002226,0.13662091301016274,0.6222222222222222,0.08388704928078611,0.7402777777777777,0.08651251444126962,0.2531550923983256,0.01770167049374279,0.8753583629926046,0.060762566755439194,0.24519570212500785,0.009417755887041681,0.04,3
south_german_credit,tabpfn_threshold,oracle,0.05,0.05,minority_to_majority,0.6940476190476191,0.0023809523809523725,0.6333333333333333,0.01666666666666665,0.5625550607706941,0.02108480762897314,0.681886707474785,0.0032212530739078355,0.5255932764211502,0.009217377084871822,0.6333333333333333,0.01666666666666665,0.7590079365079365,0.022944195998281514,0.2565385748942693,0.007118187810721981,0.876756469408671,0.02398939740453005,0.2490482730915149,0.005674166359462537,0.0416666666666666,3
south_german_credit,tabpfn_threshold,oracle,0.05,0.1,majority_to_minority,0.65,0.03352411390554459,0.6222222222222222,0.032500944808640075,0.5149398574542194,0.0680709689436831,0.6245342593631465,0.03530078197496245,0.44500703234880445,0.03898636758179129,0.65,0.04409585518440982,0.7148412698412699,0.052201306300136384,0.2624788681666056,0.004111991201569118,0.8833888371785482,0.019591049076067145,0.2487943647367259,0.0024087119815194274,0.1111111111111111,3
south_german_credit,tabpfn_threshold,oracle,0.05,0.1,minority_to_majority,0.6420634920634921,0.02988861913912787,0.4888888888888889,0.05853140973807083,0.5568245503415614,0.07386745298648825,0.6429986950850753,0.02807502971406984,0.5046635039225573,0.03185251301733999,0.4888888888888889,0.05853140973807083,0.7371825396825397,0.04152447392798879,0.26247866948445636,0.002483683844989398,0.9337179263432821,0.03174270646751472,0.2559230144756535,0.0008776128912511817,0.0833333333333333,3
south_german_credit,tabpfn_threshold,oracle,0.05,0.2,majority_to_minority,0.6313492063492063,0.059157603662172153,0.557142857142857,0.142320420322652,0.47311533280658,0.019123662322684643,0.5870901308049865,0.08108472951439659,0.4144158750310288,0.0635083916786233,0.7055555555555556,0.02545875386086574,0.6948809523809524,0.06101745038675972,0.2601089576880136,0.008921102086883017,0.8631279865900675,0.04521864800278922,0.24127521511167282,0.008036760468548497,0.20000000000000004,3
south_german_credit,tabpfn_threshold,oracle,0.05,0.2,minority_to_majority,0.6174603174603175,0.06565272018296366,0.42777777777777776,0.06735753140545638,0.49494676858285774,0.073885265915773,0.6221321326628311,0.07040485338392846,0.49502652519893897,0.12346377808096774,0.42777777777777776,0.06735753140545638,0.6973809523809523,0.07101427469800957,0.26961983243624366,0.004879072577509586,0.991152286529541,0.05734175597187626,0.260696557185923,0.0035443708551168153,0.2083333333333333,3
south_german_credit,tabpfn_threshold,oracle,0.05,0.3,majority_to_minority,0.6373015873015873,0.06051945084401429,0.3857142857142857,0.21080506519105294,0.4925344881293246,0.06412991848009364,0.5284735693672742,0.11533124612129456,0.39444435179162746,0.06984455540452834,0.8888888888888888,0.09179284245476835,0.7116269841269841,0.05667083484736929,0.26069205999374384,0.007254504201059488,0.8482333620389303,0.03296021711929523,0.23798843182002502,0.004487004195014533,0.2941176470588235,3
south_german_credit,tabpfn_threshold,oracle,0.05,0.3,minority_to_majority,0.6190476190476191,0.02075666163590797,0.39999999999999997,0.06009252125773317,0.538853070181121,0.06258540974858003,0.6241859872445771,0.021388958349770695,0.5144927536231884,0.025102185616940224,0.39999999999999997,0.06009252125773317,0.7392857142857143,0.028134556829313328,0.27201823393503827,0.003552625683602179,0.9941368301709494,0.01062550225350317,0.26599407408076026,0.003282514525015974,0.2916666666666667,3
south_german_credit,tabpfn_threshold,oracle,0.1,0.0,clean,0.6670634920634919,0.07459578653049243,0.5888888888888889,0.1347150628109127,0.5553538071669709,0.07180674666632035,0.65625635047495,0.06673345412027754,0.49337462462462467,0.07553814348339663,0.5888888888888889,0.1347150628109127,0.7405158730158731,0.08783434125760387,0.2271002481381098,0.011302835652747865,0.7302894790967306,0.10078572392483837,0.2014813649219771,0.005892982325277143,0.0,3
south_german_credit,tabpfn_threshold,oracle,0.1,0.05,majority_to_minority,0.7011904761904763,0.03196600376689895,0.6746031746031745,0.022503883934536267,0.5576438855675241,0.06144501372842924,0.6761001293780837,0.03801910625379977,0.5054722241423009,0.053912810031483904,0.6999999999999998,0.033333333333333326,0.7555952380952381,0.03162344884744239,0.21677367389202115,0.010080987914370473,0.6656366388003031,0.029597237890784944,0.1877778795796136,0.004795257460915178,0.0588235294117647,3
south_german_credit,tabpfn_threshold,oracle,0.1,0.05,minority_to_majority,0.6825396825396824,0.053826553001396056,0.6071428571428571,0.1003678043255142,0.5743613733177987,0.044789699982746324,0.6684048657299768,0.04071563074226309,0.5076863091679447,0.03841378195711133,0.6222222222222222,0.12619796324000615,0.7586111111111111,0.04007227267122534,0.22067760427792862,0.0013686418467078645,0.7256267666816711,0.031697622445449526,0.197349763388435,0.006538507409206879,0.0416666666666666,3
south_german_credit,tabpfn_threshold,oracle,0.1,0.1,majority_to_minority,0.7015873015873016,0.030684124479719556,0.6801587301587301,0.06053115862116925,0.5561916959929603,0.08657482741230983,0.6712134593444209,0.03795704812222645,0.49543570514625596,0.04712896770360271,0.7222222222222222,0.01924500897298752,0.7432539682539683,0.047048115076750156,0.22445410986741376,0.0020122086713995524,0.6772291660308838,0.005667727611572658,0.19300108234708505,0.009335089717126727,0.0943396226415094,3
south_german_credit,tabpfn_threshold,oracle,0.1,0.1,minority_to_majority,0.7007936507936509,0.02857969457147755,0.6111111111111112,0.0096225044864938,0.5804125425135939,0.08093679747395813,0.6953175373055146,0.035943444093801895,0.5609839924670433,0.06690553827008058,0.6111111111111112,0.0096225044864938,0.7752777777777777,0.04205606028986859,0.2259345451990763,0.0024287920701988597,0.7300682067871094,0.04613915227860389,0.2076008996677895,0.004470810077007553,0.10416666666666659,3
south_german_credit,tabpfn_threshold,oracle,0.1,0.2,majority_to_minority,0.6833333333333332,0.05495566136944665,0.6166666666666667,0.0041239304942115975,0.5584778112467327,0.08429663459540854,0.6407088587236142,0.04000951836303196,0.45446807620720664,0.03738932009810004,0.75,0.10929064207170004,0.7661507936507936,0.06086190426513559,0.21222153306007385,0.010706225256257315,0.6309904058774313,0.03995454588274642,0.17652391010274482,0.010748495781241372,0.20000000000000004,3
south_german_credit,tabpfn_threshold,oracle,0.1,0.2,minority_to_majority,0.6761904761904761,0.030952380952380922,0.5333333333333333,0.12018504251546629,0.5692974359719075,0.04349770629321341,0.6760140623273726,0.018988548788380216,0.5651008151008151,0.04678158212339725,0.5333333333333333,0.12018504251546629,0.7726190476190475,0.031363795078455575,0.23604619006315863,0.005679805123573275,0.7546467185020447,0.022931108245247335,0.2236451716472705,0.003273690226993808,0.2083333333333333,3
south_german_credit,tabpfn_threshold,oracle,0.1,0.3,majority_to_minority,0.65,0.04889655423312579,0.5333333333333333,0.01091089451179958,0.5526838683429357,0.08281172272227032,0.5947695466926236,0.03610023967730769,0.4124222292523463,0.03237715612802291,0.7666666666666666,0.08819171036881973,0.7356746031746032,0.06833647882810723,0.21046658853689826,0.004242379039934239,0.6299947102864584,0.03057162121165164,0.15647352204347642,0.004725059187225222,0.3043478260869565,3
south_german_credit,tabpfn_threshold,oracle,0.1,0.3,minority_to_majority,0.6293650793650793,0.04708530236887686,0.39444444444444443,0.09622504486493764,0.5674029719178765,0.07050915123066312,0.6358979532474599,0.05296023536110853,0.5559901825433349,0.0889329717252217,0.39444444444444443,0.09622504486493764,0.7631349206349206,0.06708524349050168,0.2439378350973129,0.00850115918103866,0.8013498981793722,0.050630783643619844,0.23127552060410375,0.003266570554827708,0.2916666666666667,3
south_german_credit,tabpfn_threshold,oracle,0.2,0.0,clean,0.6773809523809523,0.03978755944540095,0.6333333333333333,0.06666666666666665,0.5656974163614067,0.0454886777809395,0.6612017949201014,0.03526232522749283,0.4931334843615545,0.039712633802447855,0.6333333333333333,0.06666666666666665,0.748095238095238,0.053216416277792014,0.1874823172887166,0.013137145138193806,0.5698732137680054,0.05160170778393482,0.1207698632776737,0.02811382556652032,0.0,3
south_german_credit,tabpfn_threshold,oracle,0.2,0.05,majority_to_minority,0.6817460317460317,0.03483711151379144,0.6531746031746032,0.06067147572576629,0.5852696748582255,0.0706347384339086,0.6604629554561073,0.028029836530053955,0.48690609801720913,0.02819458141774327,0.6611111111111111,0.06938886664887108,0.7611111111111111,0.06189816051493194,0.18088549872239426,0.015086197992667121,0.5450779795646667,0.04793546212553841,0.09848156570146477,0.0103950429241001,0.0495049504950495,3
south_german_credit,tabpfn_threshold,oracle,0.2,0.05,minority_to_majority,0.7035714285714286,0.04612231101859646,0.65,0.07264831572567787,0.57040637942776,0.0637547002164348,0.6900772434845973,0.043135157329213546,0.5343496878708146,0.0535390771202392,0.65,0.07264831572567787,0.7615873015873017,0.05688151215282644,0.1867447843154271,0.011902149065375758,0.5647132198015848,0.043481639805584775,0.12033989107857145,0.003177660551209134,0.052083333333333294,3
south_german_credit,tabpfn_threshold,oracle,0.2,0.1,majority_to_minority,0.7130952380952381,0.06322986535661666,0.6634920634920635,0.08768674058646929,0.5917034709818164,0.09145088202119774,0.6859923083801283,0.056148744930191556,0.5141831176490996,0.061901591907034585,0.7166666666666668,0.11666666666666665,0.7733730158730158,0.07062206722718242,0.1770658691724141,0.017782843104375903,0.5322394768397013,0.06050257092597204,0.09949954607834414,0.008729622093579475,0.102803738317757,3
south_german_credit,tabpfn_threshold,oracle,0.2,0.1,minority_to_majority,0.688095238095238,0.008584645893961849,0.6333333333333333,0.04409585518440981,0.5672129834178428,0.028138890556364298,0.6742935583420353,0.005916681004324532,0.5142857142857142,0.014285714285714249,0.6333333333333333,0.04409585518440981,0.7684920634920634,0.04149784392763649,0.1889722943305969,0.007966052976115584,0.5662357807159424,0.034454526774566445,0.13467203872899214,0.009937096594580582,0.10416666666666659,3
south_german_credit,tabpfn_threshold,oracle,0.2,0.2,majority_to_minority,0.6944444444444445,0.03063790182056767,0.6166666666666667,0.06937524897301643,0.5512236072447704,0.0619319860043239,0.6492099773924274,0.04009179083703935,0.4662540411344505,0.04406057279816325,0.7722222222222223,0.025458753860865803,0.7528571428571428,0.025894704367606006,0.18028161426385245,0.007348184241185828,0.5352736314137777,0.016766567570396223,0.07674678670863307,0.007168735867334333,0.20000000000000004,3
south_german_credit,tabpfn_threshold,oracle,0.2,0.2,minority_to_majority,0.6904761904761906,0.044336248689371596,0.5833333333333334,0.04409585518440982,0.5943075935583587,0.016457335190285593,0.6878432571469447,0.04761230047897959,0.5557184943924446,0.07662150639287338,0.5833333333333334,0.04409585518440982,0.7742063492063492,0.036914809180195914,0.19487716754277543,0.0066146721694167,0.5884784460067749,0.03051688868891266,0.14300872944295404,0.00405081195255558,0.1979166666666666,3
south_german_credit,tabpfn_threshold,oracle,0.2,0.3,majority_to_minority,0.6873015873015872,0.055969264592159444,0.5023809523809524,0.05990355059718625,0.5897644910485615,0.05131445444306366,0.6100767731951894,0.05491762829046021,0.4301265906680806,0.04458489864223649,0.8722222222222222,0.06309898162000303,0.7774603174603175,0.06667191022462726,0.17040566603342686,0.014352538066109892,0.5099916358788809,0.037509119554581034,0.0721660265450676,0.015728483793396926,0.2992700729927007,3
south_german_credit,tabpfn_threshold,oracle,0.2,0.3,minority_to_majority,0.6555555555555556,0.02870339892067484,0.4444444444444444,0.05091750772173158,0.5948486342856906,0.07019140933617045,0.6646409317642195,0.0297831440839319,0.587121212121212,0.0399077793668664,0.4444444444444444,0.05091750772173158,0.7733333333333334,0.044022998267010754,0.20701687037944785,0.009300156453243304,0.6251294811566671,0.034413029583922825,0.17105400729303555,0.004960790381875784,0.3020833333333333,3
south_german_credit,tabpfn_threshold,oracle,0.5,0.0,clean,0.7138888888888889,0.05442876584836608,0.6746031746031745,0.07339875457452569,0.5992515569175358,0.07120987943497264,0.6846148181368753,0.0495969284882865,0.5107817869415808,0.057918388772764465,0.7277777777777779,0.0976577546180386,0.7737698412698414,0.06003239079085987,0.19126415749390915,0.0227123316296591,0.5632474223772684,0.049212152188900626,0.14451971669991806,0.013239939526602138,0.0,3
south_german_credit,tabpfn_threshold,oracle,0.5,0.05,majority_to_minority,0.7075396825396826,0.04180814981290766,0.6809523809523809,0.047559486560567084,0.6166747422159959,0.06372223705745406,0.6784373144132694,0.03945232094903309,0.5026557844280347,0.04519788854914101,0.7222222222222223,0.06309898162000305,0.7697222222222222,0.04435611616871103,0.20052374899387357,0.016200813112117615,0.5841967662175497,0.0379327215176802,0.17616998332242162,0.0036211371251976842,0.0513833992094861,3
south_german_credit,tabpfn_threshold,oracle,0.5,0.05,minority_to_majority,0.6952380952380953,0.05817519868033629,0.6309523809523809,0.11346431007089385,0.6059068743739381,0.057574602354260554,0.67813867242501,0.047660219540689164,0.5158937346437346,0.04956429418253836,0.65,0.1322875655532295,0.7628174603174603,0.05352912792025709,0.18867001434167222,0.01745563520763063,0.5559177199999491,0.044580353707465034,0.1269846114516258,0.016016141805956997,0.05000000000000001,3
south_german_credit,tabpfn_threshold,oracle,0.5,0.1,majority_to_minority,0.6853174603174604,0.07394700457771516,0.6261904761904762,0.06751165180360869,0.586275117206419,0.08041143541143699,0.6525335559069435,0.05870300539701341,0.4693846501441259,0.058527612178257055,0.7111111111111111,0.1397749513934347,0.7641269841269841,0.06887317180445986,0.2134484350681304,0.017221605690266935,0.620347797870636,0.03846271296006923,0.20045425631105895,0.012644137615708406,0.1011235955056179,3
south_german_credit,tabpfn_threshold,oracle,0.5,0.1,minority_to_majority,0.6904761904761904,0.05361109642475098,0.6166666666666667,0.10408329997330663,0.6006097088638226,0.013719960932288201,0.6800211937173436,0.047140245431295615,0.5269136500754148,0.05333569702434966,0.6166666666666667,0.10408329997330663,0.7695238095238096,0.0501512734310642,0.18042717377344766,0.013652463287878199,0.5354278484980265,0.032084734612497716,0.10908662124226487,0.003953028159365063,0.10000000000000002,3
south_german_credit,tabpfn_threshold,oracle,0.5,0.2,majority_to_minority,0.6845238095238096,0.0314970394174356,0.5023809523809524,0.043643578047198456,0.5742750637367422,0.04719425124834749,0.6082610184935766,0.03361748365888051,0.4280579710144927,0.02630938986291853,0.8666666666666667,0.033333333333333326,0.770436507936508,0.04058272627556801,0.25124964118003845,0.012072075364062481,0.713153342405955,0.02267908117287146,0.2836648429433504,0.002443437795505085,0.20000000000000004,3
south_german_credit,tabpfn_threshold,oracle,0.5,0.2,minority_to_majority,0.6738095238095237,0.035495360752084655,0.5166666666666666,0.04409585518440982,0.5601200959584841,0.09203446300248529,0.6782004098944802,0.03735822432664091,0.5681464317677493,0.06045643761752032,0.5166666666666666,0.04409585518440982,0.7580555555555556,0.06792856864675996,0.17988593876361844,0.019726375050299318,0.5360634525616964,0.04862999429517525,0.08621960120896498,0.014443995658594439,0.20000000000000004,3
south_german_credit,tabpfn_threshold,oracle,0.5,0.3,majority_to_minority,0.5682539682539682,0.0058724795979955115,0.14761904761904757,0.017975796274454163,0.5394387236403172,0.09906967378577267,0.3765137308919892,0.012909986173389006,0.33209814394171927,0.002822801301876786,0.9888888888888889,0.01924500897298746,0.746984126984127,0.06618815657691818,0.3376152813434601,0.02055646664330733,0.9148096243540446,0.061285790521397855,0.39803706417481105,0.011665807376362644,0.3002915451895043,3
south_german_credit,tabpfn_threshold,oracle,0.5,0.3,minority_to_majority,0.6142857142857143,0.014916623912073398,0.31666666666666665,0.04409585518440983,0.5704479544347181,0.03576115786601977,0.6210453599627748,0.01738743593797176,0.6123648648648649,0.060732193926358743,0.31666666666666665,0.04409585518440983,0.755,0.039619970513518274,0.17501622438430786,0.007885061121610882,0.523613452911377,0.020698765770746495,0.0676083370360235,0.031890936454726584,0.3,3
south_german_credit,xgb_none,,0.05,0.0,clean,0.5142857142857143,0.00858464589396195,0.0333333333333333,0.0166666666666667,0.5458261764671907,0.02236539762285951,0.44479878664897265,0.01665909987432468,0.75,0.25,0.0333333333333333,0.0166666666666667,0.7156746031746032,0.038070180250934345,0.26520020763079327,0.0023999668335084596,1.3222427765528362,0.1469203806763219,0.26847846581290163,0.0002994421359249033,0.0,3
south_german_credit,xgb_none,,0.05,0.05,majority_to_minority,0.5253968253968254,0.022503883934536256,0.05555555555555553,0.05091750772173155,0.5289222720146473,0.08954673532172552,0.4649431057563587,0.04768506777187456,0.5833333333333334,0.5204164998665332,0.05555555555555553,0.05091750772173155,0.7000000000000001,0.09095393915394227,0.2622112433115641,0.010096116800170116,1.2715310255686443,0.09939025794638537,0.25880544950254253,0.010084072731806485,0.04,3
south_german_credit,xgb_none,,0.05,0.05,minority_to_majority,0.5305555555555556,0.00962250448649373,0.061111111111111095,0.019245008972987504,0.5439371660381965,0.025466584138498723,0.4736440513489984,0.01835062220115896,1.0,0.0,0.061111111111111095,0.019245008972987504,0.7096428571428571,0.023676114335394547,0.2572758694489797,0.006094990027732867,1.2635608116785686,0.055591710000936136,0.2546623731746027,0.005862572334737413,0.0416666666666666,3
south_german_credit,xgb_none,,0.05,0.1,majority_to_minority,0.5218253968253969,0.01898551383159636,0.05555555555555553,0.03849001794597507,0.4947821862522647,0.06420325036959282,0.4633605491059887,0.035267544464722016,0.7166666666666667,0.30138568866708537,0.05555555555555553,0.03849001794597507,0.690436507936508,0.05235176856571006,0.267487754424413,0.00798420711454614,1.2517340580622356,0.04390252807624838,0.2694374595520397,0.0015865691192517367,0.1111111111111111,3
south_german_credit,xgb_none,,0.05,0.1,minority_to_majority,0.5170634920634921,0.014102663209457819,0.038888888888888834,0.02545875386086577,0.5500188887339572,0.10235856049416012,0.45016791534545053,0.02589077252052459,0.8333333333333334,0.28867513459481287,0.038888888888888834,0.02545875386086577,0.7086507936507936,0.060306324682194164,0.26157116393248236,0.0120163316800629,1.293917139371236,0.10589690266948007,0.265624168383268,0.005947583362496518,0.0833333333333333,3
south_german_credit,xgb_none,,0.05,0.2,majority_to_minority,0.5071428571428571,0.006628290908131018,0.016666666666666632,0.01666666666666665,0.4569896956249866,0.06974751618797577,0.4284488130985511,0.016241840505154977,0.5555555555555555,0.5091750772173156,0.016666666666666632,0.01666666666666665,0.6442857142857142,0.06190716570424522,0.27188614010810846,0.0077575091474151705,1.291435718536377,0.07779629404492257,0.26914891687997927,0.006471975852044893,0.20000000000000004,3
south_german_credit,xgb_none,,0.05,0.2,minority_to_majority,0.5226190476190476,0.02323716820945617,0.05000000000000001,0.05,0.5041856653385953,0.08220295978147396,0.4597666127654055,0.04760750234404925,0.5357142857142857,0.46702488680792936,0.05000000000000001,0.05,0.7006746031746033,0.06053162688515458,0.2711719075838725,0.012332134542593695,1.3594244718551636,0.0819721056967226,0.2716462875685344,0.00981827790586871,0.2083333333333333,3
south_german_credit,xgb_none,,0.05,0.3,majority_to_minority,0.5035714285714286,0.006185895741317397,0.016666666666666666,0.02886751345948129,0.4381928015757675,0.08825448375167272,0.4255713131920331,0.02391374534051795,0.14285714285714282,0.24743582965269673,0.016666666666666666,0.02886751345948129,0.6495238095238095,0.077861511454546,0.27190727988878877,0.011289351266486032,1.19321608543396,0.13098019612690465,0.2678585827598969,0.010505951956927264,0.2941176470588235,3
south_german_credit,xgb_none,,0.05,0.3,minority_to_majority,0.5083333333333333,0.008333333333333331,0.016666666666666632,0.01666666666666665,0.5377303695106525,0.07978097829615798,0.4291989158286113,0.01734792458513817,0.6666666666666666,0.5773502691896258,0.016666666666666632,0.01666666666666665,0.7356349206349205,0.03184970670323964,0.2717910607655843,0.010317613959619098,1.354024887084961,0.050680917754295805,0.2717489978841816,0.004438871419403063,0.2916666666666667,3
south_german_credit,xgb_none,,0.1,0.0,clean,0.5476190476190476,0.01519898254143301,0.11666666666666663,0.03333333333333334,0.5623151094863782,0.08176834102806844,0.5145791768151147,0.026707196963137954,0.6983618233618234,0.0765686079460405,0.11666666666666663,0.03333333333333334,0.7352380952380951,0.08017978664190274,0.23494206368923187,0.01871623054110879,0.9848159352938334,0.1724541308152627,0.2311128679864729,0.013985927795122559,0.0,3
south_german_credit,xgb_none,,0.1,0.05,majority_to_minority,0.5706349206349206,0.052722551365848774,0.17222222222222217,0.09622504486493766,0.5649215984980919,0.08433113869739153,0.5527821899562697,0.07633375887475102,0.6833333333333332,0.17559422921421225,0.17222222222222217,0.09622504486493766,0.7259920634920635,0.05774991697009536,0.2267449597517649,0.025511992489710818,0.9467747410138448,0.1329549430799318,0.21480635601871956,0.023347638992948245,0.0588235294117647,3
south_german_credit,xgb_none,,0.1,0.05,minority_to_majority,0.5563492063492063,0.016423969909980057,0.12222222222222219,0.02545875386086578,0.5617031217798883,0.03860219809802849,0.5251438949060557,0.0244849471191825,0.8787878787878788,0.2099455524325912,0.12222222222222219,0.02545875386086578,0.7420238095238095,0.0460895743765676,0.23539568483829496,0.009827323225576154,1.0204979578653972,0.09780708691254811,0.2292321468377486,0.013118233425649198,0.0416666666666666,3
south_german_credit,xgb_none,,0.1,0.1,majority_to_minority,0.5567460317460317,0.021439591522603337,0.12777777777777777,0.025458753860865775,0.5164961032842498,0.0914514389456476,0.5279862481177038,0.02917594152289452,0.8151515151515151,0.23885631998713397,0.12777777777777777,0.025458753860865775,0.6957142857142857,0.06475008645666139,0.2412979851166407,0.011459321940469459,0.9751449823379517,0.07204496892273697,0.23327895542606705,0.01432731041271313,0.0943396226415094,3
south_german_credit,xgb_none,,0.1,0.1,minority_to_majority,0.5551587301587302,0.012504723219514822,0.12222222222222219,0.02545875386086578,0.5700965000177544,0.036568614051622074,0.5239090903013671,0.021250756283071368,0.8143939393939394,0.06258602894643298,0.12222222222222219,0.02545875386086578,0.7433333333333333,0.0224227067451228,0.2374399503072102,0.010690387682258188,1.03023628393809,0.09109827758215669,0.23538630182699607,0.015995542911630238,0.10416666666666659,3
south_german_credit,xgb_none,,0.1,0.2,majority_to_minority,0.5515873015873015,0.015491445472970732,0.13888888888888887,0.04194352464039303,0.5599744632674004,0.059772752626957595,0.5258832915248609,0.028117064843752572,0.6259259259259259,0.035717225040714624,0.13888888888888887,0.04194352464039303,0.7497222222222222,0.05399650579383882,0.22175380090872446,0.014800420044723452,0.8469240665435791,0.11004206328108233,0.20802592566857725,0.022278828273377113,0.20000000000000004,3
south_german_credit,xgb_none,,0.1,0.2,minority_to_majority,0.5293650793650794,0.008775136661704723,0.07777777777777774,0.01924500897298757,0.5640869090135818,0.03256889863469378,0.48191547331843126,0.016455187875592303,0.6349206349206349,0.0549857399228215,0.07777777777777774,0.01924500897298757,0.7322222222222222,0.019355522296911683,0.24519006411234534,0.004488203334731904,1.0929935773213704,0.04527568544921086,0.24451985791791223,0.004762109947380387,0.2083333333333333,3
south_german_credit,xgb_none,,0.1,0.3,majority_to_minority,0.5503968253968253,0.002995966045742424,0.13888888888888887,0.019245008972987563,0.5082066652366367,0.035343578550472064,0.5254580290837602,0.009085481069718074,0.6208333333333332,0.07107800878846657,0.13888888888888887,0.019245008972987563,0.6942857142857143,0.061889993659659887,0.23152324060599005,0.005884626312113026,0.9108182986577352,0.08543703520800569,0.20573687712041036,0.003330867160316512,0.3043478260869565,3
south_german_credit,xgb_none,,0.1,0.3,minority_to_majority,0.5285714285714286,0.0020619652471057987,0.0666666666666666,0.0,0.5382891730080096,0.03217533176532927,0.47556912754875036,0.0015496781967302919,0.7555555555555555,0.07698003589195013,0.0666666666666666,0.0,0.73,0.04417147965047662,0.2559586266676584,0.0052830786546715575,1.1491500933965046,0.04208785955993679,0.2528573252043376,0.008737969470784717,0.2916666666666667,3
south_german_credit,xgb_none,,0.2,0.0,clean,0.6242063492063492,0.03735010353822257,0.3055555555555555,0.06938886664887108,0.5616100437856518,0.07006379896157663,0.6321954538364154,0.046232483151310316,0.6908955778520997,0.0656250144566407,0.3055555555555555,0.06938886664887108,0.7302777777777778,0.0531827611605121,0.20656756560007727,0.020189546908080228,0.7942764163017273,0.13501964232965652,0.1746351933634529,0.022940820881166488,0.0,3
south_german_credit,xgb_none,,0.2,0.05,majority_to_minority,0.6134920634920635,0.029746027510968488,0.3055555555555555,0.06309898162000305,0.5495731289385867,0.07903031410651239,0.6194249406030129,0.03758595432286129,0.6222710980775497,0.049093073841949185,0.3055555555555555,0.06309898162000305,0.7255555555555556,0.06741179393998581,0.20738753676414487,0.027408028128119898,0.7519896626472473,0.11627599457843968,0.17087758412274215,0.042726173475993924,0.0495049504950495,3
south_german_credit,xgb_none,,0.2,0.05,minority_to_majority,0.6015873015873016,0.025652851363323806,0.2722222222222222,0.063098981620003,0.5460302326004213,0.022641820880326513,0.6036050906915964,0.035066373392304354,0.6302651790767241,0.04897635088740129,0.2722222222222222,0.063098981620003,0.7309920634920636,0.043610172296609725,0.20571904381116227,0.013178247229593692,0.7871522506078085,0.09874524204168349,0.1720538541395217,0.02726474547196507,0.052083333333333294,3
south_german_credit,xgb_none,,0.2,0.1,majority_to_minority,0.6567460317460317,0.036505779784466404,0.39444444444444443,0.06735753140545636,0.5767058033891671,0.0957676840126831,0.6702601003456187,0.0410150960041146,0.6736307614915424,0.054832392260381564,0.39444444444444443,0.06735753140545636,0.7578571428571429,0.061376061905735524,0.19841784735520676,0.023421609662395725,0.7052091360092163,0.12936283603257254,0.16202365884246916,0.029665210316000716,0.102803738317757,3
south_german_credit,xgb_none,,0.2,0.1,minority_to_majority,0.5746031746031747,0.007926581093427814,0.21111111111111105,0.009622504486493712,0.5613639485493852,0.03945025187474799,0.5678575118658998,0.007723436113684942,0.6019047619047618,0.0748210260624851,0.21111111111111105,0.009622504486493712,0.7540873015873016,0.05512307572102936,0.21462071438630415,0.011272230580971506,0.7928816278775533,0.0886198052370174,0.19205134291201822,0.008681587235369992,0.10416666666666659,3
south_german_credit,xgb_none,,0.2,0.2,majority_to_minority,0.6392857142857142,0.056331038877718884,0.36666666666666664,0.10929064207170001,0.5652060473605506,0.08879473089923845,0.6486609438610665,0.06406250066550748,0.633641975308642,0.07925370639369261,0.36666666666666664,0.10929064207170001,0.7301984126984126,0.04036703301578351,0.1944080491860707,0.024678131877086375,0.6679997046788534,0.06460173447902612,0.1517349033616483,0.02224109622868608,0.20000000000000004,3
south_german_credit,xgb_none,,0.2,0.2,minority_to_majority,0.5876984126984127,0.003436608745176372,0.22777777777777777,0.02545875386086577,0.5636839414031551,0.05916258685244184,0.5842206197500293,0.006124589256230335,0.6645299145299145,0.08655824401935512,0.22777777777777777,0.02545875386086577,0.7462698412698412,0.057831947940303,0.21804931263128913,0.018433382997555266,0.8452338774998983,0.14642415770308312,0.19581602492680147,0.02481840051437126,0.1979166666666666,3
south_german_credit,xgb_none,,0.2,0.3,majority_to_minority,0.6285714285714286,0.059630856125562855,0.3833333333333333,0.10929064207170003,0.5797905386833649,0.06347104870470613,0.6354449010579075,0.06515104238225988,0.5606060606060606,0.09216306864088206,0.3833333333333333,0.10929064207170003,0.7351587301587301,0.06409554470550975,0.19386765857537588,0.023969728108797862,0.6325815717379252,0.08612996420744304,0.13239067937557894,0.029017162188575803,0.2992700729927007,3
south_german_credit,xgb_none,,0.2,0.3,minority_to_majority,0.5650793650793651,0.018184824186332636,0.16111111111111107,0.02545875386086576,0.5658030335261551,0.07891797372198599,0.5467860498535345,0.025327893079952653,0.6904761904761904,0.10910894511799621,0.16111111111111107,0.02545875386086576,0.7371825396825397,0.056494377609069404,0.22828057408332822,0.02211082037112294,0.9278555115063986,0.12037323294115347,0.2220324382930993,0.018885379031321346,0.3020833333333333,3
south_german_credit,xgb_none,,0.5,0.0,clean,0.6904761904761906,0.04606081457655498,0.6626984126984127,0.07538011510730346,0.6224950737395379,0.10457488916990752,0.6700639859126075,0.042515676610927824,0.5003997887018402,0.048991782892964235,0.6666666666666666,0.07637626158259729,0.7682936507936509,0.06866327072596827,0.21523092687129974,0.03775838671216334,0.6933249036471049,0.1358141249889149,0.17295016149679818,0.031268281591756306,0.0,3
south_german_credit,xgb_none,,0.5,0.05,majority_to_minority,0.6813492063492063,0.02384917333542336,0.653968253968254,0.0399357003981242,0.6385076665565051,0.08579777754175644,0.65382979951763,0.023705507044741673,0.47588324478589356,0.02725907584820855,0.6888888888888888,0.04811252243246885,0.7606746031746031,0.05489196942065671,0.22885707020759574,0.026263999052803425,0.7118951082229614,0.09174159836145615,0.20429408228645718,0.014445458624939473,0.0513833992094861,3
south_german_credit,xgb_none,,0.5,0.05,minority_to_majority,0.6849206349206348,0.04287918304520671,0.6222222222222222,0.10715167512214391,0.6258931307112386,0.07793980464179102,0.6715769752898132,0.03484349161832089,0.5134788189987164,0.03445118588015321,0.6222222222222222,0.10715167512214391,0.7621825396825397,0.05413334052422231,0.20639828344186142,0.021876942982092595,0.6554460128148397,0.08917638141372897,0.15899776500960192,0.016349561277320408,0.05000000000000001,3
south_german_credit,xgb_none,,0.5,0.1,majority_to_minority,0.6722222222222222,0.061908577415992684,0.6309523809523809,0.032208926805877815,0.5727647051484537,0.1017542540964405,0.6372612550245397,0.052684146390279095,0.4531739737925305,0.0530205477730269,0.7111111111111111,0.09765775461803859,0.7429365079365079,0.0864341738094164,0.24722449978192643,0.03669550374502442,0.7859242558479309,0.137324050483884,0.21440397954235468,0.019436659927057117,0.1011235955056179,3
south_german_credit,xgb_none,,0.5,0.1,minority_to_majority,0.6861111111111112,0.05637295497763139,0.6222222222222222,0.10046189622236178,0.5902363347646528,0.05060072077653355,0.6737220706954625,0.050708825693769825,0.5150612150612149,0.05740440331366353,0.6222222222222222,0.10046189622236178,0.7530952380952382,0.06009393629259382,0.20784623920917508,0.029556007997295537,0.6523291865984598,0.09857544930338086,0.17478258663788435,0.03735327120088637,0.10000000000000002,3
south_german_credit,xgb_none,,0.5,0.2,majority_to_minority,0.642063492063492,0.05895361821405964,0.5285714285714286,0.01889822365046139,0.5731873038481629,0.04813345290761348,0.5869896550462911,0.03641923754854448,0.4048810574234303,0.03634189565877632,0.7555555555555555,0.13574213025411797,0.7264285714285714,0.06134903950777125,0.2991588314374288,0.005505118878854319,0.9438928564389547,0.01729652638886016,0.2890173897519708,0.019531969070795182,0.20000000000000004,3
south_german_credit,xgb_none,,0.5,0.2,minority_to_majority,0.6785714285714285,0.08517522288849211,0.5333333333333333,0.14240006242195882,0.5607480411857967,0.13179193839816308,0.6798821606587219,0.0841426815111511,0.5596499027507641,0.11017544341732402,0.5333333333333333,0.14240006242195882,0.7469444444444445,0.06324973597201095,0.19923622409502662,0.038594157067955555,0.6367957790692648,0.12666201983821518,0.144238955459247,0.04952234786669731,0.20000000000000004,3
south_german_credit,xgb_none,,0.5,0.3,majority_to_minority,0.6027777777777777,0.022090739142407584,0.3,0.012371791482634861,0.5131621862222263,0.11931091277572098,0.4796698881568462,0.017515227869805423,0.35664492356719607,0.01203282525590919,0.9055555555555556,0.034694433324435475,0.6839285714285714,0.06695558144487512,0.3948530654112498,0.026739305063839324,1.3321078618367512,0.14276925921493433,0.423363958944877,0.013937561586938513,0.3002915451895043,3
south_german_credit,xgb_none,,0.5,0.3,minority_to_majority,0.6424603174603175,0.04672271496527549,0.42777777777777776,0.09622504486493763,0.5217103193066094,0.07983242768596167,0.6491034693619242,0.049751635356715715,0.5592015313098168,0.06604452924327515,0.42777777777777776,0.09622504486493763,0.7069444444444444,0.05026084642438429,0.2041078358888626,0.024881516888675504,0.6761710445086161,0.08895074271257296,0.14694850971611834,0.017673081974848737,0.3,3
south_german_credit,xgb_ros,,0.05,0.0,clean,0.5281746031746032,0.014884920105961156,0.07777777777777777,0.0481125224324688,0.5441958002984965,0.055704425654597274,0.4792702245817231,0.03455990769663473,0.6404761904761904,0.09592017656420808,0.07777777777777777,0.0481125224324688,0.7208333333333333,0.049588870953561515,0.2546642174323399,0.006753439256739419,1.2852720419565837,0.1757521530208983,0.2557569756715869,0.0029108261690268165,0.0,3
south_german_credit,xgb_ros,,0.05,0.05,majority_to_minority,0.5416666666666666,0.013729241184131932,0.09999999999999998,0.033333333333333354,0.5251444491820773,0.07634856310528071,0.5021648756588778,0.026313853422782234,0.7301587301587301,0.109971479845643,0.09999999999999998,0.033333333333333354,0.7018253968253968,0.08746479153422518,0.2536492745081583,0.00855231360763821,1.2225563526153564,0.104155248639998,0.25373952670643724,0.006179514043874946,0.04,3
south_german_credit,xgb_ros,,0.05,0.05,minority_to_majority,0.5468253968253968,0.022503883934536232,0.10555555555555553,0.05091750772173154,0.5401549806856402,0.04409455822163714,0.5082880927618377,0.04265021998428248,0.7916666666666666,0.07216878364870323,0.10555555555555553,0.05091750772173154,0.7208730158730159,0.046449069549134595,0.2508979390064875,0.008440910630910743,1.2145963907241821,0.09406255577264351,0.24306472237997992,0.010504949372928979,0.0416666666666666,3
south_german_credit,xgb_ros,,0.05,0.1,majority_to_minority,0.5202380952380952,0.013521210347143538,0.06666666666666667,0.02886751345948129,0.4776006754830097,0.03912114834842919,0.4688847372733332,0.025101994131305955,0.5095238095238095,0.08611019676202443,0.06666666666666667,0.02886751345948129,0.6821031746031746,0.050386309989082896,0.26288238167762756,0.004793840893700399,1.2225743929545085,0.04573493382997245,0.25903809217736123,0.012105737351827926,0.1111111111111111,3
south_german_credit,xgb_ros,,0.05,0.1,minority_to_majority,0.5412698412698412,0.015718493905030485,0.0944444444444444,0.019245008972987504,0.5320968481100234,0.10996753482370861,0.5000543912784696,0.02193927732954756,0.7962962962962963,0.22452510468485445,0.0944444444444444,0.019245008972987504,0.7136904761904762,0.06170101543834145,0.25825755298137665,0.015926656033085337,1.2756438255310059,0.1501762130308888,0.2576236464021106,0.008481872902952619,0.0833333333333333,3
south_german_credit,xgb_ros,,0.05,0.2,majority_to_minority,0.5214285714285715,0.014433756729740593,0.04999999999999997,0.02886751345948129,0.44231181575314055,0.06938406571470165,0.46011437331467886,0.027549019036750038,0.7222222222222222,0.09622504486493767,0.04999999999999997,0.02886751345948129,0.6298809523809523,0.07761128722526062,0.2651072442531585,0.010809872338141418,1.274973471959432,0.12144331554398587,0.25803939640677226,0.011119837846538114,0.20000000000000004,3
south_german_credit,xgb_ros,,0.05,0.2,minority_to_majority,0.5273809523809524,0.0285962194034865,0.06666666666666664,0.060092521257733164,0.5010530428802594,0.0956119753435034,0.4726444376457339,0.05403767336866292,0.6333333333333333,0.15275252316519466,0.06666666666666664,0.060092521257733164,0.6909126984126983,0.0675714886964619,0.2666741460561752,0.0159251998543529,1.3555829524993896,0.12604807952499067,0.26617192902912695,0.011239678009397656,0.2083333333333333,3
south_german_credit,xgb_ros,,0.05,0.3,majority_to_minority,0.5158730158730158,0.019573591198632535,0.0555555555555555,0.03469443332443556,0.4417358835893657,0.11453272979719398,0.459295717526875,0.03329730693059732,0.51010101010101,0.28033715326016,0.0555555555555555,0.03469443332443556,0.6406746031746031,0.08029939135794577,0.2600371837615966,0.022187159211822054,1.1642209490140278,0.16484331568501442,0.24588246948706605,0.019035106213275105,0.2941176470588235,3
south_german_credit,xgb_ros,,0.05,0.3,minority_to_majority,0.5162698412698413,0.0213069742200933,0.04444444444444443,0.04194352464039304,0.5115922157792894,0.08544583152333428,0.4526302599817238,0.04095924020568316,0.48809523809523814,0.42307989628373477,0.04444444444444443,0.04194352464039304,0.7233333333333333,0.039692875638044106,0.26939622561136883,0.01484733508637555,1.3705542087554932,0.08866138264307427,0.27234050512313845,0.015903901843320335,0.2916666666666667,3
south_german_credit,xgb_ros,,0.1,0.0,clean,0.5821428571428572,0.03818813079129866,0.19999999999999996,0.07637626158259735,0.5580578579292326,0.09503439582967885,0.5718939872075307,0.0554553901935912,0.6918706293706295,0.07876233081704587,0.19999999999999996,0.07637626158259735,0.7321031746031745,0.0857756339098577,0.22142369051774335,0.026811879476013947,0.9353444576263428,0.20450823730821296,0.21259447997901584,0.024022779600265977,0.0,3
south_german_credit,xgb_ros,,0.1,0.05,majority_to_minority,0.6023809523809524,0.06733297972561557,0.26666666666666666,0.12018504251546634,0.5541022493879739,0.08319913353287199,0.6027765912877102,0.08427542067166566,0.6405415713196033,0.17831389618742527,0.26666666666666666,0.12018504251546634,0.7184126984126985,0.048392576484474724,0.21917008856932318,0.0270806365163268,0.929611325263977,0.11613389953653706,0.19807771752588443,0.03309055254223787,0.0588235294117647,3
south_german_credit,xgb_ros,,0.1,0.05,minority_to_majority,0.5785714285714286,0.02933020236846412,0.19999999999999996,0.03333333333333336,0.558240962972057,0.06387734477661514,0.5703491238139997,0.037895602618275695,0.6776315789473685,0.17884575288247614,0.19999999999999996,0.03333333333333336,0.7408730158730159,0.03879607080104117,0.22505932549635566,0.015184944726254845,0.9820390144983927,0.09438042813257425,0.21229115922469646,0.0198955866424424,0.0416666666666666,3
south_german_credit,xgb_ros,,0.1,0.1,majority_to_minority,0.5690476190476191,0.027842894198872672,0.18333333333333326,0.0333333333333333,0.5118718853510362,0.09840686580991996,0.5566877096927718,0.03592926316233268,0.6555555555555556,0.18954135676924427,0.18333333333333326,0.0333333333333333,0.6872619047619049,0.06860624529460888,0.23416903118292487,0.01785553509387408,0.9397953351338705,0.09671131915725195,0.21579911819659167,0.018897478391814878,0.0943396226415094,3
south_german_credit,xgb_ros,,0.1,0.1,minority_to_majority,0.5674603174603174,0.028079427889419833,0.17777777777777773,0.041943524640393026,0.5689406942046643,0.053736414959239726,0.5534240632279848,0.03878528335532567,0.6372549019607843,0.1326249927300851,0.17777777777777773,0.041943524640393026,0.7398412698412699,0.024916053314560007,0.2270796298980712,0.011588688702526063,0.9931342601776123,0.10006049692402881,0.2220828701229766,0.012775036036067318,0.10416666666666659,3
south_german_credit,xgb_ros,,0.1,0.2,majority_to_minority,0.594047619047619,0.03314145454065488,0.24999999999999997,0.060092521257733116,0.5469966644945911,0.07323198387712651,0.5936961953384015,0.04302802001233516,0.6285072951739618,0.07941656372765205,0.24999999999999997,0.060092521257733116,0.7391666666666667,0.052580652874316305,0.2142311831315358,0.023703724534665436,0.8223732908566793,0.14291080381589452,0.18059434874914584,0.029273464473055233,0.20000000000000004,3
south_german_credit,xgb_ros,,0.1,0.2,minority_to_majority,0.5638888888888889,0.011251941967268076,0.1444444444444444,0.02545875386086579,0.542792111773838,0.01717656013136804,0.5401759004339323,0.019503367577948464,0.7883967883967884,0.026146201220196272,0.1444444444444444,0.02545875386086579,0.7208333333333333,0.02154959212224025,0.2362437397241592,0.002697282896419205,1.0776067177454631,0.034527364747388496,0.2273477574329202,0.005936572518924006,0.2083333333333333,3
south_german_credit,xgb_ros,,0.1,0.3,majority_to_minority,0.5722222222222223,0.012729376930432914,0.21111111111111105,0.009622504486493709,0.49823548576112425,0.041992868923927326,0.5654797741907766,0.014458282649171665,0.5832216905901116,0.08838010057131268,0.21111111111111105,0.009622504486493709,0.6927777777777777,0.05542230334656656,0.2296921958525975,0.005927668901244982,0.8906604846318563,0.07949557134130766,0.20264095973533883,0.009148021496475913,0.3043478260869565,3
south_german_credit,xgb_ros,,0.1,0.3,minority_to_majority,0.5456349206349206,0.008775136661704801,0.12222222222222219,0.019245008972987504,0.5150094572625464,0.040380904654789884,0.5153379443604035,0.01524776571475254,0.6273504273504273,0.034906970695148906,0.12222222222222219,0.019245008972987504,0.7154365079365079,0.04132655977341896,0.252729391058286,0.007567651182128799,1.1517141660054524,0.05014374046188055,0.24827706775317582,0.013646168782558738,0.2916666666666667,3
south_german_credit,xgb_ros,,0.2,0.0,clean,0.6285714285714286,0.014916623912073362,0.3499999999999999,0.01666666666666665,0.5483979117029211,0.05182028433885562,0.6385270033191848,0.017626453336893496,0.6214865119788718,0.06059184478958214,0.3499999999999999,0.01666666666666665,0.7291269841269842,0.038885467131614025,0.20763451357682539,0.016375407509856613,0.7868677377700806,0.11751704914378555,0.17459255124442272,0.028583613491118657,0.0,3
south_german_credit,xgb_ros,,0.2,0.05,majority_to_minority,0.640079365079365,0.06308775037930416,0.39444444444444443,0.12509255832441896,0.5466950198660178,0.07774700471655832,0.6476936308433768,0.06892887063616396,0.587420255183413,0.08911522278511189,0.39444444444444443,0.12509255832441896,0.728015873015873,0.07936774797100782,0.2077174137036005,0.0324689190709259,0.7377942601839701,0.131114184787283,0.1650786083998779,0.03328413369509561,0.0495049504950495,3
south_german_credit,xgb_ros,,0.2,0.05,minority_to_majority,0.6309523809523809,0.031225897734771427,0.36666666666666664,0.08333333333333334,0.5244345712001947,0.031825764240623194,0.6389617014025718,0.03442034049120155,0.5999088630667578,0.018441247245827637,0.36666666666666664,0.08333333333333334,0.7226984126984126,0.042711447676947484,0.20860846837361646,0.015228169948188954,0.7943930625915527,0.10331522299481502,0.16747316497378048,0.012516868492348072,0.052083333333333294,3
south_german_credit,xgb_ros,,0.2,0.1,majority_to_minority,0.6626984126984127,0.047698346670846756,0.42777777777777776,0.09179284245476842,0.5935124603759094,0.09533322963668443,0.6742236612649292,0.051375626301539634,0.6372761225702402,0.0602596225526782,0.42777777777777776,0.09179284245476842,0.7615873015873015,0.06363875663011544,0.19651948412259412,0.030269888849414926,0.6928498148918152,0.1460247001548765,0.16351411944255234,0.03134316335988377,0.102803738317757,3
south_german_credit,xgb_ros,,0.2,0.1,minority_to_majority,0.6091269841269841,0.03422144549579424,0.31111111111111106,0.05091750772173152,0.552839480823499,0.04658515040575838,0.6154166015163719,0.04013939577822261,0.5915881504116799,0.0924631314823642,0.31111111111111106,0.05091750772173152,0.7505952380952382,0.05309203492366441,0.21225486695766446,0.016458091169573003,0.7731762131055196,0.08253088738792874,0.18250733485134937,0.01786727791927143,0.10416666666666659,3
south_german_credit,xgb_ros,,0.2,0.2,majority_to_minority,0.6416666666666666,0.05612940587679176,0.39999999999999997,0.12583057392117916,0.5717540846603382,0.10025981701284067,0.6487263077286513,0.058995319359173126,0.5877956989247312,0.047127788433094606,0.39999999999999997,0.12583057392117916,0.7269444444444445,0.044941120041640414,0.1961004386345545,0.023362320079823338,0.6670116980870565,0.06928735551896013,0.1377483723902454,0.02051391543042269,0.20000000000000004,3
south_german_credit,xgb_ros,,0.2,0.2,minority_to_majority,0.6166666666666667,0.024599974190204547,0.3,0.07264831572567793,0.5615152553332573,0.06591287156477166,0.6220533867559946,0.03304755254019095,0.6787114845938375,0.09838155515993677,0.3,0.07264831572567793,0.7413095238095239,0.05606473016303538,0.21241198480129234,0.022704181189901158,0.8294505476951599,0.1514784047535105,0.1885469142037133,0.02700548433341835,0.1979166666666666,3
south_german_credit,xgb_ros,,0.2,0.3,majority_to_minority,0.6448412698412699,0.06014359863308958,0.4611111111111111,0.11344765475923412,0.5738741274824596,0.06911014336411331,0.6485045296295399,0.060663516958233236,0.5297619047619048,0.0757874176777154,0.4611111111111111,0.11344765475923412,0.7263888888888889,0.06311874374975508,0.20260263979434964,0.02531413159482576,0.6568495829900106,0.0913641871105831,0.15036946217529476,0.03186123798982804,0.2992700729927007,3
south_german_credit,xgb_ros,,0.2,0.3,minority_to_majority,0.5944444444444444,0.01822375000508742,0.23888888888888885,0.025458753860865768,0.557348068092614,0.0729779169677478,0.5935924221707293,0.023577046525177583,0.6735334713595583,0.07926932591994951,0.23888888888888885,0.025458753860865768,0.7380555555555555,0.0538361624608493,0.21794321139653525,0.02497572796474938,0.8765716751416525,0.11838339309468376,0.20033933095013098,0.029005398990733833,0.3020833333333333,3
south_german_credit,xgb_ros,,0.5,0.0,clean,0.6904761904761906,0.04606081457655498,0.6626984126984127,0.07538011510730346,0.6224950737395379,0.10457488916990752,0.6700639859126075,0.042515676610927824,0.5003997887018402,0.048991782892964235,0.6666666666666666,0.07637626158259729,0.7682936507936509,0.06866327072596827,0.21523092687129974,0.03775838671216334,0.6933249036471049,0.1358141249889149,0.17295016149679818,0.031268281591756306,0.0,3
south_german_credit,xgb_ros,,0.5,0.05,majority_to_minority,0.6698412698412698,0.03082237655417681,0.6507936507936508,0.03871031237541965,0.6350969016057654,0.08095415012491372,0.6461289975940855,0.028314844547328962,0.46885222585691927,0.03090188365315359,0.6611111111111111,0.05091750772173158,0.7617460317460317,0.05326291233764665,0.2270711362361907,0.022241801925790877,0.7038704554239908,0.07222769075913714,0.1962436874521275,0.01749556524503979,0.0513833992094861,3
south_german_credit,xgb_ros,,0.5,0.05,minority_to_majority,0.6722222222222222,0.039953440400656695,0.611111111111111,0.11344765475923409,0.6200968975199717,0.07639477000944431,0.657920078132844,0.028554876410963614,0.4944444444444444,0.020869310499230853,0.611111111111111,0.11344765475923409,0.7615873015873017,0.053632813155887714,0.20740771293640134,0.023232558618611832,0.6605939070383707,0.09143610542562339,0.16199714906824128,0.028527547625353533,0.05000000000000001,3
south_german_credit,xgb_ros,,0.5,0.1,majority_to_minority,0.6642857142857143,0.06858424152778131,0.6190476190476191,0.06074928962939558,0.583109124335511,0.11637203898384199,0.6337820176881541,0.05619068265202956,0.4502002951718322,0.05686680221748256,0.6833333333333332,0.1201850425154663,0.7446031746031746,0.09351191107675809,0.24134768545627586,0.037425350976495804,0.7531088391939799,0.1420934919667551,0.21907697710519028,0.02390771467006412,0.1011235955056179,3
south_german_credit,xgb_ros,,0.5,0.1,minority_to_majority,0.6722222222222222,0.060296571153087584,0.6111111111111112,0.10046189622236178,0.5948830775969625,0.05854086134799578,0.6590862794078699,0.05448895299773499,0.4944034293879495,0.0618867787279066,0.6111111111111112,0.10046189622236178,0.7508730158730158,0.05965370746914908,0.21295725305875138,0.03163259291701264,0.666260838508606,0.1060543506785245,0.17259141513456897,0.0334732821050141,0.10000000000000002,3
south_german_credit,xgb_ros,,0.5,0.2,majority_to_minority,0.6444444444444445,0.05627230388414297,0.5579365079365078,0.01311326320782403,0.5556338162400047,0.041620347215621835,0.5989723358842766,0.03570567895329994,0.4141882582249554,0.03561928656850032,0.7222222222222223,0.13471506281091272,0.7352777777777777,0.06201287872482604,0.2800901532173156,0.00798565292455235,0.8953484694163004,0.02480389533417813,0.27530447409177816,0.007314171887431539,0.20000000000000004,3
south_german_credit,xgb_ros,,0.5,0.2,minority_to_majority,0.6793650793650793,0.07561476438231225,0.5611111111111111,0.1347150628109127,0.5723252932371768,0.1300486997601792,0.676141087443201,0.07133275033892988,0.538706751144562,0.08508502010681904,0.5611111111111111,0.1347150628109127,0.7501587301587302,0.059821438442706404,0.2004062533378601,0.034494134804627506,0.6396523912747701,0.11458418269864538,0.1567370500663916,0.03383703585587842,0.20000000000000004,3
south_german_credit,xgb_ros,,0.5,0.3,majority_to_minority,0.6115079365079366,0.040795889630368225,0.3619047619047619,0.027042420694287,0.4949133692971399,0.12106879172861455,0.5114984074191887,0.032563676337444995,0.3663106441588837,0.024151490810239526,0.8611111111111112,0.06735753140545635,0.6817857142857143,0.06988723911041414,0.3644727071126302,0.029234327150622796,1.2451780239741008,0.15627435130994105,0.3732518000900746,0.013290428425723245,0.3002915451895043,3
south_german_credit,xgb_ros,,0.5,0.3,minority_to_majority,0.6329365079365079,0.0332978836441241,0.42777777777777776,0.08221471437193746,0.537723956055288,0.07904456190875228,0.6379009219307988,0.034025200444786734,0.5297619047619048,0.03717260713332377,0.42777777777777776,0.08221471437193746,0.711547619047619,0.05066689603421053,0.20449871321519217,0.02494283581396799,0.6769489248593649,0.09809941404653742,0.13454159618044886,0.02685502715717085,0.3,3
south_german_credit,xgb_smote,,0.05,0.0,clean,0.5134920634920636,0.011061396718068595,0.038888888888888834,0.02545875386086577,0.5133577048175006,0.03833379240101429,0.4476469055770822,0.02289528419202214,0.6349206349206349,0.33783804212369467,0.038888888888888834,0.02545875386086577,0.7074603174603175,0.0420314530572919,0.26392706235249835,0.0031099196619906663,1.2943551540374756,0.157685170719492,0.26374937472709764,0.0030312701098408356,0.0,3
south_german_credit,xgb_smote,,0.05,0.05,majority_to_minority,0.5317460317460317,0.024523038976952995,0.07777777777777774,0.050917507721731564,0.5188586256413922,0.14411755151566102,0.4825964587247194,0.045236034524382206,0.6793650793650793,0.11481359568269929,0.07777777777777774,0.050917507721731564,0.6997619047619047,0.11245879819968287,0.25544252991676325,0.020803195283511145,1.2049896319707234,0.15991380249911727,0.2568259371258318,0.013692051321435897,0.04,3
south_german_credit,xgb_smote,,0.05,0.05,minority_to_majority,0.5380952380952381,0.004761904761904856,0.0833333333333333,0.0166666666666667,0.5201685434162046,0.019894594438434766,0.49166328393831926,0.012367719856160994,0.8611111111111112,0.12729376930432884,0.0833333333333333,0.0166666666666667,0.7030952380952381,0.03145899501489102,0.2581736346085866,0.0022218919787053404,1.2361670335133872,0.06442630539974242,0.25637529138009996,0.007066903802714968,0.0416666666666666,3
south_german_credit,xgb_smote,,0.05,0.1,majority_to_minority,0.5166666666666666,0.015476190476190492,0.04999999999999997,0.03333333333333335,0.4760815382920383,0.06704480284277667,0.4563860756081251,0.030231697530351927,0.6964285714285715,0.31288241907027203,0.04999999999999997,0.03333333333333335,0.6765476190476191,0.0379552860810797,0.2657402654488881,0.011581249493949404,1.2236112753550212,0.03451817609758364,0.2589757005280504,0.012956258808582534,0.1111111111111111,3
south_german_credit,xgb_smote,,0.05,0.1,minority_to_majority,0.5365079365079365,0.01221809866534978,0.07777777777777774,0.01924500897298757,0.538145630141998,0.09519639917123493,0.48767238250771183,0.019583680864780816,0.8888888888888888,0.19245008972987526,0.07777777777777774,0.01924500897298757,0.6950396825396825,0.0574528216850723,0.25831966102123255,0.008631562721717879,1.2849270502726238,0.12188053883305038,0.25815390662134935,0.001959257203923814,0.0833333333333333,3
south_german_credit,xgb_smote,,0.05,0.2,majority_to_minority,0.5190476190476191,0.01325658181626199,0.04999999999999997,0.033333333333333354,0.44864690424698567,0.08037383080671308,0.45803904205772694,0.02948547936831839,0.625,0.125,0.04999999999999997,0.033333333333333354,0.6468650793650793,0.08799498263543112,0.26805028319358826,0.014986191498895362,1.2493404547373455,0.14922097695347047,0.26447808611827595,0.014534446356273968,0.20000000000000004,3
south_german_credit,xgb_smote,,0.05,0.2,minority_to_majority,0.5226190476190476,0.014916623912073428,0.04999999999999997,0.03333333333333335,0.5060508815523105,0.0982360925276704,0.4606211700913699,0.03127626057691425,0.8611111111111112,0.12729376930432887,0.04999999999999997,0.03333333333333335,0.7070238095238096,0.0671853757640254,0.26825619737307227,0.013675102065244185,1.2956911722819011,0.08399750272767588,0.267610945138149,0.014151466011355519,0.2083333333333333,3
south_german_credit,xgb_smote,,0.05,0.3,majority_to_minority,0.5031746031746032,0.004507070115714487,0.027777777777777735,0.019245008972987566,0.4069023406332855,0.06655164026821753,0.43354293479242845,0.010876519560222703,0.5444444444444444,0.3948745698648191,0.027777777777777735,0.019245008972987566,0.6438492063492064,0.06999213728651955,0.27277624607086176,0.013926177408808032,1.1580839951833088,0.13777526523275954,0.26668160623870785,0.021151678306356978,0.2941176470588235,3
south_german_credit,xgb_smote,,0.05,0.3,minority_to_majority,0.5214285714285715,0.011480536620229721,0.04999999999999993,0.028867513459481287,0.528632767455212,0.08642617259261196,0.45987211387628685,0.026447259353990702,0.8222222222222223,0.16777409856157222,0.04999999999999993,0.028867513459481287,0.7189682539682539,0.06124144779635361,0.26623119910558063,0.010824526061807747,1.3299169937769573,0.06840589219344387,0.26408310768582544,0.008266366966165839,0.2916666666666667,3
south_german_credit,xgb_smote,,0.1,0.0,clean,0.5587301587301586,0.023640271442232484,0.15555555555555553,0.04811252243246879,0.5625927513849184,0.08768356945218633,0.538012904390932,0.0377943205580106,0.62996632996633,0.09534804241440561,0.15555555555555553,0.04811252243246879,0.7311904761904762,0.0825077300027342,0.23037714262803388,0.019270170512701506,0.9685160915056864,0.17348797392152795,0.22113481765768175,0.01281911944727427,0.0,3
south_german_credit,xgb_smote,,0.1,0.05,majority_to_minority,0.567857142857143,0.034027633161801095,0.18333333333333332,0.06009252125773318,0.550582132968401,0.09617106957257912,0.5543526925977127,0.047854208416860416,0.6217948717948718,0.12512321343553293,0.18333333333333332,0.06009252125773318,0.7232936507936508,0.06869381164359327,0.22615282237529755,0.02667641103629393,0.9173686305681864,0.15396182343954481,0.2124242569288859,0.025190633134629298,0.0588235294117647,3
south_german_credit,xgb_smote,,0.1,0.05,minority_to_majority,0.5519841269841269,0.00901414023142904,0.12777777777777774,0.04194352464039304,0.5527345820049813,0.046686348360582476,0.5218525968783214,0.024225389507720532,0.7718360071301248,0.20946827369874346,0.12777777777777774,0.04194352464039304,0.7392857142857143,0.05410069242287865,0.23103803396224976,0.009200689688887265,0.9829372564951578,0.09333020185466094,0.21980424433636161,0.007318267478712006,0.0416666666666666,3
south_german_credit,xgb_smote,,0.1,0.1,majority_to_minority,0.548015873015873,0.02035447397338442,0.12222222222222219,0.03469443332443556,0.5172496412937888,0.08923238832055869,0.5171651317239166,0.0306195473103466,0.7047619047619048,0.2001699957807972,0.12222222222222219,0.03469443332443556,0.6957936507936507,0.05797586454065676,0.2361927231152852,0.013133364763637311,0.9500070810317993,0.07278694002327557,0.22289159726661936,0.018412562859453318,0.0943396226415094,3
south_german_credit,xgb_smote,,0.1,0.1,minority_to_majority,0.5527777777777777,0.0108021091974732,0.13888888888888887,0.019245008972987563,0.5597394925932366,0.05944226048863831,0.5279098170170049,0.01663311126606817,0.6394993894993896,0.05456471945476066,0.13888888888888887,0.019245008972987563,0.7432936507936508,0.028784998743847386,0.23344802856445304,0.01702617034926203,0.9877844055493673,0.12485929474988079,0.23069466169613095,0.01908934861726368,0.10416666666666659,3
south_german_credit,xgb_smote,,0.1,0.2,majority_to_minority,0.5654761904761906,0.018898223650461315,0.18333333333333326,0.02886751345948128,0.5442374552605918,0.06154123898753535,0.5527730825327919,0.02555097481597795,0.5995872033023736,0.07955712640746353,0.18333333333333326,0.02886751345948128,0.7399206349206349,0.05257665461716996,0.22269905606905616,0.018406436564117074,0.8513557513554891,0.122038588288789,0.19891594724884873,0.019272306152371955,0.20000000000000004,3
south_german_credit,xgb_smote,,0.1,0.2,minority_to_majority,0.5567460317460317,0.008103403911373862,0.12777777777777774,0.009622504486493788,0.5662467403804848,0.046301390754150934,0.5278335512146098,0.011114832594007218,0.7962962962962963,0.0944988949790598,0.12777777777777774,0.009622504486493788,0.7301587301587302,0.031301676848772386,0.24108844995498654,0.0054018717217328965,1.0631104310353596,0.04809830614818483,0.2448228239050756,0.006885491601039579,0.2083333333333333,3
south_german_credit,xgb_smote,,0.1,0.3,majority_to_minority,0.551984126984127,0.004811252243246865,0.16111111111111107,0.00962250448649373,0.4973547310568012,0.02777176136022243,0.5338880060080023,0.0023441365011034688,0.556390977443609,0.07602912938404771,0.16111111111111107,0.00962250448649373,0.6988888888888889,0.05109824655709211,0.23059729735056553,0.004207759866925138,0.8746925989786783,0.058354875901481945,0.20501215426872169,0.007847642642293652,0.3043478260869565,3
south_german_credit,xgb_smote,,0.1,0.3,minority_to_majority,0.5412698412698412,0.006109049332674897,0.09444444444444444,0.009622504486493785,0.5416245964611842,0.032317042404594015,0.4999696270098335,0.009588035656731154,0.7738095238095237,0.07434521426664754,0.09444444444444444,0.009622504486493785,0.7296031746031746,0.0486934353119516,0.25162892540295917,0.004960128687249808,1.125564177831014,0.03634394825366348,0.24602258788421746,0.00609649021471302,0.2916666666666667,3
south_german_credit,xgb_smote,,0.2,0.0,clean,0.6174603174603174,0.026253531598449373,0.3111111111111111,0.03469443332443551,0.5612410029086243,0.0635489736191157,0.6253322837515581,0.03173655686775818,0.6371647509578544,0.08001794399542043,0.3111111111111111,0.03469443332443551,0.7328174603174604,0.04448787914453252,0.2069822549819946,0.01840746914070052,0.7740678985913595,0.11720272055187973,0.16948312348375713,0.024202386869269125,0.0,3
south_german_credit,xgb_smote,,0.2,0.05,majority_to_minority,0.6313492063492063,0.050652395352548465,0.35555555555555557,0.1084401183107952,0.552767206150457,0.08732035365747329,0.6390416703099984,0.057986922983400274,0.613289760348584,0.05568356391778674,0.35555555555555557,0.1084401183107952,0.7314285714285714,0.07236567821294813,0.2044715732336044,0.03131568257793585,0.7360828717549642,0.1378028296479395,0.1633558010185758,0.0362686940444259,0.0495049504950495,3
south_german_credit,xgb_smote,,0.2,0.05,minority_to_majority,0.6253968253968254,0.04148486414509281,0.3222222222222222,0.0787635937708768,0.5526627274875714,0.06436435379891527,0.6335784509529057,0.05155116150331451,0.6538774845226458,0.08073853910489856,0.3222222222222222,0.0787635937708768,0.7353968253968254,0.053143306947518947,0.2064617425203323,0.021981193430257846,0.7758119503657023,0.13975218395024377,0.16380658109982804,0.03205931366386563,0.052083333333333294,3
south_german_credit,xgb_smote,,0.2,0.1,majority_to_minority,0.6412698412698413,0.031549490810001544,0.37777777777777777,0.058531409738070785,0.570336347964183,0.10727320938667045,0.652257827623358,0.03621336634308633,0.6323372152640445,0.0708687971337166,0.37777777777777777,0.058531409738070785,0.7490079365079366,0.06865831686459234,0.20109615226586655,0.024928099305483148,0.7113097111384074,0.13720790455770926,0.15635881117234623,0.028004310184038084,0.102803738317757,3
south_german_credit,xgb_smote,,0.2,0.1,minority_to_majority,0.5821428571428572,0.025084889887744544,0.23333333333333325,0.02886751345948129,0.5391178213695608,0.03455721517275794,0.5795325241556744,0.030514175219959458,0.5987270914807147,0.10852172250108125,0.23333333333333325,0.02886751345948129,0.7417857142857143,0.059883319086051816,0.21542293826738987,0.012029440064237394,0.7924854556719462,0.0900495194580577,0.18478732287573316,0.014762746831955517,0.10416666666666659,3
south_german_credit,xgb_smote,,0.2,0.2,majority_to_minority,0.6265873015873016,0.0699989201946734,0.37222222222222223,0.12729376930432887,0.5601393919560251,0.1066759597726406,0.6329701786394453,0.07889173424857374,0.5613571613571614,0.11963050098858248,0.37222222222222223,0.12729376930432887,0.7305952380952382,0.045442988378228064,0.19804977873961127,0.03013636996156961,0.6672365665435791,0.08493894132929289,0.15732390698666368,0.03347505952689099,0.20000000000000004,3
south_german_credit,xgb_smote,,0.2,0.2,minority_to_majority,0.6011904761904762,0.017536809360305047,0.25,0.044095855184409824,0.568847682231034,0.07480774891459926,0.6017551833282523,0.02535460987750825,0.6936274509803922,0.02338086277982713,0.25,0.044095855184409824,0.753015873015873,0.051905899579784746,0.21323512991269425,0.02197297374730093,0.8165414532025655,0.14308969046415754,0.1877835640093932,0.03345477495177711,0.1979166666666666,3
south_german_credit,xgb_smote,,0.2,0.3,majority_to_minority,0.6515873015873016,0.04377867271205612,0.4388888888888889,0.07876359377087683,0.5667644489117584,0.050707868021455375,0.659881933902967,0.04632824806166094,0.5779421092083261,0.06322400562369603,0.4388888888888889,0.07876359377087683,0.7297222222222222,0.05621875969637667,0.19773723185062406,0.021126170582755618,0.6469707687695821,0.0713846050320227,0.14246157605201,0.01627976842851448,0.2992700729927007,3
south_german_credit,xgb_smote,,0.2,0.3,minority_to_majority,0.5781746031746032,0.016933800232818905,0.1944444444444444,0.01924500897298751,0.540315137230509,0.09870368495797495,0.5685596936699971,0.022014263645138633,0.6902233115468409,0.10740926827481129,0.1944444444444444,0.01924500897298751,0.7279761904761904,0.07057114340280415,0.2287863790988922,0.02631128637645215,0.9200708866119385,0.13705498842358954,0.22042688903398808,0.026629822168014187,0.3020833333333333,3
south_german_credit,xgb_smote,,0.5,0.0,clean,0.6904761904761906,0.04606081457655498,0.6626984126984127,0.07538011510730346,0.6224950737395379,0.10457488916990752,0.6700639859126075,0.042515676610927824,0.5003997887018402,0.048991782892964235,0.6666666666666666,0.07637626158259729,0.7682936507936509,0.06866327072596827,0.21523092687129974,0.03775838671216334,0.6933249036471049,0.1358141249889149,0.17295016149679818,0.031268281591756306,0.0,3
south_german_credit,xgb_smote,,0.5,0.05,majority_to_minority,0.6940476190476191,0.03978755944540098,0.6738095238095237,0.05629328770255657,0.6351862446580795,0.07797681818777179,0.6672968663743019,0.04438931278910965,0.4933033804022251,0.05415712054434687,0.6999999999999998,0.033333333333333326,0.7606349206349207,0.05263807743228472,0.22529312968254087,0.0281768748620405,0.7029068867365519,0.08469501286939618,0.19706944939990836,0.031549658786794554,0.0513833992094861,3
south_german_credit,xgb_smote,,0.5,0.05,minority_to_majority,0.6769841269841269,0.04229682215038345,0.6111111111111112,0.09765775461803859,0.6212610594071872,0.0732703293784837,0.6643562249134297,0.035596149632190814,0.5040063719633612,0.036964212006708304,0.6111111111111112,0.09765775461803859,0.7606349206349207,0.0508463423374831,0.2072736670573552,0.022972117024628657,0.6625299652417501,0.09398829495997366,0.16418790937711789,0.02925476918646648,0.05000000000000001,3
south_german_credit,xgb_smote,,0.5,0.1,majority_to_minority,0.6531746031746032,0.056372954977631395,0.6055555555555555,0.038120031614358243,0.5658291226656699,0.11737163261643585,0.621472320905752,0.04402703536184109,0.43720647193585344,0.0431676471607695,0.6777777777777777,0.10844011831079522,0.7354761904761905,0.09157571245210766,0.24780825773874918,0.03522592150438035,0.7912302215894064,0.1330006214850299,0.21865784312908845,0.020880747991640945,0.1011235955056179,3
south_german_credit,xgb_smote,,0.5,0.1,minority_to_majority,0.669047619047619,0.052664277049034966,0.6,0.09279607271383372,0.5888182335348128,0.052255407339011406,0.6573152926316734,0.04864581116086635,0.49522743238496664,0.05752030165695709,0.6,0.09279607271383372,0.748968253968254,0.06521998937719395,0.21080476542313886,0.032578773273480126,0.6664313673973083,0.1111616991739137,0.1716952125914395,0.048904865175026825,0.10000000000000002,3
south_german_credit,xgb_smote,,0.5,0.2,majority_to_minority,0.6619047619047619,0.04612231101859642,0.5404761904761904,0.0041239304942115975,0.5890617553853897,0.04543699051477297,0.6048274955713421,0.03153462806827382,0.42117693786903426,0.02906768578323554,0.7833333333333333,0.09279607271383372,0.7414285714285714,0.059021331514090364,0.28826261560122174,0.014910077306735233,0.9155303239822388,0.02618197661872342,0.28075656317795317,0.01225119449051493,0.20000000000000004,3
south_german_credit,xgb_smote,,0.5,0.2,minority_to_majority,0.6757936507936507,0.08163519223186275,0.5444444444444444,0.14174834246858972,0.5662238091216574,0.12986443511485685,0.6744931819997824,0.07781209828446657,0.5419044177317914,0.09426829736194692,0.5444444444444444,0.14174834246858972,0.7466666666666667,0.06417053173269757,0.20212114353974653,0.03904239901413163,0.6442831556002299,0.12998431197868804,0.15037069194018837,0.04253459608183262,0.20000000000000004,3
south_german_credit,xgb_smote,,0.5,0.3,majority_to_minority,0.6,0.015612948867385732,0.31666666666666665,0.014869042853329507,0.5037221424638174,0.12495911897714898,0.4856843631514684,0.015561290238473104,0.3565465465465465,0.009199046705943792,0.8833333333333333,0.016666666666666635,0.6809523809523809,0.07060326783210132,0.38162972529729206,0.031063464279593195,1.28181791305542,0.15523595509518154,0.4002004819052914,0.015006126456284295,0.3002915451895043,3
south_german_credit,xgb_smote,,0.5,0.3,minority_to_majority,0.6456349206349207,0.03880173259022108,0.4388888888888889,0.09179284245476838,0.5298726138933508,0.08007751100710121,0.6518315242963795,0.040307698207827765,0.5596837839279049,0.04987758997758502,0.4388888888888889,0.09179284245476838,0.7161111111111111,0.05329749185415827,0.20406956970691678,0.025783250396951007,0.6679242253303528,0.09266294783544708,0.14324389885490132,0.03850052016636494,0.3,3
south_german_credit,xgb_weighted,,0.05,0.0,clean,0.5345238095238095,0.014869042853329515,0.08333333333333326,0.02886751345948129,0.5371111472617504,0.021102816617916843,0.48864814766228487,0.02587657536987882,0.7164021164021164,0.1260414747088069,0.08333333333333326,0.02886751345948129,0.7194047619047619,0.031102429344202587,0.25623587767283124,0.00756658810402175,1.299061894416809,0.12581833918157118,0.25961686167245107,0.002580829605136677,0.0,3
south_german_credit,xgb_weighted,,0.05,0.05,majority_to_minority,0.5424603174603174,0.007926581093427856,0.0944444444444444,0.025458753860865786,0.5400904670000624,0.08165744537411161,0.5004292793471897,0.018862919375891997,0.8523809523809524,0.1500566786341784,0.0944444444444444,0.025458753860865786,0.7057936507936508,0.0894554999435116,0.2519180625677108,0.006738324585247435,1.2265323003133137,0.10581460378014003,0.24956815821273867,0.0041183307946358935,0.04,3
south_german_credit,xgb_weighted,,0.05,0.05,minority_to_majority,0.5444444444444444,0.014351699460337361,0.10555555555555553,0.025458753860865782,0.5348798838858655,0.03638470126266684,0.5075151637873111,0.023354802349215775,0.725,0.09013878188659977,0.10555555555555553,0.025458753860865782,0.7171428571428571,0.03904979668724522,0.2529018421967824,0.005809055914605087,1.2370561758677165,0.0711236159297986,0.25016246530227365,0.00934873702783529,0.0416666666666666,3
south_german_credit,xgb_weighted,,0.05,0.1,majority_to_minority,0.5170634920634921,0.009246968410897642,0.05555555555555553,0.025458753860865775,0.47409402457027555,0.0534925191710594,0.46031279097794986,0.021080853711812484,0.5185185185185185,0.03207501495497922,0.05555555555555553,0.025458753860865775,0.6809523809523809,0.045535830998916754,0.2635054886341095,0.008174669962820085,1.2495901584625242,0.06489917442644708,0.258051156788133,0.005177194456198245,0.1111111111111111,3
south_german_credit,xgb_weighted,,0.05,0.1,minority_to_majority,0.5384920634920635,0.024781738088882573,0.08888888888888886,0.03469443332443552,0.5433362157171113,0.11095131193706582,0.49501740546516665,0.03732089103072265,0.7619047619047619,0.2973808570665904,0.08888888888888886,0.03469443332443552,0.7144047619047619,0.06750031494005652,0.25610278050104773,0.01582820707257997,1.2897298733393352,0.14399557248652628,0.25707113539179166,0.013968900705037264,0.0833333333333333,3
south_german_credit,xgb_weighted,,0.05,0.2,majority_to_minority,0.5150793650793651,0.012729376930432959,0.0444444444444444,0.025458753860865786,0.4462614871453807,0.0671480785021684,0.4524141409321401,0.024700337158172474,0.5333333333333333,0.17638342073763935,0.0444444444444444,0.025458753860865786,0.6357539682539682,0.07338359569005953,0.2654824455579122,0.008263247376922593,1.280591328938802,0.10717394586351436,0.262874266585956,0.009631166379548336,0.20000000000000004,3
south_german_credit,xgb_weighted,,0.05,0.2,minority_to_majority,0.5277777777777778,0.027518632456485413,0.0722222222222222,0.05357583756107196,0.5073543656867695,0.08936327573735539,0.476620333345609,0.04857285798210067,0.6317460317460317,0.18816052714587236,0.0722222222222222,0.05357583756107196,0.70265873015873,0.06755743476247134,0.26678725580374396,0.017302747410239402,1.3583942651748657,0.133264892430145,0.27080696873522053,0.02110427870005124,0.2083333333333333,3
south_german_credit,xgb_weighted,,0.05,0.3,majority_to_minority,0.5130952380952382,0.014869042853329536,0.05000000000000001,0.0,0.4405930821891187,0.07937797786665278,0.454870928646852,0.010180168193314075,0.6242424242424242,0.3642419200319205,0.05000000000000001,0.0,0.6438095238095237,0.06975946688410578,0.2643055518468221,0.017057724124809503,1.17954683303833,0.13580902208439452,0.25371879916638135,0.01962244839701256,0.2941176470588235,3
south_german_credit,xgb_weighted,,0.05,0.3,minority_to_majority,0.5174603174603175,0.014102663209457838,0.0444444444444444,0.025458753860865786,0.5220529220370406,0.09003538772119038,0.45406586427215795,0.025425117696794286,0.6666666666666666,0.33333333333333337,0.0444444444444444,0.025458753860865786,0.7209523809523809,0.043384160406185784,0.2672807276248932,0.013599808719550816,1.3687788248062134,0.06640627381035291,0.26774091439632075,0.01273249536261364,0.2916666666666667,3
south_german_credit,xgb_weighted,,0.1,0.0,clean,0.5817460317460318,0.04167233521531769,0.19444444444444442,0.08388704928078614,0.5592958063090773,0.07635469014508349,0.5698490035183532,0.06152445214867845,0.713924963924964,0.11328193197512516,0.19444444444444442,0.08388704928078614,0.7323015873015873,0.06846556118796568,0.22332124908765152,0.02062438526055678,0.9482751687367758,0.16381696714517668,0.21581510455658034,0.019885952546231097,0.0,3
south_german_credit,xgb_weighted,,0.1,0.05,majority_to_minority,0.582936507936508,0.06287397562012183,0.22777777777777772,0.12285191326386652,0.5643993130042254,0.08860656863680803,0.5755197558193251,0.0827348362145946,0.5925962914877326,0.1518245453705125,0.22777777777777772,0.12285191326386652,0.7285714285714286,0.052647185969206194,0.22047903637091312,0.02847610423235289,0.9135634501775106,0.13810771892892595,0.2015784698491916,0.037880406023520885,0.0588235294117647,3
south_german_credit,xgb_weighted,,0.1,0.05,minority_to_majority,0.5797619047619048,0.03779644730092273,0.19999999999999996,0.05773502691896259,0.565010925602194,0.0567206879546455,0.5709076128335563,0.05107360891245455,0.6783625730994153,0.1582192895727331,0.19999999999999996,0.05773502691896259,0.7411507936507936,0.04524942422889056,0.22482505440711975,0.015435350128060087,0.9785271286964417,0.10727629313388783,0.21103199508351578,0.019209616513050056,0.0416666666666666,3
south_german_credit,xgb_weighted,,0.1,0.1,majority_to_minority,0.5575396825396824,0.023216829327476294,0.15555555555555553,0.02545875386086576,0.5109465988926486,0.10757207189713429,0.53803165260173,0.02977926074990951,0.6330532212885154,0.15779161755919238,0.15555555555555553,0.02545875386086576,0.6919841269841269,0.07596621882202899,0.23772263526916504,0.019665957541722255,0.9504304925600687,0.10146440581460334,0.22404761568332707,0.013958439996752338,0.0943396226415094,3
south_german_credit,xgb_weighted,,0.1,0.1,minority_to_majority,0.5781746031746032,0.02446517879650537,0.1944444444444444,0.03849001794597501,0.5571036664606525,0.049675283022561675,0.5682400017513163,0.03411413512861534,0.6831427015250545,0.10661712535035418,0.1944444444444444,0.03849001794597501,0.731904761904762,0.030454558915376892,0.23141669233640028,0.013898169371526355,1.030815879503886,0.12446818884001322,0.21913424924636882,0.01637574842029894,0.10416666666666659,3
south_german_credit,xgb_weighted,,0.1,0.2,majority_to_minority,0.5948412698412698,0.02097176232019656,0.26111111111111107,0.041943524640393096,0.5521888408602696,0.07429508267588501,0.5959975049805343,0.0274716217623762,0.6078197165153687,0.0393688141359552,0.26111111111111107,0.041943524640393096,0.7352380952380951,0.06176621400688059,0.21628365914026892,0.01987930301448957,0.8390320936838785,0.1358053518801938,0.19544058158062397,0.019154217541341608,0.20000000000000004,3
south_german_credit,xgb_weighted,,0.1,0.2,minority_to_majority,0.5698412698412698,0.00962250448649373,0.1611111111111111,0.019245008972987497,0.5608069379639663,0.022306439636898424,0.5514199670267305,0.015132997529776085,0.7619047619047619,0.020619652471058014,0.1611111111111111,0.019245008972987497,0.7233730158730158,0.01621205378200703,0.23348999023437497,0.00701444965095848,1.0659475326538086,0.031081296580433772,0.22597242882940907,0.005988921643959091,0.2083333333333333,3
south_german_credit,xgb_weighted,,0.1,0.3,majority_to_minority,0.5734126984126985,0.01598669609403468,0.22777777777777775,0.009622504486493797,0.5007650552630943,0.0464366416635413,0.5694419527400706,0.017978398235563724,0.5555555555555555,0.0962250448649376,0.22777777777777775,0.009622504486493797,0.6973809523809523,0.06595270328269173,0.22903322676817572,0.008420738272899584,0.8772298892339071,0.09393567517184295,0.2057277978211641,0.006077972077185578,0.3043478260869565,3
south_german_credit,xgb_weighted,,0.1,0.3,minority_to_majority,0.5432539682539682,0.01620680782274775,0.12222222222222219,0.019245008972987504,0.5349297196526576,0.025951402598097455,0.5134807058531479,0.021529336842500597,0.6013986013986014,0.1334180701282442,0.12222222222222219,0.019245008972987504,0.7293253968253968,0.037258354717039116,0.2507751186688741,0.009456114144218545,1.1350834369659424,0.05512581626358185,0.24609177041798827,0.013442014280516218,0.2916666666666667,3
south_german_credit,xgb_weighted,,0.2,0.0,clean,0.628968253968254,0.04824489524142041,0.35555555555555546,0.06735753140545636,0.5650705435705744,0.07644839058791492,0.6387795762242668,0.055930064116189566,0.6098194833488951,0.11625499477099531,0.35555555555555546,0.06735753140545636,0.7342063492063492,0.05230857192565076,0.20540507137775418,0.02381330660934636,0.7825302084287008,0.15335502062505388,0.16996492315704623,0.03402127625579641,0.0,3
south_german_credit,xgb_weighted,,0.2,0.05,majority_to_minority,0.6373015873015873,0.053575837561072016,0.38888888888888884,0.10715167512214398,0.5562145732488316,0.09315814901936761,0.645223159186667,0.060120924497224025,0.5851370851370851,0.07423748085133018,0.38888888888888884,0.10715167512214398,0.730079365079365,0.07275907005406469,0.2070888578891754,0.03202882413699042,0.7411991755167643,0.12467222893187688,0.16093408198095852,0.029356287537943726,0.0495049504950495,3
south_german_credit,xgb_weighted,,0.2,0.05,minority_to_majority,0.6440476190476191,0.0421065218662557,0.3833333333333333,0.10408329997330668,0.546768488716668,0.025175866484960237,0.6531486660725575,0.04778660519821279,0.63051580202743,0.018515871872189744,0.3833333333333333,0.10408329997330668,0.7321825396825398,0.040708947946768756,0.2026181618372599,0.012555868519106821,0.7784002621968588,0.09573339835799456,0.16614424310935036,0.018274072057600364,0.052083333333333294,3
south_german_credit,xgb_weighted,,0.2,0.1,majority_to_minority,0.6599206349206349,0.04914710975816645,0.4388888888888889,0.08221471437193746,0.5784281520849059,0.09608504912883818,0.67029177905651,0.052106084584849686,0.609597236265588,0.07500105360003209,0.4388888888888889,0.08221471437193746,0.7566269841269841,0.05792915532818544,0.201209748784701,0.025080551377809686,0.7133164405822754,0.12439977331678359,0.17011858406166233,0.02355368998397119,0.102803738317757,3
south_german_credit,xgb_weighted,,0.2,0.1,minority_to_majority,0.611111111111111,0.031074241191193477,0.3055555555555555,0.041943524640393054,0.5558971070433354,0.03618328085543375,0.6177623252195136,0.036770148553416086,0.6161858974358975,0.10222236235715605,0.3055555555555555,0.041943524640393054,0.755515873015873,0.05921591001148495,0.21014560759067527,0.016899150491105613,0.7740609049797058,0.10733827102969684,0.1829602662660181,0.019718208105908974,0.10416666666666659,3
south_german_credit,xgb_weighted,,0.2,0.2,majority_to_minority,0.6325396825396825,0.046753037985210744,0.4055555555555556,0.10046189622236182,0.5678624307532445,0.09489775317183706,0.6386519012196898,0.04946219894542582,0.5491213151927438,0.05476456751177607,0.4055555555555556,0.10046189622236182,0.7344444444444443,0.04133238926213202,0.19922121365865073,0.021275187632854506,0.6733761429786682,0.07438223002824586,0.14634791500245528,0.010649459734480173,0.20000000000000004,3
south_german_credit,xgb_weighted,,0.2,0.2,minority_to_majority,0.6031746031746031,0.028579694571477517,0.27777777777777773,0.06938886664887108,0.573568267257652,0.07161162937503976,0.6055502330399251,0.038203104075557534,0.6339254615116684,0.07747544830532632,0.27777777777777773,0.06938886664887108,0.7492460317460318,0.058225402256026085,0.20768715937932325,0.02474971707352176,0.8147748907407125,0.16543213119302322,0.18807940230394402,0.022350644715235794,0.1979166666666666,3
south_german_credit,xgb_weighted,,0.2,0.3,majority_to_minority,0.651984126984127,0.0580329160904586,0.4777777777777777,0.10844011831079525,0.5738610362659161,0.06648811087587546,0.655366248923861,0.057367522568322823,0.5367177000472195,0.06982442296201308,0.4777777777777777,0.10844011831079525,0.7355555555555555,0.06811691435439522,0.19954202075799302,0.023947883791538515,0.6412640810012817,0.0920271385216496,0.1482760176435113,0.017452975333746037,0.2992700729927007,3
south_german_credit,xgb_weighted,,0.2,0.3,minority_to_majority,0.5928571428571429,0.04953010491122548,0.23333333333333325,0.07637626158259735,0.5634179303835489,0.09292498154512133,0.5904979415664554,0.06544504010386717,0.6696665907192223,0.1742641749131986,0.23333333333333325,0.07637626158259735,0.7342460317460318,0.06358038252143648,0.22252423067887625,0.030670578579050662,0.9003309806187948,0.14170023354543307,0.20681502289138734,0.026302726966624244,0.3020833333333333,3
south_german_credit,xgb_weighted,,0.5,0.0,clean,0.6904761904761906,0.04606081457655498,0.6626984126984127,0.07538011510730346,0.6224950737395379,0.10457488916990752,0.6700639859126075,0.042515676610927824,0.5003997887018402,0.048991782892964235,0.6666666666666666,0.07637626158259729,0.7682936507936509,0.06866327072596827,0.21523092687129974,0.03775838671216334,0.6933249036471049,0.1358141249889149,0.17295016149679818,0.031268281591756306,0.0,3
south_german_credit,xgb_weighted,,0.5,0.05,majority_to_minority,0.6896825396825396,0.022154801352710807,0.6555555555555556,0.03812003161435816,0.6203579321237493,0.08674857162381004,0.6638665473498694,0.016327803959048835,0.48837223474247066,0.01666260254675622,0.6888888888888888,0.06309898162000303,0.7559523809523809,0.05640231959174014,0.22589171926180518,0.02448574212266154,0.7059284448623657,0.08311384423907084,0.19160245424136513,0.025220530846428942,0.0513833992094861,3
south_german_credit,xgb_weighted,,0.5,0.05,minority_to_majority,0.6789682539682539,0.04643365865495264,0.6222222222222222,0.10715167512214391,0.6196094007184213,0.08107321233216133,0.6643817001996796,0.038327264966693156,0.501190910829465,0.03844061625458888,0.6222222222222222,0.10715167512214391,0.7600396825396825,0.05667846182430736,0.21055377523104346,0.023010923740507946,0.6722159584363302,0.09535963819202316,0.17264940600842238,0.022763805830211828,0.05000000000000001,3
south_german_credit,xgb_weighted,,0.5,0.1,majority_to_minority,0.6666666666666666,0.07852632182876422,0.6055555555555556,0.08211122004049247,0.5832581196719432,0.10835357023374774,0.6360163048893742,0.06348641287228318,0.45241242656024827,0.06432285344698895,0.6833333333333332,0.14813657362192648,0.7489682539682541,0.09421634453065758,0.23551305631796518,0.039252453972687555,0.7379948496818542,0.14154641282389666,0.20044108208268882,0.02993101737676282,0.1011235955056179,3
south_german_credit,xgb_weighted,,0.5,0.1,minority_to_majority,0.6873015873015872,0.038874713969923744,0.638888888888889,0.07698003589195007,0.5837017064388085,0.05512731831602186,0.6719466077966515,0.034490652212243164,0.5087636090779097,0.04000198593063927,0.638888888888889,0.07698003589195007,0.749404761904762,0.05943755655519242,0.21282146374384558,0.030571749247595446,0.671610951423645,0.09933180100849158,0.1714765567829211,0.04195662605667821,0.10000000000000002,3
south_german_credit,xgb_weighted,,0.5,0.2,majority_to_minority,0.6603174603174603,0.060753177708354325,0.5706349206349207,0.010997147984564333,0.5777890898124505,0.04665336565352027,0.6127184478893691,0.03868620537307151,0.4267798333165305,0.037276760222820095,0.7444444444444445,0.1417483424685897,0.7312698412698412,0.06563080590161559,0.27743621667226154,0.010550008862542887,0.8572052915891012,0.01070667003766061,0.2631843799166381,0.0048336189272722456,0.20000000000000004,3
south_german_credit,xgb_weighted,,0.5,0.2,minority_to_majority,0.6857142857142856,0.0976190476190476,0.5666666666666667,0.16914819275153703,0.565258840669082,0.12369053759982016,0.6823387489638212,0.09364495881791694,0.5478648190045249,0.1158907830674431,0.5666666666666667,0.16914819275153703,0.7497222222222222,0.06084734874116066,0.2012905478477478,0.03765352195625848,0.6469087799390157,0.12408416923704167,0.15670853165909646,0.03608941096448083,0.20000000000000004,3
south_german_credit,xgb_weighted,,0.5,0.3,majority_to_minority,0.6142857142857143,0.045596947624298945,0.39523809523809517,0.014869042853329545,0.5106832011815482,0.12457723343883227,0.5262639126734253,0.033662714652920395,0.37094915087615815,0.027274584993527178,0.8333333333333334,0.07637626158259733,0.6895238095238095,0.06939036443006301,0.3363540569941203,0.028938924363594017,1.0574905077616374,0.13312916097496894,0.34616974407186113,0.01931625417522956,0.3002915451895043,3
south_german_credit,xgb_weighted,,0.5,0.3,minority_to_majority,0.648015873015873,0.05011796364246474,0.47222222222222227,0.10715167512214399,0.5217115276613917,0.06937601549053232,0.6508976764573757,0.050771464828247743,0.5343915343915344,0.06655950066354041,0.47222222222222227,0.10715167512214399,0.7096031746031746,0.045464710177281015,0.2086273829142252,0.02331026348200608,0.6859943270683289,0.08334123984092595,0.1484265196571747,0.03653346036609397,0.3,3
spambase,tabpfn_distpfn,observed,0.05,0.0,clean,0.935826989346051,0.012257011902852817,0.8925619834710744,0.03177014488890032,0.9816361154983957,0.0006222877024580004,0.9415183017492162,0.009164588516295612,0.965579248337869,0.011026799741039104,0.8925619834710744,0.03177014488890032,0.9854853520542669,0.0008183291593475653,0.045568504553118595,0.0065255759464986594,0.16809846859209585,0.022631859552788982,0.040082040622049335,0.019443978210228755,0.0,3
spambase,tabpfn_distpfn,observed,0.05,0.05,majority_to_minority,0.9426424558389369,0.0038519379927717872,0.9127640036730945,0.01834250170379998,0.9812661541956822,0.0021599832851460204,0.946121931839787,0.002060222646292018,0.9561960625499192,0.017137895219500026,0.9127640036730945,0.01834250170379998,0.984614802307862,0.0020725001878886392,0.0421941020403202,0.0016663829181759696,0.1535572043580339,0.003278277710914206,0.02723331518092653,0.006171282116580632,0.048780487804878,3
spambase,tabpfn_distpfn,observed,0.05,0.05,minority_to_majority,0.9251286076799273,0.01111208381715536,0.8723599632690542,0.029456409425795103,0.9783168040032431,0.0004943788666270411,0.9320437740836809,0.008313110323793772,0.9628335474438906,0.010751309676086666,0.8723599632690542,0.029456409425795103,0.9827124289489881,0.0007156428175130479,0.0496856459293599,0.002674505951551267,0.18021131507099034,0.00711542240833261,0.04468887987615944,0.009259648085727986,0.05128205128205119,3
spambase,tabpfn_distpfn,observed,0.05,0.1,majority_to_minority,0.9387422613229064,0.009038332794596001,0.8989898989898991,0.017711020681346088,0.9821558380795206,0.002601666003064872,0.9439521037087535,0.007867259427787763,0.9645235949894878,0.0030004781208978295,0.8989898989898991,0.017711020681346088,0.9874831732114234,0.0004518685069791295,0.042068743804853266,0.003480686875943055,0.15443507495415762,0.01191072432787632,0.0301019083493835,0.0018116515921186413,0.10000000000000002,3
spambase,tabpfn_distpfn,observed,0.05,0.1,minority_to_majority,0.9319934437236489,0.0027029558563174917,0.8842975206611571,0.011019283746556474,0.9801379130854873,0.0016039478640066304,0.9383888136359603,0.0018159333572734303,0.9660583236455093,0.010749763339303442,0.8842975206611571,0.011019283746556474,0.9843728915087665,0.0010050230816467604,0.04722561480081617,0.0027294796598701073,0.1783528192819123,0.0063652437494655795,0.05258008091489777,0.008537024228999624,0.10256410256410249,3
spambase,tabpfn_distpfn,observed,0.05,0.2,majority_to_minority,0.9269651549710201,0.00932407294871266,0.8760330578512397,0.02079844197044284,0.9773317367757826,0.00547856805948341,0.9336685463007507,0.0077331681788448785,0.962734398973833,0.005650026755626952,0.8760330578512397,0.02079844197044284,0.9813350184806685,0.005780586941423389,0.04979695651388453,0.0065074723503290525,0.1842883970145326,0.01989116555589184,0.04349469253818916,0.006775470676769603,0.1986301369863013,3
spambase,tabpfn_distpfn,observed,0.05,0.2,minority_to_majority,0.9220084520671031,0.00844698046547675,0.8613406795224977,0.021397943430176373,0.9786851411438277,0.002306656294079832,0.9302638952354144,0.007227272811786981,0.970346392866631,0.015797305139786364,0.8613406795224977,0.021397943430176373,0.9831073853556748,0.002457638521929559,0.0524458840765015,0.005873948879766749,0.19513747246414045,0.02040074363012479,0.0603545664674763,0.011249727819860576,0.19658119658119647,3
spambase,tabpfn_distpfn,observed,0.05,0.3,majority_to_minority,0.9254272934624841,0.011892762819197713,0.8723599632690542,0.02647113922020118,0.9761781876268557,0.0018191645219420175,0.9324341863994926,0.010180603790521651,0.9637050656256388,0.01297518668723614,0.8723599632690542,0.02647113922020118,0.9794556842455181,0.0023353537070085156,0.05160058759620987,0.0032499292202490056,0.19583978185283243,0.006887141607359933,0.06428772125932333,0.010322272643039846,0.2994011976047904,3
spambase,tabpfn_distpfn,observed,0.05,0.3,minority_to_majority,0.8992120619686602,0.01684158199472622,0.8163452708907254,0.03699400749032812,0.9759990308785742,0.004757323992925954,0.9099258137297642,0.014573734624974995,0.9675104026641534,0.005041405071044161,0.8163452708907254,0.03699400749032812,0.9807508121291112,0.004956378352419813,0.06455478496208404,0.0048201772317779815,0.23730022142425541,0.021976656938979454,0.08853482805581299,0.005579783624713642,0.2991452991452991,3
spambase,tabpfn_distpfn,observed,0.1,0.0,clean,0.9504255655282048,0.004739802785209434,0.9265381083562901,0.019349226359692776,0.9838564105617783,0.004766671878101048,0.9530924945177297,0.002220817037125306,0.9594830535714359,0.014964815052899767,0.9265381083562901,0.019349226359692776,0.9865089474082632,0.005484844522871815,0.037364807004494995,0.004293987059596261,0.14386855260539977,0.031896183516077675,0.024718773252806164,0.010591843137655876,0.0,3
spambase,tabpfn_distpfn,observed,0.1,0.05,majority_to_minority,0.9490703713577614,0.002552375936674756,0.9256198347107438,0.0072885711048611525,0.9847551037019273,0.0012390657815982875,0.9515956857753581,0.001826225091083079,0.9563844061223511,0.0038693028544288743,0.9256198347107438,0.0072885711048611525,0.9879949708884217,0.0011276845497769556,0.03622051880247213,0.0007013540553392927,0.13159461274968307,0.0039273384864067125,0.01763687482860773,0.004410543042760973,0.048582995951417,3
spambase,tabpfn_distpfn,observed,0.1,0.05,minority_to_majority,0.9415637311531739,0.0024350364244017796,0.9100091827364554,0.008416116978798653,0.9814250824373653,0.0035059038718858676,0.945328962434953,0.0023387436818110624,0.9566781392877933,0.009763488215732006,0.9100091827364554,0.008416116978798653,0.9858194193482562,0.0023037460379664665,0.041011710702006134,0.0018923165299054086,0.15263917335444774,0.011715487597810477,0.030865467705441702,0.008658881368927512,0.051063829787234,3
spambase,tabpfn_distpfn,observed,0.1,0.1,majority_to_minority,0.9480138629698747,0.0054631668829701425,0.9247015610651975,0.015172370653680694,0.9814981815687619,0.002143084323089869,0.9504511070947048,0.003865981818807088,0.9545965016895249,0.006467048450461682,0.9247015610651975,0.015172370653680694,0.9849126652645714,0.002994779090971758,0.0389827129459996,0.0016729946069939453,0.14766131910685987,0.006863876173181985,0.024509855971499666,0.005799225625202326,0.0996168582375478,3
spambase,tabpfn_distpfn,observed,0.1,0.1,minority_to_majority,0.945076374695143,0.0033588134074086277,0.9164370982552801,0.006932813990147659,0.9831320458759762,0.003671104190848254,0.9484425647451366,0.0034081524878140936,0.9578385387463958,0.008288925586356568,0.9164370982552801,0.006932813990147659,0.9881694099680415,0.0007437344365728631,0.038245131806786,0.0006098711719576691,0.14374623814739573,0.004225807795133125,0.036235594558706,0.001334243762975396,0.102127659574468,3
spambase,tabpfn_distpfn,observed,0.1,0.2,majority_to_minority,0.941469929006586,0.0019138757637137782,0.9146005509641874,0.005509641873278279,0.9821597628508426,0.001192058030504644,0.9443086278874997,0.001747165987242565,0.9495114862992152,0.00541752481477111,0.9146005509641874,0.005509641873278279,0.9855347216051028,0.0012415632269649963,0.04094029511665576,0.0014300763031236112,0.16253167412326006,0.003947986699503878,0.050777812905170396,0.002076154899131498,0.2006802721088435,3
spambase,tabpfn_distpfn,observed,0.1,0.2,minority_to_majority,0.9318774252791848,0.008484321778951061,0.8870523415977961,0.021515839327566545,0.9788740784488571,0.003543738868692924,0.9376868700277313,0.006434626164552773,0.9613272251079596,0.006617282947954441,0.8870523415977961,0.021515839327566545,0.9828967419387752,0.0033911395474895776,0.04860118797475347,0.006708059930202223,0.1904115199034446,0.022794462966929392,0.05815096946110913,0.00874658276990214,0.20000000000000004,3
spambase,tabpfn_distpfn,observed,0.1,0.3,majority_to_minority,0.9419068495314828,0.008057520208239185,0.9136822773186409,0.018342501703799998,0.9803596416195335,0.002635075578626953,0.9450152950794798,0.006568259333534003,0.9522223392224426,0.006377662655310738,0.9136822773186409,0.018342501703799998,0.9833180287725742,0.0019084061536884303,0.04595884376768377,0.0028699705414986024,0.18738465115015868,0.007472190693481605,0.07203619295780617,0.009278677787863504,0.3005952380952381,3
spambase,tabpfn_distpfn,observed,0.1,0.3,minority_to_majority,0.9295817411653188,0.006243148646226708,0.8824609733700642,0.015172370653680722,0.9793096790507988,0.006368453595039035,0.9357190734302482,0.004912146546534224,0.9610566347285344,0.0043777456642788565,0.8824609733700642,0.015172370653680722,0.9837080482241771,0.005669312124457913,0.05277479763949627,0.005370240659015914,0.20626527426114896,0.026377240791133995,0.07410833238612397,0.006368008676095482,0.2978723404255319,3
spambase,tabpfn_distpfn,observed,0.2,0.0,clean,0.9576779525459878,0.0011247484580504804,0.9458218549127642,0.007952483046689078,0.9888717889747277,0.0014255360022451316,0.9582704654952368,0.0027076642396172907,0.9530287057609462,0.013783391540475937,0.9458218549127642,0.007952483046689078,0.9911332286698856,0.0012536075157282074,0.02981036776826353,0.0016512496878376493,0.11172254876151248,0.007498147549403492,0.018103799521613367,0.0027661715216754867,0.0,3
spambase,tabpfn_distpfn,observed,0.2,0.05,majority_to_minority,0.9558414052548949,0.0027572385856160426,0.9421487603305785,0.01101928374655646,0.9870561723152401,0.001949023814948631,0.9567205525948689,0.002932161972017484,0.9528569355748034,0.013154709614043423,0.9421487603305785,0.01101928374655646,0.990236348496368,0.001487657299133152,0.033952580979953635,0.0026987006120331933,0.12533488883248514,0.007886191861551777,0.02391272165997177,0.004372614269421971,0.0506072874493927,3
spambase,tabpfn_distpfn,observed,0.2,0.05,minority_to_majority,0.9503539796794929,0.005040309575219868,0.9329660238751147,0.016141777622816343,0.9867569036829877,0.001706206625100309,0.9517159856615157,0.003091986497527078,0.9496798304905637,0.008538418933359946,0.9329660238751147,0.016141777622816343,0.9905358571047721,0.0009735194735789982,0.034499479569061194,0.0007768535512670153,0.12523528633920303,0.003676927223550095,0.023265222870653,0.010061494625948705,0.0490405117270788,3
spambase,tabpfn_distpfn,observed,0.2,0.1,majority_to_minority,0.9509957838403585,0.010484953305360784,0.9366391184573003,0.01720385123525736,0.9869684842583263,0.0020258687349649744,0.9517791940525694,0.009652392848220512,0.9461588687902,0.007446300709819877,0.9366391184573003,0.01720385123525736,0.9901441920014745,0.0013067769771086624,0.035516061275888966,0.003270831046015014,0.1365398415323448,0.006176699099704342,0.03793082665270223,0.0012677491450912564,0.09980806142034541,3
spambase,tabpfn_distpfn,observed,0.2,0.1,minority_to_majority,0.9444790031300294,0.010812594382046008,0.9164370982552801,0.02342947809398178,0.9854767960580935,0.003211626077641413,0.9476637774291649,0.008857089352275393,0.9559722274265443,0.002315978172156469,0.9164370982552801,0.02342947809398178,0.9890399597144465,0.002883929823352873,0.03850866579759783,0.004247214258205698,0.14292070912826924,0.016397701458293834,0.035613642117604934,0.0070462059048317545,0.1002132196162046,3
spambase,tabpfn_distpfn,observed,0.2,0.2,majority_to_minority,0.9459452787898535,0.005274255659224618,0.9265381083562901,0.006932813990147532,0.981272335340522,0.0051919205535707665,0.9475210143436855,0.005232030852398666,0.945644873832222,0.006449043540118356,0.9265381083562901,0.006932813990147532,0.9848056979044273,0.004169942738653416,0.042877698462699204,0.0031011706964982322,0.17165870945381156,0.007858590279768976,0.05963201789042607,0.00599606929285353,0.1996587030716723,3
spambase,tabpfn_distpfn,observed,0.2,0.2,minority_to_majority,0.9355283035634941,0.00915487604189989,0.8925619834710744,0.01806456893747109,0.9833986216518434,0.0006760972876351241,0.9411924015937715,0.008216528217221894,0.9643621248081322,0.009788792190709859,0.8925619834710744,0.01806456893747109,0.9875210232003976,0.00024789873393635725,0.046665893529528206,0.002350273712758804,0.1761647795765312,0.006668412052808417,0.06263222645202517,0.004102700142457908,0.2004264392324093,3
spambase,tabpfn_distpfn,observed,0.2,0.3,majority_to_minority,0.9452096724823997,0.004315438159231989,0.9274563820018366,0.014136643083875765,0.9833539094317584,0.0006505009054147865,0.9464175410506362,0.003109454411707155,0.9423286955886825,0.010409458891592846,0.9274563820018366,0.014136643083875765,0.9865188213184304,0.0009349677087843291,0.0492023162349172,0.0013230524070043396,0.20166859520883515,0.0038995977743284268,0.08933098685655444,0.003459977566907621,0.3,3
spambase,tabpfn_distpfn,observed,0.2,0.3,minority_to_majority,0.9210901784215567,0.008548372655075695,0.8595041322314051,0.01908595931205373,0.9794010857007608,0.0057435798869736425,0.9294620309418392,0.0073106905444113145,0.9700513128409111,0.008297123102716266,0.8595041322314051,0.01908595931205373,0.9872807580529965,0.0010847528819700717,0.058199081627541636,0.0027569548836531843,0.20873414051323558,0.004666520903629809,0.0919114193811057,0.005340306856160903,0.3006396588486141,3
spambase,tabpfn_distpfn,observed,0.5,0.0,clean,0.9604772060783793,0.008831371956144472,0.9549947174580606,0.015896421936060345,0.9877693609653323,0.003696455550752788,0.9598745186282581,0.00782447639727427,0.9480229548349439,0.004955027793093446,0.9550045913682278,0.015904966093378017,0.9913488090418686,0.002365874865972648,0.03050419667007,0.002862668712362935,0.1108187691295464,0.014229681409884563,0.016168178976401167,0.0025718367979043573,0.0,3
spambase,tabpfn_distpfn,observed,0.5,0.05,majority_to_minority,0.9548293294627604,0.006858607435424591,0.9449035812672175,0.011019283746556446,0.9857884274617144,0.0037486538191110427,0.9548970338708885,0.006315775181468998,0.9457517264802445,0.004568565191469084,0.9449035812672175,0.011019283746556446,0.9896192291109202,0.0022670911303204256,0.0340906914395394,0.002946776805390098,0.13156080858041275,0.01138274469067638,0.030390687415087964,0.0037264967638251274,0.05016181229773461,3
spambase,tabpfn_distpfn,observed,0.5,0.05,minority_to_majority,0.9481965303079672,0.008137897716813832,0.9274563820018367,0.0203061013659284,0.9847244732395822,0.0037260012131434973,0.9501184233997547,0.0060855720296040606,0.9511272278837714,0.005132190462413821,0.9274563820018367,0.0203061013659284,0.9895961899871968,0.001471381036061566,0.03621899161818027,0.001470356975184446,0.13565500011928813,0.004223313609949207,0.0296563548948757,0.002238770663615863,0.0502555366269165,3
spambase,tabpfn_distpfn,observed,0.5,0.1,majority_to_minority,0.9542541741955232,0.008142374480699346,0.945856413598349,0.013913736524186707,0.986302943655486,0.0036886646574960337,0.9538075200390513,0.007295717300888053,0.9415787915824451,0.007590887175498357,0.9467401285583104,0.01517237065368071,0.9895928986838078,0.0026452267994153903,0.037238762447657066,0.0034036575662359943,0.15248478298417453,0.011811260612615013,0.05332270988270257,0.004629601228008811,0.0996932515337423,3
spambase,tabpfn_distpfn,observed,0.5,0.1,minority_to_majority,0.9507464676086377,0.006472348114576823,0.928374655647383,0.01652892561983474,0.983810365930862,0.005435692590714219,0.9531233133995617,0.004763995184826724,0.9574578145799076,0.004716168227698881,0.928374655647383,0.01652892561983474,0.99014254634978,0.001421314414468696,0.03880430541066073,0.000623922617976775,0.15130794212416235,0.002235086748021965,0.050796474474160365,0.004075325236986114,0.0996592844974446,3
spambase,tabpfn_distpfn,observed,0.5,0.2,majority_to_minority,0.947749735872903,0.008432395880367793,0.937340166079169,0.009447176702679414,0.9804725055383466,0.005339580109790099,0.9446632083954847,0.008122647550228323,0.9162924830976618,0.015061005384196535,0.9522497704315885,0.01683223395759724,0.9878320513706633,0.0023076308952445254,0.05934354600014966,0.0011447275156396192,0.23689810345030385,0.003845871554632051,0.1207935261707395,0.008558394861041011,0.2002724795640326,3
spambase,tabpfn_distpfn,observed,0.5,0.2,minority_to_majority,0.9348149135539164,0.002618889481046286,0.8953168044077134,0.00826446280991737,0.9777508269663291,0.010144097121669159,0.939781709942446,0.0023864044643052687,0.9578541999527074,0.008702147291182039,0.8953168044077134,0.00826446280991737,0.9878188861571071,0.0028961641783575498,0.05667827203542556,0.004140096489067174,0.2057698527995182,0.010068121194634372,0.09366653566218823,0.0054332961886527035,0.2001703577512776,3
spambase,tabpfn_distpfn,observed,0.5,0.3,majority_to_minority,0.921206196866021,0.0038997109456730505,0.8745519713261648,0.014669090989018729,0.9774833013384575,0.004384434339235906,0.9093373235837704,0.0059915127278486625,0.8341160574127339,0.015091925246907697,0.967860422405877,0.006932813990147656,0.9815045206052049,0.0018413871810516894,0.12655042045354878,0.0016127105239792932,0.4000900270667902,0.005259846648259337,0.2364047333783941,0.00676825291132573,0.2999403697078115,3
spambase,tabpfn_distpfn,observed,0.5,0.3,minority_to_majority,0.9081183289394433,0.01313407566458565,0.8365472910927457,0.027594084850903044,0.9758155129065651,0.00855233994652135,0.9174734788212121,0.011343534740283039,0.9640538250899827,0.0029631714898795693,0.8365472910927457,0.027594084850903044,0.9859971497312651,0.0018384861017625748,0.0837629462451407,0.0046482719821906385,0.27328155546433575,0.011020525528408502,0.13954209017310593,0.004064991012549248,0.2998296422487223,3
spambase,tabpfn_distpfn,oracle,0.05,0.0,clean,0.935826989346051,0.012257011902852817,0.8925619834710744,0.03177014488890032,0.9816361154983957,0.0006222877024580004,0.9415183017492162,0.009164588516295612,0.965579248337869,0.011026799741039104,0.8925619834710744,0.03177014488890032,0.9854853520542669,0.0008183291593475653,0.045568504553118595,0.0065255759464986594,0.16809846859209585,0.022631859552788982,0.040082040622049335,0.019443978210228755,0.0,3
spambase,tabpfn_distpfn,oracle,0.05,0.05,majority_to_minority,0.9428029068791534,0.003575500036675289,0.9136822773186409,0.016832233957597233,0.9812661541956822,0.0021599832851460204,0.9461426624610886,0.002037054164210763,0.9552548228027092,0.015779479223442906,0.9136822773186409,0.016832233957597233,0.984614802307862,0.0020725001878886392,0.0418708390529055,0.0016754777262108782,0.15253536584261848,0.0033695681526350854,0.02431379174572823,0.00799503672756539,0.048780487804878,3
spambase,tabpfn_distpfn,oracle,0.05,0.05,minority_to_majority,0.9226724725258449,0.008507907494122004,0.866850321395776,0.02342947809398175,0.9783168040032431,0.0004943788666270411,0.9300421874038691,0.006237449021020621,0.9635077043181779,0.00984147662101654,0.866850321395776,0.02342947809398175,0.9827124289489881,0.0007156428175130479,0.050347192446730894,0.0028410386326208517,0.18270382692857587,0.007698457800354969,0.04625760009155241,0.010435161859440194,0.05128205128205119,3
spambase,tabpfn_distpfn,oracle,0.05,0.1,majority_to_minority,0.9407614759520917,0.009356887447540266,0.9054178145087236,0.01834250170379994,0.9821558380795206,0.002601666003064872,0.9452133946092065,0.008249116691580839,0.961041362877026,0.007000204950328094,0.9054178145087236,0.01834250170379994,0.9874831732114234,0.0004518685069791295,0.0413239380204709,0.003310124546917011,0.15295873318667,0.01143904381309154,0.030949693187551502,0.0029319917919694697,0.10000000000000002,3
spambase,tabpfn_distpfn,oracle,0.05,0.1,minority_to_majority,0.929675543311907,0.0019080501102930673,0.8778696051423324,0.009674613179846426,0.9801379130854873,0.0016039478640066304,0.936730280453251,0.001294888922320211,0.9687495548768847,0.010950893916886069,0.8778696051423324,0.009674613179846426,0.9843728915087665,0.0010050230816467604,0.048702722653641034,0.0031516478520896437,0.18418399758058066,0.00735551794845945,0.0553293254001773,0.007314577722077939,0.10256410256410249,3
spambase,tabpfn_distpfn,oracle,0.05,0.2,majority_to_minority,0.933116601005164,0.00969006542077023,0.8907254361799817,0.02209588506063538,0.9773317367757826,0.00547856805948341,0.9385216745034336,0.007826335498670489,0.9595100109314378,0.0034237826647700136,0.8907254361799817,0.02209588506063538,0.9813350184806685,0.005780586941423389,0.04835010976149517,0.005885599818914999,0.18255277062628794,0.016611522442879816,0.04624754864553037,0.007348117689104765,0.1986301369863013,3
spambase,tabpfn_distpfn,oracle,0.05,0.2,minority_to_majority,0.9141809097820829,0.009890410186995333,0.8438934802571166,0.02375117935055563,0.9786851411438277,0.002306656294079832,0.9237147722988883,0.008233879996187953,0.9727033507579307,0.010965956432388253,0.8438934802571166,0.02375117935055563,0.9831073853556748,0.002457638521929559,0.05660043841068287,0.006568036893197005,0.2103772823192909,0.023029345199841553,0.0733729402114587,0.01150551005025385,0.19658119658119647,3
spambase,tabpfn_distpfn,oracle,0.05,0.3,majority_to_minority,0.9337584051660298,0.0055683338385864554,0.894398530762167,0.01566457493960695,0.9761781876268557,0.0018191645219420175,0.9386381710049049,0.0051872870231726015,0.9561521186509947,0.01629516922375835,0.894398530762167,0.01566457493960695,0.9794556842455181,0.0023353537070085156,0.05115733853182023,0.0016760532816803948,0.20117594850545586,0.003699931272861045,0.07144053509677527,0.007177811222566659,0.2994011976047904,3
spambase,tabpfn_distpfn,oracle,0.05,0.3,minority_to_majority,0.8822955853747643,0.011796448175833281,0.775941230486685,0.024996616324731265,0.9759990308785742,0.004757323992925954,0.8958072361183914,0.01061498150276155,0.978070172497349,0.004751780311135534,0.775941230486685,0.024996616324731265,0.9807508121291112,0.004956378352419813,0.07612573868499344,0.004483181715613732,0.2748533042847728,0.020653001060953448,0.11417326764193751,0.00752148695044716,0.2991452991452991,3
spambase,tabpfn_distpfn,oracle,0.1,0.0,clean,0.9504255655282048,0.004739802785209434,0.9265381083562901,0.019349226359692776,0.9838564105617783,0.004766671878101048,0.9530924945177297,0.002220817037125306,0.9594830535714359,0.014964815052899767,0.9265381083562901,0.019349226359692776,0.9865089474082632,0.005484844522871815,0.037364807004494995,0.004293987059596261,0.14386855260539977,0.031896183516077675,0.024718773252806164,0.010591843137655876,0.0,3
spambase,tabpfn_distpfn,oracle,0.1,0.05,majority_to_minority,0.9506082328662974,0.00303118689626746,0.9292929292929294,0.009674613179846381,0.9847551037019273,0.0012390657815982875,0.952777329010485,0.0018717867510141028,0.9556724009376252,0.00517225841902283,0.9292929292929294,0.009674613179846381,0.9879949708884217,0.0011276845497769556,0.0360783511842648,0.0007705032945312956,0.13120440642837408,0.0041007298411066114,0.017121851324866533,0.003452789864447089,0.048582995951417,3
spambase,tabpfn_distpfn,oracle,0.1,0.05,minority_to_majority,0.941242829072741,0.0028618172777079994,0.9081726354453626,0.011469234156838133,0.9814250824373653,0.0035059038718858676,0.9452863056122064,0.0018207037697847172,0.9584844689374653,0.010213146626004529,0.9081726354453626,0.011469234156838133,0.9858194193482562,0.0023037460379664665,0.0414176564928141,0.001994303580303489,0.15437775391919348,0.012103328487000409,0.03332580488029787,0.00901686131003096,0.051063829787234,3
spambase,tabpfn_distpfn,oracle,0.1,0.1,majority_to_minority,0.9483347650503076,0.004407858403171523,0.9265381083562901,0.012422175627611349,0.9814981815687619,0.002143084323089869,0.9504888259022493,0.003035605773525817,0.952846670353875,0.00499655490741387,0.9265381083562901,0.012422175627611349,0.9849126652645714,0.002994779090971758,0.03900341771319057,0.0016352611611428166,0.14819338633343462,0.00677699466755018,0.026948772586877834,0.004896136154602866,0.0996168582375478,3
spambase,tabpfn_distpfn,oracle,0.1,0.1,minority_to_majority,0.9430571600659577,0.002664487968321871,0.9100091827364554,0.008416116978798653,0.9831320458759762,0.003671104190848254,0.9471926590889517,0.0022977363917745654,0.9612903593611484,0.008339225297137116,0.9100091827364554,0.008416116978798653,0.9881694099680415,0.0007437344365728631,0.039434609192617036,0.0008182075280005887,0.14787644366392896,0.004628514962214474,0.038200659799025864,0.0029069676103755104,0.102127659574468,3
spambase,tabpfn_distpfn,oracle,0.1,0.2,majority_to_minority,0.9464044156126268,0.004796670457554581,0.9274563820018366,0.011133476265364763,0.9821597628508426,0.001192058030504644,0.9479035058067985,0.003784816248848765,0.9457121704623961,0.0026319939667947432,0.9274563820018366,0.011133476265364763,0.9855347216051028,0.0012415632269649963,0.041885254653417574,0.0015264415552860501,0.169409214410444,0.003419893846120055,0.058086800829784464,0.002370736137023324,0.2006802721088435,3
spambase,tabpfn_distpfn,oracle,0.1,0.2,minority_to_majority,0.9244868035190615,0.010763339681161352,0.8686868686868686,0.026756294369758463,0.9788740784488571,0.003543738868692924,0.9319489751032691,0.008360777253957325,0.9664920289103295,0.007899129846487987,0.8686868686868686,0.026756294369758463,0.9828967419387752,0.0033911395474895776,0.052594588209852466,0.007196535033718112,0.20615351798181947,0.02530666412892931,0.07200017291306861,0.009467500048703543,0.20000000000000004,3
spambase,tabpfn_distpfn,oracle,0.1,0.3,majority_to_minority,0.9469302013290283,0.009902651094390367,0.933884297520661,0.01986529628354809,0.9803596416195335,0.002635075578626953,0.9472677773985773,0.00839156544790118,0.9381917918119663,0.0040503695447130774,0.933884297520661,0.01986529628354809,0.9833180287725742,0.0019084061536884303,0.05161507784434294,0.0015958919156880843,0.20970993277019043,0.004594406492561872,0.09539827861776436,0.010495136452678393,0.3005952380952381,3
spambase,tabpfn_distpfn,oracle,0.1,0.3,minority_to_majority,0.9137439892571857,0.004361946497603749,0.8448117539026629,0.005734617078419125,0.9793096790507988,0.006368453595039035,0.9230410356143915,0.004614910176908893,0.9694839834705249,0.008866392309947416,0.8448117539026629,0.005734617078419125,0.9837080482241771,0.005669312124457913,0.06283898050783847,0.005515144114968063,0.24007856044431797,0.027858405099057116,0.1014724896935603,0.008490509986066356,0.2978723404255319,3
spambase,tabpfn_distpfn,oracle,0.2,0.0,clean,0.9576779525459878,0.0011247484580504804,0.9458218549127642,0.007952483046689078,0.9888717889747277,0.0014255360022451316,0.9582704654952368,0.0027076642396172907,0.9530287057609462,0.013783391540475937,0.9458218549127642,0.007952483046689078,0.9911332286698856,0.0012536075157282074,0.02981036776826353,0.0016512496878376493,0.11172254876151248,0.007498147549403492,0.018103799521613367,0.0027661715216754867,0.0,3
spambase,tabpfn_distpfn,oracle,0.2,0.05,majority_to_minority,0.9569201299406579,0.0035332011578150116,0.9443407683876893,0.012939068910732918,0.9870561723152401,0.001949023814948631,0.9575054282882642,0.0032390867204976637,0.9521651524735016,0.01444909817857929,0.9449035812672176,0.01377410468319562,0.990236348496368,0.001487657299133152,0.033955468177697797,0.002755625195424566,0.12569469321193646,0.008163413094107083,0.0237151499963046,0.004241612088913508,0.0506072874493927,3
spambase,tabpfn_distpfn,oracle,0.2,0.05,minority_to_majority,0.9503317633816167,0.0034064265624521002,0.931129476584022,0.014577142209722262,0.9867569036829877,0.001706206625100309,0.9520608732245311,0.0013650931907369331,0.9523142897329621,0.011147566641535225,0.931129476584022,0.014577142209722262,0.9905358571047721,0.0009735194735789982,0.0347712201783729,0.0008977568682254982,0.12642954744045673,0.0039027497812583038,0.02290218973159833,0.00812076543555294,0.0490405117270788,3
spambase,tabpfn_distpfn,oracle,0.2,0.1,majority_to_minority,0.9539110558172142,0.005861082193399705,0.943067033976125,0.008416116978798623,0.9869684842583263,0.0020258687349649744,0.9541276317684732,0.005633462033296303,0.9456662912341584,0.005840805957178921,0.943067033976125,0.008416116978798623,0.9901441920014745,0.0013067769771086624,0.0359372646140084,0.003114519456166024,0.13958047788597108,0.0054397842844701024,0.0365073268616129,0.0022295231412521738,0.09980806142034541,3
spambase,tabpfn_distpfn,oracle,0.2,0.1,minority_to_majority,0.9393840654837723,0.012768920862399644,0.9026629935720845,0.02827328616775141,0.9854767960580935,0.003211626077641413,0.9440028423471185,0.010375643466732592,0.9609706012491613,0.003098824009092629,0.9026629935720845,0.02827328616775141,0.9890399597144465,0.002883929823352873,0.03975230640710093,0.00459852814844961,0.14765918431714703,0.01736660803713821,0.04031802622827887,0.0071419371659261965,0.1002132196162046,3
spambase,tabpfn_distpfn,oracle,0.2,0.2,majority_to_minority,0.9480089260147911,0.006365732168801398,0.9366391184573003,0.007288571104861053,0.981272335340522,0.0051919205535707665,0.9480816507451078,0.006454515300534609,0.9375066587522639,0.008349889594984955,0.9366391184573003,0.007288571104861053,0.9848056979044273,0.004169942738653416,0.04636832937412197,0.003038397108555075,0.1866196439917169,0.007151651506288445,0.07124396748888157,0.009084751865237228,0.1996587030716723,3
spambase,tabpfn_distpfn,oracle,0.2,0.2,minority_to_majority,0.9215493152443299,0.009260144341535614,0.8604224058769514,0.016832233957597177,0.9833986216518434,0.0006760972876351241,0.9298715621613548,0.008562816024528285,0.9700049620029233,0.008783837626552637,0.8604224058769514,0.016832233957597177,0.9875210232003976,0.00024789873393635725,0.052599557682077136,0.00235097690805476,0.19544712107508247,0.007530062251167822,0.0800877950868757,0.0030420247280321657,0.2004264392324093,3
spambase,tabpfn_distpfn,oracle,0.2,0.3,majority_to_minority,0.9458909722839342,0.004662626067097149,0.9379375376442826,0.00718780817566657,0.9833539094317584,0.0006505009054147865,0.9434644746220937,0.005069748414890615,0.9182948152527498,0.014208859913293554,0.9467401285583104,0.01146923415683819,0.9865188213184304,0.0009349677087843291,0.0651840890008787,0.0019717601462342265,0.25004487773962625,0.002701239243466133,0.13280194735035247,0.002568685813392637,0.3,3
spambase,tabpfn_distpfn,oracle,0.2,0.3,minority_to_majority,0.8893430887565786,0.019373111853563482,0.790633608815427,0.04168800537306216,0.9794010857007608,0.0057435798869736425,0.9020311007887406,0.01724387670389303,0.9775389153083389,0.009566929501175282,0.790633608815427,0.04168800537306216,0.9872807580529965,0.0010847528819700717,0.07569556802142673,0.0037380624543072514,0.25582775830562204,0.006958936436966911,0.12779340214971444,0.005117357625213423,0.3006396588486141,3
spambase,tabpfn_distpfn,oracle,0.5,0.0,clean,0.9604772060783793,0.008831371956144472,0.9549947174580606,0.015896421936060345,0.9877693609653323,0.003696455550752788,0.9598745186282581,0.00782447639727427,0.9480229548349439,0.004955027793093446,0.9550045913682278,0.015904966093378017,0.9913488090418686,0.002365874865972648,0.03050419667007,0.002862668712362935,0.1108187691295464,0.014229681409884563,0.016168178976401167,0.0025718367979043573,0.0,3
spambase,tabpfn_distpfn,oracle,0.5,0.05,majority_to_minority,0.9544146252357396,0.008235201797774995,0.9476584022038569,0.01377410468319562,0.9857884274617144,0.0037486538191110427,0.95382298345271,0.007463066580273146,0.9407180855916278,0.0047223610280939035,0.9476584022038569,0.01377410468319562,0.9896192291109202,0.0022670911303204256,0.0344807622706721,0.0028680287997812715,0.13421903233831206,0.011339837165430026,0.0340286356440531,0.0025810531315112965,0.05016181229773461,3
spambase,tabpfn_distpfn,oracle,0.5,0.05,minority_to_majority,0.9439038478627922,0.0072535031240096816,0.9182736455463728,0.017923986497652252,0.9847244732395822,0.0037260012131434973,0.9465984073739726,0.005618282515319034,0.951564588615961,0.0064157569750352824,0.9182736455463728,0.017923986497652252,0.9895961899871968,0.001471381036061566,0.036943150606061965,0.0014081310320449064,0.13856258878727065,0.004061720451422175,0.03561033727223113,0.0008519592053304032,0.0502555366269165,3
spambase,tabpfn_distpfn,oracle,0.5,0.1,majority_to_minority,0.9529878452165842,0.006487490074244947,0.9483791976460599,0.008358228505192205,0.986302943655486,0.0036886646574960337,0.9509496036570829,0.005665856365925576,0.9292887779181189,0.00522639227925847,0.953168044077135,0.012624175468197822,0.9895928986838078,0.0026452267994153903,0.040048454972019865,0.0033909134523400055,0.1650231485535892,0.01213896368903188,0.06543194786954984,0.00596685396665833,0.0996932515337423,3
spambase,tabpfn_distpfn,oracle,0.5,0.1,minority_to_majority,0.9464093525677102,0.005657151145104605,0.9155188246097338,0.015904966093378072,0.983810365930862,0.005435692590714219,0.9502786342164931,0.00418038014152674,0.9634302208744816,0.009305766102951555,0.9155188246097338,0.015904966093378072,0.99014254634978,0.001421314414468696,0.041932413711177265,0.0010431060569447135,0.16183689215886868,0.0014870881569745756,0.06244916475229346,0.002334954602753079,0.0996592844974446,3
spambase,tabpfn_distpfn,oracle,0.5,0.2,majority_to_minority,0.9425511221698906,0.002923873875820952,0.9181600955794504,0.009020112825891031,0.9804725055383466,0.005339580109790099,0.9354047644704454,0.0033117908700448138,0.8850089821705582,0.010418106428765872,0.9669421487603306,0.009542979656026856,0.9878320513706633,0.0023076308952445254,0.08822221346380604,0.001593823304364025,0.3141618876362747,0.004389475772699805,0.1839927262623107,0.009545088553097039,0.2002724795640326,3
spambase,tabpfn_distpfn,oracle,0.5,0.2,minority_to_majority,0.9112878541031034,0.005830297309756196,0.8393021120293848,0.013589208987097109,0.9777508269663291,0.010144097121669159,0.9209701133599423,0.004967907741379422,0.9703481808937835,0.00680477438827283,0.8393021120293848,0.013589208987097109,0.9878188861571071,0.0028961641783575498,0.07489264297064042,0.005538409208446463,0.2507008605702787,0.012490156208149049,0.12980826202958098,0.007593095960905916,0.2001703577512776,3
spambase,tabpfn_distpfn,oracle,0.5,0.3,majority_to_minority,0.5128434886499402,0.0018652921142169891,0.0256869772998805,0.003730584228433927,0.9774833013384575,0.004384434339235906,0.3109373923268573,0.004020095603150546,0.40036905267490636,0.0009183214875320275,1.0,0.0,0.9815045206052049,0.0018413871810516894,0.2557008198238128,0.004773285832367806,0.68143330081802,0.004374350405490162,0.37585316840804445,0.005910576438722088,0.2999403697078115,3
spambase,tabpfn_distpfn,oracle,0.5,0.3,minority_to_majority,0.6596413795827286,0.03133890046781866,0.3204775022956841,0.06283971390606288,0.9758155129065651,0.00855233994652135,0.6505098607183236,0.04241711635146091,0.9942161560427859,0.005268586243007861,0.3204775022956841,0.06283971390606288,0.9859971497312651,0.0018384861017625748,0.1318731729770781,0.004744284098544412,0.3791623254240091,0.013178717465338935,0.20381995261848695,0.004070772952607036,0.2998296422487223,3
spambase,tabpfn_distpfn_t,observed,0.05,0.0,clean,0.9412872616684934,0.009852956169442777,0.9118457300275482,0.030676387673994634,0.9816361154983957,0.0006222877024580004,0.9445762696702932,0.006688440695518514,0.9536038240825174,0.01909398386445987,0.9118457300275482,0.030676387673994634,0.9854853520542669,0.0008183291593475653,0.04223054067024157,0.0037239176333627834,0.15446472061772212,0.012874210090827981,0.027680978316498402,0.016452153070613016,0.0,3
spambase,tabpfn_distpfn_t,observed,0.05,0.05,majority_to_minority,0.9429139883685339,0.0023777589900552563,0.9228650137741047,0.014577142209722277,0.9812661541956822,0.0021599832851460204,0.9444771281975176,0.0021944752359219786,0.9422513212630047,0.016495940814297085,0.9228650137741047,0.014577142209722277,0.984614802307862,0.0020725001878886392,0.0407952504323841,0.0020637453900568194,0.14936811431201494,0.0052406815078633595,0.022508504365538768,0.009014316017036453,0.048780487804878,3
spambase,tabpfn_distpfn_t,observed,0.05,0.05,minority_to_majority,0.9319440741728132,0.00860058987454072,0.8925619834710744,0.02656653102201907,0.9783168040032431,0.0004943788666270411,0.9367000530250021,0.006148108195281575,0.953445572613311,0.01718078958895874,0.8925619834710744,0.02656653102201907,0.9827124289489881,0.0007156428175130479,0.045583708264191565,0.0013602890390937733,0.16441274058585784,0.0016985439777724128,0.025619854856357937,0.008787992963452368,0.05128205128205119,3
spambase,tabpfn_distpfn_t,observed,0.05,0.1,majority_to_minority,0.9433064762976787,0.0063522915878618195,0.9182736455463728,0.015664574939607028,0.9821558380795206,0.002601666003064872,0.9458611500597702,0.00528705254427525,0.9497948385703489,0.009633067766098997,0.9182736455463728,0.015664574939607028,0.9874831732114234,0.0004518685069791295,0.04025961527960087,0.002722523291632554,0.15265097096145472,0.010277368585380248,0.0355415382403321,0.008861419615947545,0.10000000000000002,3
spambase,tabpfn_distpfn_t,observed,0.05,0.1,minority_to_majority,0.9414254964108336,0.0012036125379883082,0.9109274563820019,0.01113347626536479,0.9801379130854873,0.0016039478640066304,0.9449771218808425,0.0017601496393344497,0.9550316236280437,0.014699078814536037,0.9109274563820019,0.01113347626536479,0.9843728915087665,0.0010050230816467604,0.043100589071526696,0.0012832080327629981,0.16019399986813662,0.0026171159366739933,0.0340873805548595,0.006511867077478393,0.10256410256410249,3
spambase,tabpfn_distpfn_t,observed,0.05,0.2,majority_to_minority,0.9365132261026688,0.010897951499301273,0.8999081726354454,0.02773125596059047,0.9773317367757826,0.00547856805948341,0.940960865339001,0.00826078597590404,0.956319278290386,0.00879525273577541,0.8999081726354454,0.02773125596059047,0.9813350184806685,0.005780586941423389,0.047971166366631034,0.00527974856558153,0.1838864824003049,0.014077782337727912,0.05215883599489287,0.004396035062012024,0.1986301369863013,3
spambase,tabpfn_distpfn_t,observed,0.05,0.2,minority_to_majority,0.9354345014169061,0.009603942042621176,0.8971533516988063,0.02293846831367648,0.9786851411438277,0.002306656294079832,0.940166059350339,0.007499640098258159,0.9570016307474299,0.004740048620948717,0.8971533516988063,0.02293846831367648,0.9831073853556748,0.002457638521929559,0.046464787911438966,0.004564395507903143,0.17123925632361728,0.015154508240274096,0.038518593129609466,0.009290928013225487,0.19658119658119647,3
spambase,tabpfn_distpfn_t,observed,0.05,0.3,majority_to_minority,0.9339188562062463,0.005845332406643893,0.8953168044077136,0.017203851235257302,0.9761781876268557,0.0018191645219420175,0.9386550291499463,0.004880007064216993,0.9552345885270497,0.014730030396933904,0.8953168044077136,0.017203851235257302,0.9794556842455181,0.0023353537070085156,0.051215250812054226,0.0016407130401629335,0.20156598176467386,0.0036798147509395376,0.07121485413651434,0.0072246578408592275,0.2994011976047904,3
spambase,tabpfn_distpfn_t,observed,0.05,0.3,minority_to_majority,0.9190882431351639,0.010993201981254263,0.866850321395776,0.023751179350555717,0.9759990308785742,0.004757323992925954,0.9255771906658928,0.009222819899703786,0.9516435192631069,0.0016521096639621766,0.866850321395776,0.023751179350555717,0.9807508121291112,0.004956378352419813,0.05426286993495827,0.005230743224833903,0.20171724926674314,0.021225091834710705,0.057229084964212466,0.004418962035466806,0.2991452991452991,3
spambase,tabpfn_distpfn_t,observed,0.1,0.0,clean,0.952765682237823,0.006661969062673177,0.9348025711662076,0.02209588506063532,0.9838564105617783,0.004766671878101048,0.9543455234326546,0.004171482961445896,0.9544179276368762,0.014100492644543853,0.9348025711662076,0.02209588506063532,0.9865089474082632,0.005484844522871815,0.03688227192969983,0.003725245425748827,0.1394471646966219,0.028068056213012102,0.0213439744360519,0.00813070548892154,0.0,3
spambase,tabpfn_distpfn_t,observed,0.1,0.05,majority_to_minority,0.9532470353584722,0.0019565530458503255,0.9375573921028467,0.008416116978798635,0.9847551037019273,0.0012390657815982875,0.9544100877435963,0.0011674153231021696,0.9516166648302927,0.007360317691890419,0.9375573921028467,0.008416116978798635,0.9879949708884217,0.0011276845497769556,0.0358750502687982,0.0011119844054113042,0.13107494994886312,0.0050175293317094105,0.018576710451067534,0.0040914963792314536,0.048582995951417,3
spambase,tabpfn_distpfn_t,observed,0.1,0.05,minority_to_majority,0.9459008461941013,0.004854267205342982,0.9228650137741048,0.004771489828013405,0.9814250824373653,0.0035059038718858676,0.9482019659528111,0.0057488720282356885,0.9509386469713476,0.013632284751111506,0.9228650137741048,0.004771489828013405,0.9858194193482562,0.0023037460379664665,0.03950810221279953,0.0014039092596993584,0.14538778327300442,0.009458310528596454,0.021392943624564998,0.009834997729081403,0.051063829787234,3
spambase,tabpfn_distpfn_t,observed,0.1,0.1,majority_to_minority,0.9487000997264926,0.004359607391396315,0.9320477502295684,0.011469234156838181,0.9814981815687619,0.002143084323089869,0.949847786327824,0.003489539967004654,0.946021476282184,0.007285888839402092,0.9320477502295684,0.011469234156838181,0.9849126652645714,0.002994779090971758,0.039423735934821166,0.001679356087752984,0.15031458191558308,0.0070716069807222,0.0322015463661485,0.0074292006450759895,0.0996168582375478,3
spambase,tabpfn_distpfn_t,observed,0.1,0.1,minority_to_majority,0.9511118022848227,0.00026080723970322916,0.9338842975206613,0.0027548209366392296,0.9831320458759762,0.003671104190848254,0.9524891027118972,0.0006043630637799091,0.9504857669111426,0.003942380984251444,0.9338842975206613,0.0027548209366392296,0.9881694099680415,0.0007437344365728631,0.03605386464852047,0.00018449559818743667,0.1356252429319943,0.003127521592567919,0.02476892387522597,0.0013781216365411724,0.102127659574468,3
spambase,tabpfn_distpfn_t,observed,0.1,0.2,majority_to_minority,0.9465648666528432,0.003767686849891728,0.928374655647383,0.009932648141774044,0.9821597628508426,0.001192058030504644,0.9479225051663844,0.002749592257099229,0.9448909371196602,0.0035602171259042853,0.928374655647383,0.009932648141774044,0.9855347216051028,0.0012415632269649963,0.042010529532284964,0.001567580676184035,0.1700445634215032,0.0035467485416497764,0.0599804531246133,0.002172826542882382,0.2006802721088435,3
spambase,tabpfn_distpfn_t,observed,0.1,0.2,minority_to_majority,0.9389471449588752,0.009525155011634447,0.9035812672176308,0.026279316843442004,0.9788740784488571,0.003543738868692924,0.9432867512191582,0.0067070750314483524,0.958392778355571,0.009929475974737019,0.9035812672176308,0.026279316843442004,0.9828967419387752,0.0033911395474895776,0.0446019555433937,0.0059737895432782585,0.1726449902780264,0.01924328889224296,0.041661778166982834,0.006098586017430611,0.20000000000000004,3
spambase,tabpfn_distpfn_t,observed,0.1,0.3,majority_to_minority,0.9458070440475131,0.007705020800732045,0.9274563820018367,0.018342501703799998,0.9803596416195335,0.002635075578626953,0.9471485069369353,0.005947473848099033,0.9439775599042061,0.0035525791343924483,0.9274563820018367,0.018342501703799998,0.9833180287725742,0.0019084061536884303,0.04853029489770871,0.00219922150256396,0.19875615025227947,0.005948529364660667,0.08330086561135423,0.00981391699305784,0.3005952380952381,3
spambase,tabpfn_distpfn_t,observed,0.1,0.3,minority_to_majority,0.9371772465614109,0.009003792051828744,0.9054178145087235,0.018342501703799995,0.9793096790507988,0.006368453595039035,0.9407427471968267,0.007658112002375887,0.9499064627661721,0.003138022663326315,0.9054178145087235,0.018342501703799995,0.9837080482241771,0.005669312124457913,0.04671198696994627,0.005705857506301573,0.18234827305252913,0.025300470905642764,0.05145004313268736,0.00555988760417158,0.2978723404255319,3
spambase,tabpfn_distpfn_t,observed,0.2,0.0,clean,0.960018069255606,0.0026596021296886856,0.9540863177226813,0.005734617078419041,0.9888717889747277,0.0014255360022451316,0.9595109971416752,0.004441861723454803,0.9482256431536928,0.015691003012518915,0.9540863177226813,0.005734617078419041,0.9911332286698856,0.0012536075157282074,0.029795093337565765,0.001674544359636642,0.11119833788817386,0.007568842720766812,0.012841384185062367,0.0036149278009580356,0.0,3
spambase,tabpfn_distpfn_t,observed,0.2,0.05,majority_to_minority,0.9577001688438639,0.004995308764580636,0.9461773156787819,0.013440205338529156,0.9870561723152401,0.001949023814948631,0.95791464126314,0.00413955443366428,0.950499083982478,0.012860400707873384,0.9476584022038569,0.015338193836997402,0.990236348496368,0.001487657299133152,0.0340794578227716,0.0028424722075674168,0.12672454482303946,0.0086591100134976,0.02568178741344927,0.005896319150805384,0.0506072874493927,3
spambase,tabpfn_distpfn_t,observed,0.2,0.05,minority_to_majority,0.9525114290510185,0.00602834208023639,0.9384756657483929,0.016832233957597125,0.9867569036829877,0.001706206625100309,0.9532967669310923,0.0042802234780048125,0.948174669631333,0.007826299391500414,0.9384756657483929,0.016832233957597125,0.9905358571047721,0.0009735194735789982,0.033929160048228706,0.00046624400021381724,0.12239368087617751,0.003380718098468,0.018853211232848867,0.008230511000799558,0.0490405117270788,3
spambase,tabpfn_distpfn_t,observed,0.2,0.1,majority_to_minority,0.9545306436802038,0.006124265917403619,0.9449035812672176,0.008264462809917314,0.9869684842583263,0.0020258687349649744,0.9545297496941991,0.006022055817336455,0.944907609363959,0.007244211218297024,0.9449035812672176,0.008264462809917314,0.9901441920014745,0.0013067769771086624,0.0360760570116004,0.003087979787770335,0.14043799990088066,0.00533578424759946,0.037530893561007334,0.002904617412759109,0.09980806142034541,3
spambase,tabpfn_distpfn_t,observed,0.2,0.1,minority_to_majority,0.9474609240005134,0.008123588572471105,0.928374655647383,0.01720385123525728,0.9854767960580935,0.003211626077641413,0.9490262704210953,0.006736333616087187,0.9475365907718817,0.003815171959500602,0.928374655647383,0.01720385123525728,0.9890399597144465,0.002883929823352873,0.0369669996989471,0.0036143350203667506,0.13664047297275642,0.01466375311622259,0.025701936416432068,0.006010039043510131,0.1002132196162046,3
spambase,tabpfn_distpfn_t,observed,0.2,0.2,majority_to_minority,0.9470462197734925,0.004307431067562418,0.931129476584022,0.0047714898280134845,0.981272335340522,0.0051919205535707665,0.9479810996971899,0.004567176285343454,0.9424074759789871,0.007701736264830822,0.931129476584022,0.0047714898280134845,0.9848056979044273,0.004169942738653416,0.044283777940855897,0.0031039630855474267,0.17817323087632753,0.007541344803562199,0.06257168027498357,0.008941886731238432,0.1996587030716723,3
spambase,tabpfn_distpfn_t,observed,0.2,0.2,minority_to_majority,0.9412428290727411,0.00411887428737626,0.9081726354453626,0.009674613179846388,0.9833986216518434,0.0006760972876351241,0.9452869353472746,0.0035724382838508836,0.9583881271806969,0.00675239107783636,0.9081726354453626,0.009674613179846388,0.9875210232003976,0.00024789873393635725,0.04276509509019954,0.002254789300205613,0.16251249413691152,0.005724707707744808,0.04772079180137803,0.0023797235949498344,0.2004264392324093,3
spambase,tabpfn_distpfn_t,observed,0.2,0.3,majority_to_minority,0.9484458465396882,0.005025688726305915,0.9357208448117539,0.011133476265364702,0.9833539094317584,0.0006505009054147865,0.9488022045346772,0.004569662854034337,0.9401206446913587,0.008919153679857596,0.9357208448117539,0.011133476265364702,0.9865188213184304,0.0009349677087843291,0.05172216735713447,0.0014224742338563917,0.21025862114210256,0.003816659708659581,0.09793825694087348,0.0027710776403725816,0.3,3
spambase,tabpfn_distpfn_t,observed,0.2,0.3,minority_to_majority,0.9361478914264838,0.004633181762420006,0.8943985307621672,0.012422175627611307,0.9794010857007608,0.0057435798869736425,0.9416172254976916,0.0035020107657848416,0.9634748750667742,0.006136033693525469,0.8943985307621672,0.012422175627611307,0.9872807580529965,0.0010847528819700717,0.05062160209944617,0.002145272009260998,0.18685681432516724,0.003400907980006218,0.07177794715713523,0.00499763403523508,0.3006396588486141,3
spambase,tabpfn_distpfn_t,observed,0.5,0.0,clean,0.9611190102392447,0.007826397874024884,0.9574730689100189,0.011341693464686931,0.9877693609653323,0.003696455550752788,0.9599325656832057,0.007415218802686149,0.9447968634257036,0.007821296364887407,0.9586776859504132,0.01200798607035997,0.9913488090418686,0.002365874865972648,0.03055681480442653,0.002894004631739882,0.11133071418581049,0.014226270105491491,0.01582454318789237,0.003312270113248885,0.0,3
spambase,tabpfn_distpfn_t,observed,0.5,0.05,majority_to_minority,0.9540937231553067,0.007105538652289514,0.945821854912764,0.012422175627611267,0.9857884274617144,0.0037486538191110427,0.9537948284175894,0.006333002624354283,0.9423393459886295,0.0032971150441220686,0.945821854912764,0.012422175627611267,0.9896192291109202,0.0022670911303204256,0.03434933807054424,0.002892727369363371,0.13337983701366132,0.011357993712592256,0.0332428923355128,0.004054520852602441,0.05016181229773461,3
spambase,tabpfn_distpfn_t,observed,0.5,0.05,minority_to_majority,0.9512722533250394,0.005913269251635474,0.9348025711662076,0.01614177762281625,0.9847244732395822,0.0037260012131434973,0.9524911783484337,0.004179596431926566,0.9497193526569506,0.006190967553635789,0.9348025711662076,0.01614177762281625,0.9895961899871968,0.001471381036061566,0.0355148468387102,0.0015541157173432577,0.132639388167216,0.004436782177849347,0.027373958958495103,0.0003008717472989107,0.0502555366269165,3
spambase,tabpfn_distpfn_t,observed,0.5,0.1,majority_to_minority,0.9539554884129665,0.008654369961257354,0.945856413598349,0.013913736524186707,0.986302943655486,0.0036886646574960337,0.9534372606694544,0.007936971306715885,0.940716647854413,0.008575283237523303,0.9467401285583104,0.01517237065368071,0.9895928986838078,0.0026452267994153903,0.0376089571483231,0.003383498330750136,0.15428177018737507,0.011792975592911275,0.05528200569428884,0.003800076489022614,0.0996932515337423,3
spambase,tabpfn_distpfn_t,observed,0.5,0.1,minority_to_majority,0.952787898535699,0.0035160159138551985,0.9366391184573004,0.011019283746556488,0.983810365930862,0.005435692590714219,0.9540196080389535,0.002455539783598424,0.951577870372502,0.007299604729039855,0.9366391184573004,0.011019283746556488,0.99014254634978,0.001421314414468696,0.0371826208943219,0.000559650571354959,0.1453086357576443,0.0030756580464427236,0.0439606775366632,0.004068319929632607,0.0996592844974446,3
spambase,tabpfn_distpfn_t,observed,0.5,0.2,majority_to_minority,0.9481866563978002,0.007637257289302731,0.9385349092093961,0.009824103971402818,0.9804725055383466,0.005339580109790099,0.9453855350428574,0.007485059102154003,0.9186639168374328,0.015105665614002324,0.9513314967860422,0.015664574939606987,0.9878320513706633,0.0023076308952445254,0.0570703456905372,0.001535158731771546,0.22999159469110708,0.004688727658085288,0.11480171727572269,0.007366636443055336,0.2002724795640326,3
spambase,tabpfn_distpfn_t,observed,0.5,0.2,minority_to_majority,0.9392902633371841,0.0021332659466820727,0.9072543617998163,0.006932813990147649,0.9777508269663291,0.010144097121669159,0.9430335022734829,0.001415388556418286,0.953702376095277,0.004445359699649349,0.9072543617998163,0.006932813990147649,0.9878188861571071,0.0028961641783575498,0.050960653733268996,0.0034966364457937257,0.19044981263181415,0.008844670506692113,0.08030324170195076,0.005769203722703754,0.2001703577512776,3
spambase,tabpfn_distpfn_t,observed,0.5,0.3,majority_to_minority,0.9309739624988892,0.003684252968640549,0.9014336917562723,0.0017921146953404216,0.9774833013384575,0.004384434339235906,0.9225412321037126,0.0029070280880357006,0.8637532108661135,0.001662129315831944,0.960514233241506,0.008416116978798552,0.9815045206052049,0.0018413871810516894,0.1091323644200647,0.0006634789572078145,0.36138613339019754,0.0063842515550768955,0.21033491685538633,0.006668090112424771,0.2999403697078115,3
spambase,tabpfn_distpfn_t,observed,0.5,0.3,minority_to_majority,0.9245534524126899,0.01250308778756624,0.8741965105601469,0.026756294369758384,0.9758155129065651,0.00855233994652135,0.9309895606363215,0.010493325402850308,0.9577807864258429,0.0017042760731612882,0.8741965105601469,0.026756294369758384,0.9859971497312651,0.0018384861017625748,0.07198119222686737,0.004311847519575544,0.24628022199709498,0.009955706011065194,0.11798380115394393,0.0029501492007009307,0.2998296422487223,3
spambase,tabpfn_distpfn_t,oracle,0.05,0.0,clean,0.9412872616684934,0.009852956169442777,0.9118457300275482,0.030676387673994634,0.9816361154983957,0.0006222877024580004,0.9445762696702932,0.006688440695518514,0.9536038240825174,0.01909398386445987,0.9118457300275482,0.030676387673994634,0.9854853520542669,0.0008183291593475653,0.04223054067024157,0.0037239176333627834,0.15446472061772212,0.012874210090827981,0.027680978316498402,0.016452153070613016,0.0,3
spambase,tabpfn_distpfn_t,oracle,0.05,0.05,majority_to_minority,0.9446123009172863,0.0030649396898391533,0.9274563820018367,0.013589208987097154,0.9812661541956822,0.0021599832851460204,0.9456832479070251,0.003325149103574418,0.9407423696629528,0.016386740036224375,0.9274563820018367,0.013589208987097154,0.984614802307862,0.0020725001878886392,0.0408408922298217,0.002161105631466913,0.14958329093492748,0.0056213693229500376,0.023284858732431534,0.007860557987269805,0.048780487804878,3
spambase,tabpfn_distpfn_t,oracle,0.05,0.05,minority_to_majority,0.9302457616240608,0.00832718864333679,0.8879706152433425,0.024996616324731345,0.9783168040032431,0.0004943788666270411,0.9354712057175099,0.0061275621984354265,0.9550298553708614,0.016148815911248282,0.8879706152433425,0.024996616324731345,0.9827124289489881,0.0007156428175130479,0.04598285413693496,0.0014762610013515627,0.16599932080284488,0.0024597134324397477,0.028591104212863,0.008566689796639524,0.05128205128205119,3
spambase,tabpfn_distpfn_t,oracle,0.05,0.1,majority_to_minority,0.9428917720706577,0.006376100426317997,0.921028466483012,0.016605272102869877,0.9821558380795206,0.002601666003064872,0.9447984095303626,0.004820508752303092,0.9445414985511955,0.0068630728032243425,0.921028466483012,0.016605272102869877,0.9874831732114234,0.0004518685069791295,0.040311152965915635,0.0024699595354851847,0.15422823994350288,0.009928402386623984,0.0361341937217493,0.006850354460809139,0.10000000000000002,3
spambase,tabpfn_distpfn_t,oracle,0.05,0.1,minority_to_majority,0.9395667328218648,0.0012036125379883216,0.9054178145087235,0.011133476265364657,0.9801379130854873,0.0016039478640066304,0.9437411874054448,0.001754777576165307,0.957554963331293,0.01489729444985019,0.9054178145087235,0.011133476265364657,0.9843728915087665,0.0010050230816467604,0.0438894648624151,0.0015832982033926,0.16408988958062234,0.003527425625573286,0.0367231911409211,0.007423198746497016,0.10256410256410249,3
spambase,tabpfn_distpfn_t,oracle,0.05,0.2,majority_to_minority,0.9347877603009568,0.013141275614436617,0.9054178145087236,0.029456409425795044,0.9773317367757826,0.00547856805948341,0.9377462611020894,0.011163075833500612,0.9428904027892467,0.014046419162102716,0.9054178145087236,0.029456409425795044,0.9813350184806685,0.005780586941423389,0.04885045944919127,0.004218148372707387,0.1906284199023469,0.01039015493618561,0.05721908148502647,0.012220417568697886,0.1986301369863013,3
spambase,tabpfn_distpfn_t,oracle,0.05,0.2,minority_to_majority,0.9321538947638656,0.006970169796831519,0.8852157943067035,0.019544349544346015,0.9786851411438277,0.002306656294079832,0.9383937715701417,0.005113488538033677,0.9651661115120875,0.010141128374477651,0.8852157943067035,0.019544349544346015,0.9831073853556748,0.002457638521929559,0.049181079285890134,0.005317893245788656,0.18254517609382467,0.01818437618662091,0.048969766143330797,0.011152512558732704,0.19658119658119647,3
spambase,tabpfn_distpfn_t,oracle,0.05,0.3,majority_to_minority,0.9378634833180287,0.001152022891904917,0.9127640036730945,0.01834250170380004,0.9761781876268557,0.0018191645219420175,0.9401844420070841,0.0021640873172557545,0.9419483130621441,0.022324064458204763,0.9127640036730945,0.01834250170380004,0.9794556842455181,0.0023353537070085156,0.05742897693480143,0.00030719895605133636,0.22535229087714934,0.0017419977060972086,0.09861255509121332,0.0034031667082247874,0.2994011976047904,3
spambase,tabpfn_distpfn_t,oracle,0.05,0.3,minority_to_majority,0.8998316498316498,0.016898964139543667,0.8181818181818182,0.03602395821107997,0.9759990308785742,0.004757323992925954,0.9103816722861904,0.01479808844052842,0.9664624780342375,0.003671525143772656,0.8181818181818182,0.03602395821107997,0.9807508121291112,0.004956378352419813,0.06396174176552023,0.004451721990882903,0.2350838333241466,0.019934560237964784,0.08693292720696687,0.006552945957645682,0.2991452991452991,3
spambase,tabpfn_distpfn_t,oracle,0.1,0.0,clean,0.952765682237823,0.006661969062673177,0.9348025711662076,0.02209588506063532,0.9838564105617783,0.004766671878101048,0.9543455234326546,0.004171482961445896,0.9544179276368762,0.014100492644543853,0.9348025711662076,0.02209588506063532,0.9865089474082632,0.005484844522871815,0.03688227192969983,0.003725245425748827,0.1394471646966219,0.028068056213012102,0.0213439744360519,0.00813070548892154,0.0,3
spambase,tabpfn_distpfn_t,oracle,0.1,0.05,majority_to_minority,0.9514549206631319,0.003477955210718488,0.9375573921028467,0.008416116978798635,0.9847551037019273,0.0012390657815982875,0.9521775056112954,0.00303873295520995,0.9462950508928597,0.006379648232887493,0.9375573921028467,0.008416116978798635,0.9879949708884217,0.0011276845497769556,0.03593612740041086,0.0012058764048790813,0.1314652185784637,0.005282954302072524,0.0182387048397154,0.0019594527544170405,0.048582995951417,3
spambase,tabpfn_distpfn_t,oracle,0.1,0.05,minority_to_majority,0.9460390809364417,0.003627069720959282,0.9219467401285583,0.003180993218675592,0.9814250824373653,0.0035059038718858676,0.9485545984699971,0.004470556060990577,0.952657762102261,0.011322080547800793,0.9219467401285583,0.003180993218675592,0.9858194193482562,0.0023037460379664665,0.03969819735038637,0.001482232961424676,0.14646540005663647,0.009889963827090358,0.02272446124963193,0.011247286765203932,0.051063829787234,3
spambase,tabpfn_distpfn_t,oracle,0.1,0.1,majority_to_minority,0.9487445323222449,0.004293148009712364,0.9357208448117541,0.013865627980295262,0.9814981815687619,0.002143084323089869,0.9491690761351461,0.0029685791059689444,0.9410426611486105,0.0092640645740486,0.9357208448117541,0.013865627980295262,0.9849126652645714,0.002994779090971758,0.04008959390829537,0.0017972988334351168,0.1531262610068709,0.0076052111331984815,0.0357314863859594,0.005933793264404734,0.0996168582375478,3
spambase,tabpfn_distpfn_t,oracle,0.1,0.1,minority_to_majority,0.948932136615421,0.0027362547449334734,0.9265381083562901,0.001590496609337812,0.9831320458759762,0.003671104190848254,0.9512444374134007,0.0032394551203930202,0.9546217456252668,0.007171997753713192,0.9265381083562901,0.001590496609337812,0.9881694099680415,0.0007437344365728631,0.036683497111159535,0.0002866066001553295,0.13809647633118857,0.003519007763593911,0.0290683556748613,0.0026050218712546243,0.102127659574468,3
spambase,tabpfn_distpfn_t,oracle,0.1,0.2,majority_to_minority,0.9509686305873989,0.006445955875448563,0.9467401285583102,0.007952483046689076,0.9821597628508426,0.001192058030504644,0.9497400125533407,0.006442108461109736,0.9321946123700626,0.008032159017094734,0.9467401285583102,0.007952483046689076,0.9855347216051028,0.0012415632269649963,0.04536347710913327,0.001891327541884076,0.1843218249830474,0.0033497045579029532,0.07298178495505407,0.0007129787479525097,0.2006802721088435,3
spambase,tabpfn_distpfn_t,oracle,0.1,0.2,minority_to_majority,0.9332548357475043,0.009772699470399557,0.8898071625344354,0.024015972140719925,0.9788740784488571,0.003543738868692924,0.9388671153160996,0.00754674687832516,0.9614490767755415,0.006509366315618005,0.8898071625344354,0.024015972140719925,0.9828967419387752,0.0033911395474895776,0.0474439783716434,0.006553918080997126,0.1855689684369338,0.022016161154952515,0.0539236884105144,0.007590497064321456,0.20000000000000004,3
spambase,tabpfn_distpfn_t,oracle,0.1,0.3,majority_to_minority,0.9494529853767392,0.007666215783356196,0.9416303800468023,0.014005809189462728,0.9803596416195335,0.002635075578626953,0.9482106342602233,0.00590731031623701,0.9304181841415883,0.0026391508037730427,0.9449035812672176,0.0180645689374711,0.9833180287725742,0.0019084061536884303,0.06028398003204614,0.0010878436358540764,0.2362798792225289,0.003841716205461467,0.11718874116677447,0.010620729620647033,0.3005952380952381,3
spambase,tabpfn_distpfn_t,oracle,0.1,0.3,minority_to_majority,0.9274242917937934,0.003960642023185628,0.8769513314967861,0.012422175627611349,0.9793096790507988,0.006368453595039035,0.9340858328171651,0.0025750895551001625,0.9627978226268824,0.006796160351285539,0.8769513314967861,0.012422175627611349,0.9837080482241771,0.005669312124457913,0.05442102856037593,0.0054595028000994136,0.21212580769701037,0.026843393744044472,0.07928669080922703,0.00743620977364164,0.2978723404255319,3
spambase,tabpfn_distpfn_t,oracle,0.2,0.0,clean,0.960018069255606,0.0026596021296886856,0.9540863177226813,0.005734617078419041,0.9888717889747277,0.0014255360022451316,0.9595109971416752,0.004441861723454803,0.9482256431536928,0.015691003012518915,0.9540863177226813,0.005734617078419041,0.9911332286698856,0.0012536075157282074,0.029795093337565765,0.001674544359636642,0.11119833788817386,0.007568842720766812,0.012841384185062367,0.0036149278009580356,0.0,3
spambase,tabpfn_distpfn_t,oracle,0.2,0.05,majority_to_minority,0.9571027972787505,0.005155039328287823,0.9461773156787819,0.013440205338529156,0.9870561723152401,0.001949023814948631,0.9571685988425752,0.004066040102663453,0.9487125889027475,0.011315101753498343,0.9476584022038569,0.015338193836997402,0.990236348496368,0.001487657299133152,0.034254310178515164,0.002911548670151563,0.12770622111820024,0.009084207003178201,0.0253026466229155,0.00574411747410625,0.0506072874493927,3
spambase,tabpfn_distpfn_t,oracle,0.2,0.05,minority_to_majority,0.9525114290510185,0.00602834208023639,0.9384756657483929,0.016832233957597125,0.9867569036829877,0.001706206625100309,0.9532967669310923,0.0042802234780048125,0.948174669631333,0.007826299391500414,0.9384756657483929,0.016832233957597125,0.9905358571047721,0.0009735194735789982,0.03405839006511943,0.0005353570442758708,0.12312782704311974,0.003380274457567387,0.019718137185993967,0.0065456436864016945,0.0490405117270788,3
spambase,tabpfn_distpfn_t,oracle,0.2,0.1,majority_to_minority,0.9544368415336156,0.007112926067892995,0.9492086061001016,0.009938182552928436,0.9869684842583263,0.0020258687349649744,0.953489605966764,0.007070988287335113,0.9383479630242385,0.010541086306061617,0.9494949494949495,0.010429583738843543,0.9901441920014745,0.0013067769771086624,0.03694723468519077,0.0028930419668583753,0.14518496080252313,0.004591881877945749,0.04282545558040233,0.00643048065468489,0.09980806142034541,3
spambase,tabpfn_distpfn_t,oracle,0.2,0.1,minority_to_majority,0.9458786298962253,0.007794710638630357,0.921028466483012,0.017923986497652165,0.9854767960580935,0.003211626077641413,0.9485134631002244,0.006236606967114009,0.9534806434431543,0.005168594886715047,0.921028466483012,0.017923986497652165,0.9890399597144465,0.002883929823352873,0.03784749037765504,0.004000226417380925,0.1403117613497039,0.015702852553659125,0.03200219941072337,0.005489479185510751,0.1002132196162046,3
spambase,tabpfn_distpfn_t,oracle,0.2,0.2,majority_to_minority,0.9459625581326461,0.00852723910330376,0.9403122130394858,0.011133476265364732,0.981272335340522,0.0051919205535707665,0.9448170315937778,0.008372203639397544,0.9266911369964917,0.009469916836231619,0.9403122130394858,0.011133476265364732,0.9848056979044273,0.004169942738653416,0.04954789454513847,0.0028544311427006644,0.19821844315244538,0.006595478155988578,0.08393864771130148,0.007333596130730694,0.1996587030716723,3
spambase,tabpfn_distpfn_t,oracle,0.2,0.2,minority_to_majority,0.9332326194496283,0.011761048748745775,0.8879706152433426,0.0237511793505557,0.9833986216518434,0.0006760972876351241,0.9391983970338117,0.01033402266296972,0.9641898864809081,0.009772367885374701,0.8879706152433426,0.0237511793505557,0.9875210232003976,0.00024789873393635725,0.04756730974780717,0.0023575324254771868,0.17918536310220443,0.00682419316960014,0.06477697782027757,0.003467420054730527,0.2004264392324093,3
spambase,tabpfn_distpfn_t,oracle,0.2,0.3,majority_to_minority,0.9436841533615726,0.005534610153016844,0.934076838768921,0.008364232080504207,0.9833539094317584,0.0006505009054147865,0.9402070302587324,0.006146475347654023,0.9088492060611273,0.015339971374424726,0.9494949494949495,0.011469234156838074,0.9865188213184304,0.0009349677087843291,0.07192372417491423,0.0020526070172784054,0.26792299003446324,0.0029353392841486208,0.14908016893145676,0.003242982779094095,0.3,3
spambase,tabpfn_distpfn_t,oracle,0.2,0.3,minority_to_majority,0.9065138185372789,0.011761358826593045,0.827364554637282,0.027178417974194194,0.9794010857007608,0.0057435798869736425,0.9171288002493169,0.010005443078507625,0.974281771352811,0.010837889910481683,0.827364554637282,0.027178417974194194,0.9872807580529965,0.0010847528819700717,0.06591578559636296,0.003322027567851633,0.22994083368962323,0.005951341490919477,0.10907966651085389,0.00546338290982062,0.3006396588486141,3
spambase,tabpfn_distpfn_t,oracle,0.5,0.0,clean,0.9611190102392447,0.007826397874024884,0.9574730689100189,0.011341693464686931,0.9877693609653323,0.003696455550752788,0.9599325656832057,0.007415218802686149,0.9447968634257036,0.007821296364887407,0.9586776859504132,0.01200798607035997,0.9913488090418686,0.002365874865972648,0.03055681480442653,0.002894004631739882,0.11133071418581049,0.014226270105491491,0.01582454318789237,0.003312270113248885,0.0,3
spambase,tabpfn_distpfn_t,oracle,0.5,0.05,majority_to_minority,0.9550342130987293,0.009376307154425384,0.9494850755847825,0.015158031206713394,0.9857884274617144,0.0037486538191110427,0.9542217999991097,0.008594185519711079,0.9399615797931379,0.006031361018689323,0.9494949494949495,0.015172370653680715,0.9896192291109202,0.0022670911303204256,0.034843862205797736,0.0028135157687881485,0.1363804879809232,0.011320188153527524,0.037334473964682265,0.0005983544230995543,0.05016181229773461,3
spambase,tabpfn_distpfn_t,oracle,0.5,0.05,minority_to_majority,0.9488161181709569,0.007422232541015952,0.9292929292929294,0.018342501703800057,0.9847244732395822,0.0037260012131434973,0.9505284311049534,0.005589053889786515,0.9503065883887802,0.004642930175523352,0.9292929292929294,0.018342501703800057,0.9895961899871968,0.001471381036061566,0.03600364142798227,0.0014981107463319051,0.13476145126528496,0.004306465265453364,0.0288295788036859,0.003876935184678842,0.0502555366269165,3
spambase,tabpfn_distpfn_t,oracle,0.5,0.1,majority_to_minority,0.9522522389091304,0.005864435613747834,0.9463451721516237,0.006281035163082802,0.986302943655486,0.0036886646574960337,0.9498540811128969,0.004695794359098096,0.9260377614622768,0.002316162380532823,0.9540863177226814,0.013018775829896988,0.9895928986838078,0.0026452267994153903,0.040599494121198065,0.0033673739701243167,0.16731100840361054,0.01208713429069644,0.0680833034271134,0.0055282618679017665,0.0996932515337423,3
spambase,tabpfn_distpfn_t,oracle,0.5,0.1,minority_to_majority,0.9496677429228747,0.006492990813667516,0.9256198347107438,0.016528925619834586,0.983810365930862,0.005435692590714219,0.9523287091509717,0.004817550426888966,0.9582484549729164,0.00496388910242658,0.9256198347107438,0.016528925619834586,0.99014254634978,0.001421314414468696,0.0393648730524438,0.000650732018042002,0.1532923211239963,0.0023024534430566177,0.052063613844336665,0.004673226978720684,0.0996592844974446,3
spambase,tabpfn_distpfn_t,oracle,0.5,0.2,majority_to_minority,0.9443210205673549,0.003901983751837244,0.9235364396654718,0.010802354432512005,0.9804725055383466,0.005339580109790099,0.9379298577845002,0.004534578484393622,0.8916235427449708,0.012916655655533335,0.9651056014692377,0.010429583738843465,0.9878320513706633,0.0023076308952445254,0.08401518636530997,0.0009675062305300943,0.30371794265721475,0.003475148813951239,0.17621047368450357,0.008611396257845292,0.2002724795640326,3
spambase,tabpfn_distpfn_t,oracle,0.5,0.2,minority_to_majority,0.9251063913820512,0.005975373483177731,0.8705234159779615,0.01200798607035997,0.9777508269663291,0.010144097121669159,0.9324176450923108,0.005557469643077796,0.9654544275298776,0.009280460295487717,0.8705234159779615,0.01200798607035997,0.9878188861571071,0.0028961641783575498,0.06402521926591383,0.004443575572538528,0.2244308346368222,0.010435947244204118,0.10939160975195877,0.006273353482124552,0.2001703577512776,3
spambase,tabpfn_distpfn_t,oracle,0.5,0.3,majority_to_minority,0.5307646356033452,0.013920167500276094,0.061529271206690495,0.027840335000552052,0.9774833013384575,0.004384434339235906,0.34803317249499904,0.028583596306962406,0.40948170206567736,0.007123737270634948,1.0,0.0,0.9815045206052049,0.0018413871810516894,0.22181858554247572,0.0033605602115203887,0.6054125405604277,0.00393812937293217,0.34503456290228335,0.0052667408170746464,0.2999403697078115,3
spambase,tabpfn_distpfn_t,oracle,0.5,0.3,minority_to_majority,0.8666849334004759,0.01660022552645496,0.7447199265381084,0.03263426197229911,0.9758155129065651,0.00855233994652135,0.8813463764053374,0.015483806036232367,0.9770540655598126,0.002692109281185567,0.7447199265381084,0.03263426197229911,0.9859971497312651,0.0018384861017625748,0.10631546350602054,0.004386762186733259,0.32314728937220666,0.011275926770758487,0.1726502708137361,0.0027067009504270385,0.2998296422487223,3
spambase,tabpfn_downsample,,0.05,0.0,clean,0.9258444661670469,0.008313060192742075,0.9036948171845532,0.016841864200854664,0.9704982367875843,0.0031062433414522253,0.9240804010448161,0.004347690254316702,0.8998274027310171,0.0276731245947285,0.9191919191919192,0.03740204197321634,0.9784222149813547,0.0010687605079786912,0.053491918991009364,0.0022360359952418632,0.19027340908845258,0.012877419028962288,0.033807040328699835,0.018644883786156502,0.0,3
spambase,tabpfn_downsample,,0.05,0.05,majority_to_minority,0.9330524205890774,0.008750089261305554,0.916165565725683,0.014019251344552152,0.9716557461014936,0.005149733138365592,0.929956951872707,0.005594069409212317,0.8989849427216083,0.01583785941773285,0.9348025711662076,0.029456409425795207,0.9780289042263627,0.003348800112581605,0.0562976126869519,0.0023436026396101155,0.2006150633096694,0.015176488194097587,0.055928103765321036,0.012005240808109368,0.048780487804878,3
spambase,tabpfn_downsample,,0.05,0.05,minority_to_majority,0.9262147377983155,0.0039237426957060405,0.9127640036730945,0.006932813990147631,0.9634260542506462,0.011907417629590241,0.9258041470986372,0.003956449315197712,0.9078090514990764,0.00747978297434504,0.9127640036730945,0.006932813990147631,0.9740645292942459,0.003695502428074976,0.0551935657858848,0.0027348917980852265,0.19651461144288376,0.017579347274181364,0.022318421317978298,0.005625118618158508,0.05128205128205119,3
spambase,tabpfn_downsample,,0.05,0.1,majority_to_minority,0.9299051117232936,0.002547827588206209,0.9247706784363675,0.006823121983776898,0.9710575222635193,0.005045687653033471,0.9263183010960286,0.0022971687015168195,0.8914337544895986,0.00879958354793374,0.933884297520661,0.009932648141774091,0.977995991192472,0.0010138443259555406,0.06019930168986317,0.0013911747245883605,0.2234136015176773,0.01138736443199014,0.08395339764042514,0.006689300778229151,0.10000000000000002,3
spambase,tabpfn_downsample,,0.05,0.1,minority_to_majority,0.9317465959694698,0.007617142947582235,0.9255556542946572,0.007179441213801015,0.9665916031190728,0.012250070996039975,0.9301682311455188,0.008877532470640544,0.9067467502275659,0.019181515713874622,0.9256198347107438,0.007288571104861027,0.9767090915673515,0.003928762764197531,0.05220238367716463,0.0050277456549036904,0.18627204994360605,0.01861333576205618,0.028593422470184832,0.01162777358980258,0.10256410256410249,3
spambase,tabpfn_downsample,,0.05,0.2,majority_to_minority,0.931010989662016,0.003883010898141809,0.9253236174057289,0.002802190655240342,0.9667755985658211,0.007605692000539437,0.9290829773073211,0.005141218953508296,0.9034655276634015,0.013230269940090987,0.9265381083562904,0.003180993218675624,0.9753020593685306,0.004100973598172783,0.06701479603846862,0.0013423364002755284,0.25740378101666767,0.008754880230037825,0.10170940193406613,0.006525192969284844,0.1986301369863013,3
spambase,tabpfn_downsample,,0.05,0.2,minority_to_majority,0.9245608578453153,0.0038955743203756125,0.9103103369965541,0.017032638853401127,0.9682209629933048,0.006104201613520221,0.9239322147100385,0.0014093255225202078,0.9047274942925694,0.014523803516782733,0.9118457300275482,0.019283746556473802,0.9752296506939713,0.00454079737116854,0.05588909859458604,0.0051880953855846955,0.19378924369812003,0.021163850979331943,0.024639479247323934,0.010569191212196401,0.19658119658119647,3
spambase,tabpfn_downsample,,0.05,0.3,majority_to_minority,0.9276094276094277,0.00498716347961804,0.9134996099805482,0.010635937293789208,0.9673982568358426,0.006449134292242591,0.9243668692255457,0.0030664098614386712,0.8913088944017319,0.016814602906589465,0.9292929292929294,0.0224367157444824,0.9717737821354634,0.006448590054200704,0.0815077498555183,0.0018276575558923498,0.293185035387675,0.008838044963505017,0.13753310620914194,0.0061289446235646,0.2994011976047904,3
spambase,tabpfn_downsample,,0.05,0.3,minority_to_majority,0.9267183072168409,0.0014619369379104566,0.9173553719008266,0.0047714898280134845,0.9656043359543617,0.006844415013418195,0.9255545951007971,0.0016615031210600077,0.9032954261787172,0.00581455145651264,0.9173553719008266,0.0047714898280134845,0.973572479437582,0.005796388957379469,0.057783046116431536,0.0041358567263289035,0.2048914382855097,0.019466934781084043,0.03077716479523537,0.010471258239213618,0.2991452991452991,3
spambase,tabpfn_downsample,,0.1,0.0,clean,0.9450220681892235,0.011572824286371837,0.9340077213977508,0.02396505247316422,0.9771712448638823,0.006696145812350721,0.944340798693062,0.009191381146105682,0.9290443314545054,0.005346425430236828,0.9366391184573003,0.026566531022019148,0.982175946496572,0.0067174786578423845,0.04410382732748983,0.004842274989366019,0.1647524734338124,0.03010238769435374,0.022831838691241002,0.0036117519682365767,0.0,3
spambase,tabpfn_downsample,,0.1,0.05,majority_to_minority,0.9396679404010783,0.00666568334248633,0.9359775664761002,0.007739741182207648,0.9763844641275298,0.005261858880189689,0.9374183287980654,0.0071930816729179345,0.9117718875273512,0.012411778901248135,0.9384756657483931,0.00693281399014766,0.9823701333965266,0.002572210453447079,0.047541007399558965,0.0026155374585743302,0.17207644383112586,0.00872929685275936,0.0417610930533047,0.0018476142745704634,0.048582995951417,3
spambase,tabpfn_downsample,,0.1,0.05,minority_to_majority,0.9387546037106155,0.006583218572123934,0.9247015610651973,0.015172370653680631,0.9755830161732403,0.006373267126145297,0.9389535027435406,0.005290431614945999,0.9272961733063324,0.0047489037833886695,0.9247015610651973,0.015172370653680631,0.9812181772103571,0.004023131735396585,0.045635694017012896,0.003764702389570206,0.16693064570426938,0.0190590994001209,0.025100038143180167,0.005787516733441283,0.051063829787234,3
spambase,tabpfn_downsample,,0.1,0.1,majority_to_minority,0.9353036721071911,0.005028050624340833,0.9319193893973953,0.004719168713224629,0.9750646034512398,0.0021736529833752865,0.9325805597758824,0.004730855240935324,0.9033822609091425,0.005727297132061618,0.9357208448117539,0.008416116978798543,0.980104071013162,0.0018087119631867996,0.05418153107166287,0.0022485358952895203,0.20131934682528174,0.007803058777545951,0.06594710291197793,0.010454899123361564,0.0996168582375478,3
spambase,tabpfn_downsample,,0.1,0.1,minority_to_majority,0.9435952881700683,0.006135901830359383,0.9376610681596019,0.004566864915165726,0.9755459067549702,0.007881545226860735,0.9415451803722327,0.007361109812073331,0.9179582946563093,0.01743557093752319,0.9421487603305786,0.0072885711048611525,0.9835895613021712,0.002881114100143236,0.045838274061679805,0.005231511195399461,0.16456527511278787,0.021324689599331873,0.025796381021852135,0.008865685628692114,0.102127659574468,3
spambase,tabpfn_downsample,,0.1,0.2,majority_to_minority,0.9350049863246345,0.013163164997605108,0.9329018434590282,0.012415554725693447,0.9710919518748153,0.002780331104468272,0.9322260480970938,0.013621970552930065,0.9026718548450893,0.019224286450452478,0.9357208448117539,0.01358920898709702,0.9783284128347668,0.0018240852055749416,0.06307568401098247,0.0036331320858276495,0.24381379286448157,0.004287697164155597,0.1032593099105802,0.002911484084327909,0.2006802721088435,3
spambase,tabpfn_downsample,,0.1,0.2,minority_to_majority,0.934666804901409,0.011441487671299967,0.9201101928374656,0.024485384069739973,0.967693176284658,0.0081472914860914,0.9347759878881461,0.009676915220855233,0.9219072241251135,0.009893607681013168,0.9201101928374656,0.024485384069739973,0.9748067182084776,0.0072032661714942,0.05158086245258644,0.006849030312110923,0.18825983504454294,0.024876749486632512,0.025412862734155165,0.002090126023071126,0.20000000000000004,3
spambase,tabpfn_downsample,,0.1,0.3,majority_to_minority,0.9330302042912013,0.005343132969008246,0.9183871955132953,0.011036453495248155,0.969262974151308,0.006674760607545539,0.930314568530434,0.005377153850318866,0.9013658387272577,0.02183850864397332,0.9329660238751147,0.02209588506063535,0.9745417682856589,0.00610842478415928,0.07747249305248254,0.0010027359684605774,0.2847063839435577,0.007019862799501378,0.13926441284180377,0.008608623702329642,0.3005952380952381,3
spambase,tabpfn_downsample,,0.1,0.3,minority_to_majority,0.9294064792598516,0.01233759595757973,0.9173553719008264,0.014577142209722357,0.9731209982241076,0.009394598879241378,0.9288581205773228,0.012486279902537608,0.9107080483990243,0.01642845123471576,0.9173553719008264,0.014577142209722357,0.9795198646616047,0.008446915662336477,0.050375254203875806,0.009417784063286905,0.175492246945699,0.032307347412219585,0.0224404638600099,0.006518526697039765,0.2978723404255319,3
spambase,tabpfn_downsample,,0.2,0.0,clean,0.9544096882806561,0.008478823665666558,0.9492234169653525,0.004510056412945479,0.9844105580561883,0.0028016701906840562,0.9514234324093617,0.00795861627927952,0.9247560514185079,0.007060798269044787,0.9595959595959597,0.012723972874702505,0.988352077306134,0.001295989107411129,0.03729828074574467,0.0031152406065822523,0.1339952101310094,0.007510992446853363,0.0199721796930893,0.0031947578258716327,0.0,3
spambase,tabpfn_downsample,,0.2,0.05,majority_to_minority,0.9459131885818103,0.004319534533376625,0.938534909209396,0.004408266880623617,0.9816639138540229,0.005581583951907442,0.943120145337646,0.0027926900634330626,0.9158447773052446,0.005118854840968383,0.9485766758494032,0.013018775829897042,0.9864200822167586,0.003476620221663164,0.043977024654547336,0.003860358647044874,0.1609508395195007,0.01541092420055233,0.04361782995549133,0.0061573558180770755,0.0506072874493927,3
spambase,tabpfn_downsample,,0.2,0.05,minority_to_majority,0.9441260108415533,0.011947769948108705,0.932171174106658,0.02480884182770194,0.9796826970771807,0.005947355500829863,0.9432222551436787,0.008963821433291627,0.9265987895020151,0.006847219633416113,0.9366391184573003,0.029797944425322284,0.9865040104531796,0.0026241963578242174,0.041666425764560665,0.0027706171552264822,0.14564816157023106,0.010533889246836316,0.022572939055612765,0.004107566174126469,0.0490405117270788,3
spambase,tabpfn_downsample,,0.2,0.1,majority_to_minority,0.9461674417686149,0.014808218189156726,0.9426276449736862,0.017691641054629295,0.982403573078597,0.006086373067908132,0.94415823989541,0.01438166227721602,0.9211740449715533,0.015166651713109866,0.9449035812672179,0.019865296283548137,0.98655502565571,0.003899489321772774,0.045108802616596166,0.006401770651601665,0.17762086292107895,0.0146235676422347,0.06270553414054937,0.00797751561315964,0.09980806142034541,3
spambase,tabpfn_downsample,,0.2,0.1,minority_to_majority,0.9464216949554194,0.006972744739320591,0.9361651707692764,0.009146785565167556,0.9797412058308038,0.005315543154219608,0.9451897304656566,0.0052885241054661134,0.926850933507206,0.006580340427900702,0.9412304866850322,0.0177110206813461,0.985625232448302,0.003880714680611516,0.041231193890174204,0.004115631509460221,0.14712879558404282,0.01528193875033356,0.021602220893974,0.0033806452140721674,0.1002132196162046,3
spambase,tabpfn_downsample,,0.2,0.2,majority_to_minority,0.9397839588455424,0.014934171415675952,0.9357208448117539,0.01683223395759737,0.9758142310077765,0.007412975403628571,0.9380982324363337,0.015158490986548638,0.9156037279077317,0.019785973794264104,0.9357208448117539,0.01683223395759737,0.9811293120188527,0.005971245302761023,0.05829564606149986,0.0070671271672178735,0.22789094845453894,0.019104745362527292,0.10099785118537384,0.0008970530154956343,0.1996587030716723,3
spambase,tabpfn_downsample,,0.2,0.2,minority_to_majority,0.9383176831857184,0.010621376686528445,0.9256198347107438,0.019865296283548068,0.9762453198204216,0.00536973065212074,0.9382274784817807,0.009343782880605889,0.9247594798156596,0.006367245366726186,0.9256198347107438,0.019865296283548068,0.9815621184145135,0.003893631384371389,0.04669756690661103,0.005280082375454051,0.16899821658929184,0.015372280077421429,0.02675209484301393,0.00592349195649199,0.2004264392324093,3
spambase,tabpfn_downsample,,0.2,0.3,majority_to_minority,0.9402430956683157,0.0030566620262701444,0.9327487978514372,0.011091096771989961,0.9796293247022246,0.0028263693921263024,0.9384710141919674,0.0009390256529326447,0.9158098309391186,0.010590123189745644,0.9366391184573003,0.014577142209722189,0.9836850091004538,0.0011753824582752797,0.06753635406494136,0.0033764544082071847,0.2578108509381612,0.010912340077140948,0.1298022762890143,0.0011049107281470944,0.3,3
spambase,tabpfn_downsample,,0.2,0.3,minority_to_majority,0.9398777609921304,0.006492990813667674,0.9300581573308846,0.014950762128461536,0.974916067016745,0.008074080875873342,0.9390866605970181,0.004813732189887521,0.9218738958146236,0.003985100045387523,0.931129476584022,0.016528925619834725,0.9834809482903326,0.0034882478791501215,0.04546391218900677,0.0027209064143028194,0.1674463997284571,0.007615716468055648,0.034391726563686935,0.00905920772463778,0.3006396588486141,3
spambase,tabpfn_downsample,,0.5,0.05,minority_to_majority,0.9528767637272036,0.0030874023372280232,0.9437433968225758,0.010014404991100857,0.9848915754089597,0.003953235116807751,0.9526558714610496,0.002394291227908306,0.9414948926687866,0.00853739538489768,0.9439853076216713,0.010429583738843338,0.9896208747626147,0.0017466241925080442,0.0348028553028901,0.002492682226771405,0.12860085815191266,0.006594240213445531,0.02263580601247127,0.004950104447398964,0.0502555366269165,3
spambase,tabpfn_downsample,,0.5,0.1,minority_to_majority,0.9545972925738323,0.0078758055460455,0.9489321366154212,0.008890665225527075,0.9843219427724059,0.004260997013694008,0.9535051337726915,0.007925501307198884,0.9375668314614103,0.012005886730885354,0.9504132231404959,0.011019283746556488,0.989999374652356,0.0016124456072556532,0.0353144581119219,0.0019407764250878583,0.1360368231932322,0.006026026484783833,0.03709047808103903,0.004063712923309622,0.0996592844974446,3
spambase,tabpfn_downsample,,0.5,0.2,minority_to_majority,0.9465377133998835,0.009529253421509877,0.9384756657483929,0.016832233957597132,0.9771920810223281,0.007767133071260366,0.9458793301207172,0.008496100431305425,0.9307495136656495,0.004884040077979123,0.9384756657483929,0.016832233957597132,0.9866109778133239,0.0027352869832537358,0.04432803019881243,0.0028589726817686003,0.16742657124996183,0.006210894050664124,0.0500773425752292,0.00824783327982117,0.2001703577512776,3
spambase,tabpfn_downsample,,0.5,0.3,minority_to_majority,0.942864618817698,0.009767454962823852,0.931129476584022,0.01675692157106941,0.9750105340246332,0.0051579688296986125,0.9427813388075631,0.008944878930422673,0.9302680710910716,0.00798277993620431,0.931129476584022,0.01675692157106941,0.9853290151432869,0.0015335531377225974,0.049880512058734866,0.0022871483537838916,0.18875458836555478,0.004692380546162896,0.06697477601331037,0.007048611952140256,0.2998296422487223,3
spambase,tabpfn_none,,0.05,0.0,clean,0.8511458672748996,0.017513361763022983,0.7070707070707071,0.03740204197321635,0.9816361154983957,0.0006222877024580004,0.8675857192130798,0.01657883147668616,0.9899299237653753,0.007564907216375194,0.7070707070707071,0.03740204197321635,0.9854853520542669,0.0008183291593475653,0.08812101682027178,0.012499880493480844,0.3234177728494008,0.05014362921076766,0.12521956021952432,0.013875905332480065,0.0,3
spambase,tabpfn_none,,0.05,0.05,majority_to_minority,0.854818961857085,0.007817234216289453,0.7144168962350781,0.015172370653680638,0.9812661541956822,0.0021599832851460204,0.8712230563402402,0.0075325881201074975,0.9898090989785069,0.0022754677542611073,0.7144168962350781,0.015172370653680638,0.984614802307862,0.0020725001878886392,0.0832762892047564,0.003256889590728686,0.28718869884808856,0.011545436225051716,0.12110046902873693,0.006538039770649759,0.048780487804878,3
spambase,tabpfn_none,,0.05,0.05,minority_to_majority,0.8398056814479102,0.005509641873278209,0.6831955922865015,0.011019283746556474,0.9783168040032431,0.0004943788666270411,0.8569543173692399,0.0053579775937427025,0.9919986343170518,0.00012803823900600357,0.6831955922865015,0.011019283746556474,0.9827124289489881,0.0007156428175130479,0.09665649135907488,0.003772255966624051,0.3524109323819478,0.01878680856351159,0.13749309620303254,0.0034971967077627227,0.05128205128205119,3
spambase,tabpfn_none,,0.05,0.1,majority_to_minority,0.8614073284161261,0.008961993248826055,0.7281910009182736,0.017923986497652068,0.9821558380795206,0.002601666003064872,0.8773691994093249,0.008450161936826382,0.9887736289869226,0.00027280017660688284,0.7281910009182736,0.017923986497652068,0.9874831732114234,0.0004518685069791295,0.08088660985231394,0.004269225637155421,0.27871108055114746,0.01932437228379722,0.11594395838149357,0.0071914018379975585,0.10000000000000002,3
spambase,tabpfn_none,,0.05,0.1,minority_to_majority,0.8258711257244982,0.016651760908679744,0.6547291092745638,0.03228355524563255,0.9801379130854873,0.0016039478640066304,0.8432316540719528,0.016559139203361228,0.9929543663586217,0.002666107414411738,0.6547291092745638,0.03228355524563255,0.9843728915087665,0.0010050230816467604,0.1029496962825457,0.007928394866092474,0.3665409783522288,0.018973213117328025,0.1566647938756023,0.008479804140757673,0.10256410256410249,3
spambase,tabpfn_none,,0.05,0.2,majority_to_minority,0.8577564501318168,0.008481141023667359,0.7226813590449955,0.015172370653680713,0.9773317367757826,0.00547856805948341,0.8736663785915618,0.008284718157769549,0.9849361086160938,0.004006994102740793,0.7226813590449955,0.015172370653680713,0.9813350184806685,0.005780586941423389,0.08718027671178176,0.006847709731962855,0.30430687467257184,0.03487580304705772,0.12152464419988951,0.006994941325006083,0.1986301369863013,3
spambase,tabpfn_none,,0.05,0.2,minority_to_majority,0.799517659488334,0.01746655130851087,0.5996326905417815,0.03584797299530414,0.9786851411438277,0.002306656294079832,0.8167022069405582,0.01800410057128425,0.9985632183908045,0.002488578746506997,0.5996326905417815,0.03584797299530414,0.9831073853556748,0.002457638521929559,0.11886160075664513,0.009968199317931751,0.4140511055787404,0.033891857752675864,0.1777319860716434,0.01097920916608472,0.19658119658119647,3
spambase,tabpfn_none,,0.05,0.3,majority_to_minority,0.8526837287834356,0.008859952562752129,0.7107438016528925,0.017203851235257302,0.9761781876268557,0.0018191645219420175,0.8690965610146826,0.008522534680068212,0.9884966099433757,0.003915309230677855,0.7107438016528925,0.017203851235257302,0.9794556842455181,0.0023353537070085156,0.08839626610279079,0.006045335133383533,0.296468178431193,0.01648587999742487,0.11652851785886037,0.004589022178413592,0.2994011976047904,3
spambase,tabpfn_none,,0.05,0.3,minority_to_majority,0.7260557678446241,0.023224081767143277,0.45270890725436175,0.047262109210129515,0.9759990308785742,0.004757323992925954,0.7352816275580928,0.027638898116673267,0.998158379373849,0.003189780492760323,0.45270890725436175,0.047262109210129515,0.9807508121291112,0.004956378352419813,0.15316734214623764,0.007391290521619967,0.5048301517963409,0.021000779214698815,0.22104538621150369,0.009331931317943526,0.2991452991452991,3
spambase,tabpfn_none,,0.1,0.0,clean,0.9121172625571453,0.005077796305924471,0.8337924701561065,0.013589208987097066,0.9838564105617783,0.004766671878101048,0.9230151419038526,0.003914236498412698,0.9827777777777778,0.006456669580611818,0.8337924701561065,0.013589208987097066,0.9865089474082632,0.005484844522871815,0.05359482020139691,0.004808741386411056,0.20936246713002515,0.04358109938365624,0.07346775708838056,0.0068586087770962385,0.0,3
spambase,tabpfn_none,,0.1,0.05,majority_to_minority,0.9187056291161864,0.00022269717332212274,0.8475665748393021,0.004208058489399357,0.9847551037019273,0.0012390657815982875,0.9287392615348974,0.0009915601742745818,0.9819821296070694,0.007821145504080744,0.8475665748393021,0.004208058489399357,0.9879949708884217,0.0011276845497769556,0.051676742732524795,0.0008491904591113259,0.18562420209248856,0.004630058124207101,0.0690724114188671,0.0031346039628985267,0.048582995951417,3
spambase,tabpfn_none,,0.1,0.05,minority_to_majority,0.8922139281376817,0.0103596338362135,0.7933884297520661,0.018064568937471007,0.9814250824373653,0.0035059038718858676,0.9052749903647165,0.00997005317299153,0.9829415662748996,0.010096317225452699,0.7933884297520661,0.018064568937471007,0.9858194193482562,0.0023037460379664665,0.0644889424244562,0.004337309701313389,0.23726810514926908,0.01840143936885334,0.0944188931023879,0.004250660018749505,0.051063829787234,3
spambase,tabpfn_none,,0.1,0.1,majority_to_minority,0.9141142608884545,0.009195640114761454,0.8383838383838383,0.020306101365928336,0.9814981815687619,0.002143084323089869,0.9246597202949469,0.00810267752556919,0.9818939867852802,0.011717488118116562,0.8383838383838383,0.020306101365928336,0.9849126652645714,0.002994779090971758,0.0532117374241352,0.003126899103329962,0.19281877080599463,0.013846798705863542,0.06707871652643424,0.007188353546094551,0.0996168582375478,3
spambase,tabpfn_none,,0.1,0.1,minority_to_majority,0.8853046594982078,0.00525293702888833,0.7777777777777778,0.013589208987097097,0.9831320458759762,0.003671104190848254,0.8992931972828203,0.004278277778307966,0.986117610716191,0.005651517302193016,0.7777777777777778,0.013589208987097097,0.9881694099680415,0.0007437344365728631,0.06840862333774562,0.0029397164184116306,0.2397396812836329,0.008211501671076059,0.1096401800774981,0.005192200517304604,0.102127659574468,3
spambase,tabpfn_none,,0.1,0.2,majority_to_minority,0.9070889738045164,0.0023523334684103937,0.8255280073461891,0.008416116978798526,0.9821597628508426,0.001192058030504644,0.9182317269402493,0.001552304432842623,0.9793833954473549,0.00712720683255726,0.8255280073461891,0.008416116978798526,0.9855347216051028,0.0012415632269649963,0.0552162441114584,0.0023459160866749805,0.19304895401000974,0.007870037022542945,0.06431093349934176,0.004531845435963262,0.2006802721088435,3
spambase,tabpfn_none,,0.1,0.2,minority_to_majority,0.8705900648715897,0.009199648864038313,0.7465564738292011,0.020798441970442824,0.9788740784488571,0.003543738868692924,0.8859691405647488,0.008243770590458136,0.9891619051975727,0.005916035370413848,0.7465564738292011,0.020798441970442824,0.9828967419387752,0.0033911395474895776,0.08807508399089174,0.007171051264466318,0.32218561569849646,0.03141474151810982,0.14537915474372173,0.00811670342781247,0.20000000000000004,3
spambase,tabpfn_none,,0.1,0.3,majority_to_minority,0.9069285227642999,0.009747617122074354,0.8246097337006427,0.0222669525307294,0.9803596416195335,0.002635075578626953,0.9181620000846705,0.008319773044722666,0.9804864448131476,0.008105427016991464,0.8246097337006427,0.0222669525307294,0.9833180287725742,0.0019084061536884303,0.056380394846200894,0.004594855390227706,0.20098468164602912,0.014288231257313447,0.06708965676901044,0.008433695271092697,0.3005952380952381,3
spambase,tabpfn_none,,0.1,0.3,minority_to_majority,0.8430196392073226,0.0057972950532743615,0.689623507805326,0.01517237065368071,0.9793096790507988,0.006368453595039035,0.860058712562758,0.005131354670151721,0.9922262922262922,0.007693599648596948,0.689623507805326,0.01517237065368071,0.9837080482241771,0.005669312124457913,0.10784890005985891,0.006221111480487415,0.3660321434338887,0.029002377601211514,0.17672722750531125,0.008464712485857466,0.2978723404255319,3
spambase,tabpfn_none,,0.2,0.0,clean,0.949512228837742,0.007595433996828444,0.9127640036730945,0.012422175627611333,0.9888717889747277,0.0014255360022451316,0.9547261026556336,0.00709546111341552,0.9773713639758573,0.006238489672315478,0.9127640036730945,0.012422175627611333,0.9911332286698856,0.0012536075157282074,0.03434456636508303,0.0024090318828005122,0.12747769554456073,0.008908214132390154,0.0338615606903997,0.004856446579830199,0.0,3
spambase,tabpfn_none,,0.2,0.05,majority_to_minority,0.9396383186705767,0.0031031148607165043,0.8989898989898989,0.0042080584893992206,0.9870561723152401,0.001949023814948631,0.9451009335402856,0.004458913371936595,0.9675858362919024,0.014899720709854777,0.8989898989898989,0.0042080584893992206,0.990236348496368,0.001487657299133152,0.037853841980298335,0.0019200705398643148,0.1349457800388336,0.008110866730860531,0.03248320679829853,0.007662143707428571,0.0506072874493927,3
spambase,tabpfn_none,,0.2,0.05,minority_to_majority,0.9394334350346081,0.003926292589698655,0.8943985307621672,0.01517237065368071,0.9867569036829877,0.001706206625100309,0.945730401208457,0.0024582026105180164,0.9742619631555219,0.013260091157847738,0.8943985307621672,0.01517237065368071,0.9905358571047721,0.0009735194735789982,0.04179660851756726,0.0018543341377246037,0.1527701765298843,0.006927020029545263,0.05302642496104523,0.006388409145206691,0.0490405117270788,3
spambase,tabpfn_none,,0.2,0.1,majority_to_minority,0.9438149826712877,0.007963288655058633,0.9109274563820019,0.0161417776228163,0.9869684842583263,0.0020258687349649744,0.9479449859611426,0.006886216161965029,0.9621968151003415,0.005481178342006913,0.9109274563820019,0.0161417776228163,0.9901441920014745,0.0013067769771086624,0.0377904760340849,0.003706562340699286,0.13721839586893714,0.00984420706706078,0.031677606601539,0.005768508538484664,0.09980806142034541,3
spambase,tabpfn_none,,0.2,0.1,minority_to_majority,0.921665333688794,0.01183515335162401,0.8576675849403123,0.02647113922020123,0.9854767960580935,0.003211626077641413,0.9305014973274788,0.009951576925699283,0.9750771071481562,0.007458379850536329,0.8576675849403123,0.02647113922020123,0.9890399597144465,0.002883929823352873,0.05001012235879893,0.005477504608904624,0.18331187963485718,0.020117300568419177,0.0742310202905353,0.005780595445981823,0.1002132196162046,3
spambase,tabpfn_none,,0.2,0.2,majority_to_minority,0.9340126583528342,0.00145827491445026,0.8907254361799817,0.004208058489399308,0.981272335340522,0.0051919205535707665,0.9396730759959798,0.0016980977798581732,0.9623461854209377,0.006525208280231603,0.8907254361799817,0.004208058489399308,0.9848056979044273,0.004169942738653416,0.042591243982315036,0.00237914486980197,0.16114720205465946,0.008457302992062666,0.044289319314550636,0.011855562335821692,0.1996587030716723,3
spambase,tabpfn_none,,0.2,0.2,minority_to_majority,0.901120195108465,0.011956424345261776,0.8135904499540864,0.01954434954434599,0.9833986216518434,0.0006760972876351241,0.9128813255757023,0.011480285254921183,0.9789231139190696,0.008636514616179019,0.8135904499540864,0.01954434954434599,0.9875210232003976,0.00024789873393635725,0.06704183419545486,0.0020328027113343775,0.23857940236727393,0.00784188120255397,0.113121114820552,0.0017475699134733558,0.2004264392324093,3
spambase,tabpfn_none,,0.2,0.3,majority_to_minority,0.9377079692328959,0.0033724598188867643,0.8999081726354453,0.012422175627611318,0.9833539094317584,0.0006505009054147865,0.9424937306735273,0.0023688477691217067,0.960017642422187,0.01108148087077696,0.8999081726354453,0.012422175627611318,0.9865188213184304,0.0009349677087843291,0.0431266811986764,0.0019273040101518,0.17352553705374396,0.007999914606984902,0.0612781128016581,0.005925380862897214,0.3,3
spambase,tabpfn_none,,0.2,0.3,minority_to_majority,0.8623700346574248,0.018174585286324072,0.7337006427915519,0.0391856534313166,0.9794010857007608,0.0057435798869736425,0.8776106259150654,0.01679413165501494,0.9817828993946894,0.0065813738051481874,0.7337006427915519,0.0391856534313166,0.9872807580529965,0.0010847528819700717,0.08958025028308231,0.0030652426683809844,0.2913614610830942,0.005468780430608699,0.15048221973591078,0.0031245037739579544,0.3006396588486141,3
spambase,tabpfn_none,,0.5,0.0,clean,0.9625630696011928,0.003956534450681455,0.9581839904420549,0.005475000830293701,0.9877693609653323,0.003696455550752788,0.9600487829282084,0.004254057980549161,0.937703442272614,0.00771613583641159,0.9669421487603306,0.004771489828013405,0.9913488090418686,0.002365874865972648,0.031179940328001934,0.002974164308236033,0.11413767437140143,0.014231661697674071,0.020175328505856734,0.003364690150458719,0.0,3
spambase,tabpfn_none,,0.5,0.05,majority_to_minority,0.9563178214204607,0.007768338827840102,0.953558063528738,0.007962494354412552,0.9857884274617144,0.0037486538191110427,0.954341361401108,0.007399055065943677,0.9336738883655773,0.0070219381950154276,0.9568411386593204,0.011133476265364685,0.9896192291109202,0.0022670911303204256,0.0361492373049259,0.002670349699290842,0.14318790038426712,0.011289757114439239,0.045273453043049035,0.000654245405982709,0.05016181229773461,3
spambase,tabpfn_none,,0.5,0.05,minority_to_majority,0.9548293294627607,0.003417030104611098,0.9449035812672176,0.008264462809917314,0.9847244732395822,0.0037260012131434973,0.9549031904513975,0.003612897467442511,0.9458806996411454,0.010200898613073595,0.9449035812672176,0.008264462809917314,0.9895961899871968,0.001471381036061566,0.0348903040091196,0.0016932676794257113,0.1293242846926053,0.004736366487387971,0.024061395965012233,0.002544824998683307,0.0502555366269165,3
spambase,tabpfn_none,,0.5,0.1,majority_to_minority,0.9509192610365632,0.0050664002697208,0.9448739595367162,0.0042914721669693005,0.986302943655486,0.0036886646574960337,0.9480264630068119,0.004164627813034615,0.9211983884942662,0.004683122800938913,0.9550045913682276,0.011469234156838268,0.9895928986838078,0.0026452267994153903,0.0422010061641534,0.0032964176551923945,0.17371951540311173,0.011936032275733506,0.07550522781048304,0.005635850092796754,0.0996932515337423,3
spambase,tabpfn_none,,0.5,0.1,minority_to_majority,0.9548515457606367,0.0030260715714958784,0.9467401285583102,0.007952483046689076,0.983810365930862,0.005435692590714219,0.954561157116307,0.0033492919893540053,0.9433925583920314,0.010535024828226783,0.9467401285583102,0.007952483046689076,0.99014254634978,0.001421314414468696,0.03582532952229176,0.000924378930821032,0.13955195744832352,0.00424477901198187,0.04083248049322777,0.002861572319629474,0.0996592844974446,3
spambase,tabpfn_none,,0.5,0.2,majority_to_minority,0.9453108800616131,0.005580631041277438,0.9301075268817205,0.012923122851125455,0.9804725055383466,0.005339580109790099,0.9400425910891658,0.006060871338246725,0.8996759696859838,0.015818941859164666,0.960514233241506,0.013589208987097062,0.9878320513706633,0.0023076308952445254,0.07445781677961343,0.001202928760690806,0.2791862686475118,0.004470521299109813,0.15703348976155787,0.006382635011972684,0.2002724795640326,3
spambase,tabpfn_none,,0.5,0.2,minority_to_majority,0.9446838867659982,0.0023498609692791626,0.921028466483012,0.006932813990147638,0.9777508269663291,0.010144097121669159,0.9470427494466668,0.0023476365535074544,0.9498834125700992,0.007933631856562108,0.921028466483012,0.006932813990147638,0.9878188861571071,0.0028961641783575498,0.047775118301312064,0.002911784084948758,0.1814463486274083,0.0075812368913460906,0.07142947077443747,0.005592833505224328,0.2001703577512776,3
spambase,tabpfn_none,,0.5,0.3,majority_to_minority,0.8887827443545918,0.0148646888749378,0.7986857825567503,0.03232437098797777,0.9774833013384575,0.004384434339235906,0.8684524998107827,0.018200669564647137,0.7605791674125939,0.028745501361521996,0.9788797061524335,0.003180993218675576,0.9815045206052049,0.0018413871810516894,0.15333764751752216,0.0007114235760179427,0.45799723267555237,0.007724616993065609,0.27165384760373873,0.003916649874911767,0.2999403697078115,3
spambase,tabpfn_none,,0.5,0.3,minority_to_majority,0.9313244863098236,0.012604614848582572,0.8907254361799817,0.023429478093981812,0.9758155129065651,0.00855233994652135,0.9362862997235982,0.011197391818292076,0.9537296055973292,0.0043119172761006625,0.8907254361799817,0.023429478093981812,0.9859971497312651,0.0018384861017625748,0.0678207750121752,0.0037303663131050655,0.23643804589907327,0.008525518540863126,0.10876495162024413,0.0023167042417391193,0.2998296422487223,3
spambase,tabpfn_threshold,observed,0.05,0.0,clean,0.9456910256030491,0.007417620577605778,0.9302112029384757,0.023429478093981715,0.9816361154983957,0.0006222877024580004,0.9464648455131401,0.006324031799475567,0.9403070690599501,0.02170377425530572,0.9302112029384757,0.023429478093981715,0.9854853520542669,0.0008183291593475653,0.08812101682027178,0.012499880493480844,0.3234177728494008,0.05014362921076766,0.12521956021952432,0.013875905332480065,0.0,3
spambase,tabpfn_threshold,observed,0.05,0.05,majority_to_minority,0.9479595564639552,0.007072751619711643,0.9406034933894172,0.012824621516039282,0.9812661541956822,0.0021599832851460204,0.946387931348882,0.007883757943307767,0.9265210116974828,0.01891776055361502,0.9449035812672175,0.012624175468197834,0.984614802307862,0.0020725001878886392,0.0832762892047564,0.003256889590728686,0.28718869884808856,0.011545436225051716,0.12110046902873693,0.006538039770649759,0.048780487804878,3
spambase,tabpfn_threshold,observed,0.05,0.05,minority_to_majority,0.9409836389308531,0.004685751041825865,0.923783287419651,0.008855510340673042,0.9783168040032431,0.0004943788666270411,0.9419276237699267,0.007492550596646359,0.9355697733638909,0.025279496797301924,0.923783287419651,0.008855510340673042,0.9827124289489881,0.0007156428175130479,0.09665649135907488,0.003772255966624051,0.3524109323819478,0.01878680856351159,0.13749309620303254,0.0034971967077627227,0.05128205128205119,3
spambase,tabpfn_threshold,observed,0.05,0.1,majority_to_minority,0.9450220681892237,0.0044208448023370685,0.9366391184573004,0.012624175468197876,0.9821558380795206,0.002601666003064872,0.9443720244899478,0.0031520754727942107,0.9290312107022922,0.005915778387385562,0.9366391184573004,0.012624175468197876,0.9874831732114234,0.0004518685069791295,0.08088660985231394,0.004269225637155421,0.27871108055114746,0.01932437228379722,0.11594395838149357,0.0071914018379975585,0.10000000000000002,3
spambase,tabpfn_threshold,observed,0.05,0.1,minority_to_majority,0.9416698756874711,0.007545522940269452,0.931129476584022,0.014314469484040374,0.9801379130854873,0.0016039478640066304,0.9413087886181097,0.007003180374720795,0.9269513850519436,0.010079916287187081,0.931129476584022,0.014314469484040374,0.9843728915087665,0.0010050230816467604,0.1029496962825457,0.007928394866092474,0.3665409783522288,0.018973213117328025,0.1566647938756023,0.008479804140757673,0.10256410256410249,3
spambase,tabpfn_threshold,observed,0.05,0.2,majority_to_minority,0.9382066016963376,0.014095692603268302,0.9164370982552801,0.03216580328399818,0.9773317367757826,0.00547856805948341,0.9398462353343504,0.012035818507672212,0.937467807426584,0.017441812423733053,0.9164370982552801,0.03216580328399818,0.9813350184806685,0.005780586941423389,0.08718027671178176,0.006847709731962855,0.30430687467257184,0.03487580304705772,0.12152464419988951,0.006994941325006083,0.1986301369863013,3
spambase,tabpfn_threshold,observed,0.05,0.2,minority_to_majority,0.9376758790248528,0.006495273673998599,0.9219467401285583,0.015172370653680798,0.9786851411438277,0.002306656294079832,0.9381558260391017,0.00528121528285369,0.9279705047948793,0.006274933557428089,0.9219467401285583,0.015172370653680798,0.9831073853556748,0.002457638521929559,0.11886160075664513,0.009968199317931751,0.4140511055787404,0.033891857752675864,0.1777319860716434,0.01097920916608472,0.19658119658119647,3
spambase,tabpfn_threshold,observed,0.05,0.3,majority_to_minority,0.9399049142450903,0.004678258611153156,0.921028466483012,0.013865627980295234,0.9761781876268557,0.0018191645219420175,0.9411140411271552,0.00601657787781441,0.9361418741056508,0.02152658954618418,0.921028466483012,0.013865627980295234,0.9794556842455181,0.0023353537070085156,0.08839626610279079,0.006045335133383533,0.296468178431193,0.01648587999742487,0.11652851785886037,0.004589022178413592,0.2994011976047904,3
spambase,tabpfn_threshold,observed,0.05,0.3,minority_to_majority,0.9363651174501615,0.011210369737752982,0.9239067112967407,0.021071090287889217,0.9759990308785742,0.004757323992925954,0.9359896693776082,0.009643374034114279,0.9205046990902906,0.007629458418834073,0.9247015610651975,0.02243671574448238,0.9807508121291112,0.004956378352419813,0.15316734214623764,0.007391290521619967,0.5048301517963409,0.021000779214698815,0.22104538621150369,0.009331931317943526,0.2991452991452991,3
spambase,tabpfn_threshold,observed,0.1,0.0,clean,0.9492481017407703,0.0066184118118613605,0.9403122130394858,0.02030610136592831,0.9838564105617783,0.004766671878101048,0.9488729266822545,0.005054759097559319,0.9363301850660846,0.014615011052463742,0.9403122130394858,0.02030610136592831,0.9865089474082632,0.005484844522871815,0.05359482020139691,0.004808741386411056,0.20936246713002515,0.04358109938365624,0.07346775708838056,0.0068586087770962385,0.0,3
spambase,tabpfn_threshold,observed,0.1,0.05,majority_to_minority,0.9497294548614197,0.0027303894697240432,0.9430670339761248,0.004208058489399269,0.9847551037019273,0.0012390657815982875,0.9489371670937664,0.0029643544666346027,0.9336686054607582,0.006355980835103491,0.9430670339761248,0.004208058489399269,0.9879949708884217,0.0011276845497769556,0.051676742732524795,0.0008491904591113259,0.18562420209248856,0.004630058124207101,0.0690724114188671,0.0031346039628985267,0.048582995951417,3
spambase,tabpfn_threshold,observed,0.1,0.05,minority_to_majority,0.9476164380856463,0.004214818963982835,0.9412304866850322,0.006932813990147659,0.9814250824373653,0.0035059038718858676,0.9466849677074914,0.004484279734518449,0.9302005119343733,0.009430181030597366,0.9412304866850322,0.006932813990147659,0.9858194193482562,0.0023037460379664665,0.0644889424244562,0.004337309701313389,0.23726810514926908,0.01840143936885334,0.0944188931023879,0.004250660018749505,0.051063829787234,3
spambase,tabpfn_threshold,observed,0.1,0.1,majority_to_minority,0.9456638723500893,0.004646944868470917,0.9385990896254827,0.008618400789474009,0.9814981815687619,0.002143084323089869,0.9444424970510981,0.0035278979202270602,0.9258852708536068,0.0031499466948009197,0.9403122130394858,0.011469234156838209,0.9849126652645714,0.002994779090971758,0.0532117374241352,0.003126899103329962,0.19281877080599463,0.013846798705863542,0.06707871652643424,0.007188353546094551,0.0996168582375478,3
spambase,tabpfn_threshold,observed,0.1,0.1,minority_to_majority,0.9529656289187081,0.001876328733706913,0.9502157449371526,0.0027759739399591575,0.9831320458759762,0.003671104190848254,0.9512975857514636,0.002220026378286747,0.9316838112234532,0.005675309359877665,0.9513314967860422,0.003180993218675624,0.9881694099680415,0.0007437344365728631,0.06840862333774562,0.0029397164184116306,0.2397396812836329,0.008211501671076059,0.1096401800774981,0.005192200517304604,0.102127659574468,3
spambase,tabpfn_threshold,observed,0.1,0.2,majority_to_minority,0.951333965263584,0.008379862476194965,0.9475843478776032,0.00839203804864699,0.9821597628508426,0.001192058030504644,0.9490953557788138,0.008510057622604978,0.925945005299876,0.01208864522250753,0.9522497704315885,0.010429583738843428,0.9855347216051028,0.0012415632269649963,0.0552162441114584,0.0023459160866749805,0.19304895401000974,0.007870037022542945,0.06431093349934176,0.004531845435963262,0.2006802721088435,3
spambase,tabpfn_threshold,observed,0.1,0.2,minority_to_majority,0.9436224414230279,0.013143207637976466,0.9293719205742667,0.022394054380571096,0.9788740784488571,0.003543738868692924,0.9435127299515016,0.011048149065852365,0.9311887021446035,0.0045061641290949,0.9320477502295684,0.02675629436975844,0.9828967419387752,0.0033911395474895776,0.08807508399089174,0.007171051264466318,0.32218561569849646,0.03141474151810982,0.14537915474372173,0.00811670342781247,0.20000000000000004,3
spambase,tabpfn_threshold,observed,0.1,0.3,majority_to_minority,0.9485347117311927,0.006941147724516662,0.9407121064012559,0.013493933780450258,0.9803596416195335,0.002635075578626953,0.947441192423919,0.005302775158831725,0.9302908762420957,0.002744952903185867,0.9430670339761248,0.016605272102869748,0.9833180287725742,0.0019084061536884303,0.056380394846200894,0.004594855390227706,0.20098468164602912,0.014288231257313447,0.06708965676901044,0.008433695271092697,0.3005952380952381,3
spambase,tabpfn_threshold,observed,0.1,0.3,minority_to_majority,0.9412996040562023,0.012924214114895392,0.9368069749301421,0.017286743819056916,0.9793096790507988,0.006368453595039035,0.9395960013774179,0.012575896319615847,0.9173301344823083,0.013962413102572614,0.9375573921028467,0.01771102068134619,0.9837080482241771,0.005669312124457913,0.10784890005985891,0.006221111480487415,0.3660321434338887,0.029002377601211514,0.17672722750531125,0.008464712485857466,0.2978723404255319,3
spambase,tabpfn_threshold,observed,0.2,0.0,clean,0.9608869733503166,0.0010018522213184303,0.9527286550746962,0.0009735069552458726,0.9888717889747277,0.0014255360022451316,0.9585279360223367,0.0015913006959401125,0.9368437672430412,0.011915256091927154,0.9641873278236913,0.009932648141774037,0.9911332286698856,0.0012536075157282074,0.03434456636508303,0.0024090318828005122,0.12747769554456073,0.008908214132390154,0.0338615606903997,0.004856446579830199,0.0,3
spambase,tabpfn_threshold,observed,0.2,0.05,majority_to_minority,0.9556760172595951,0.005529534604569343,0.9486556671307405,0.010482507811174154,0.9870561723152401,0.001949023814948631,0.9542772661399814,0.003813470503746568,0.9369001918147014,0.005457633555487141,0.953168044077135,0.015338193836997166,0.990236348496368,0.001487657299133152,0.037853841980298335,0.0019200705398643148,0.1349457800388336,0.008110866730860531,0.03248320679829853,0.007662143707428571,0.0506072874493927,3
spambase,tabpfn_threshold,observed,0.2,0.05,minority_to_majority,0.9543430393870277,0.003459061117471387,0.9496973646533764,0.0032162547840209736,0.9867569036829877,0.001706206625100309,0.9524530977149581,0.003856746893739434,0.9319330289193303,0.009960106130400482,0.9540863177226814,0.006932813990147656,0.9905358571047721,0.0009735194735789982,0.04179660851756726,0.0018543341377246037,0.1527701765298843,0.006927020029545263,0.05302642496104523,0.006388409145206691,0.0490405117270788,3
spambase,tabpfn_threshold,observed,0.2,0.1,majority_to_minority,0.9547799599119248,0.006431328676345597,0.9495739407762868,0.004312412603212721,0.9869684842583263,0.0020258687349649744,0.9531789216717522,0.006605558518160615,0.9343938545062591,0.012034620147859002,0.9531680440771351,0.009932648141774091,0.9901441920014745,0.0013067769771086624,0.0377904760340849,0.003706562340699286,0.13721839586893714,0.00984420706706078,0.031677606601539,0.005768508538484664,0.09980806142034541,3
spambase,tabpfn_threshold,observed,0.2,0.1,minority_to_majority,0.9491765158920584,0.003623035540828095,0.9431904578532144,0.004410613337615419,0.9854767960580935,0.003211626077641413,0.9475160051267624,0.002473967566394029,0.9272000601468816,0.004320482789699444,0.9467401285583104,0.010429583738843505,0.9890399597144465,0.002883929823352873,0.05001012235879893,0.005477504608904624,0.18331187963485718,0.020117300568419177,0.0742310202905353,0.005780595445981823,0.1002132196162046,3
spambase,tabpfn_threshold,observed,0.2,0.2,majority_to_minority,0.9459625581326461,0.00852723910330376,0.9403122130394858,0.011133476265364732,0.981272335340522,0.0051919205535707665,0.9448170315937778,0.008372203639397544,0.9266911369964917,0.009469916836231619,0.9403122130394858,0.011133476265364732,0.9848056979044273,0.004169942738653416,0.042591243982315036,0.00237914486980197,0.16114720205465946,0.008457302992062666,0.044289319314550636,0.011855562335821692,0.1996587030716723,3
spambase,tabpfn_threshold,observed,0.2,0.2,minority_to_majority,0.9484902791354405,0.0036932722160090904,0.9393939393939394,0.008264462809917411,0.9833986216518434,0.0006760972876351241,0.9481268324931728,0.0029433572300316094,0.935105757560259,0.0010584247872377033,0.9393939393939394,0.008264462809917411,0.9875210232003976,0.00024789873393635725,0.06704183419545486,0.0020328027113343775,0.23857940236727393,0.00784188120255397,0.113121114820552,0.0017475699134733558,0.2004264392324093,3
spambase,tabpfn_threshold,observed,0.2,0.3,majority_to_minority,0.947478203343306,0.006704989825930906,0.9421487603305785,0.01101928374655646,0.9833539094317584,0.0006505009054147865,0.9463310209268311,0.006792751964261833,0.9286205754838637,0.012295556812936889,0.9421487603305785,0.01101928374655646,0.9865188213184304,0.0009349677087843291,0.0431266811986764,0.0019273040101518,0.17352553705374396,0.007999914606984902,0.0612781128016581,0.005925380862897214,0.3,3
spambase,tabpfn_threshold,observed,0.2,0.3,minority_to_majority,0.947892907570327,0.005030269688288034,0.9393939393939394,0.009932648141774199,0.9794010857007608,0.0057435798869736425,0.9473854065533939,0.00436529027737308,0.9334030622900117,0.0039032469956819978,0.9393939393939394,0.009932648141774199,0.9872807580529965,0.0010847528819700717,0.08958025028308231,0.0030652426683809844,0.2913614610830942,0.005468780430608699,0.15048221973591078,0.0031245037739579544,0.3006396588486141,3
spambase,tabpfn_threshold,observed,0.5,0.0,clean,0.9625630696011928,0.003956534450681455,0.9581839904420549,0.005475000830293701,0.9877693609653323,0.003696455550752788,0.9600487829282084,0.004254057980549161,0.937703442272614,0.00771613583641159,0.9669421487603306,0.004771489828013405,0.9913488090418686,0.002365874865972648,0.031179940328001934,0.002974164308236033,0.11413767437140143,0.014231661697674071,0.020175328505856734,0.003364690150458719,0.0,3
spambase,tabpfn_threshold,observed,0.5,0.05,majority_to_minority,0.955355115179162,0.007991358548748363,0.9507242513107617,0.011488983977672357,0.9857884274617144,0.0037486538191110427,0.9542544531068448,0.00742980298264284,0.938381570466313,0.00602781879093082,0.9513314967860422,0.012422175627611233,0.9896192291109202,0.0022670911303204256,0.0361492373049259,0.002670349699290842,0.14318790038426712,0.011289757114439239,0.045273453043049035,0.000654245405982709,0.05016181229773461,3
spambase,tabpfn_threshold,observed,0.5,0.05,minority_to_majority,0.9550119968008531,0.0046033208044946,0.9476584022038569,0.007288571104861132,0.9847244732395822,0.0037260012131434973,0.9545761743250888,0.004912026024206644,0.9425473931884857,0.010223504820744621,0.9476584022038569,0.007288571104861132,0.9895961899871968,0.001471381036061566,0.0348903040091196,0.0016932676794257113,0.1293242846926053,0.004736366487387971,0.024061395965012233,0.002544824998683307,0.0502555366269165,3
spambase,tabpfn_threshold,observed,0.5,0.1,majority_to_minority,0.9542986067912754,0.007259795807738483,0.9483347650503076,0.010179411181228622,0.986302943655486,0.0036886646574960337,0.9531281114811566,0.006699013392419188,0.9366723735952677,0.007564565961238857,0.9504132231404959,0.012624175468197822,0.9895928986838078,0.0026452267994153903,0.0422010061641534,0.0032964176551923945,0.17371951540311173,0.011936032275733506,0.07550522781048304,0.005635850092796754,0.0996932515337423,3
spambase,tabpfn_threshold,observed,0.5,0.1,minority_to_majority,0.9552390967346979,0.0022503297103077117,0.9496183733720391,0.0030796747971485747,0.983810365930862,0.005435692590714219,0.9535681433096824,0.0037698538962279834,0.9345547310853554,0.014036623196921585,0.9540863177226814,0.006932813990147634,0.99014254634978,0.001421314414468696,0.03582532952229176,0.000924378930821032,0.13955195744832352,0.00424477901198187,0.04083248049322777,0.002861572319629474,0.0996592844974446,3
spambase,tabpfn_threshold,observed,0.5,0.2,majority_to_minority,0.9472017338586252,0.00828446622700767,0.9392853263821005,0.013775389293325007,0.9804725055383466,0.005339580109790099,0.9456201191017382,0.007948475755679148,0.9254574960211169,0.013774337783799218,0.9439853076216712,0.01590496609337804,0.9878320513706633,0.0023076308952445254,0.07445781677961343,0.001202928760690806,0.2791862686475118,0.004470521299109813,0.15703348976155787,0.006382635011972684,0.2002724795640326,3
spambase,tabpfn_threshold,observed,0.5,0.2,minority_to_majority,0.9506699448048422,0.006086352633322926,0.9449825725485551,0.012090033492687417,0.9777508269663291,0.010144097121669159,0.9493590978027059,0.004732287278882675,0.9313673594491103,0.0020410076963863566,0.9467401285583105,0.014136643083875817,0.9878188861571071,0.0028961641783575498,0.047775118301312064,0.002911784084948758,0.1814463486274083,0.0075812368913460906,0.07142947077443747,0.005592833505224328,0.2001703577512776,3
spambase,tabpfn_threshold,observed,0.5,0.3,majority_to_minority,0.9428596818626144,0.011226735999045777,0.9340965865892552,0.015399670296457106,0.9774833013384575,0.004384434339235906,0.9404193384020713,0.009379622426650443,0.9145572289793523,0.006857709583466606,0.9430670339761248,0.023751179350555648,0.9815045206052049,0.0018413871810516894,0.15333764751752216,0.0007114235760179427,0.45799723267555237,0.007724616993065609,0.27165384760373873,0.003916649874911767,0.2999403697078115,3
spambase,tabpfn_threshold,observed,0.5,0.3,minority_to_majority,0.9442420292860175,0.009007945029934801,0.933884297520661,0.01675692157106942,0.9758155129065651,0.00855233994652135,0.9439422738204352,0.007885882145285163,0.9304423441316955,0.003737496767912502,0.933884297520661,0.01675692157106942,0.9859971497312651,0.0018384861017625748,0.0678207750121752,0.0037303663131050655,0.23643804589907327,0.008525518540863126,0.10876495162024413,0.0023167042417391193,0.2998296422487223,3
spambase,tabpfn_threshold,oracle,0.05,0.0,clean,0.9456910256030491,0.007417620577605778,0.9302112029384757,0.023429478093981715,0.9816361154983957,0.0006222877024580004,0.9464648455131401,0.006324031799475567,0.9403070690599501,0.02170377425530572,0.9302112029384757,0.023429478093981715,0.9854853520542669,0.0008183291593475653,0.08812101682027178,0.012499880493480844,0.3234177728494008,0.05014362921076766,0.12521956021952432,0.013875905332480065,0.0,3
spambase,tabpfn_threshold,oracle,0.05,0.05,majority_to_minority,0.9481422238020478,0.00679738175486451,0.941245297550283,0.00899717093162579,0.9812661541956822,0.0021599832851460204,0.9460661185136962,0.007416873267172839,0.9233007587840124,0.016207247647593192,0.9476584022038569,0.011019283746556433,0.984614802307862,0.0020725001878886392,0.0832762892047564,0.003256889590728686,0.28718869884808856,0.011545436225051716,0.12110046902873693,0.006538039770649759,0.048780487804878,3
spambase,tabpfn_threshold,oracle,0.05,0.05,minority_to_majority,0.9411218736731933,0.003377643176218775,0.9228650137741047,0.009932648141774037,0.9783168040032431,0.0004943788666270411,0.9422711590887031,0.005913933245312763,0.9371477857416947,0.022426042474397133,0.9228650137741047,0.009932648141774037,0.9827124289489881,0.0007156428175130479,0.09665649135907488,0.003772255966624051,0.3524109323819478,0.01878680856351159,0.13749309620303254,0.0034971967077627227,0.05128205128205119,3
spambase,tabpfn_threshold,oracle,0.05,0.1,majority_to_minority,0.947478203343306,0.003858829703307002,0.9404356369165754,0.00857885836266288,0.9821558380795206,0.002601666003064872,0.9463247856871089,0.0027395994511161402,0.9285587507475048,0.0051164786098117495,0.9421487603305785,0.01101928374655646,0.9874831732114234,0.0004518685069791295,0.08088660985231394,0.004269225637155421,0.27871108055114746,0.01932437228379722,0.11594395838149357,0.0071914018379975585,0.10000000000000002,3
spambase,tabpfn_threshold,oracle,0.05,0.1,minority_to_majority,0.9419241288742756,0.010062836728881116,0.9274563820018367,0.01834250170379996,0.9801379130854873,0.0016039478640066304,0.9423369020497078,0.009300545359109402,0.9326729611623462,0.011608711458976989,0.9274563820018367,0.01834250170379996,0.9843728915087665,0.0010050230816467604,0.1029496962825457,0.007928394866092474,0.3665409783522288,0.018973213117328025,0.1566647938756023,0.008479804140757673,0.10256410256410249,3
spambase,tabpfn_threshold,oracle,0.05,0.2,majority_to_minority,0.9396728773561618,0.013019741138259202,0.9200015798256267,0.024357463456250686,0.9773317367757826,0.00547856805948341,0.9396893849759658,0.010291385760525565,0.9277900097598105,0.015430980257958459,0.9265381083562901,0.03309609052514252,0.9813350184806685,0.005780586941423389,0.08718027671178176,0.006847709731962855,0.30430687467257184,0.03487580304705772,0.12152464419988951,0.006994941325006083,0.1986301369863013,3
spambase,tabpfn_threshold,oracle,0.05,0.2,minority_to_majority,0.9382066016963378,0.005838545339290959,0.9164370982552801,0.015172370653680638,0.9786851411438277,0.002306656294079832,0.9398855215933559,0.004726577258701522,0.9372162907673092,0.009459128127931917,0.9164370982552801,0.015172370653680638,0.9831073853556748,0.002457638521929559,0.11886160075664513,0.009968199317931751,0.4140511055787404,0.033891857752675864,0.1777319860716434,0.01097920916608472,0.19658119658119647,3
spambase,tabpfn_threshold,oracle,0.05,0.3,majority_to_minority,0.9402430956683157,0.009115859961755518,0.933222745539461,0.013821682708524272,0.9761781876268557,0.0018191645219420175,0.9384780259811886,0.009129146656961755,0.9157707157707158,0.014947438076191736,0.9366391184573003,0.014577142209722189,0.9794556842455181,0.0023353537070085156,0.08839626610279079,0.006045335133383533,0.296468178431193,0.01648587999742487,0.11652851785886037,0.004589022178413592,0.2994011976047904,3
spambase,tabpfn_threshold,oracle,0.05,0.3,minority_to_majority,0.9324204903383789,0.015876968345878727,0.9072543617998163,0.029456409425795145,0.9759990308785742,0.004757323992925954,0.9344557503256826,0.014010212470174383,0.9328771429529996,0.006947356577657432,0.9072543617998163,0.029456409425795145,0.9807508121291112,0.004956378352419813,0.15316734214623764,0.007391290521619967,0.5048301517963409,0.021000779214698815,0.22104538621150369,0.009331931317943526,0.2991452991452991,3
spambase,tabpfn_threshold,oracle,0.1,0.0,clean,0.9492481017407703,0.0066184118118613605,0.9403122130394858,0.02030610136592831,0.9838564105617783,0.004766671878101048,0.9488729266822545,0.005054759097559319,0.9363301850660846,0.014615011052463742,0.9403122130394858,0.02030610136592831,0.9865089474082632,0.005484844522871815,0.05359482020139691,0.004808741386411056,0.20936246713002515,0.04358109938365624,0.07346775708838056,0.0068586087770962385,0.0,3
spambase,tabpfn_threshold,oracle,0.1,0.05,majority_to_minority,0.9492925343365227,0.003414814603530337,0.9439853076216713,0.005734617078419154,0.9847551037019273,0.0012390657815982875,0.9482123046864762,0.003446566100197212,0.9311899811899812,0.006336456847784082,0.9439853076216713,0.005734617078419154,0.9879949708884217,0.0011276845497769556,0.051676742732524795,0.0008491904591113259,0.18562420209248856,0.004630058124207101,0.0690724114188671,0.0031346039628985267,0.048582995951417,3
spambase,tabpfn_threshold,oracle,0.1,0.05,minority_to_majority,0.9480533586105433,0.0038254083356343465,0.9403122130394858,0.00573461707841913,0.9814250824373653,0.0035059038718858676,0.9474112350985314,0.004612913438947255,0.9327266584405663,0.01179767483896962,0.9403122130394858,0.00573461707841913,0.9858194193482562,0.0023037460379664665,0.0644889424244562,0.004337309701313389,0.23726810514926908,0.01840143936885334,0.0944188931023879,0.004250660018749505,0.051063829787234,3
spambase,tabpfn_threshold,oracle,0.1,0.1,majority_to_minority,0.9458687559860581,0.0041644898816338045,0.942593086288101,0.005199183320469205,0.9814981815687619,0.002143084323089869,0.9437937736524061,0.003530285290712036,0.9203915652096847,0.001569701986335713,0.9449035812672176,0.008264462809917314,0.9849126652645714,0.002994779090971758,0.0532117374241352,0.003126899103329962,0.19281877080599463,0.013846798705863542,0.06707871652643424,0.007188353546094551,0.0996168582375478,3
spambase,tabpfn_threshold,oracle,0.1,0.1,minority_to_majority,0.9527607452827395,0.0019989044654434534,0.9467401285583104,0.0042080584893994175,0.9831320458759762,0.003671104190848254,0.9519615737447773,0.001754672341678127,0.9372787871152909,0.002478657043909841,0.9467401285583104,0.0042080584893994175,0.9881694099680415,0.0007437344365728631,0.06840862333774562,0.0029397164184116306,0.2397396812836329,0.008211501671076059,0.1096401800774981,0.005192200517304604,0.102127659574468,3
spambase,tabpfn_threshold,oracle,0.1,0.2,majority_to_minority,0.9486902258163253,0.008648462109553244,0.9414575866188769,0.011932487667525749,0.9821597628508426,0.001192058030504644,0.9451111124795685,0.009483924526061085,0.9141027371163006,0.016281023932250387,0.9559228650137741,0.0072885711048610155,0.9855347216051028,0.0012415632269649963,0.0552162441114584,0.0023459160866749805,0.19304895401000974,0.007870037022542945,0.06431093349934176,0.004531845435963262,0.2006802721088435,3
spambase,tabpfn_threshold,oracle,0.1,0.2,minority_to_majority,0.9435335762315235,0.009925459660027522,0.9247015610651975,0.023751179350555773,0.9788740784488571,0.003543738868692924,0.9448553106960312,0.007697326215642405,0.9412212408731492,0.0057213140897269515,0.9247015610651975,0.023751179350555773,0.9828967419387752,0.0033911395474895776,0.08807508399089174,0.007171051264466318,0.32218561569849646,0.03141474151810982,0.14537915474372173,0.00811670342781247,0.20000000000000004,3
spambase,tabpfn_threshold,oracle,0.1,0.3,majority_to_minority,0.9396852197438706,0.003271176107279863,0.925392734776899,0.011591887482408584,0.9803596416195335,0.002635075578626953,0.9347535930507047,0.003199134412647675,0.8951036385188478,0.016026126625862606,0.9522497704315885,0.01683223395759724,0.9833180287725742,0.0019084061536884303,0.056380394846200894,0.004594855390227706,0.20098468164602912,0.014288231257313447,0.06708965676901044,0.008433695271092697,0.3005952380952381,3
spambase,tabpfn_threshold,oracle,0.1,0.3,minority_to_majority,0.9446567335130386,0.009165982305611641,0.931129476584022,0.017203851235257306,0.9793096790507988,0.006368453595039035,0.9449991056152928,0.008125211032552792,0.935432563176381,0.006682152037419412,0.931129476584022,0.017203851235257306,0.9837080482241771,0.005669312124457913,0.10784890005985891,0.006221111480487415,0.3660321434338887,0.029002377601211514,0.17672722750531125,0.008464712485857466,0.2978723404255319,3
spambase,tabpfn_threshold,oracle,0.2,0.0,clean,0.9608869733503166,0.0010018522213184303,0.9527286550746962,0.0009735069552458726,0.9888717889747277,0.0014255360022451316,0.9585279360223367,0.0015913006959401125,0.9368437672430412,0.011915256091927154,0.9641873278236913,0.009932648141774037,0.9911332286698856,0.0012536075157282074,0.03434456636508303,0.0024090318828005122,0.12747769554456073,0.008908214132390154,0.0338615606903997,0.004856446579830199,0.0,3
spambase,tabpfn_threshold,oracle,0.2,0.05,majority_to_minority,0.9562956051225845,0.0046982514312039845,0.9498948428567197,0.00975599912297296,0.9870561723152401,0.001949023814948631,0.9546787692503133,0.0031415533717110435,0.9361885898944172,0.00689079432428866,0.9550045913682278,0.014136643083875742,0.990236348496368,0.001487657299133152,0.037853841980298335,0.0019200705398643148,0.1349457800388336,0.008110866730860531,0.03248320679829853,0.007662143707428571,0.0506072874493927,3
spambase,tabpfn_threshold,oracle,0.2,0.05,minority_to_majority,0.9555377825172546,0.004317989587739132,0.9496973646533764,0.0032162547840209736,0.9867569036829877,0.001706206625100309,0.9539410282126465,0.005566349651074301,0.935413973530317,0.01566991168132713,0.9540863177226814,0.006932813990147656,0.9905358571047721,0.0009735194735789982,0.04179660851756726,0.0018543341377246037,0.1527701765298843,0.006927020029545263,0.05302642496104523,0.006388409145206691,0.0490405117270788,3
spambase,tabpfn_threshold,oracle,0.2,0.1,majority_to_minority,0.9525509246916871,0.007658364350718915,0.9491444256840151,0.005675834563122414,0.9869684842583263,0.0020258687349649744,0.950234217771829,0.007807907870085636,0.9269060020750516,0.011572165412626812,0.9540863177226813,0.009674613179846381,0.9901441920014745,0.0013067769771086624,0.0377904760340849,0.003706562340699286,0.13721839586893714,0.00984420706706078,0.031677606601539,0.005768508538484664,0.09980806142034541,3
spambase,tabpfn_threshold,oracle,0.2,0.1,minority_to_majority,0.9494307690788629,0.006683501751150153,0.941906849531483,0.011591849634890124,0.9854767960580935,0.003211626077641413,0.948557969326436,0.0057882729208836095,0.9328215202566655,0.006315241862912132,0.943067033976125,0.013589208987097088,0.9890399597144465,0.002883929823352873,0.05001012235879893,0.005477504608904624,0.18331187963485718,0.020117300568419177,0.0742310202905353,0.005780595445981823,0.1002132196162046,3
spambase,tabpfn_threshold,oracle,0.2,0.2,majority_to_minority,0.9430645654985831,0.010441161917656039,0.9384707287933095,0.009870198113415943,0.981272335340522,0.0051919205535707665,0.939805647701899,0.010686961370771493,0.9092888917450321,0.014185479912612847,0.9476584022038569,0.011019283746556433,0.9848056979044273,0.004169942738653416,0.042591243982315036,0.00237914486980197,0.16114720205465946,0.008457302992062666,0.044289319314550636,0.011855562335821692,0.1996587030716723,3
spambase,tabpfn_threshold,oracle,0.2,0.2,minority_to_majority,0.9484236302418121,0.0031377922915756867,0.9338842975206613,0.0072885711048611525,0.9833986216518434,0.0006760972876351241,0.9491405768670257,0.0024521656846800788,0.9425458099476632,0.0011065963638280576,0.9338842975206613,0.0072885711048611525,0.9875210232003976,0.00024789873393635725,0.06704183419545486,0.0020328027113343775,0.23857940236727393,0.00784188120255397,0.113121114820552,0.0017475699134733558,0.2004264392324093,3
spambase,tabpfn_threshold,oracle,0.2,0.3,majority_to_minority,0.9432200795837158,0.008294998047202563,0.9259259259259259,0.019982949442864828,0.9833539094317584,0.0006505009054147865,0.937504481885083,0.010690596251163932,0.8945527194719022,0.024805774057306045,0.960514233241506,0.006361986437351297,0.9865188213184304,0.0009349677087843291,0.0431266811986764,0.0019273040101518,0.17352553705374396,0.007999914606984902,0.0612781128016581,0.005925380862897214,0.3,3
spambase,tabpfn_threshold,oracle,0.2,0.3,minority_to_majority,0.9428695557727815,0.005576808696972804,0.9191919191919192,0.008416116978798694,0.9794010857007608,0.0057435798869736425,0.9451445866577884,0.005278242628649103,0.9470066904742046,0.004559073550020807,0.9191919191919192,0.008416116978798694,0.9872807580529965,0.0010847528819700717,0.08958025028308231,0.0030652426683809844,0.2913614610830942,0.005468780430608699,0.15048221973591078,0.0031245037739579544,0.3006396588486141,3
spambase,tabpfn_threshold,oracle,0.5,0.0,clean,0.9625630696011928,0.003956534450681455,0.9581839904420549,0.005475000830293701,0.9877693609653323,0.003696455550752788,0.9600487829282084,0.004254057980549161,0.937703442272614,0.00771613583641159,0.9669421487603306,0.004771489828013405,0.9913488090418686,0.002365874865972648,0.031179940328001934,0.002974164308236033,0.11413767437140143,0.014231661697674071,0.020175328505856734,0.003364690150458719,0.0,3
spambase,tabpfn_threshold,oracle,0.5,0.05,majority_to_minority,0.9563178214204607,0.007768338827840102,0.953558063528738,0.007962494354412552,0.9857884274617144,0.0037486538191110427,0.954341361401108,0.007399055065943677,0.9336738883655773,0.0070219381950154276,0.9568411386593204,0.011133476265364685,0.9896192291109202,0.0022670911303204256,0.0361492373049259,0.002670349699290842,0.14318790038426712,0.011289757114439239,0.045273453043049035,0.000654245405982709,0.05016181229773461,3
spambase,tabpfn_threshold,oracle,0.5,0.05,minority_to_majority,0.9548293294627607,0.003417030104611098,0.9449035812672176,0.008264462809917314,0.9847244732395822,0.0037260012131434973,0.9549031904513975,0.003612897467442511,0.9458806996411454,0.010200898613073595,0.9449035812672176,0.008264462809917314,0.9895961899871968,0.001471381036061566,0.0348903040091196,0.0016932676794257113,0.1293242846926053,0.004736366487387971,0.024061395965012233,0.002544824998683307,0.0502555366269165,3
spambase,tabpfn_threshold,oracle,0.5,0.1,majority_to_minority,0.9509192610365632,0.0050664002697208,0.9448739595367162,0.0042914721669693005,0.986302943655486,0.0036886646574960337,0.9480264630068119,0.004164627813034615,0.9211983884942662,0.004683122800938913,0.9550045913682276,0.011469234156838268,0.9895928986838078,0.0026452267994153903,0.0422010061641534,0.0032964176551923945,0.17371951540311173,0.011936032275733506,0.07550522781048304,0.005635850092796754,0.0996932515337423,3
spambase,tabpfn_threshold,oracle,0.5,0.1,minority_to_majority,0.9551502315431933,0.0033338623830664062,0.9467401285583102,0.007952483046689076,0.983810365930862,0.005435692590714219,0.9549342066749243,0.003911854816864543,0.9442845352945243,0.01205224208581117,0.9467401285583102,0.007952483046689076,0.99014254634978,0.001421314414468696,0.03582532952229176,0.000924378930821032,0.13955195744832352,0.00424477901198187,0.04083248049322777,0.002861572319629474,0.0996592844974446,3
spambase,tabpfn_threshold,oracle,0.5,0.2,majority_to_minority,0.94560956584417,0.006093525185467087,0.9307048984468341,0.01320988314665237,0.9804725055383466,0.005339580109790099,0.9404098442153085,0.006616340988839963,0.9004533617124153,0.016254190960152133,0.960514233241506,0.013589208987097062,0.9878320513706633,0.0023076308952445254,0.07445781677961343,0.001202928760690806,0.2791862686475118,0.004470521299109813,0.15703348976155787,0.006382635011972684,0.2002724795640326,3
spambase,tabpfn_threshold,oracle,0.5,0.2,minority_to_majority,0.9446838867659982,0.0023498609692791626,0.921028466483012,0.006932813990147638,0.9777508269663291,0.010144097121669159,0.9470427494466668,0.0023476365535074544,0.9498834125700992,0.007933631856562108,0.921028466483012,0.006932813990147638,0.9878188861571071,0.0028961641783575498,0.047775118301312064,0.002911784084948758,0.1814463486274083,0.0075812368913460906,0.07142947077443747,0.005592833505224328,0.2001703577512776,3
spambase,tabpfn_threshold,oracle,0.5,0.3,majority_to_minority,0.8893801159197053,0.015027185435885338,0.7998805256869773,0.0325224793042203,0.9774833013384575,0.004384434339235906,0.8691649039381847,0.01836870232710257,0.7616720887514227,0.02890624339146823,0.9788797061524335,0.003180993218675576,0.9815045206052049,0.0018413871810516894,0.15333764751752216,0.0007114235760179427,0.45799723267555237,0.007724616993065609,0.27165384760373873,0.003916649874911767,0.2999403697078115,3
spambase,tabpfn_threshold,oracle,0.5,0.3,minority_to_majority,0.9313244863098236,0.012604614848582572,0.8907254361799817,0.023429478093981812,0.9758155129065651,0.00855233994652135,0.9362862997235982,0.011197391818292076,0.9537296055973292,0.0043119172761006625,0.8907254361799817,0.023429478093981812,0.9859971497312651,0.0018384861017625748,0.0678207750121752,0.0037303663131050655,0.23643804589907327,0.008525518540863126,0.10876495162024413,0.0023167042417391193,0.2998296422487223,3
spambase,xgb_none,,0.05,0.0,clean,0.8069304975463334,0.027595871795186685,0.6198347107438016,0.05530264435229955,0.9643577245598834,0.007248075302116054,0.8235828302731362,0.028439185288345586,0.9853821987932548,0.006310889327829532,0.6198347107438016,0.05530264435229955,0.969501137145321,0.0060898743445999826,0.12292812516291933,0.017094011495848507,0.5348071257273356,0.11118404932122523,0.1496370889044559,0.016985903182259718,0.0,3
spambase,xgb_none,,0.05,0.05,majority_to_minority,0.8136348825498385,0.015397835604853595,0.6308539944903582,0.03177014488890026,0.9667877946286595,0.0017300555959742108,0.8309023512061781,0.015485382437790062,0.991424281582031,0.0041529475003177635,0.6308539944903582,0.03177014488890026,0.9715845321905928,0.0016877913210706023,0.11903695017099376,0.004193747972332129,0.46861052513122553,0.013777188031822863,0.14677106258919484,0.005099360794023432,0.048780487804878,3
spambase,xgb_none,,0.05,0.05,minority_to_majority,0.7885428083375298,0.012522050821052443,0.5812672176308541,0.024015972140719963,0.960003870629837,0.0043481088694657475,0.8050579084143473,0.013298333376941855,0.9889817025646611,0.0031938195050690756,0.5812672176308541,0.024015972140719963,0.9650710427836526,0.003945294378435783,0.13707182804743442,0.005762594782934161,0.5844353437423706,0.041763020070100666,0.1662948701356767,0.005452097710026703,0.05128205128205119,3
spambase,xgb_none,,0.05,0.1,majority_to_minority,0.8236198742063845,0.01327159589622902,0.6538108356290174,0.025447945749404986,0.9635549791403507,0.006602846374252159,0.8406269338643341,0.01324014050707357,0.9847282683015433,0.005061252069284675,0.6538108356290174,0.025447945749404986,0.9701890195536335,0.005388860798420706,0.11310624082883197,0.010447010486279665,0.4342588980992635,0.039280195315110684,0.14041991357297548,0.009907133817165731,0.10000000000000002,3
spambase,xgb_none,,0.05,0.1,minority_to_majority,0.7753660752194477,0.02053891142623066,0.5537190082644629,0.04058104645359845,0.963089019129361,0.0048021625685073345,0.7909623581503665,0.022344062523104724,0.9916838149339672,0.003147926438986679,0.5537190082644629,0.04058104645359845,0.9695365186567533,0.00208659079355024,0.14426437020301816,0.011717944846371542,0.6018738945325216,0.0547854844056835,0.17982361308129458,0.00987928063481806,0.10256410256410249,3
spambase,xgb_none,,0.05,0.2,majority_to_minority,0.8090657306199828,0.02197360828102219,0.6235078053259872,0.04529426062493494,0.9512591593223153,0.007949814861014978,0.8259561053206262,0.021993219681193613,0.9870339497234172,0.0036051808133888076,0.6235078053259872,0.04529426062493494,0.9578021992489245,0.00856146921315681,0.12359421451886489,0.016307700696410053,0.47477606932322186,0.07496078191424294,0.15000273858426574,0.01821477035951921,0.1986301369863013,3
spambase,xgb_none,,0.05,0.2,minority_to_majority,0.7419873218993454,0.011133476265364685,0.4857667584940312,0.022266952530729387,0.956944510613812,0.005057435873086584,0.7541655545053886,0.01270474419121467,0.9943531615969946,0.0002548115559940517,0.4857667584940312,0.022266952530729387,0.9632312041891712,0.006992994869667316,0.16622954110304508,0.00916189837680761,0.7082257270812988,0.061885224325305334,0.20287651406756793,0.006607811387823166,0.19658119658119647,3
spambase,xgb_none,,0.05,0.3,majority_to_minority,0.8082856917167768,0.014410449262467493,0.6207529843893481,0.030469531722749466,0.9477759235752968,0.0063823267686061,0.8254239351272235,0.014475887337586653,0.9898848371131779,0.004764075972823251,0.6207529843893481,0.030469531722749466,0.951189970740313,0.009535879654501499,0.11691462993621819,0.006145729655192073,0.43772537509600323,0.02208800956732435,0.14289781011349792,0.008488928036608443,0.2994011976047904,3
spambase,xgb_none,,0.05,0.3,minority_to_majority,0.6734154842659241,0.00937796320204943,0.3480257116620753,0.019544349544345974,0.9529265184335601,0.011263506183931534,0.6699518451706586,0.012447255889167548,0.9948853615520282,0.004437300044236036,0.3480257116620753,0.019544349544345974,0.963919909423331,0.009512573537079582,0.20363899072011304,0.0030739929209255,0.8270206848780314,0.04603900929809054,0.24578230255332287,0.005018197674073433,0.2991452991452991,3
spambase,xgb_none,,0.1,0.0,clean,0.8860624821035378,0.011240808448017432,0.7786960514233242,0.018751678472600713,0.9770297046692553,0.0036924292769805185,0.9000769190021419,0.010919641443197164,0.9871114894806453,0.007538220529353477,0.7786960514233242,0.018751678472600713,0.9801879992495829,0.004805848743622239,0.07223194837570186,0.004112846632841398,0.29474079608917236,0.023064776044034674,0.0878322475972048,0.004307918199730733,0.0,3
spambase,xgb_none,,0.1,0.05,majority_to_minority,0.8858304452146095,0.004357762049526012,0.7842056932966024,0.006932813990147631,0.9730911052339909,0.002244695262280065,0.898888849622301,0.004267331412724059,0.9759877915546878,0.003554361097434064,0.7842056932966024,0.006932813990147631,0.9769180893325565,0.0028707293622976192,0.07136470576127367,0.0011800534722036591,0.27626738945643103,0.005061311938490979,0.0822850989044343,0.001578365147881033,0.048582995951417,3
spambase,xgb_none,,0.1,0.05,minority_to_majority,0.8634043267474353,0.00632600096975031,0.7327823691460056,0.012007986070359978,0.9738841119310598,0.004251147098790136,0.8791790207223896,0.006039743344372162,0.9876112888086972,0.002249807448314105,0.7327823691460056,0.012007986070359978,0.9781605563619248,0.003638285802537581,0.08779689917961753,0.0030454751444766123,0.3421265681584676,0.026549497530988876,0.1072263224532411,0.0035134054364797675,0.051063829787234,3
spambase,xgb_none,,0.1,0.1,majority_to_minority,0.8882865803686918,0.0038832321548724507,0.7897153351698806,0.010429583738843428,0.9726785948388916,0.00205872011122735,0.901014762345773,0.0030735421342944673,0.9751125806959534,0.004722107285090726,0.7897153351698806,0.010429583738843428,0.9760820982717365,0.000675304958195371,0.06928045302629467,0.0031301170670462973,0.2610330780347188,0.013576742777880749,0.08008149181705987,0.005042041569715797,0.0996168582375478,3
spambase,xgb_none,,0.1,0.1,minority_to_majority,0.8467593826831363,0.004645532420199841,0.7024793388429752,0.008264462809917328,0.9736045207531253,0.0006987611102366572,0.8629540009799032,0.004613742515715706,0.9807630219206889,0.003865290137275922,0.7024793388429752,0.008264462809917328,0.9794523929421292,0.0023427555553366926,0.09451487163702643,0.001515523277803769,0.3519660035769145,0.0110666415193009,0.11917106759772537,0.0032613005429095628,0.102127659574468,3
spambase,xgb_none,,0.1,0.2,majority_to_minority,0.8800443338566506,0.002555049547421114,0.7750229568411386,0.008855510340673037,0.9691235135092265,0.005427863158855232,0.8932107105446255,0.0021395031006943227,0.9713634451743034,0.010016081961923572,0.7750229568411386,0.008855510340673037,0.9740480727773005,0.005586060141216805,0.07233604788780207,0.0016759580217732932,0.25193223853905994,0.0109114050384749,0.07890178714590657,0.0015358013462871982,0.2006802721088435,3
spambase,xgb_none,,0.1,0.2,minority_to_majority,0.811062728951292,0.0012937766255847066,0.628099173553719,0.0027548209366391463,0.9673026712096715,0.004859079454533315,0.8281867002518664,0.0015916050175559249,0.9856624752152197,0.008881449338768346,0.628099173553719,0.0027548209366391463,0.9747211443203622,0.005591502858886039,0.12226609637339907,0.005240835421996632,0.47760457793871564,0.03580500602061641,0.1548345476881726,0.005649922722876011,0.20000000000000004,3
spambase,xgb_none,,0.1,0.3,majority_to_minority,0.883258291616063,0.012465347943572899,0.7814508723599634,0.025596620504621376,0.9660526657739128,0.007290972673389016,0.8960931807550291,0.01133709875689921,0.9714893674058884,0.004802390395174153,0.7814508723599634,0.025596620504621376,0.9700425565528205,0.008194023358291669,0.070511574546496,0.003993313555213905,0.24229799211025235,0.017163172616434092,0.06935002134153577,0.004105486837625333,0.3005952380952381,3
spambase,xgb_none,,0.1,0.3,minority_to_majority,0.743386948665541,0.011161711655234685,0.4903581267217631,0.023857449140067162,0.9623326093988899,0.008234388655848628,0.7557216721124519,0.012777168366102019,0.9890476657226038,0.005107407035958385,0.4903581267217631,0.023857449140067162,0.9732680338740946,0.006685020630895095,0.15542423228422797,0.008531950418449983,0.5772190093994141,0.02104990422073662,0.19648903652056884,0.012424580764550401,0.2978723404255319,3
spambase,xgb_none,,0.2,0.0,clean,0.9296533270140307,0.006488724132653341,0.8760330578512395,0.011019283746556474,0.9827194431786858,0.0026238407219591592,0.9370512323639657,0.006042557496879694,0.9714745455089829,0.004794643801325597,0.8760330578512395,0.011019283746556474,0.985384967300901,0.001902492223600178,0.044689573347568505,0.0033417189523297745,0.17166902124881742,0.018092796691718312,0.041343684933325936,0.002983066379843278,0.0,3
spambase,xgb_none,,0.2,0.05,majority_to_minority,0.9281821143991231,0.005162138995968243,0.8778696051423324,0.006932813990147621,0.979354744545969,0.000731269087209646,0.9348667248878256,0.005321727809570979,0.9637439090776319,0.008823335423385582,0.8778696051423324,0.006932813990147621,0.983220935322597,5.848434045224647e-05,0.04812910904486967,0.0018393967411555162,0.17207962771256766,0.00494800110270427,0.03578792255738533,0.0050315127428468215,0.0506072874493927,3
spambase,xgb_none,,0.2,0.05,minority_to_majority,0.9060768980123819,0.007509546860624461,0.8282828282828283,0.008855510340672995,0.9786998298641564,0.0038468251877082607,0.9164762859895256,0.0077820736854253385,0.9709433830949646,0.011153485813374204,0.8282828282828283,0.008855510340672995,0.9832834700869891,0.0023534108098475894,0.059113332380851064,0.0031279825738558713,0.21663521230220792,0.011613490753313086,0.06354611900264616,0.0014239597008559996,0.0490405117270788,3
spambase,xgb_none,,0.2,0.1,majority_to_minority,0.9313960721585355,0.0036799188585209513,0.884297520661157,0.004771489828013405,0.9787130680600388,0.004415678173689214,0.9376518793820204,0.004483328922036832,0.9640913753540125,0.012662621394082982,0.884297520661157,0.004771489828013405,0.9825330529142846,0.003526482601824076,0.04514696324865017,0.0039323481611594205,0.16315266986687973,0.014835914500794927,0.029911529066508236,0.005499978046233186,0.09980806142034541,3
spambase,xgb_none,,0.2,0.1,minority_to_majority,0.8864722493754752,0.01597123721464636,0.787878787878788,0.029797944425322232,0.9757393028193219,0.0015048156563269844,0.8990031061325073,0.014941303914225513,0.9716065029959567,0.007372420146570029,0.787878787878788,0.029797944425322232,0.9809022120850077,0.0012239401027415494,0.06928396224975583,0.00789081313672846,0.25322723885377246,0.023905098808321843,0.08091252418861894,0.008319056723097051,0.1002132196162046,3
spambase,xgb_none,,0.2,0.2,majority_to_minority,0.9165383058344935,0.0038668155070470125,0.8659320477502296,0.0057346170784190855,0.9712467889791654,0.003146367508023687,0.9226212341736032,0.003979141998729736,0.9449205914567361,0.007168544480236274,0.8659320477502296,0.0057346170784190855,0.9764902198919794,0.0027039509642288583,0.053468628476063366,0.002510737963058272,0.1843853543202082,0.009720207348360552,0.020909092669825866,0.0017935452850466192,0.1996587030716723,3
spambase,xgb_none,,0.2,0.2,minority_to_majority,0.8441872290845898,0.01682343054871221,0.6997245179063362,0.03177014488890022,0.9706923475154022,0.0029672183644681364,0.8600640831237557,0.016386051012429136,0.9755422461916927,0.0052304978307387996,0.6997245179063362,0.03177014488890022,0.9783777823856026,0.002075402985059318,0.09386648486057914,0.005424768237206675,0.32588960727055866,0.013872814826538224,0.11724294395965647,0.002104470218978472,0.2004264392324093,3
spambase,xgb_none,,0.2,0.3,majority_to_minority,0.9215172250362865,0.005187356227534285,0.8824609733700642,0.0042080584893992475,0.9690838567782665,0.0012814795177047292,0.9257214118485281,0.006147081032338964,0.9358848238968873,0.014597471118103547,0.8824609733700642,0.0042080584893992475,0.9733322142901811,0.0017221577901204996,0.05496210480729733,0.0017834012843895442,0.19667992989222205,0.004490764128057213,0.03266183659299487,0.009696525924055873,0.3,3
spambase,xgb_none,,0.2,0.3,minority_to_majority,0.8044743623922509,0.006535305830091844,0.6143250688705234,0.015338193836997381,0.9667049307768351,0.005050203458241905,0.821511267784517,0.006470048740501858,0.986855764311947,0.00743354410463595,0.6143250688705234,0.015338193836997381,0.9763667960148897,0.0022199670571835415,0.12141664326190943,0.004635922105128033,0.4142690896987915,0.014935277751969728,0.15697349376580091,0.010399896354406427,0.3006396588486141,3
spambase,xgb_none,,0.5,0.0,clean,0.9542048046446873,0.0015904966093377559,0.9532470353584723,0.00013681691263123694,0.983809345461737,0.003765088623991162,0.9520951241852781,0.0013314027754843074,0.9302321123953002,0.0002157884394073724,0.9550045913682278,0.0031809932186756484,0.9880147187087558,0.002407049566902517,0.036554045975208234,0.0031290923527623037,0.1379834935069084,0.01594879669140224,0.021097408905571366,0.0020312799425012194,0.0,3
spambase,xgb_none,,0.5,0.05,majority_to_minority,0.9431534306900876,0.003208000021452142,0.9313022700119475,0.006784836733333549,0.9796821515032783,0.0021921132494581966,0.938472743600481,0.003204615075542554,0.9005152183446757,0.00843090546038284,0.9550045913682278,0.008416116978798575,0.9842280741596477,0.002594877556137269,0.04557209586103753,0.002029999533376218,0.1660533895095189,0.008228119177921153,0.04139703738095637,0.002968615441430832,0.05016181229773461,3
spambase,xgb_none,,0.5,0.05,minority_to_majority,0.9359553501782241,0.0030899058551756868,0.9155188246097338,0.00885551034067305,0.9774267054444176,0.0017442787366091692,0.937280945867697,0.0021160066312609685,0.9318051181372847,0.00337252958882411,0.9155188246097338,0.00885551034067305,0.9838643851351575,1.8691010284743717e-05,0.04485719899336493,0.0010218334580092518,0.15707217653592423,0.0016978131548313457,0.020822748989797066,0.004491682933352524,0.0502555366269165,3
spambase,xgb_none,,0.5,0.1,majority_to_minority,0.9368316597055598,0.0019453466828522766,0.910394265232975,0.004741489804775176,0.9815038173461211,0.0022939378094004623,0.9291412253448792,0.0025040937254812456,0.8749241779353012,0.005655696628231638,0.963269054178145,0.0015904966093377559,0.9849916565459087,0.0024889354378775166,0.05203725397586817,0.0028483642298628735,0.18717448413372031,0.011778249451013658,0.06994655504121623,0.004585725705446284,0.0996932515337423,3
spambase,xgb_none,,0.5,0.1,minority_to_majority,0.9274415711365859,0.006756324042996589,0.8907254361799817,0.010429583738843496,0.9750236774640629,0.005779861174882241,0.9314886902375173,0.006402950690187495,0.9417262830200305,0.005406680009475055,0.8907254361799817,0.010429583738843496,0.9828506636913285,0.002719165924556784,0.04713642721374823,0.0033373508543820085,0.16450886428356168,0.01200628405310701,0.025932560538670102,0.002041260986343695,0.0996592844974446,3
spambase,xgb_none,,0.5,0.2,majority_to_minority,0.8924607758918609,0.010954740951083274,0.8106332138590203,0.02061581114305546,0.9727308171387584,0.003931756954390877,0.8736926959811114,0.012632241883574,0.7702763441789067,0.01936415488706871,0.9742883379247015,0.007952483046689076,0.9782773976322364,0.0029932649151445455,0.0972335711121559,0.002912891954423412,0.3237183888753255,0.0038566839487926986,0.16077527045054882,0.003341877751017517,0.2002724795640326,3
spambase,xgb_none,,0.5,0.2,minority_to_majority,0.9023766501772368,0.01498100228816786,0.8310376492194674,0.027038442358742837,0.9613516610041867,0.014418291514177364,0.9113306817419753,0.013817800235462668,0.9535755537370564,0.009503538604327084,0.8310376492194674,0.027038442358742837,0.9782938541491816,0.005231656927608203,0.06206785018245376,0.009353476000795762,0.21227374176184333,0.026630705011943364,0.06111591218199156,0.006245591444405849,0.2001703577512776,3
spambase,xgb_none,,0.5,0.3,majority_to_minority,0.7579312183417755,0.015277978248654359,0.5268817204301075,0.022455132770863178,0.9648319500942667,0.00763060754049598,0.7075150105477466,0.01722468532758038,0.5763813849590469,0.01348596899514285,0.9889807162534435,0.009932648141774063,0.9707123367924931,0.0070563170937711864,0.18418255448341367,0.00975536835680987,0.5448483228683472,0.021746980494863014,0.2768606601368569,0.006725772426111247,0.2999403697078115,3
spambase,xgb_none,,0.5,0.3,minority_to_majority,0.8409461180722179,0.009562277602232569,0.7033976124885216,0.020859167477687016,0.9559572319936557,0.009040046968597278,0.8556489821664947,0.008892730809274418,0.9551834832742129,0.005605214169387186,0.7033976124885216,0.020859167477687016,0.9741912444747244,0.0036354777631804427,0.09017155071099593,0.0011680016835867418,0.28670095403989154,0.0073022314644711345,0.11190373267320468,0.0018507137943713848,0.2998296422487223,3
spambase,xgb_ros,,0.05,0.0,clean,0.8602348015837752,0.021640860338452854,0.7300275482093664,0.045350076124392104,0.9655480886709423,0.008662711499523999,0.8754586012140813,0.02025819658179889,0.9804063718013896,0.0031124068745892555,0.7300275482093664,0.045350076124392104,0.9701988934638005,0.008717782498396,0.09470896174510317,0.015104483095075099,0.44046027461687726,0.11243509962506472,0.10552617397496063,0.018302763775954495,0.0,3
spambase,xgb_ros,,0.05,0.05,majority_to_minority,0.8528663961215281,0.007797200841718459,0.7134986225895318,0.014577142209722204,0.9684143000829993,0.0034066315198137457,0.8689395505835993,0.007582197580919841,0.9835148473359595,0.002507514429432229,0.7134986225895318,0.014577142209722204,0.9729487774453562,0.003967316749492817,0.0912953689694404,0.0006316338326101677,0.3632865051428477,0.019901197594447598,0.10393554393968557,0.002160294843253651,0.048780487804878,3
spambase,xgb_ros,,0.05,0.05,minority_to_majority,0.8464384806027034,0.012314137470938033,0.7006427915518825,0.026756294369758477,0.9613959577736356,0.0057858525609507955,0.8627370403478188,0.011505759704337063,0.9833650242384776,0.005216821468960848,0.7006427915518825,0.026756294369758477,0.9666985923095405,0.006504187410544121,0.10605486234029131,0.006118076711455569,0.4781484703222911,0.05511109285470474,0.11916091505922116,0.01102608348593364,0.05128205128205119,3
spambase,xgb_ros,,0.05,0.1,majority_to_minority,0.8744902593876202,0.018540703101804525,0.7603305785123967,0.03177014488890025,0.9634022982019186,0.008157765203397315,0.8886082253634239,0.017993013086881334,0.9773467507076056,0.011442245397243771,0.7603305785123967,0.03177014488890025,0.9706580302865738,0.006672581697677313,0.08148802568515136,0.0096539521416266,0.3179822564125061,0.03607656583268428,0.08582213798378076,0.008196963860813982,0.10000000000000002,3
spambase,xgb_ros,,0.05,0.1,minority_to_majority,0.8257773235779101,0.014397197772359316,0.6593204775022957,0.02469114721716944,0.9643147030885574,0.0034214801220242325,0.8426363404927577,0.014772041085541232,0.9820482149073073,0.010888864454991076,0.6593204775022957,0.02469114721716944,0.9710661519068166,0.002376195682312353,0.1094567626714706,0.00871796083080316,0.47847838203112286,0.0400272562903032,0.12670341221717799,0.009081428611532097,0.10256410256410249,3
spambase,xgb_ros,,0.05,0.2,majority_to_minority,0.8558705332898882,0.029079432273749713,0.7272727272727272,0.06079359914797222,0.9506030163145285,0.006810716465824127,0.8703106488234985,0.02695676717524542,0.9683732114088818,0.0031492900781141583,0.7272727272727272,0.06079359914797222,0.9581428491496918,0.00726710620892348,0.09349271655082701,0.015307733166818695,0.34908146659533185,0.06119546118050664,0.09239313573486509,0.02318262645511085,0.1986301369863013,3
spambase,xgb_ros,,0.05,0.2,minority_to_majority,0.8098457695231889,0.015406176911222716,0.6262626262626263,0.03169042043477944,0.9600860368079358,0.005334148743043085,0.8267616177762331,0.015511378001059601,0.9841748157324007,0.0018906291205613645,0.6262626262626263,0.03169042043477944,0.9657046186860457,0.007560518092860426,0.1264213348428408,0.009218825039839028,0.5663074056307474,0.06945710826165553,0.14780301212239097,0.009625330298588152,0.19658119658119647,3
spambase,xgb_ros,,0.05,0.3,majority_to_minority,0.8609654709361454,0.005742340416149914,0.7410468319559228,0.009932648141774117,0.9437793295785056,0.0044580083829943735,0.8749346039902143,0.00630976802175022,0.9621597976543145,0.018959672449387375,0.7410468319559228,0.009932648141774117,0.949374816921249,0.005652570670167675,0.08872182170550023,0.0012060141067876823,0.31806463003158564,0.00749584516192954,0.07861163676556274,0.006321470374264186,0.2994011976047904,3
spambase,xgb_ros,,0.05,0.3,minority_to_majority,0.7691208270387156,0.005868864925821339,0.5436179981634527,0.012422175627611278,0.9526313823095962,0.008411646005098285,0.7843167155492399,0.006326278195341992,0.9850696486298962,0.004828861958548069,0.5436179981634527,0.012422175627611278,0.9629728368731302,0.008093910130054822,0.15188534557819364,0.004556688520602881,0.6676756739616394,0.06105531997940952,0.1806441639333294,0.0014412684433926508,0.2991452991452991,3
spambase,xgb_ros,,0.1,0.0,clean,0.9147782813471963,0.008264114428727876,0.8438934802571166,0.014136643083875727,0.9779125544764821,0.0035021817238540536,0.9244915139962279,0.007890334550695053,0.9745757325912948,0.009514466073851246,0.8438934802571166,0.014136643083875727,0.9812922315366107,0.0045483809312894955,0.05666422968109447,0.0022903439602981503,0.24114002784093222,0.028509964477553357,0.057989635519781736,0.0044292496761754955,0.0,3
spambase,xgb_ros,,0.1,0.05,majority_to_minority,0.911907441966093,0.0046115831586739054,0.8411386593204776,0.00841611697879866,0.9747040070466876,0.001979789086872668,0.9214159672330234,0.004224834404151089,0.9693039937120118,0.002006330752016134,0.8411386593204776,0.00841611697879866,0.9786822279490902,0.0024800473353789516,0.055933778484662335,0.0004145795363379588,0.21879437565803525,0.005282394531934928,0.0506878067485494,0.0031213148786823908,0.048582995951417,3
spambase,xgb_ros,,0.1,0.05,minority_to_majority,0.8917054217640729,0.010486022866293751,0.8007346189164372,0.014136643083875702,0.9754638349193551,0.0044589449198620705,0.9034004975034859,0.010676333895624932,0.9678018472988237,0.013939793266114933,0.8007346189164372,0.014136643083875702,0.9801715427326375,0.003889851733946518,0.0690732598304748,0.0036608931690191816,0.26520478228727973,0.026598204369101024,0.07074129440590136,0.00029171364747359837,0.051063829787234,3
spambase,xgb_ros,,0.1,0.1,majority_to_minority,0.9090810351807419,0.00368868110228299,0.8420569329660239,0.010429583738843428,0.9701892459270954,0.0008334141914215099,0.917727548015868,0.00337412641603366,0.9583507159929838,0.011135472733264262,0.8420569329660239,0.010429583738843428,0.9743097313967305,0.0008943431876120803,0.06018335620562234,0.0009131830789803016,0.22129802405834195,0.0071976916161466346,0.049138795540284136,0.003852194613350041,0.0996168582375478,3
spambase,xgb_ros,,0.1,0.1,minority_to_majority,0.8872300719808052,0.006198524056707375,0.7887970615243343,0.014136643083875758,0.9756249692801161,0.0002492729827642595,0.8998462073337726,0.005326867986957242,0.9728581534068925,0.0028428994127662516,0.7887970615243343,0.014136643083875758,0.9814946466950376,0.0015036115198376375,0.07001711924870803,0.0015020641338818913,0.26240016520023346,0.012466756495683514,0.07732517660959173,0.0009210236929723451,0.102127659574468,3
spambase,xgb_ros,,0.1,0.2,majority_to_minority,0.9145413075031842,0.007107795804053152,0.8613406795224977,0.013018775829896988,0.9658109578662728,0.005010538078837044,0.9209817316185976,0.006512365019197936,0.9455695447545925,0.005976785273258284,0.8613406795224977,0.013018775829896988,0.9712899605372723,0.004729712049067633,0.05873674775163326,0.0038451938510686416,0.20803121725718177,0.015472465121999823,0.03408148305890373,0.0026459811539409437,0.2006802721088435,3
spambase,xgb_ros,,0.1,0.2,minority_to_majority,0.8553225312756104,0.00869499130664807,0.71900826446281,0.019085959312053744,0.9697106078646419,0.005666344500014871,0.8711711129711651,0.008045241615291718,0.9825487074156277,0.008440497390277118,0.71900826446281,0.019085959312053744,0.9763289460259158,0.006280841782105411,0.09477920581897094,0.0074067951703878305,0.3716955184936523,0.04006191951362862,0.10964113123761433,0.0052955932627951315,0.20000000000000004,3
spambase,xgb_ros,,0.1,0.3,majority_to_minority,0.9073555693790297,0.008145775041126227,0.8475665748393021,0.019544349544345953,0.9634472112819985,0.006152720272765407,0.9145687414020808,0.006776232966083753,0.9438884266802248,0.00840270333735928,0.8475665748393021,0.019544349544345953,0.9678489028440153,0.007718019953642153,0.060487605631351436,0.0035101739267276283,0.2112105836470921,0.01621894487108103,0.027560421228921068,0.001808825246608425,0.3005952380952381,3
spambase,xgb_ros,,0.1,0.3,minority_to_majority,0.8224251310761574,0.015620932936091686,0.6538108356290174,0.0294564094257951,0.9639230539100349,0.005932173641938918,0.8391406318056246,0.015799317855063236,0.9792612798319836,0.0075007165441147265,0.6538108356290174,0.0294564094257951,0.9734613979482015,0.00726954146878836,0.11261590818564093,0.0058388203316468166,0.43609140316645306,0.00962323876344087,0.1367392260335194,0.00996624848646439,0.2978723404255319,3
spambase,xgb_ros,,0.2,0.0,clean,0.9445505889787414,0.005269330020923847,0.9100091827364555,0.011133476265364796,0.9837482697895613,0.0029218643128176994,0.9490579121058514,0.004819889121151581,0.9659661606122585,0.009033571253765475,0.9100091827364555,0.011133476265364796,0.9864447669921765,0.001757405768277368,0.038488381852706234,0.004738562874884611,0.1491584827502568,0.019359772910046123,0.02563324180902547,0.0061284138423265844,0.0,3
spambase,xgb_ros,,0.2,0.05,majority_to_minority,0.9339632888019985,0.002415537398276351,0.8989898989898989,0.005734617078418979,0.9799753223097104,0.002456696992068953,0.9380179327933978,0.0038973292419819043,0.9497800147024954,0.014922537259011113,0.8989898989898989,0.005734617078418979,0.983841346011434,0.0017109167246543708,0.04425176357229547,0.0023454452509925517,0.15682984391848243,0.008689476431563188,0.02361234540973897,0.0037846913954191277,0.0506072874493927,3
spambase,xgb_ros,,0.2,0.05,minority_to_majority,0.9233364929845868,0.005502542084833732,0.8723599632690542,0.008416116978798635,0.9795175695895048,0.004090931675844758,0.9298659756846824,0.005272859773246455,0.9566839566839568,0.00478563586627711,0.8723599632690542,0.008416116978798635,0.984224782856259,0.002405824021900855,0.04877068474888796,0.0023226994446353465,0.181148146589597,0.01132633646029407,0.040065889010476134,0.0010221104413253225,0.0490405117270788,3
spambase,xgb_ros,,0.2,0.1,majority_to_minority,0.941469929006586,0.00995352222185861,0.9146005509641874,0.009932648141774069,0.9785872169898199,0.003792779039254805,0.9443180816610218,0.0105630155515529,0.949576753084569,0.017024015902444404,0.9146005509641874,0.009932648141774069,0.9826696420049305,0.0026766326249951567,0.04226770624518387,0.004546317672509556,0.1536825398604075,0.015005253289032858,0.012891798758480866,0.0035082559645529796,0.09980806142034541,3
spambase,xgb_ros,,0.2,0.1,minority_to_majority,0.9108287172803301,0.010914447912654005,0.8383838383838383,0.022436715744482357,0.976582826716001,0.0027478400702455807,0.9205388974837071,0.009570851160032924,0.9702511898832253,0.0014348120268744757,0.8383838383838383,0.022436715744482357,0.9819389726525601,0.0018681031837705464,0.05603329961498573,0.005002967854006291,0.20736097296078995,0.018814258260870416,0.054524341156592264,0.00850811265944817,0.1002132196162046,3
spambase,xgb_ros,,0.2,0.2,majority_to_minority,0.9208482676224611,0.007180247034305643,0.8888888888888888,0.014136643083875678,0.9704112352906588,0.004351368668525105,0.9236768398630234,0.006684014956060685,0.9246395854301351,0.010409115774822519,0.8888888888888888,0.014136643083875678,0.9753794049981733,0.003259972040971223,0.0542331921557585,0.0038969956170285276,0.18886945645014444,0.012707679630013511,0.025300569379977867,0.0039787100317830275,0.1996587030716723,3
spambase,xgb_ros,,0.2,0.2,minority_to_majority,0.8791482765089803,0.010102189074081934,0.7750229568411386,0.019349226359692818,0.9720303063903125,0.0033637928542639296,0.8920721378459998,0.009421690120595431,0.9678760635718632,0.005265198915820737,0.7750229568411386,0.019349226359692818,0.9792812451658982,0.0022773566082148465,0.0732299536466598,0.0034046334602094693,0.2549989322821299,0.015189968404031508,0.08102250694227477,0.001235864812163037,0.2004264392324093,3
spambase,xgb_ros,,0.2,0.3,majority_to_minority,0.9229291941901913,0.0013398990688132668,0.9127640036730945,0.003180993218675592,0.967807989826821,0.00038387759291488003,0.9217771491380103,0.0021220640465576166,0.8987879407234246,0.0071771964501719425,0.9127640036730945,0.003180993218675592,0.9716223821795668,0.0010760183928255204,0.06146225954095517,0.0022892331549411306,0.21666283408800757,0.00629599099377878,0.054807139481705965,0.009848790049129344,0.3,3
spambase,xgb_ros,,0.2,0.3,minority_to_majority,0.8452437374724765,0.0007246863186988363,0.7006427915518825,0.006932813990147631,0.9668956470106035,0.007765053824814851,0.8613407314445887,0.000895911421424538,0.9784048249029599,0.01304356127787664,0.7006427915518825,0.006932813990147631,0.9767420046012422,0.004289336133797069,0.0943565741181373,0.0016145782354178339,0.3210381666819255,0.007805579894488575,0.11337603844022708,0.008184931329091443,0.3006396588486141,3
spambase,xgb_ros,,0.5,0.0,clean,0.954044353604471,0.002598392439724133,0.9529261332780394,0.0024011118455122657,0.9837607406571974,0.0037116890847771135,0.9520803316797876,0.002377047021945197,0.9310008452205668,0.0017130145049873606,0.9540863177226814,0.004208058489399268,0.9878830665731937,0.002397908781538516,0.036570064723491634,0.003320383325627977,0.13860436528921125,0.016344450500535842,0.022017196406634836,0.004137033740471599,0.0,3
spambase,xgb_ros,,0.5,0.05,majority_to_minority,0.943728585957325,0.0014132804631261217,0.9342891278375149,0.004138711607093986,0.9801397668702138,0.0028260243170744057,0.9395382356854015,0.0012740271421315741,0.9042163269548847,0.005061126517442263,0.953168044077135,0.005509641873278223,0.9846032827460002,0.0028614087970208176,0.044541296859582226,0.002273092456677246,0.16202519834041593,0.009752030179841003,0.03863975544565613,0.0013403520461690156,0.05016181229773461,3
spambase,xgb_ros,,0.5,0.05,minority_to_majority,0.9362540359607808,0.005155494978489744,0.9155188246097338,0.008855510340673046,0.9778024501250598,0.001974846448703107,0.9376511360374167,0.004677861149297283,0.9326372727872322,0.0031017771505686,0.9155188246097338,0.008855510340673046,0.9840108481359703,0.0002029162612344943,0.044184222817420904,0.00121907615010254,0.1557147254546483,0.0022141736092725164,0.017932162767089366,0.0029049700874803244,0.0502555366269165,3
spambase,xgb_ros,,0.5,0.1,majority_to_minority,0.9433583143260563,0.003346275111667613,0.927120669056153,0.0037305842284339826,0.9817840088251351,0.0018139394572581641,0.9378273372350385,0.003415447304934754,0.895469777637405,0.00496339248719697,0.9595959595959597,0.0042080584893993325,0.9854952259644342,0.0019930934647118593,0.0491027471919854,0.0023486320594173094,0.17847891151905057,0.01026439808496103,0.062205192680499934,0.00482906167727864,0.0996932515337423,3
spambase,xgb_ros,,0.5,0.1,minority_to_majority,0.9311368820166473,0.007130824085422906,0.8999081726354454,0.011469234156838195,0.9750582433244626,0.004958633853787707,0.9343183809657947,0.006780092895317715,0.9396034039820167,0.007544970895968528,0.8999081726354454,0.011469234156838195,0.9829016788938588,0.0022606151468139357,0.04628415529926613,0.002309966332540451,0.16234471400578812,0.009280607215452043,0.024359173648035068,0.00358634872432214,0.0996592844974446,3
spambase,xgb_ros,,0.5,0.2,majority_to_minority,0.9063657098847715,0.011583808177303846,0.8494623655913979,0.018710226718477687,0.9706137838874996,0.004358953869967015,0.8923691495255626,0.012909393590482295,0.8065789809417261,0.019759379651701464,0.963269054178145,0.007952483046688996,0.9765116133640083,0.00324032161757013,0.08343210568030669,0.004408363475943856,0.2868862251440684,0.009599096965851577,0.13101924595315517,0.004897971935818247,0.2002724795640326,3
spambase,xgb_ros,,0.5,0.2,minority_to_majority,0.9087329798473492,0.0171614239802417,0.8503213957759413,0.0291976365391821,0.9641894516026425,0.012369178588146812,0.9157548843802319,0.016057676107631785,0.9438474912607283,0.013369588138943646,0.8503213957759413,0.0291976365391821,0.9785555127686115,0.00517205446085138,0.05800805985927576,0.008939254103034816,0.19982884824275968,0.02610493190406284,0.04903157776369264,0.005924406270495307,0.2001703577512776,3
spambase,xgb_ros,,0.5,0.3,majority_to_minority,0.8313462089121914,0.020509071688342914,0.6911589008363203,0.03252247930422031,0.9640287525141004,0.006674355271743391,0.8013899656833293,0.022856455326085313,0.6722207421129541,0.02479168407131528,0.9715335169880625,0.008855510340673046,0.9698993848553966,0.006952889315464552,0.13841480513413743,0.00989056895232441,0.42883536219596863,0.02033520517685445,0.21422147103411707,0.005591453848474583,0.2999403697078115,3
spambase,xgb_ros,,0.5,0.3,minority_to_majority,0.8653692348707013,0.005958442567523156,0.7594123048668503,0.00967461317984637,0.9551875157369033,0.009115877929856133,0.8775612327523056,0.006105295089213462,0.9452194357366771,0.01138049890498996,0.7594123048668503,0.00967461317984637,0.9737074228765333,0.00395550040821272,0.07995376239220296,0.00175381296133677,0.25902729233105976,0.008162000490702441,0.08950353884874657,0.0033583972259310364,0.2998296422487223,3
spambase,xgb_smote,,0.05,0.0,clean,0.8610148404869813,0.02194348150628048,0.7327823691460056,0.04535007612439205,0.9638112076896278,0.00405940753176507,0.8760197533404059,0.0206374694564125,0.9780809550758617,0.008806801912520673,0.7327823691460056,0.04535007612439205,0.9683014570600105,0.004334557532339705,0.09609208752711611,0.016018875881655327,0.45060189565022785,0.108663848090801,0.10367139002579247,0.019369613888609992,0.0,3
spambase,xgb_smote,,0.05,0.05,majority_to_minority,0.8593831768318573,0.009341507345101896,0.7337006427915519,0.01660527210286972,0.9607199512476945,0.003404809350498225,0.8740520165728042,0.00909448698771576,0.9696146963786866,0.00595569364970906,0.7337006427915519,0.01660527210286972,0.9668845509510221,0.004536834297434533,0.09237522383530931,0.004686617036096492,0.3873111605644226,0.010977056485835872,0.09797104237293751,0.0066185745934427085,0.048780487804878,3
spambase,xgb_smote,,0.05,0.05,minority_to_majority,0.8360610010170128,0.005380653694189438,0.682277318640955,0.012422175627611307,0.9554725986963347,0.0010634692571282345,0.8524595814293372,0.005031704040540974,0.9776829456001966,0.004083818202536543,0.682277318640955,0.012422175627611307,0.9622997653300683,0.004035290637965905,0.11157231529553728,0.00354725879553597,0.49836095174153644,0.028916466839777562,0.1222120681017505,0.006648292454040061,0.05128205128205119,3
spambase,xgb_smote,,0.05,0.1,majority_to_minority,0.8639745450595889,0.015596348041224674,0.7428833792470156,0.030963664462970344,0.9552443308519233,0.007047623837290591,0.8782801788868874,0.014541997200679793,0.9699847837275392,0.0025152805234608033,0.7428833792470156,0.030963664462970344,0.9628461216926515,0.006502845717624195,0.09030640125274654,0.0077714838094065765,0.3664662341276805,0.026069862901503194,0.09445757129614869,0.006533886222296056,0.10000000000000002,3
spambase,xgb_smote,,0.05,0.1,minority_to_majority,0.8437058759639404,0.011960180255840006,0.6969696969696969,0.02203856749311295,0.9615768780717909,0.003918043586131166,0.8598984142210907,0.011774980733100607,0.979287009135463,0.006328202243138859,0.6969696969696969,0.02203856749311295,0.9683705744311805,0.00424923965910902,0.104565680027008,0.0047005377584906135,0.46924975514411926,0.0011830694659281237,0.11895075218210686,0.004225506118648177,0.10256410256410249,3
spambase,xgb_smote,,0.05,0.2,majority_to_minority,0.8420519960109404,0.025524503846917672,0.6960514233241506,0.051119065784083685,0.9428038457433517,0.007997964045265937,0.8577540443739761,0.02451213839165319,0.9742128236428589,0.00285432063110728,0.6960514233241506,0.051119065784083685,0.9508246360641278,0.00923282584084954,0.10218611607948937,0.012673745671889586,0.39132993419965106,0.06389721541772113,0.10310203102230213,0.020211660175682142,0.1986301369863013,3
spambase,xgb_smote,,0.05,0.2,minority_to_majority,0.8147802561292297,0.009954535945996924,0.6391184573002755,0.023537200400323765,0.9572187486538124,0.002953208617096206,0.8314788827307815,0.009654457937732808,0.9778419488205947,0.01230585327147951,0.6391184573002755,0.023537200400323765,0.9657243665063803,0.0056259117812764645,0.12389051914215087,0.008651255031588392,0.5434700151284536,0.07405155521422147,0.13968690788967264,0.011999293723178713,0.19658119658119647,3
spambase,xgb_smote,,0.05,0.3,majority_to_minority,0.8484305419789292,0.0075909922848309734,0.7171717171717171,0.013018775829896988,0.9295937854687256,0.006721621146242871,0.8629662718600045,0.0077022991583555874,0.9583610757622448,0.012372401400432142,0.7171717171717171,0.013018775829896988,0.9355052644397709,0.00915283290055181,0.10045241812864937,0.004854900220763856,0.3804260889689128,0.02463277091516889,0.0907168583037723,0.006699072216118091,0.2994011976047904,3
spambase,xgb_smote,,0.05,0.3,minority_to_majority,0.7867951262379415,0.011708270799080584,0.5849403122130394,0.02375117935055566,0.9492401386099388,0.010317885028142095,0.8026784123811318,0.0122703095318621,0.9711268572815657,0.009988191313318169,0.5849403122130394,0.02375117935055566,0.9603809354542493,0.009799710342666629,0.13994688789049783,0.010585861984082196,0.6244566440582275,0.08584752308519045,0.15951296403364337,0.009918704191656004,0.2991452991452991,3
spambase,xgb_smote,,0.1,0.0,clean,0.9050203896244952,0.010440852025562455,0.827364554637282,0.02647113922020131,0.9741320917469296,0.0030368506456033306,0.9152662546561238,0.008309491608949768,0.9690675940638616,0.009301321912505314,0.827364554637282,0.02647113922020131,0.9790212321981628,0.0035721602252934454,0.0627487016220887,0.006309372739108502,0.2652372221151988,0.034872597001738295,0.0631593116220333,0.009500197352384688,0.0,3
spambase,xgb_smote,,0.1,0.05,majority_to_minority,0.9114483051433199,0.0018109929589972483,0.8402203856749312,0.0027548209366391185,0.9719767684594314,0.0013116495561621298,0.9210173350121247,0.002306029176433875,0.9693305007348775,0.007719844165765887,0.8402203856749312,0.0027548209366391185,0.9764984481504522,0.002080757212933034,0.05943453808625534,0.0014002121606587225,0.23493782679239905,0.0054145894202418995,0.054325383929438,0.00477338956175029,0.048582995951417,3
spambase,xgb_smote,,0.1,0.05,minority_to_majority,0.8927619301519595,0.006323506680673719,0.8016528925619836,0.009542979656026889,0.9735747029942368,0.0015324754393604132,0.9045578755475744,0.006235770440843371,0.9699770340475818,0.00596672946485749,0.8016528925619836,0.009542979656026889,0.9792680799523419,0.0019891477470616796,0.06986966232458747,0.0016648650599155762,0.2708299557367961,0.02213591475343093,0.07264336918767537,0.002535350952987756,0.051063829787234,3
spambase,xgb_smote,,0.1,0.1,majority_to_minority,0.908394798424124,0.008422695689279508,0.8347107438016529,0.016756921571069422,0.9682467875786144,0.0012904809687614585,0.9181876580862376,0.007588712018295168,0.968074999857535,0.0061050142532511524,0.8347107438016529,0.016756921571069422,0.9729273839733272,0.0015352448622775344,0.06008594358960784,0.002004269379840325,0.22673877576986945,0.011276871443233315,0.04935987927275764,0.00528937357273116,0.0996168582375478,3
spambase,xgb_smote,,0.1,0.1,minority_to_majority,0.8823400179705164,0.0031377922915756624,0.7796143250688705,0.0072885711048611,0.9733868247861235,0.0018584222252413848,0.8953086449572334,0.002693789975157044,0.9714078858758409,0.0016603029553342898,0.7796143250688705,0.0072885711048611,0.9795478407404117,0.0021886381817229315,0.0736450999975204,0.0034357296724497593,0.2833278576533,0.019766144487130093,0.08100895627751983,0.002735341146373645,0.102127659574468,3
spambase,xgb_smote,,0.1,0.2,majority_to_minority,0.8982888513680303,0.011101801491589892,0.8264462809917354,0.022549181189731253,0.9591732292528395,0.0015968706929864165,0.9070838332526039,0.009835503198937902,0.9473657108137271,0.003386925710894848,0.8264462809917354,0.022549181189731253,0.9659564033953085,0.002693068648403716,0.06661140173673627,0.0019151338156230438,0.23612794280052185,0.006869207065566754,0.04241795103270266,0.0005494044297469107,0.2006802721088435,3
spambase,xgb_smote,,0.1,0.2,minority_to_majority,0.8592005094937646,0.01973378004268919,0.7309458218549127,0.043236941660215085,0.966805495754962,0.007857501978847449,0.8740697538803591,0.017923020837225752,0.9745985716975478,0.009580154900561499,0.7309458218549127,0.043236941660215085,0.9735790620443602,0.007266972049604632,0.09187347193559008,0.01305627040240742,0.3798244098822276,0.06368467493188376,0.1039219506402101,0.01403631148827522,0.20000000000000004,3
spambase,xgb_smote,,0.1,0.3,majority_to_minority,0.8931001115751848,0.005864435613747907,0.8172635445362718,0.013018775829896977,0.954177384885754,0.004795894790322514,0.9022859635728144,0.005024398154394051,0.9448206925014905,0.003010387283517689,0.8172635445362718,0.013018775829896977,0.9597160921696601,0.006302324988695245,0.0694168632229169,0.0030402142272321028,0.23946873346964517,0.012994671267931378,0.028090350458636365,0.00703773951233929,0.3005952380952381,3
spambase,xgb_smote,,0.1,0.3,minority_to_majority,0.8347058068465693,0.005859341587324063,0.6813590449954087,0.013018775829897009,0.957166497932607,0.006743308973996338,0.8509135157873221,0.005631991233192114,0.9738353425424799,0.0076578558037896415,0.6813590449954087,0.013018775829897009,0.9687951525683687,0.007097413973683784,0.10926702866951621,0.00039701510095881923,0.44756366809209186,0.014149349652547145,0.12453491766500568,0.005802276220198586,0.2978723404255319,3
spambase,xgb_smote,,0.2,0.0,clean,0.9421166701225352,0.0009006763879138225,0.90633608815427,0.0027548209366392296,0.9817374525197118,0.0016112879773947744,0.9467465914524805,0.0016545659341109058,0.9639151081593632,0.006989271968749149,0.90633608815427,0.0027548209366392296,0.9856433346169414,0.0008038145230139497,0.04011582086483633,0.0017711297172653398,0.15726381043593082,0.009183295217893723,0.027874151134200765,0.0033848753847848237,0.0,3
spambase,xgb_smote,,0.2,0.05,majority_to_minority,0.934145956140091,0.0019514591321050522,0.9017447199265382,0.008416116978798583,0.9758885724074808,0.0017281013218832105,0.9377031755030983,0.0013408480081278657,0.946139351694435,0.007882884090262861,0.9017447199265382,0.008416116978798583,0.9807985360282526,0.0024018290709922232,0.04726607600847876,0.0021054689842030026,0.17293407519658402,0.011306669080366118,0.027685876724714998,0.002957307723156617,0.0506072874493927,3
spambase,xgb_smote,,0.2,0.05,minority_to_majority,0.9222133357030718,0.0018591618464647464,0.8659320477502296,0.006361986437351265,0.9775690985893047,0.0029004774235571193,0.9296784567122627,0.001394761646088237,0.9632736994157963,0.005670721253341898,0.8659320477502296,0.006361986437351265,0.9829658593099452,0.001839870977324952,0.051931370049714966,0.0008848296974391921,0.1942759156227111,0.0033675520019879573,0.04710947801475283,0.0028074099436833414,0.0490405117270788,3
spambase,xgb_smote,,0.2,0.1,majority_to_minority,0.9326747435251833,0.006502300185332683,0.9035812672176308,0.008264462809917328,0.9739744552072555,0.0039487744084447385,0.9355245556639811,0.0065142769973855486,0.9389350164059515,0.008222612772055892,0.9035812672176308,0.008264462809917328,0.9801485036089143,0.002044024613397082,0.0469199120998382,0.0026190658454581443,0.16923139989376068,0.012434232686474832,0.0188964203578479,0.006304002829842409,0.09980806142034541,3
spambase,xgb_smote,,0.2,0.1,minority_to_majority,0.9028851565508457,0.00859659096897498,0.8236914600550964,0.019283746556473833,0.973978470125024,0.0014198106088697052,0.9132880478364229,0.0074392187712777075,0.9677401040923753,0.007866541692776851,0.8236914600550964,0.019283746556473833,0.9804545948240962,0.0019411903983022746,0.05968520045280453,0.007452387228676054,0.22380848228931427,0.027993629914372393,0.0583279844042462,0.011129657168148729,0.1002132196162046,3
spambase,xgb_smote,,0.2,0.2,majority_to_minority,0.9224083454288733,0.002644168111686878,0.8943985307621672,0.001590496609337828,0.9655865811165407,0.0016660568161119724,0.9245790965215464,0.002964357569495835,0.9214918725865054,0.005559758583560217,0.8943985307621672,0.001590496609337828,0.9714281952796128,0.0019163548622943938,0.05695065235098196,0.0008745554308840603,0.20140860478083286,0.002901276808589825,0.02424142281368093,0.004330882587380124,0.1996587030716723,3
spambase,xgb_smote,,0.2,0.2,minority_to_majority,0.8736608509335783,0.009175116846540628,0.7658402203856749,0.016528925619834683,0.9691373045713951,0.00493337050917881,0.8867606866418609,0.008730497862306804,0.9641172449209859,0.0044920722576956805,0.7658402203856749,0.016528925619834683,0.9775187522010591,0.002862124220915358,0.07915148387352623,0.006152245071128456,0.27515240510304767,0.018639250175972764,0.0838965429400959,0.0021088363353334223,0.2004264392324093,3
spambase,xgb_smote,,0.2,0.3,majority_to_minority,0.918636511745016,0.006603225409475358,0.9035812672176308,0.0027548209366392434,0.9621395104790172,9.684100312566691e-05,0.9182533215821983,0.00851904995325584,0.8990025842919991,0.02141408915144495,0.9035812672176308,0.0027548209366392434,0.9659909620808937,0.0005981123291092965,0.0638510088125864,0.0016520656167840668,0.2257258246342341,0.001752836142551687,0.05166668636596936,0.002926938946844805,0.3,3
spambase,xgb_smote,,0.2,0.3,minority_to_majority,0.8355302783455277,0.01224586605485614,0.6877869605142332,0.02243671574448227,0.9614285477361383,0.0035464114309602286,0.8510696743968998,0.012057992829287647,0.9638682914811211,0.0053448637263372005,0.6877869605142332,0.02243671574448227,0.9743558096441772,0.0020360156794555955,0.10075915108124413,0.007384049851146421,0.34743820627530414,0.02031991134848141,0.1153408602632412,0.009647797870921007,0.3006396588486141,3
spambase,xgb_smote,,0.5,0.0,clean,0.9557204498553472,0.0036913710882081146,0.9536469287202425,0.0033333441829467548,0.984082645914413,0.003729404539460119,0.9536055840182703,0.003894506601511168,0.9320422026304378,0.0064247736518335055,0.9568411386593204,0.0042080584893993776,0.9881200404172056,0.0024606713925424567,0.03606491411725676,0.0037136260954719106,0.1363451207677523,0.016661973623169787,0.020338086011255568,0.0021683222397814684,0.0,3
spambase,xgb_smote,,0.5,0.05,majority_to_minority,0.9424894102313458,0.005697271300377324,0.9354838709677419,0.003104033705320486,0.9804185288349578,0.0014951548223808033,0.9387326477011023,0.005363598357583908,0.9054188578967378,0.004835670179154255,0.9494949494949495,0.008416116978798682,0.9848534218035683,0.0019511093836196147,0.045108937968810374,0.002083552322849073,0.16236154238382974,0.006393114048748022,0.03884591849623944,0.002278421403560789,0.05016181229773461,3
spambase,xgb_smote,,0.5,0.05,minority_to_majority,0.9374932116867601,0.005978456408975107,0.9191919191919192,0.011133476265364657,0.97676733517507,0.0017966538542407867,0.938470307560225,0.005312987019929816,0.9311630090486066,0.00421358321880918,0.9191919191919192,0.011133476265364657,0.9834908222004998,0.00022822406531246146,0.044362698992093365,0.0008766839361459264,0.15783708294232682,0.0011756977790461196,0.0170485747572259,0.0027798880877216124,0.0502555366269165,3
spambase,xgb_smote,,0.5,0.1,majority_to_minority,0.9421857874937053,0.0016249483492407097,0.9229390681003585,0.0035842293906811207,0.9815172575566491,0.002914572722177587,0.9360332004160484,0.0018988078804527313,0.8903245287257296,0.004413149722271067,0.9614325068870523,0.002754820936639077,0.984911019612877,0.0028776152760516655,0.04969871913393333,0.0042061130062589006,0.18054570257663724,0.01601328161623176,0.06389797899711616,0.0067531754592425166,0.0996932515337423,3
spambase,xgb_smote,,0.5,0.1,minority_to_majority,0.9285647284181008,0.004335691604297279,0.8971533516988063,0.008416116978798599,0.9742221373351786,0.004174343020284626,0.9316582779966476,0.003779473368342183,0.9358206224523067,0.0017437074324438728,0.8971533516988063,0.008416116978798599,0.9825346985659792,0.0020589075807457492,0.04707589993874226,0.0023638316178997104,0.16383200883865354,0.008683135832503784,0.020597682280551532,0.0022179850838529836,0.0996592844974446,3
spambase,xgb_smote,,0.5,0.2,majority_to_minority,0.8995625857795946,0.015395709795848728,0.8303464755077657,0.02542866983726728,0.9745209590729327,0.005871105575879879,0.883213005623117,0.01734560521018483,0.7883768216020891,0.025774746898859193,0.9687786960514234,0.006932813990147626,0.9793108668963996,0.004511959212405101,0.08426482230424877,0.0031001655329749595,0.28341983755429584,0.00836884625134756,0.13487098161353606,0.004496532675200455,0.2002724795640326,3
spambase,xgb_smote,,0.5,0.2,minority_to_majority,0.9088934308875657,0.015343074100121264,0.8512396694214877,0.027131839674369437,0.961779485339024,0.006775761232027784,0.9157934726319565,0.014216004021622515,0.9430096452821911,0.012553434727690478,0.8512396694214877,0.027131839674369437,0.9781210607212563,0.004589181467552195,0.05842816084623333,0.008832208287343705,0.201054776708285,0.02474280634405669,0.048673344085042126,0.007024361255342994,0.2001703577512776,3
spambase,xgb_smote,,0.5,0.3,majority_to_minority,0.8232545395301994,0.027687489494516604,0.6648745519713262,0.04576037754409933,0.9668853637719389,0.006719572951171877,0.7896075863907931,0.03134434835483981,0.6567357426398707,0.03354012231106236,0.9816345270890725,0.009674613179846489,0.9731067600080309,0.006999795103482272,0.1454963038365046,0.00884526224380268,0.4458057383696237,0.018671397873141024,0.2238115526700727,0.004615109511796557,0.2999403697078115,3
spambase,xgb_smote,,0.5,0.3,minority_to_majority,0.861834375030856,0.0044754573438757096,0.751147842056933,0.01042958373884352,0.9554679982951081,0.01177419178865447,0.8744784395142826,0.004674742276584244,0.946996724240453,0.015284956907642182,0.751147842056933,0.01042958373884352,0.9734556381672707,0.005006764586834927,0.08273060868183767,0.00346940467493791,0.2660571336746216,0.012017091243027448,0.09205307215762293,0.0015594755595099469,0.2998296422487223,3
spambase,xgb_weighted,,0.05,0.0,clean,0.8584204705905586,0.01719368642869307,0.7281910009182736,0.03488231389021596,0.9667377927905744,0.007211576027935041,0.8735790916507437,0.016306448026685783,0.9767204579157673,0.011188273498391408,0.7281910009182736,0.03488231389021596,0.9713014800991341,0.00715359340156173,0.09363616257905956,0.01204014561308718,0.4345135490099589,0.10277349930173081,0.10475764318544263,0.017322826031997886,0.0,3
spambase,xgb_weighted,,0.05,0.05,majority_to_minority,0.8572973133090436,0.00960515443195165,0.721763085399449,0.018064568937471076,0.9689194610355015,0.004002552410770159,0.8732213618752693,0.009282979317787512,0.9849283843091893,0.003988881790238617,0.721763085399449,0.018064568937471076,0.9741056705866091,0.005222736157908825,0.08949720114469527,0.0025865994826989955,0.36231284340222675,0.027737578397278462,0.10307806340820469,0.0009696933752409961,0.048780487804878,3
spambase,xgb_weighted,,0.05,0.05,minority_to_majority,0.8407683876892088,0.009441354474046744,0.6887052341597796,0.020798441970442838,0.9637598223956978,0.004376056582213924,0.8573821368603163,0.008920099629086096,0.984370089266294,0.007395743407130009,0.6887052341597796,0.020798441970442838,0.9685038722184373,0.004837864169089158,0.10562957574923826,0.004129066475562426,0.4712916811307271,0.038269474272047466,0.11944175842735495,0.007847540021781844,0.05128205128205119,3
spambase,xgb_weighted,,0.05,0.1,majority_to_minority,0.8708393811033107,0.01766359514221785,0.7548209366391184,0.03247885984173991,0.9647763699116553,0.009252216014118343,0.8849381415824636,0.016794077402470423,0.9738197551380282,0.009236924673956733,0.7548209366391184,0.03247885984173991,0.9713969278974167,0.007557164607141653,0.08231469740470247,0.009950607272903058,0.32366352279980976,0.039139717399552534,0.08865421986894306,0.0072628903748832244,0.10000000000000002,3
spambase,xgb_weighted,,0.05,0.1,minority_to_majority,0.8325039248792914,0.010811292515176105,0.6721763085399449,0.0180645689374711,0.9647483333960327,0.004169351800668095,0.8493555578604708,0.011018946946352939,0.9837701219139491,0.008342569593138865,0.6721763085399449,0.0180645689374711,0.9713278105262465,0.001977744042164492,0.1080440059304237,0.007428517635791029,0.47669588526089984,0.04392943257710877,0.12621597823165445,0.006616103204215691,0.10256410256410249,3
spambase,xgb_weighted,,0.05,0.2,majority_to_minority,0.8529774776109087,0.02375179390977505,0.7226813590449953,0.04546150154081381,0.9528086985598135,0.00788006350609412,0.8675852256208135,0.022748944772542495,0.9654782458131536,0.00968317798996779,0.7226813590449953,0.04546150154081381,0.9617748024395141,0.007175833786066441,0.09379185239473976,0.01602093223113714,0.35249380270640057,0.07142241784004096,0.0954586305479251,0.0195172439375009,0.1986301369863013,3
spambase,xgb_weighted,,0.05,0.2,minority_to_majority,0.8142766867107043,0.01765102278078306,0.6345270890725436,0.03800588078342492,0.9625533157580025,0.004935931855636319,0.8312414366152604,0.017349889783867155,0.9859709258430165,0.005507575248389429,0.6345270890725436,0.03800588078342492,0.9691736524581099,0.0071980466506379156,0.12395856529474253,0.010498092353948774,0.5555111964543661,0.058129592187491815,0.14583421814826072,0.01144682148740287,0.19658119658119647,3
spambase,xgb_weighted,,0.05,0.3,majority_to_minority,0.8649150350030115,0.014306207846431222,0.7465564738292011,0.03440770247051457,0.9480144265407656,0.00294884276183956,0.8788535504402019,0.0125389917879184,0.967092827955724,0.010753774478059301,0.7465564738292011,0.03440770247051457,0.9547478697038815,0.0038155381210348525,0.0868628695607185,0.003992224039253127,0.31210357944170636,0.013617630188502558,0.08282210427487059,0.010035359109249228,0.2994011976047904,3
spambase,xgb_weighted,,0.05,0.3,minority_to_majority,0.7571832696466126,0.0025783138620680862,0.519742883379247,0.006932813990147631,0.9550190531334856,0.008853262120121363,0.7712586691071847,0.0027942111166944605,0.9844079605382797,0.00493734383471028,0.519742883379247,0.006932813990147631,0.9655729665504836,0.008410833401293633,0.15656622250874833,0.0012218627948403689,0.6747404535611471,0.0669772956556037,0.1860805774457116,0.0014010132852274471,0.2991452991452991,3
spambase,xgb_weighted,,0.1,0.0,clean,0.9161556918155158,0.008264114428727952,0.8466483011937558,0.014136643083875761,0.9780885232026296,0.003457008469449672,0.9257048913563098,0.007882993494771468,0.9746562880227244,0.009484368625299845,0.8466483011937558,0.014136643083875761,0.9813991988967551,0.004348323443604642,0.0572668425738811,0.0026837578372863723,0.24547375738620758,0.02792105038583956,0.05842182356452983,0.004112802855912616,0.0,3
spambase,xgb_weighted,,0.1,0.05,majority_to_minority,0.9129861666518558,0.0012486885813179631,0.8438934802571166,0.005734617078419094,0.9745287147768095,0.0028190764914734004,0.9222610063544715,0.0007273982807982238,0.9684377443446844,0.0059295044273560095,0.8438934802571166,0.005734617078419094,0.9787200779380641,0.0030622429823891064,0.0572016189495722,0.0002129437775520277,0.22452605764071143,0.0074241319219385885,0.05362320205242577,0.003278815829509891,0.048582995951417,3
spambase,xgb_weighted,,0.1,0.05,minority_to_majority,0.8910636176032071,0.004494074716047216,0.7970615243342517,0.009674613179846405,0.9749747008416185,0.004352845128896584,0.9032300213795467,0.004328617837234854,0.9721001707254415,0.00985124435107614,0.7970615243342517,0.009674613179846405,0.9798012711013689,0.003172216788845218,0.06938321888446801,0.002949290496732927,0.27246182163556415,0.02887465449391695,0.07148164000538777,0.0004637177699167248,0.051063829787234,3
spambase,xgb_weighted,,0.1,0.1,majority_to_minority,0.9112162682543915,0.004053201036699493,0.8457300275482093,0.01431446948404026,0.9702074128184388,0.0014296833945557602,0.9197068642501911,0.0024452968543134173,0.9595533498759307,0.009885153492328522,0.8457300275482093,0.01431446948404026,0.9743870770263733,0.0005683076511579988,0.05912714451551434,0.0003315270592963427,0.2235578348239263,0.005826598314060091,0.04895419781839511,0.006717997967228081,0.0996168582375478,3
spambase,xgb_weighted,,0.1,0.1,minority_to_majority,0.8921201259910937,0.003744472142227037,0.797979797979798,0.007952483046689076,0.9749939774536612,0.00047040148653619817,0.9043883942890732,0.0033120123825046226,0.97422202877465,0.0017887636134047858,0.797979797979798,0.007952483046689076,0.9806570099825231,0.0013751613442647057,0.07202928761641181,0.002965535204443056,0.27302940686543775,0.016996830447117122,0.07955194527682397,0.002724292042724134,0.102127659574468,3
spambase,xgb_weighted,,0.1,0.2,majority_to_minority,0.9154595811487307,0.007756949420360384,0.8631772268135904,0.01834250170379996,0.967983211580519,0.0042983964130153245,0.9217689036874824,0.006263551097018947,0.9457411158153928,0.004833924158916037,0.8631772268135904,0.01834250170379996,0.9728401644335173,0.00513634679163632,0.05734194070100781,0.0018428882986444557,0.20307050148646033,0.01011117309419625,0.035113680495641536,0.0017110479261746607,0.2006802721088435,3
spambase,xgb_weighted,,0.1,0.2,minority_to_majority,0.8525899266368474,0.01263813469275141,0.7153351698806244,0.026182878658187848,0.9694322408243368,0.004729854144137822,0.8682848633321706,0.011887478477530588,0.9786725280223733,0.0015343013726721365,0.7153351698806244,0.026182878658187848,0.9761874199801864,0.0057256682898427684,0.0958458135525385,0.006450938181361281,0.37602588534355164,0.03608989916694152,0.11161156339837837,0.007280647788640671,0.20000000000000004,3
spambase,xgb_weighted,,0.1,0.3,majority_to_minority,0.9199127146341223,0.007374700492073272,0.8732782369146005,0.011019283746556474,0.9648060994009168,0.004978314243828417,0.9254364949505995,0.007118585235766313,0.9443716713746388,0.0070676064950594255,0.8732782369146005,0.011019283746556474,0.9692526437394472,0.006080475018725758,0.0589587402840455,0.0033087395490625686,0.20616758863131202,0.014464476564812319,0.027206364690777463,0.0013024150344553033,0.3005952380952381,3
spambase,xgb_weighted,,0.1,0.3,minority_to_majority,0.8199689959220752,0.012423310894668948,0.6483011937557391,0.024996616324731265,0.9631381282849539,0.007122447151227512,0.8367916466067727,0.012452483948285003,0.9806108561932246,0.008274322835108181,0.6483011937557391,0.024996616324731265,0.9729734622207742,0.0067309681078466035,0.1145234182476997,0.005649302870808187,0.452143390973409,0.014558808087332054,0.13925098089927315,0.011231627391607992,0.2978723404255319,3
spambase,xgb_weighted,,0.2,0.0,clean,0.942852276429989,0.006495611390371842,0.9054178145087236,0.013018775829897015,0.983469045287075,0.0028876218810853496,0.9478397379655479,0.005855990801979208,0.9676787331766294,0.008524260534140666,0.9054178145087236,0.013018775829897015,0.9858424584719794,0.00196421542161972,0.038566907246907534,0.003963968510352593,0.15197079380353287,0.017608551500039156,0.02712389308159713,0.003947496549876015,0.0,3
spambase,xgb_weighted,,0.2,0.05,majority_to_minority,0.9306110963002459,0.005146903536631546,0.8934802571166207,0.004208058489399306,0.980353278488924,0.000374688881525953,0.9349180373083309,0.0067575326631629275,0.9477177280419137,0.019199580309594844,0.8934802571166207,0.004208058489399306,0.9842708611037058,0.0006891076819075946,0.04340403651197747,0.0012663871103309014,0.15453457335631046,0.00047267485609179107,0.024841471719803235,0.0035977486673040722,0.0506072874493927,3
spambase,xgb_weighted,,0.2,0.05,minority_to_majority,0.9228551398639375,0.0013125872555558085,0.8696051423324151,0.001590496609337812,0.9789695834009092,0.0036513333121748954,0.929788891681327,0.0013363649105897076,0.9594731509625127,0.0017548640400900802,0.8696051423324151,0.001590496609337812,0.9835352547962518,0.002262143850142463,0.04998643447955447,0.0033229591289872153,0.18736984332402543,0.013195563977155647,0.04147152387807723,0.003161550265637547,0.0490405117270788,3
spambase,xgb_weighted,,0.2,0.1,majority_to_minority,0.9416525963446785,0.005661747465997801,0.9173553719008266,0.0047714898280134845,0.978251297272304,0.004315513700548657,0.9440006856760453,0.006287263223903314,0.9460974130631422,0.011946387102530685,0.9173553719008266,0.0047714898280134845,0.9824919116219215,0.0038526421376386035,0.0431079305708408,0.0040813786556265,0.15564483900864914,0.015884012005806993,0.0160141237204138,0.006433105574175708,0.09980806142034541,3
spambase,xgb_weighted,,0.2,0.1,minority_to_majority,0.9073382900362373,0.010790786028652962,0.8337924701561065,0.023429478093981704,0.9758002384426042,0.0015697686706606015,0.917014171938551,0.009315939694780284,0.9660327873390216,0.005926769767849603,0.8337924701561065,0.023429478093981704,0.9812379250306914,0.000822004256889804,0.0579696471492449,0.005285432013047504,0.21574743092060086,0.01661109826871205,0.0556599000523455,0.008250087024388626,0.1002132196162046,3
spambase,xgb_weighted,,0.2,0.2,majority_to_minority,0.925345833703605,0.0058730963681233464,0.9026629935720845,0.004208058489399302,0.9707308592814045,0.0034117662070572864,0.9266484633022004,0.0064729294612814875,0.9187555104142421,0.011494118158187619,0.9026629935720845,0.004208058489399302,0.9762137504072989,0.002000149333063062,0.054288157572348866,0.0030219331889881737,0.18764054278532658,0.009129551708985236,0.02630817068796673,0.0010499295822385601,0.1996587030716723,3
spambase,xgb_weighted,,0.2,0.2,minority_to_majority,0.8783682376057742,0.009189137335879005,0.7722681359044996,0.015172370653680706,0.9719800540731777,0.0021527975296230894,0.8915680883012321,0.008995402779829688,0.9699870755547423,0.008747803636135814,0.7722681359044996,0.015172370653680706,0.9790475626252751,0.002171064940380402,0.07298276573419567,0.004034509823630794,0.2587250272432963,0.009237435602138805,0.0806806523208258,0.0026003439076759593,0.2004264392324093,3
spambase,xgb_weighted,,0.2,0.3,majority_to_minority,0.92313407782616,0.005482423045781901,0.9173553719008264,0.008264462809917272,0.9680237467881788,0.002010609389731746,0.9211628011150833,0.005155959328035281,0.8935483288823188,0.00450576336266512,0.9173553719008264,0.008264462809917272,0.9718215060346047,0.0015640592650445337,0.06192153692245476,0.0014518415638276924,0.21691024800141645,0.0017522850034963993,0.0554610076190184,0.0061055886072282056,0.3,3
spambase,xgb_weighted,,0.2,0.3,minority_to_majority,0.8424173306871254,0.0038053356759599607,0.7015610651974288,0.006361986437351265,0.9656675205361761,0.005150271010056286,0.8577412153241176,0.003844568850958072,0.9646450152677554,0.004384522602946035,0.7015610651974288,0.006361986437351265,0.9760788069683475,0.0030898450503757486,0.09518316636482867,0.0010495373324619956,0.3261271019776662,0.003440797292595443,0.11210837932805777,0.007166420734205812,0.3006396588486141,3
spambase,xgb_weighted,,0.5,0.0,clean,0.9546417251695845,0.0031425134619981593,0.9540863177226813,0.003180993218675424,0.9837254817888511,0.004124979566882935,0.9528218520036593,0.0032556494335124146,0.9326797669767846,0.004555650545948866,0.9540863177226813,0.003180993218675424,0.9879192709104733,0.0024874464943333073,0.03613131369153653,0.0030157742800497114,0.13770402719577146,0.016487197549261614,0.02044080136262263,0.0038994318108124698,0.0,3
spambase,xgb_weighted,,0.5,0.05,majority_to_minority,0.9436841533615729,0.003984854510841578,0.937873357228196,0.0057608427485023265,0.9795936790426033,0.0018648155483571868,0.9402028189134857,0.003893525472243216,0.9086646261375364,0.007536287628350995,0.9494949494949495,0.007952483046689078,0.9842856719689564,0.0025015361899652024,0.04460263003905613,0.002287406651222278,0.16297054787476858,0.007733073927376552,0.0380425180126166,0.0022290933493824593,0.05016181229773461,3
spambase,xgb_weighted,,0.5,0.05,minority_to_majority,0.9368958401216466,0.00324501911566584,0.9191919191919192,0.00841611697879866,0.9777296626499931,0.0022880862308494233,0.937733668772711,0.0024752810924316493,0.9294575219889166,0.0034853474663052004,0.9191919191919192,0.00841611697879866,0.9841507285300053,0.0007532915581708338,0.04365781322121617,0.00198596202403133,0.15488393604755396,0.006059891651474162,0.0184235842915341,0.0035991554781077727,0.0502555366269165,3
spambase,xgb_weighted,,0.5,0.1,majority_to_minority,0.9427831590588189,0.0014713596393611408,0.9241338112305852,0.0010346779017734284,0.981306888161856,0.0030546103035251327,0.9367634902704488,0.001311144774395126,0.8918236525379383,0.0013426269603818363,0.9614325068870523,0.0027548209366391047,0.9847497457468132,0.003147698957863662,0.049487646669149336,0.0037227942763736243,0.17985026538372031,0.014199463566919346,0.0631888857555592,0.005616208634972066,0.0996932515337423,3
spambase,xgb_weighted,,0.5,0.1,minority_to_majority,0.9279229242572352,0.007525730599106851,0.8934802571166207,0.010429583738843416,0.9746568378216011,0.005105228625031255,0.9315640409510489,0.007407938615121355,0.9391873830526597,0.008730334717863915,0.8934802571166207,0.010429583738843416,0.9826943267803482,0.0019327427770468512,0.046150888005892364,0.002259388815185727,0.16226338843504587,0.008160921799963635,0.023292170785275765,0.0033327573591758856,0.0996592844974446,3
spambase,xgb_weighted,,0.5,0.2,majority_to_minority,0.9078147062018029,0.007237348412531959,0.8560334528076464,0.015241757254687021,0.9711324441921699,0.004780193747217943,0.8947849405095308,0.008777939273174266,0.8128146461827669,0.015793167456726924,0.9595959595959597,0.0031809932186757602,0.977031639299479,0.003406865085878765,0.0810033579667409,0.0030766056582666613,0.2792297303676605,0.007559851215215143,0.12777131770535563,0.004888324320037325,0.2002724795640326,3
spambase,xgb_weighted,,0.5,0.2,minority_to_majority,0.9099499392754525,0.016117159815653592,0.852157943067034,0.030344741307361412,0.9631121260371712,0.015580474323264495,0.9169172329706504,0.014435311926172843,0.9449270681915877,0.006255886087405612,0.852157943067034,0.030344741307361412,0.9783399323966283,0.006013228180652092,0.05704776446024573,0.00918822839343481,0.1979051580031712,0.028299341230593137,0.04634480738666521,0.005747196998583002,0.2001703577512776,3
spambase,xgb_weighted,,0.5,0.3,majority_to_minority,0.8483268659221738,0.02302370599328557,0.7287933094384708,0.038948442802157764,0.964057745192647,0.007882400688259624,0.8223637505713185,0.02602577941358982,0.6997302829177648,0.03114515919558339,0.967860422405877,0.008855510340673023,0.9696591197079956,0.0074455704571929964,0.12654929111401234,0.007627485637830016,0.39676157633463544,0.017820152823342893,0.19960079608141967,0.004796559392749699,0.2999403697078115,3
spambase,xgb_weighted,,0.5,0.3,minority_to_majority,0.865690136951134,0.0031426123502175415,0.761248852157943,0.011133476265364725,0.9538910559236506,0.009499658196566178,0.8776687508544708,0.002924448971907276,0.9433620967382147,0.01387521776059305,0.761248852157943,0.011133476265364725,0.9731034687046417,0.0041375218262137544,0.07864541560411446,0.001932715481175769,0.2567447225252787,0.010919623581343298,0.08594594962478297,0.0014680265551348189,0.2998296422487223,3
